[arc] 810 entities from graph-file.rsf
[arc] 810/810 entities had readable source text
Mallet LDA: 100 topics, 7 topic bits, 1111111 topic mask
max tokens: 12045
total tokens: 695128
<10> LL/token: -7,96118
<20> LL/token: -7,53848
<30> LL/token: -7,37903
<40> LL/token: -7,28275

0	1	state return copy parse_state true type false 
1	1	size_t bytes size sizeof inline return buffer 
2	1	const index include seq void memcpy assert_eq 
3	1	function returns note provided set object default 
4	1	exp int static_cast digits size_t char base 
5	1	status absl statuscode x0 code error message 
6	1	const vector128 tr transition vector128load unix_time aes 
7	1	op class size_t const absl variant struct 
8	1	license include namespace distributed apache file obtain 
9	1	class std forward alloc allocator invoke tuple 
10	1	returns const current void nodes flat_hash_map number 
11	1	fun anyinvtype typeparam int bool static_cast typename 
12	1	int expect_eq absl set test size std 
13	1	absl abseil tests endif match construct createseedseqfrom 
14	1	const arg absl substitute_internal cxt std void 
15	1	optional std absl int listener move in_place 
16	1	absl std variant int expect_true const string 
17	1	slot capacity ctrl_t void hash size_t slot_type 
18	1	cord absl data buffer size size_t cordbuffer 
19	1	mantissa exponent chars_format general int strreplaceall replacements 
20	1	throwingvalue void const dummy_ return thrower bomb1 
21	1	tree cordrepbtree edge length node cordrep data 
22	1	nullptr std id spinlock waitp void skip 
23	1	std hash const abslhashvalue move hash_state typename 
24	1	benchmark_template decoderustpunycode plaintext_ expect_that pointstothenulafter punycode_ make_benchmark 
25	1	absl formatciviltime civilday civilsecond compare_internal value_ weak_ordering 
26	1	double std const int numeric_limits float static_cast 
27	1	stack signal void debugging license program debugging_internal 
28	1	offset std nullptr cur ep assert number 
29	1	sample rem ns dbl_inf microseconds int vlogsite 
30	1	int32_t partial expect_eq int8_t type const layout 
31	1	std engine result_type beta os references log 
32	1	void abseil data_ license file org gcc 
33	1	int default absl const std class empty 
34	1	urbg random_internal random result_type param param_type include 
35	1	void static tag public static_assert license is_same 
36	1	absl test_sink gen expect_call pb scopedmocklog uniform 
37	1	std data string size_t dest break size 
38	1	cord src method rep contents_ size cord_internal 
39	1	expect_eq tracker hasher compressedtuple copyablemovableinstance input license 
40	1	width kbase kpos kupper kdec kleft kright 
41	1	define condition s2 s1 val2 val1 status_or 
42	1	vec vect bigunsigned size int kerneltimeout constexpr 
43	1	class returns type pointer number requires private 
44	1	size values ptr int std vector include 
45	1	state benchmark void donotoptimize auto range std 
46	1	rep unref cordrep const ref absl tag 
47	1	std container_algorithm_internal typename sequence container c2 c1 
48	1	const america time_zone cctz seconds std asia 
49	1	sink conv return str_format_internal formatconversioncharset formatconversionspecimpl formatsinkimpl 
50	1	absl timezone utc std time_internal const time_point 
51	1	log severity logseverity entry logmessage log_internal info 
52	1	static_assert year cs day std ss month 
53	1	std key pair typename iterator element elements 
54	1	duration int64_t nanoseconds inf std unit milliseconds 
55	1	expect_eq absl test seconds expect_true expect_false todouble 
56	1	absl base getflag int setflag include error 
57	1	defined endif ifdef define error msc_ver set 
58	1	uint128 int128 absl pair std uint64_t makeint128 
59	1	time tm std cs absl_attribute_const_function const formattime 
60	1	int time include thread library parameter seconds 
61	1	flags void cc defined endif pc abseil 
62	1	size return const data typename noexcept iterator 
63	1	x00 x10 x05 xff x40 emit x3e 
64	1	test auto testing val copies exceptions_internal tester 
65	1	mutex thread lock mu condition threads bool 
66	1	uint64_t uint32_t uint8_t static_cast seed data seed_material 
67	1	node const return typename node_ iter key 
68	1	const operator return constexpr rhs bool lhs 
69	1	string_view absl string const npos pos foo 
70	1	crc crc32c_t v128 length uint32_t size_t const 
71	1	std memory_order_relaxed atomic include store load internal 
72	1	base_internal arena void base include header abseil 
73	1	typeparam expect_that testing std values vector end 
74	1	end begin const return values greater bool 
75	1	absl std str ostream os string include 
76	1	len size_t int std size test inlinedvector 
77	1	eq span const std comparison_stream int textmessage 
78	1	expect_true expect_false err test parseflag std expect_demangling 
79	1	define elif endif clang defined functions compiler 
80	1	std expect_eq size table auto const insert 
81	1	license namespace kind specific warranties copyright compliance 
82	1	const size_t common class table return std 
83	1	std string absl data test_p include string_view 
84	1	char const static_cast buf int unsigned nullptr 
85	1	int std statusor absl expect_that test const 
86	1	elfw symbol elfmemimage x84 x3f x80 xa1 
87	1	tmp int sizeof demangle expect_streq char template 
88	1	std false true target nullptr sp copy 
89	1	fixedarray int array bits bit fixed static 
90	1	flag absl std flags_internal string const bool 
91	1	std expect_eq result numeric_limits strcat max input 
92	1	std string absl string_view text strsplit vector 
93	1	flags long line include message default std 
94	1	typename template std type struct args class 
95	1	tp tz expect_eq utc cctz chrono time_internal 
96	1	return bool true case false base include 
97	1	absl flat_hash_set any_cast node_hash_set include container_internal emplace 
98	1	format string args const std strformat string_view 
99	1	info sampler cordzinfo int64_t include notification nullptr 

<50> LL/token: -7,22373
<60> LL/token: -7,18233
<70> LL/token: -7,15487
<80> LL/token: -7,1243
<90> LL/token: -7,10444

0	1	state return parse_state true copy static bool 
1	1	size_t data size return inline sizeof bytes 
2	1	const seq index assert_eq inputs cpu include 
3	1	function note default types provided object passed 
4	1	exp int digits static_cast char size_t return 
5	1	status absl statuscode x0 code error message 
6	1	const vector128 tr transition vector128load unix_time transitions_ 
7	1	class variant op size_t index absl run 
8	1	include license file internal apache abseil namespace 
9	1	class std args forward alloc invoke return 
10	1	returns base flat_hash_map number node_hash_map const hash 
11	1	fun anyinvtype typeparam int bool static_cast typename 
12	1	int absl set expect_eq test std insert 
13	1	absl construct effect back correctly expect_ge sstream 
14	1	const arg absl substitute_internal format cxt std 
15	1	optional absl std int listener constexpr move 
16	1	absl std int variant expect_true const string 
17	1	slot ctrl_t capacity void hash raw_hash_set ctrl 
18	1	cord data buffer size size_t cordbuffer capacity 
19	1	chars_format exponent mantissa general result strreplaceall index 
20	1	throwingvalue dummy_ exceptions_internal return void bomb1 absl_pretty_function 
21	1	tree cordrepbtree edge length node size_t cordrep 
22	1	nullptr spinlock waitp id void skip uint32_t 
23	1	hash std absl move abslhashvalue hash_state const 
24	1	decoderustpunycode plaintext_ pointstothenulafter benchmark_template punycode_ make_benchmark expect_that 
25	1	absl formatciviltime civilday civilsecond identity compare_internal value_ 
26	1	double std const float numeric_limits int include 
27	1	stack signal void debugging program handler debugging_internal 
28	1	std offset bp nullptr cur ep result 
29	1	sample int vlogsite fnmatch period time_state level 
30	1	int32_t partial type int8_t const expect_eq distance 
31	1	engine result_type std os references chart constexpr 
32	1	void license data_ abseil file mode gcc 
33	1	absl int class default const std anyinvocable 
34	1	urbg random random_internal param param_type result_type include 
35	1	absl tag void lo functionref static static_assert 
36	1	test_sink gen absl expect_call pb scopedmocklog uniform 
37	1	string dest size_t char src data character 
38	1	cord src method rep size void contents_ 
39	1	tracker hasher empty compressedtuple expect_eq copyablemovableinstance input 
40	1	width kbase kpos kupper kdec kleft kright 
41	1	define severity condition s2 s1 val2 val1 
42	1	vec vect int bigunsigned static size constexpr 
43	1	returns class inline type number public private 
44	1	values size ptr std vector container include 
45	1	state benchmark void donotoptimize auto range int 
46	1	rep cordrep unref absl flat ref tag 
47	1	std container_algorithm_internal typename sequence container c2 c1 
48	1	america const time_zone cctz asia seconds time_point 
49	1	sink conv return formatconversioncharset append static_cast formatconversionspecimpl 
50	1	absl timezone std time_internal time utc civilsecond 
51	1	log logseverity entry logmessage log_internal file message 
52	1	year day ss cs month std format 
53	1	key std typename element iterator pair elements 
54	1	duration inf nanoseconds int64_t milliseconds std unit 
55	1	expect_eq test expect_true expect_false static_assert int seconds 
56	1	absl getflag setflag absl_flag handle namespace error 
57	1	defined endif define elif ifdef error set 
58	1	uint128 int128 pair unsigned std absl constexpr 
59	1	time tm std seconds absl_attribute_const_function const int64_t 
60	1	int thread threads include absl endif seconds 
61	1	void cc defined flags pc endif reinterpret_cast 
62	1	size data typename absl_attribute_lifetime_bound iterator return noexcept 
63	1	x05 x10 x40 x3e xdb x20 x1e 
64	1	test auto testing val thrower utf8 move 
65	1	mutex lock mu thread condition bool unlock 
66	1	uint64_t uint32_t uint16_t uint8_t static_cast bit seed 
67	1	node const typename return iter node_ key 
68	1	const operator return constexpr bool rhs lhs 
69	1	string_view absl npos const pos string compare 
70	1	crc crc32c_t v128 uint32_t length const size_t 
71	1	std memory_order_relaxed include atomic load store base 
72	1	arena base_internal void ifdef base endif include 
73	1	expect_that typeparam testing std values vector hash_internal 
74	1	end begin const auto return bool std 
75	1	str absl ostream os include file std 
76	1	len size_t int std size inlinedvector push_back 
77	1	eq span absl int const data std 
78	1	expect_true err expect_false parseflag test expect_demangling std 
79	1	define endif gcc macro clang functions void 
80	1	std size table const auto size_t insert 
81	1	license namespace distributed apache compliance specific limitations 
82	1	const size_t common return control std assert 
83	1	std string include string_view absl strings vector 
84	1	char const int static_cast buf unsigned include 
85	1	int statusor std absl test vector expect_that 
86	1	elfw symbol elfmemimage x84 xa1 x0f x3f 
87	1	tmp int sizeof demangle char expect_streq test 
88	1	false nullptr true path bool mock result 
89	1	int fixedarray array bits static fixed constexpr 
90	1	flag absl flags_internal const std flags bool 
91	1	std result numeric_limits strcat max int64_t input 
92	1	absl std string text string_view strsplit delimiter 
93	1	flags long absl include std message default 
94	1	typename template std type struct args class 
95	1	tp tz utc cctz chrono time_internal parse 
96	1	return bool false true case base include 
97	1	absl flat_hash_set any_cast node_hash_set include valuetype emplace 
98	1	format std string strformat args line__ const 
99	1	info sampler cordzinfo int64_t notification nullptr include 

<100> LL/token: -7,09153
<110> LL/token: -7,06709
<120> LL/token: -7,05145
<130> LL/token: -7,04116
<140> LL/token: -7,03291

0	1	state return copy parse_state true static bool 
1	1	size_t data size return inline bytes sizeof 
2	1	const include cpu seq unique assert_eq inputs 
3	1	function note provided types object functions reference 
4	1	digits int exp static_cast base char size_t 
5	1	status absl statuscode x0 code error message 
6	1	const vector128 tr transition vector128load unix_time transitions_ 
7	1	class variant index op size_t absl struct 
8	1	include license namespace internal file base distributed 
9	1	class std args forward alloc invoke base_internal 
10	1	returns base node_hash_map number hash set nodes 
11	1	fun anyinvtype typeparam int static_cast bool typename 
12	1	int absl set insert size btree test 
13	1	absl copy back expect_ge correctly expect_le limits 
14	1	const arg substitute_internal absl format substitute nodestructor 
15	1	optional absl std int listener move expect_true 
16	1	absl std int variant expect_true const string 
17	1	capacity void slot ctrl_t hash ctrl group 
18	1	cord buffer data size cordbuffer size_t capacity 
19	1	chars_format result general number exponent float strreplaceall 
20	1	throwingvalue dummy_ exceptions_internal void return int operator 
21	1	tree cordrepbtree edge length cordrep node size_t 
22	1	nullptr spinlock waitp id uint32_t void skip 
23	1	hash std abslhashvalue move hash_state combine int 
24	1	decoderustpunycode plaintext_ pointstothenulafter punycode_ make_benchmark expect_that assert_that 
25	1	formatciviltime absl civilsecond civilday compare_internal identity weak_ordering 
26	1	double std const int typeparam include numeric_limits 
27	1	stack int signal void debugging program failure 
28	1	offset std bp nullptr cur tm ep 
29	1	sample int include vlogsite fnmatch period time_state 
30	1	partial int32_t int8_t type const expect_eq layout 
31	1	engine result_type std constexpr seed include static 
32	1	void data_ gcc abseil function license global 
33	1	absl class int std default anyinvocable const 
34	1	urbg random random_internal result_type param_type param include 
35	1	absl void lo tag functionref return ref 
36	1	absl test_sink gen expect_call pb eq scopedmocklog 
37	1	dest string nonnull src char character string_view 
38	1	cord src method tree void size contents_ 
39	1	int str tracker compressedtuple copyablemovableinstance empty constexpr 
40	1	width kbase kpos kupper kdec kleft kright 
41	1	define severity condition s1 s2 val2 val1 
42	1	vec vect int bigunsigned size static size_ 
43	1	returns type class inline pointer number code 
44	1	values size ptr container vector copies int 
45	1	state benchmark void donotoptimize auto range benchmark_template 
46	1	rep cordrep tag child flat expected substring 
47	1	container_algorithm_internal std typename sequence container c2 c1 
48	1	america const time_zone cctz asia seconds tm 
49	1	sink conv return static_cast formatconversionspecimpl formatsinkimpl append 
50	1	absl timezone time_internal std string cctz tz 
51	1	log logseverity entry logmessage log_internal file message 
52	1	year cs day ss month format weekday 
53	1	key element std iterator typename const pair 
54	1	duration inf seconds nanoseconds milliseconds unit std 
55	1	expect_eq test expect_true expect_false auto int gtest 
56	1	absl getflag absl_flag getflagreflectionhandle setflag flags handle 
57	1	defined endif define elif ifdef error https 
58	1	int128 uint128 pair unsigned std uint64_t long 
59	1	time duration std int64_t tm absl_attribute_const_function formattime 
60	1	int thread threads cxt absl std pool 
61	1	void cc defined pc endif program reinterpret_cast 
62	1	size typename data return iterator storage_ absl_attribute_lifetime_bound 
63	1	x10 x05 x40 x3e xdb x80 x84 
64	1	test auto testing thrower expect_true gtest utf8 
65	1	mutex lock mu condition thread bool static 
66	1	uint64_t uint32_t uint16_t uint8_t static_assert static_cast len 
67	1	node typename const return node_ key iter 
68	1	const return operator constexpr rhs bool lhs 
69	1	string_view absl npos pos const string compare 
70	1	crc crc32c_t uint32_t v128 length const crc32c 
71	1	std memory_order_relaxed include atomic base_internal store load 
72	1	arena endif include ifdef header void nullptr 
73	1	expect_that typeparam testing values std hash_internal gen 
74	1	std end begin const auto return bool 
75	1	absl ostream file os include log logseverityatleast 
76	1	len int size_t tracker size inlinedvector std 
77	1	absl span eq int const std makespan 
78	1	err parseflag expect_true test expect_demangling expect_false unparseflag 
79	1	define endif clang macro what_arg gcc attribute__ 
80	1	std size table size_t insert const int 
81	1	license namespace apache distributed specific compliance limitations 
82	1	const size_t return common control assert class 
83	1	std string include string_view strings vector foo 
84	1	char const static_cast int buf nullptr unsigned 
85	1	absl statusor int std vector expect_that actual 
86	1	elfw symbol elfmemimage vdso image address reinterpret_cast 
87	1	tmp int sizeof demangle char expect_streq template 
88	1	matcher type mock return call emit continue 
89	1	fixedarray int array fixed bits mantissa exponent 
90	1	flag flags_internal absl const std commandlineflag string 
91	1	absl std result numeric_limits strcat max str 
92	1	absl std string text string_view strsplit vector 
93	1	flags absl long message include default testbin 
94	1	typename template std type struct args class 
95	1	tp tz utc chrono time_internal cctz parse 
96	1	return false bool true case include base 
97	1	absl int const flat_hash_set any_cast node_hash_set include 
98	1	format std string strformat const args formatargimpl 
99	1	info sampler cordzinfo int64_t include notification nullptr 

<150> LL/token: -7,02491
<160> LL/token: -7,01917
<170> LL/token: -7,01729
<180> LL/token: -7,01273
<190> LL/token: -7,01144

0	1	state return copy parse_state true static bool 
1	1	size_t data size return inline bytes sizeof 
2	1	const func include seq cpu inputs unique 
3	1	function note object types functions call reference 
4	1	digits exp int static_cast char base size_t 
5	1	status absl statuscode x0 code error message 
6	1	const vector128 tr transition vector128load unix_time transitions_ 
7	1	class variant std op size_t absl index 
8	1	include license namespace file internal base distributed 
9	1	std class args alloc return forward int 
10	1	returns number node_hash_map base hash nodes node_hash_set 
11	1	fun anyinvtype typeparam int bool static_cast class 
12	1	int absl set insert size btree map 
13	1	absl limits copy back correctly effect todo 
14	1	const arg substitute_internal absl format substitute nonnull 
15	1	optional absl std int listener expect_true move 
16	1	absl std int variant string expect_true const 
17	1	size_t void capacity hash slot ctrl_t ctrl 
18	1	cord buffer size cordbuffer data capacity absl 
19	1	chars_format result general exponent int strreplaceall mantissa 
20	1	throwingvalue dummy_ return exceptions_internal void int operator 
21	1	tree cordrepbtree edge length cordrep node data 
22	1	nullptr spinlock waitp id uint32_t std skip 
23	1	std hash absl abslhashvalue int move hash_state 
24	1	decoderustpunycode plaintext_ expect_that pointstothenulafter punycode_ make_benchmark assert_that 
25	1	formatciviltime absl civilday civilsecond compare_internal identity weak_ordering 
26	1	double std const include typeparam param int 
27	1	int stack signal void debugging handler program 
28	1	std offset data bp cur nullptr tm 
29	1	sample sampler int include vlogsite fnmatch level 
30	1	partial int32_t int8_t type expect_eq const layout 
31	1	engine result_type std constexpr seed generate elem 
32	1	void gcc static global file abseil org 
33	1	absl std int class const default anyinvocable 
34	1	urbg random random_internal result_type param_type double dist 
35	1	absl tag lo void functionref ref numtype 
36	1	absl test_sink gen expect_call pb eq scopedmocklog 
37	1	dest char string src nonnull character unsigned 
38	1	cord src method tree void contents_ rep 
39	1	str int tracker compressedtuple copyablemovableinstance empty basecountedinstance 
40	1	width kbase kpos kupper kdec kleft kright 
41	1	define severity condition s1 s2 val2 val1 
42	1	vec vect int size_t bigunsigned size size_ 
43	1	returns inline class type requires number pointer 
44	1	values size container typename int vector copies 
45	1	state benchmark void donotoptimize benchmark_template range auto 
46	1	rep cordrep child flat expected substring tag 
47	1	container_algorithm_internal std typename sequence container c2 c1 
48	1	america const time_zone cctz asia seconds tz 
49	1	sink conv static_cast return formatconversionspecimpl formatsinkimpl flags 
50	1	absl string time std parsetime timezone time_internal 
51	1	log logseverity entry logmessage log_internal file cc 
52	1	day year ss month cs weekday format 
53	1	key element iterator std typename elements const 
54	1	duration inf seconds nanoseconds unit std milliseconds 
55	1	expect_eq test expect_true expect_false auto int gtest 
56	1	absl getflag getflagreflectionhandle absl_flag flags setflag flag 
57	1	defined endif define elif ifdef error directly 
58	1	int128 uint128 std pair unsigned makeint128 int 
59	1	time duration std tm int64_t timezone const 
60	1	absl int thread cxt threads mu test 
61	1	void cc defined pc endif reinterpret_cast nullptr 
62	1	size data return typename inlined storage_ inlinedvector 
63	1	x05 x10 x40 x3e x80 xdb xf0 
64	1	test auto testing thrower expect_true gtest utf8 
65	1	mutex lock condition thread mu void bool 
66	1	uint64_t uint32_t uint16_t uint8_t static_assert static_cast len 
67	1	node typename const key iter node_ template 
68	1	const operator return bool constexpr rhs lhs 
69	1	string_view absl npos const pos compare string 
70	1	crc crc32c_t uint32_t v128 length const crc32c 
71	1	std memory_order_relaxed base_internal include atomic store base 
72	1	arena endif void ifdef include base what_arg 
73	1	expect_that typeparam eq testing values hash_internal hasher 
74	1	std end begin const auto algorithm return 
75	1	absl log ostream os file include log_internal 
76	1	len int size_t tracker size inlinedvector instance 
77	1	span absl int const makespan empty data 
78	1	err parseflag expect_true test expect_demangling unparseflag expect_false 
79	1	define endif clang compiler function defined attribute__ 
80	1	size std table auto insert group size_t 
81	1	license namespace distributed apache specific kind compliance 
82	1	const return common control class raw_hash_set assert 
83	1	std string string_view include strings foo vector 
84	1	char const int static_cast buf unsigned nullptr 
85	1	absl statusor int std expect_that vector status 
86	1	elfw symbol index elfmemimage vdso reinterpret_cast uint32_t 
87	1	tmp int sizeof demangle expect_streq char template 
88	1	type mock false return emit matcher call 
89	1	fixedarray int array fixed raw mantissa exponent 
90	1	flag flags_internal absl const void commandlineflag std 
91	1	absl std result numeric_limits strcat str max 
92	1	absl std string string_view text strsplit vector 
93	1	flags absl long std default include message 
94	1	typename template std type struct args class 
95	1	tp tz utc cctz chrono time_internal parse 
96	1	return bool true false case include base 
97	1	int absl std const flat_hash_set any_cast include 
98	1	format std string strformat const args formatargimpl 
99	1	info cordzinfo include const notification int64_t sampler 

<200> LL/token: -7,00706
<210> LL/token: -7,00398
<220> LL/token: -7,00051
<230> LL/token: -7,00062
<240> LL/token: -6,99649

0	1	state return copy parse_state true bool static 
1	1	size_t data size return inline void bytes 
2	1	const size_t func return seq inputs cpu 
3	1	type function note object types functions call 
4	1	digits exp int static_cast char base size_t 
5	1	status absl x0 statuscode code message error 
6	1	const vector128 tr transition vector128load unix_time transitions_ 
7	1	class variant std op size_t index absl 
8	1	include license namespace internal base apache distributed 
9	1	std class args alloc forward return int 
10	1	returns hash number flat_hash_set node_hash_map nodes node_hash_set 
11	1	fun anyinvtype typeparam int static_cast bool typename 
12	1	int absl set insert size map btree 
13	1	absl back expect_ge doesn todo effect works 
14	1	const arg substitute_internal absl format nonnull substitute 
15	1	absl optional std int const listener move 
16	1	absl std int variant expect_true string const 
17	1	capacity void hash ctrl_t size_t slot ctrl 
18	1	cord buffer absl size data cordbuffer capacity 
19	1	result chars_format general exponent strreplaceall float number 
20	1	throwingvalue dummy_ exceptions_internal return void operator int 
21	1	tree cordrepbtree edge length cordrep node size_t 
22	1	nullptr spinlock waitp id void uint32_t std 
23	1	hash std absl int abslhashvalue hash_state move 
24	1	decoderustpunycode plaintext_ pointstothenulafter punycode_ expect_that make_benchmark assert_that 
25	1	formatciviltime absl civilday civilsecond compare_internal identity weak_ordering 
26	1	double std const include param typeparam numeric_limits 
27	1	stack signal int void debugging program handler 
28	1	std offset nullptr bp cur tm data 
29	1	sample sampler int time vlogsite fnmatch level 
30	1	partial int32_t int8_t type const layout distance 
31	1	engine result_type std size_t seed generate constexpr 
32	1	void static license gcc https function abseil 
33	1	absl std int class default const anyinvocable 
34	1	urbg result_type random random_internal param_type typename double 
35	1	absl tag lo functionref void auto uniform_lower_bound 
36	1	absl test_sink gen expect_call pb log scopedmocklog 
37	1	dest string src char nonnull character alphanum 
38	1	cord src method void contents_ tree rep 
39	1	str int tracker compressedtuple copyablemovableinstance empty constexpr 
40	1	width kbase kpos kupper kdec kleft kright 
41	1	define severity condition s1 val2 val1 s2 
42	1	vec vect int size size_t bigunsigned size_ 
43	1	returns inline class number requires pointer public 
44	1	values size container typename include std ptr 
45	1	state benchmark void donotoptimize range benchmark_template auto 
46	1	rep cordrep child flat tag expected substring 
47	1	std container_algorithm_internal typename sequence container c2 c1 
48	1	america const time_zone cctz asia seconds tz 
49	1	sink conv return formatconversionspecimpl formatsinkimpl flags static_cast 
50	1	namespace time_internal cctz absl_internal_mangled_ns vzoneinfosource cctz_extension unique_ptr 
51	1	log logseverity entry logmessage log_internal file eq 
52	1	day year ss month cs format std 
53	1	key element iterator std typename elements const 
54	1	duration inf seconds nanoseconds std unit int64_t 
55	1	expect_eq test expect_true expect_false auto include int 
56	1	absl getflag flags getflagreflectionhandle flag setflag absl_flag 
57	1	defined endif define elif ifdef error set 
58	1	int128 uint128 std pair unsigned makeint128 int 
59	1	time duration timezone std tm time_internal absl_attribute_const_function 
60	1	absl int cxt thread test mu threads 
61	1	void defined cc pc endif include reinterpret_cast 
62	1	size data return storage_ inlinedvector inlined iterator 
63	1	x10 x05 x40 x3e xdb x84 x20 
64	1	test testing auto thrower expect_true utf8 throwingvariant 
65	1	mutex lock condition thread mu bool mu_ 
66	1	uint64_t uint32_t uint8_t uint16_t static_assert static_cast len 
67	1	node typename const key iter node_ return 
68	1	const return operator bool constexpr rhs explicit 
69	1	string_view absl npos const pos string size_type 
70	1	crc crc32c_t v128 uint32_t const length crc32c 
71	1	base_internal atomic memory_order_relaxed include std store int64_t 
72	1	arena endif void include ifdef absl_raw_log fatal 
73	1	expect_that typeparam testing eq values hash_internal gen 
74	1	std end begin const auto push_back return 
75	1	absl log ostream os file matcher testing 
76	1	len int size_t tracker size std inlinedvector 
77	1	span int absl const makespan empty size 
78	1	err parseflag expect_true test expect_demangling expect_false unparseflag 
79	1	define endif clang lock attribute__ compiler gcc 
80	1	size table size_t std insert auto group 
81	1	license namespace distributed apache specific kind compliance 
82	1	const return size_t control common raw_hash_set iterator 
83	1	std string string_view include const strings vector 
84	1	char const int static_cast buf unsigned nullptr 
85	1	absl statusor int std status vector expect_that 
86	1	const void elfw symbol uint32_t elfmemimage index 
87	1	tmp int demangle sizeof template char expect_streq 
88	1	mock type return false emit args call 
89	1	fixedarray int array raw mantissa fixed floattype 
90	1	flag absl flags_internal const void commandlineflag dst 
91	1	absl std result numeric_limits strcat max base 
92	1	absl std string string_view text strsplit splitter 
93	1	flags absl std long message default flag 
94	1	typename template std type struct class args 
95	1	tp tz utc time_internal chrono cctz parse 
96	1	return bool false true include case base 
97	1	int absl std const any_cast pair include 
98	1	format std string strformat const args formatargimpl 
99	1	info cordzinfo notification load include const sampler 

[beta: 0,00391] 
<250> LL/token: -6,86899
<260> LL/token: -6,74479
<270> LL/token: -6,73664
<280> LL/token: -6,73365
<290> LL/token: -6,73222

0	0,3446	state parse_state return copy true static guard 
1	0,72867	size_t data size return inline void sizeof 
2	0,34582	const func size_t seq cpu assert_eq return 
3	0,97258	type function note types default functions call 
4	0,41418	exp digits int static_cast uint64_t bits uint32_t 
5	0,28564	status absl x0 statuscode message code error 
6	0,22242	const vector128 tr vector128load transition unix_time transitions_ 
7	0,37533	variant class std op size_t index types 
8	1,81429	include license namespace internal base distributed apache 
9	0,50555	std class args int alloc invoke forward 
10	0,41447	returns hash flat_hash_set node_hash_map node_hash_set nodes set 
11	0,23421	fun anyinvtype typeparam int bool static_cast typed_test_p 
12	0,28281	int absl set insert size btree test 
13	1,33777	absl copy back limits expect_ge actual doesn 
14	0,35753	arg const substitute_internal format absl nonnull substitute 
15	0,33457	optional absl std int expect_true listener move 
16	0,34442	std variant int absl expect_true string const 
17	0,26733	capacity slot hash ctrl_t void ctrl size_t 
18	0,25928	cord buffer size cordbuffer data capacity length 
19	0,31027	chars_format result general strreplaceall exponent mantissa input 
20	0,22032	throwingvalue dummy_ exceptions_internal test void int bomb1 
21	0,26083	tree cordrepbtree edge length cordrep node data 
22	0,27609	nullptr spinlock waitp uint32_t void std skip 
23	0,33553	hash std absl state move abslhashvalue hash_state 
24	0,14569	decoderustpunycode plaintext_ pointstothenulafter punycode_ expect_that make_benchmark assert_that 
25	0,18774	formatciviltime civilday civilsecond compare_internal identity weak_ordering value_ 
26	0,43001	double std const param int typeparam include 
27	0,40001	stack int signal void debugging handler nullptr 
28	0,2502	offset data std bp cur tm nullptr 
29	0,25428	sample sampler int vlogsite fnmatch time_state period 
30	0,29674	partial int32_t int8_t type expect_eq const layout 
31	0,21762	engine result_type std size_t seed generate printf 
32	0,65009	void static gcc implementation function abseil delete 
33	0,34236	class std int anyinvocable absl_internal_expect_alias_equivalence default const 
34	0,44345	urbg result_type random random_internal param_type double typename 
35	0,2984	tag lo functionref auto checkargsinfertype void uniform_lower_bound 
36	0,27769	test_sink gen expect_call pb absl eq scopedmocklog 
37	0,36905	dest string src char nonnull character alphanum 
38	0,25333	cord src method contents_ string_view tree cordrep 
39	0,2637	str tracker int compressedtuple copyablemovableinstance empty input 
40	0,08423	width kbase kpos kupper kdec kleft kright 
41	0,27826	define severity condition s1 s2 val1 val2 
42	0,19642	vec vect bigunsigned size int size_t size_ 
43	1,07839	returns number class requires inline public code 
44	0,4021	values size container typename ptr vector copies 
45	0,37985	state benchmark void donotoptimize benchmark_template auto range 
46	0,30529	rep cordrep child flat substring expected tag 
47	0,29005	container_algorithm_internal std typename sequence container c2 c1 
48	0,18234	america time_zone cctz const tz asia seconds 
49	0,29804	sink conv formatconversionspecimpl formatsinkimpl str_format_internal static_cast flags 
50	0,17909	time_internal cctz absl_internal_mangled_ns vzoneinfosource cctz_extension zoneinfosource zone_info_source_factory 
51	0,35695	log logseverity entry logmessage log_internal file message 
52	0,22237	day year ss month cs format std 
53	0,45131	key element iterator std typename elements base 
54	0,21779	duration inf seconds nanoseconds std unit milliseconds 
55	0,59995	expect_eq test expect_true expect_false int auto include 
56	0,31618	absl getflag flags getflagreflectionhandle setflag absl_flag flag 
57	0,75316	defined endif define elif ifdef error set 
58	0,35499	uint128 int128 pair std constexpr makeint128 unsigned 
59	0,29244	time duration timezone std tm time_internal const 
60	0,34402	int cxt mu test thread threads absl 
61	0,3495	void cc defined pc program endif reinterpret_cast 
62	0,34536	size iterator data storage_ inlined inlinedvector return 
63	0,09496	x10 x05 x40 x3e xdb x84 x1e 
64	0,32012	test testing auto thrower expect_true utf8 throwingvariant 
65	0,4131	mutex lock condition thread mu mu_ bool 
66	0,42011	uint64_t uint32_t uint8_t uint16_t static_assert static_cast len 
67	0,22923	node typename iter key node_ const parent 
68	0,95605	const return operator bool constexpr rhs explicit 
69	0,4206	string_view npos pos absl const compare string 
70	0,2625	crc crc32c_t v128 uint32_t length crc32c size_t 
71	0,54101	base_internal std atomic memory_order_relaxed int64_t include base 
72	0,40781	arena void endif ifdef absl_raw_log what_arg fatal 
73	0,3694	expect_that typeparam eq testing values hash_internal gen 
74	0,81651	std end const begin auto vector push_back 
75	0,45405	log ostream testing matcher file os info 
76	0,30683	len int size_t tracker size inlinedvector expect_that 
77	0,3615	span absl int const data makespan empty 
78	0,1799	err parseflag expect_true test expect_demangling expect_false unparseflag 
79	0,52739	define endif clang gcc lock compiler attribute__ 
80	0,27589	size table size_t insert group expect_that std 
81	2,2376	license namespace distributed apache specific compliance kind 
82	0,32578	const size_t return control raw_hash_set table assert 
83	0,82792	std string string_view const include strings foo 
84	0,84927	char const int static_cast buf unsigned nullptr 
85	0,34355	absl statusor int std status expect_that test 
86	0,19566	const elfw symbol void uint32_t elfmemimage index 
87	0,35683	tmp int demangle sizeof expect_streq test template 
88	0,26719	mock type call mockingbitgen false emit keyt 
89	0,20574	fixedarray int array exponent fixed floattype raw 
90	0,34148	flag flags_internal void commandlineflag const string dst 
91	0,36681	std absl result numeric_limits strcat max base 
92	0,40433	absl std string text string_view strsplit delimiter 
93	0,28214	flags long message std testbin flag default 
94	0,88773	typename template std type struct class void 
95	0,17878	tp tz utc chrono time_internal parse cctz 
96	1,12018	return bool true false case include result 
97	0,39066	int std const any_cast pair emplace valuetype 
98	0,27595	format std string strformat args formatargimpl const 
99	0,28534	info cordzinfo notification const load sampler std 

[beta: 0,00366] 
<300> LL/token: -6,69312
<310> LL/token: -6,64273
<320> LL/token: -6,63569
<330> LL/token: -6,6324
<340> LL/token: -6,62807

0	0,123	state parse_state return copy true static guard 
1	0,48405	size_t data size return sizeof inline void 
2	0,12044	const size_t return func seq cpu insertandreturnsumofpredecessors 
3	0,79422	function type note call functions types values 
4	0,17423	int digits exp bits static_cast uint64_t uint32_t 
5	0,07731	status statuscode x0 code message error string_view 
6	0,05979	const vector128 tr vector128load transition unix_time transitions_ 
7	0,13801	variant std class index op size_t template 
8	1,92927	include license namespace base internal endif file 
9	0,23715	std class args int alloc invoke forward 
10	0,15922	hash node_hash_set flat_hash_set node_hash_map nodes number function 
11	0,05335	fun anyinvtype typeparam int static_cast typed_test_p bool 
12	0,07566	int set insert size btree map pair 
13	1,32112	absl copy check doesn actual make expect_ge 
14	0,12931	arg const substitute_internal format nonnull absl substitute 
15	0,11133	optional absl std int listener expect_true move 
16	0,107	std variant int expect_true string const absl 
17	0,0727	slot capacity hash ctrl_t void ctrl slot_type 
18	0,0672	cord buffer size data cordbuffer capacity size_t 
19	0,10428	chars_format result general strreplaceall exponent input replacements 
20	0,05333	throwingvalue dummy_ exceptions_internal test void operator testing 
21	0,07035	tree cordrepbtree edge cordrep length node data 
22	0,08187	spinlock nullptr waitp uint32_t skip intptr_t void 
23	0,10791	hash std state abslhashvalue hash_state int move 
24	0,02826	decoderustpunycode plaintext_ expect_that pointstothenulafter punycode_ make_benchmark assert_that 
25	0,03497	formatciviltime civilday civilsecond compare_internal identity weak_ordering partial_ordering 
26	0,18331	double std const param typeparam int include 
27	0,1736	int stack signal void debugging handler debugging_internal 
28	0,06804	offset bp data std cur tm ep 
29	0,06619	sample sampler int vlogsite fnmatch time_state period 
30	0,09654	partial int32_t int8_t type expect_eq const layout 
31	0,05411	engine result_type std size_t seed constexpr kgolden 
32	0,40449	void static gcc function global mode bind_front 
33	0,10806	int class std anyinvocable absl_internal_expect_alias_equivalence default const 
34	0,19018	urbg result_type random random_internal param_type typename double 
35	0,08094	functionref lo tag checkargsinfertype uniform_lower_bound void uniform_upper_bound 
36	0,08	test_sink gen expect_call pb eq scopedmocklog comparison_stream 
37	0,14126	dest string src alphanum nonnull unsigned char 
38	0,06831	cord src method contents_ tree string_view data 
39	0,07892	str tracker int compressedtuple copyablemovableinstance empty basecountedinstance 
40	0,01635	width kbase kpos kupper kdec kleft kright 
41	0,08329	define severity condition s1 s2 val1 val2 
42	0,03639	vec vect int bigunsigned size size_t size_ 
43	0,91723	returns inline number class public requires implementation 
44	0,16185	values size container typename copies type ptr 
45	0,15054	state benchmark void donotoptimize benchmark_template int range 
46	0,09424	rep cordrep child flat substring tag cord_internal 
47	0,07878	container_algorithm_internal std typename sequence container c2 c1 
48	0,04114	america time_zone const cctz asia tp tz 
49	0,09146	conv sink formatconversionspecimpl formatsinkimpl precision flags append 
50	0,01629	time_internal cctz absl_internal_mangled_ns vzoneinfosource cctz_extension zone_info_source_factory unique_ptr 
51	0,13028	log logseverity entry logmessage log_internal message logentry 
52	0,0597	day year ss cs month format std 
53	0,20688	key element iterator std typename base elements 
54	0,05898	duration inf seconds nanoseconds std unit milliseconds 
55	0,3322	expect_eq test expect_true expect_false auto int include 
56	0,08985	absl getflag flags getflagreflectionhandle setflag absl_flag flag 
57	0,50454	defined endif define elif ifdef error https 
58	0,12633	int128 uint128 pair std uint64_t unsigned constexpr 
59	0,09873	time duration timezone std tm time_internal int64_t 
60	0,11756	int cxt mu test threads thread iterations 
61	0,11944	void pc defined cc symbolize symbol getusageconfig 
62	0,1211	size data storage_ iterator inlinedvector typename allocator 
63	0,0207	x10 x05 x40 x3e x80 xdb x84 
64	0,08594	test testing auto thrower expect_true utf8 throwingvariant 
65	0,18346	mutex lock condition thread mu mu_ bool 
66	0,19989	uint64_t uint32_t uint8_t uint16_t static_assert len static_cast 
67	0,04971	node typename key iter node_ iterator return 
68	0,73168	const return operator constexpr bool rhs lhs 
69	0,17578	string_view npos pos const size_type string compare 
70	0,07527	crc crc32c_t v128 uint32_t length const size_t 
71	0,2735	std base_internal atomic memory_order_relaxed thread int64_t void 
72	0,16707	arena void absl_raw_log endif what_arg ifdef fatal 
73	0,14514	expect_that typeparam eq values testing hash_internal gen 
74	0,58474	std end begin const auto vector push_back 
75	0,21632	log testing info matcher file ostream log_internal 
76	0,09441	len int tracker size_t inlinedvector size instance 
77	0,12023	span int const makespan empty size data 
78	0,042	err parseflag expect_true expect_demangling test expect_false unparseflag 
79	0,28039	define endif clang attribute__ lock annotations defined 
80	0,07983	size table size_t insert group expect_that int64_t 
81	2,65282	license namespace distributed apache https kind specific 
82	0,10566	const size_t common raw_hash_set control return table 
83	0,59029	std string string_view const include strings result 
84	0,61678	char const int static_cast buf unsigned nullptr 
85	0,10548	statusor absl int std status expect_that actual 
86	0,04182	const elfw symbol uint32_t elfmemimage void vdso 
87	0,12532	tmp int demangle sizeof expect_streq template test 
88	0,07725	type mock mockingbitgen args emit keyt eat 
89	0,04178	fixedarray int array exponent floattype fixed mantissa 
90	0,11749	flag flags_internal void commandlineflag string_view const string 
91	0,12786	std result numeric_limits strcat max uint64_t input 
92	0,1531	std text string_view string strsplit delimiter splitter 
93	0,08032	flags long message testbin flag std helpmode 
94	0,63774	typename template std type struct class void 
95	0,04213	tp tz utc parse cctz format time_internal 
96	0,91421	return bool false true case include base 
97	0,12888	int std const any_cast pair emplace valuetype 
98	0,08214	format string std args strformat formatargimpl const 
99	0,08575	info cordzinfo const notification load sampler std 

[beta: 0,0037] 
<350> LL/token: -6,61461
<360> LL/token: -6,59111
<370> LL/token: -6,58826
<380> LL/token: -6,59012
<390> LL/token: -6,58692

0	0,05218	state parse_state return copy true static guard 
1	0,33292	size_t size data return void sizeof bytes 
2	0,04987	const size_t seq double func insertandreturnsumofpredecessors cpu 
3	0,62326	function type note call functions types values 
4	0,09489	digits exp int uint64_t static_cast bits uint32_t 
5	0,02713	status statuscode x0 message code error cord 
6	0,02397	const vector128 tr vector128load transition unix_time transitions_ 
7	0,05374	variant std class op index size_t template 
8	1,64352	include license internal base namespace endif static 
9	0,1181	std class args int alloc invoke return 
10	0,06958	flat_hash_set hash node_hash_set node_hash_map nodes number function 
11	0,01333	fun anyinvtype typeparam int static_cast bool typed_test_p 
12	0,0233	int set insert size btree key map 
13	1,14427	absl copy match doesn actual make correctly 
14	0,05515	arg const substitute_internal format nonnull substitute absl 
15	0,04146	optional std absl int listener expect_true move 
16	0,0393	std variant int expect_true string const holds_alternative 
17	0,02793	capacity slot ctrl_t void hash size_t ctrl 
18	0,02122	cord buffer size cordbuffer data capacity size_t 
19	0,04257	chars_format result general strreplaceall exponent input replacements 
20	0,01643	throwingvalue dummy_ exceptions_internal test void operator bomb1 
21	0,02684	tree cordrepbtree edge length cordrep data size_t 
22	0,02949	spinlock nullptr waitp skip uint32_t intptr_t static 
23	0,04139	hash std state abslhashvalue hash_state int move 
24	0,01066	decoderustpunycode plaintext_ expect_that pointstothenulafter punycode_ make_benchmark assert_that 
25	0,01043	formatciviltime civilday civilsecond compare_internal identity weak_ordering partial_ordering 
26	0,08779	double std const param typeparam int include 
27	0,08877	stack int signal void debugging debugging_internal handler 
28	0,02683	offset std bp data cur tm ep 
29	0,02287	sample sampler int vlogsite fnmatch time_state period 
30	0,04067	partial int32_t int8_t expect_eq type layout const 
31	0,01946	engine result_type std size_t seed randen kgolden 
32	0,26426	void function static gcc nodestructor global virtual 
33	0,03768	class int std anyinvocable absl_internal_expect_alias_equivalence default args 
34	0,09533	urbg result_type random random_internal param_type typename double 
35	0,02695	functionref lo tag checkargsinfertype void uniform_lower_bound uniform_upper_bound 
36	0,03061	test_sink gen expect_call pb scopedmocklog log comparison_stream 
37	0,0625	dest string src alphanum character nonnull bytes 
38	0,02701	cord src method contents_ tree string_view size 
39	0,03279	str tracker int compressedtuple copyablemovableinstance basecountedinstance input 
40	0,00675	width kbase kpos kupper kdec kleft kright 
41	0,03277	define severity condition s2 s1 val1 val2 
42	0,00995	vec vect bigunsigned size int size_ size_t 
43	0,72504	returns inline class number requires code time 
44	0,07083	values size typename container copies type int 
45	0,07606	state benchmark void donotoptimize benchmark_template auto range 
46	0,03831	rep cordrep child flat substring tag expected 
47	0,02295	container_algorithm_internal typename std sequence container c2 c1 
48	0,01676	america cctz time_zone const tp seconds asia 
49	0,03627	conv sink formatconversionspecimpl formatsinkimpl static_cast flags append 
50	0,00349	time_internal cctz absl_internal_mangled_ns vzoneinfosource cctz_extension zone_info_source_factory unique_ptr 
51	0,05801	logseverity log entry logmessage log_internal eq world 
52	0,02416	day year ss cs month format std 
53	0,11167	key element std iterator base typename const 
54	0,02263	duration inf seconds nanoseconds std milliseconds unit 
55	0,19694	expect_eq test expect_true expect_false int auto include 
56	0,02891	getflag getflagreflectionhandle setflag absl_flag flags absl flag 
57	0,34139	defined endif define elif ifdef error set 
58	0,05354	int128 uint128 std pair unsigned uint64_t constexpr 
59	0,0462	time duration timezone std tm time_internal int64_t 
60	0,04984	int cxt mu test threads thread iterations 
61	0,04922	void defined pc cc getusageconfig reinterpret_cast symbolize 
62	0,04743	iterator data storage_ inlinedvector size typename allocator 
63	0,01107	x10 x05 x40 x3e xdb x84 x1e 
64	0,02801	test testing thrower auto expect_true utf8 throwingvariant 
65	0,09628	mutex lock condition thread mu const void 
66	0,11162	uint64_t uint32_t uint16_t uint8_t static_assert static_cast len 
67	0,01442	node typename iter node_ key iterator parent 
68	0,52796	const return operator constexpr bool rhs lhs 
69	0,08352	string_view npos const pos size_type compare size 
70	0,02972	crc crc32c_t v128 uint32_t length crc32c size_t 
71	0,15074	std base_internal atomic memory_order_relaxed void thread int64_t 
72	0,08038	arena void ifdef absl_raw_log what_arg lowlevelalloc base_internal 
73	0,06728	expect_that typeparam eq testing values hash_internal gen 
74	0,4082	std end begin const vector auto push_back 
75	0,1091	log info matcher testing file log_internal logseverityatleast 
76	0,03296	len int tracker size_t size inlinedvector instance 
77	0,04664	span int const makespan empty data expect_true 
78	0,0184	err parseflag expect_true expect_demangling test unparseflag expect_false 
79	0,15195	define endif clang lock attribute__ annotations defined 
80	0,02752	size table insert size_t group int64_t expect_that 
81	2,44559	license namespace distributed apache specific https kind 
82	0,04014	const size_t return common raw_hash_set control table 
83	0,41389	std string string_view const include strings result 
84	0,44995	char const int static_cast buf unsigned nullptr 
85	0,03217	statusor absl int status std expect_that test 
86	0,0115	const elfw symbol elfmemimage uint32_t vdso reinterpret_cast 
87	0,05356	tmp int demangle sizeof expect_streq test char 
88	0,0279	mock type mockingbitgen keyt emit call eat 
89	0,01066	fixedarray int array exponent mantissa floattype fixed 
90	0,04905	flag flags_internal commandlineflag void flags const string 
91	0,04981	std result numeric_limits strcat max uint64_t base 
92	0,06208	std text string string_view strsplit splitter delimiter 
93	0,03025	flags long std message testbin helpmode default 
94	0,43795	typename template std type struct class void 
95	0,01551	tp tz utc parse time_internal format chrono 
96	0,69092	return bool false true case include auto 
97	0,04443	int std const any_cast pair emplace valuetype 
98	0,03142	format std string args strformat formatargimpl const 
99	0,03475	info cordzinfo const std notification sampler load 

[beta: 0,00376] 
<400> LL/token: -6,58227
<410> LL/token: -6,57358
<420> LL/token: -6,57001
<430> LL/token: -6,57002
<440> LL/token: -6,56942

0	0,0272	state return parse_state copy true static guard 
1	0,25337	size_t data size return sizeof void inline 
2	0,02644	const size_t seq cpu func return double 
3	0,49591	function type note call types object void 
4	0,06037	digits int exp static_cast bits uint64_t uint32_t 
5	0,01382	status statuscode x0 code message error case 
6	0,01483	state const vector128 tr vector128load transition unix_time 
7	0,02758	variant class std op size_t index template 
8	1,30776	include base internal license namespace endif static 
9	0,06936	std class int args alloc invoke forward 
10	0,03198	flat_hash_set hash nodes node_hash_set node_hash_map number id 
11	0,00608	fun anyinvtype typeparam int static_cast bool typed_test_p 
12	0,00946	int set insert size btree map key 
13	0,96077	absl copy check nolint default make macros 
14	0,03128	arg const substitute_internal format nonnull substitute piece 
15	0,0206	optional std int expect_true listener move constexpr 
16	0,01899	std variant int expect_true string const holds_alternative 
17	0,01578	capacity slot void hash ctrl_t size_t ctrl 
18	0,00983	cord buffer size cordbuffer data capacity size_t 
19	0,02139	chars_format result general exponent strreplaceall replacements input 
20	0,00889	throwingvalue test dummy_ exceptions_internal void operator testing 
21	0,01465	tree cordrepbtree edge length cordrep node data 
22	0,01506	nullptr spinlock waitp uint32_t skip intptr_t void 
23	0,02184	hash std state abslhashvalue hash_state move int 
24	0,00764	decoderustpunycode plaintext_ expect_that pointstothenulafter punycode_ make_benchmark assert_that 
25	0,00593	formatciviltime civilday civilsecond compare_internal identity weak_ordering partial_ordering 
26	0,05305	double std const param typeparam include int 
27	0,05286	stack int signal void debugging handler signo 
28	0,01675	offset bp data cur tm std ep 
29	0,0124	sample sampler int vlogsite fnmatch time_state period 
30	0,02368	partial int32_t expect_eq int8_t type const layout 
31	0,01155	engine std result_type size_t seed constexpr randen 
32	0,18053	void gcc static function abseil nodestructor global 
33	0,01824	int class std anyinvocable absl_internal_expect_alias_equivalence const default 
34	0,06204	urbg result_type random_internal random param_type double return 
35	0,01537	functionref lo checkargsinfertype tag uniform_lower_bound void uniform_upper_bound 
36	0,01794	test_sink gen expect_call pb scopedmocklog eq comparison_stream 
37	0,03298	dest string src alphanum character nonnull bytes 
38	0,01601	cord src method contents_ tree string_view cord_internal 
39	0,0197	str tracker int compressedtuple copyablemovableinstance empty basecountedinstance 
40	0,00454	width kbase kpos kupper kdec kleft kright 
41	0,01935	define severity condition s2 s1 val1 val2 
42	0,00531	vec vect bigunsigned size_t size int size_ 
43	0,5717	returns inline number class requires code time 
44	0,03653	values size typename container copies type template 
45	0,04956	state benchmark donotoptimize void benchmark_template auto range 
46	0,02352	rep cordrep flat child substring tag expected 
47	0,00979	container_algorithm_internal std typename sequence container c2 c1 
48	0,01123	america const time_zone cctz tp tz asia 
49	0,02154	conv sink formatconversionspecimpl formatsinkimpl str_format_internal flags static_cast 
50	0,00228	uint64_t time_internal cctz absl_internal_mangled_ns vzoneinfosource cctz_extension zoneinfosource 
51	0,03597	logseverity log entry logmessage log_internal eq logentry 
52	0,01598	day year ss month cs format weekday 
53	0,07283	key element std iterator typename base elements 
54	0,01237	duration inf seconds nanoseconds std unit milliseconds 
55	0,13965	expect_eq test expect_true expect_false int auto include 
56	0,01403	getflag getflagreflectionhandle setflag absl_flag flags flag handle 
57	0,24127	defined endif define elif ifdef error https 
58	0,02867	int128 uint128 std pair int unsigned uint64_t 
59	0,03034	time duration timezone tm std time_internal int64_t 
60	0,02772	int cxt mu test threads thread iterations 
61	0,02435	void pc cc defined symbolize endif getusageconfig 
62	0,02352	iterator size storage_ typename inlinedvector data allocator 
63	0,00862	x10 x05 x40 x3e xdb x80 x84 
64	0,01353	test testing thrower auto expect_true utf8 throwingvariant 
65	0,06194	mutex lock thread condition mu const mu_ 
66	0,07654	uint64_t uint32_t uint16_t uint8_t static_assert static_cast len 
67	0,00691	node typename const key iter node_ iterator 
68	0,39032	const return operator constexpr bool rhs lhs 
69	0,05109	string_view npos pos const size_type string find 
70	0,01775	crc crc32c_t v128 uint32_t length const size_t 
71	0,09303	std base_internal atomic memory_order_relaxed store void load 
72	0,04676	arena void endif what_arg ifdef lowlevelalloc absl_raw_log 
73	0,04234	expect_that typeparam eq testing values hash_internal gen 
74	0,29196	std end begin vector const auto push_back 
75	0,07026	log info testing matcher log_internal ostream logseverityatleast 
76	0,01574	len int tracker size_t inlinedvector size instance 
77	0,02402	span int const makespan data expect_true size 
78	0,01205	err parseflag expect_true expect_demangling test expect_false unparseflag 
79	0,08943	define endif clang annotations attribute__ gcc void 
80	0,01244	size table insert size_t group expect_that int64_t 
81	2,08956	license namespace distributed apache https compliance specific 
82	0,01868	const size_t common raw_hash_set return control table 
83	0,30759	std string string_view include const strings foo 
84	0,34309	char const int static_cast buf unsigned nullptr 
85	0,01315	statusor int absl status std expect_that actual 
86	0,00626	const elfw uint32_t symbol void elfmemimage index 
87	0,02947	tmp int demangle sizeof expect_streq template test 
88	0,01319	mock type mockingbitgen keyt emit eat args 
89	0,00519	fixedarray int array mantissa exponent floattype fixed 
90	0,02815	flag flags_internal void commandlineflag const flags std 
91	0,02272	std result numeric_limits strcat max uint64_t int64_t 
92	0,02788	text std strsplit string string_view splitter delimiter 
93	0,01568	flags long message std testbin flag helpmode 
94	0,313	typename template std type struct class void 
95	0,00849	tp tz utc parse format cctz time_internal 
96	0,5244	return bool true false case include base 
97	0,01997	int std const any_cast pair emplace valuetype 
98	0,01704	format std string args formatargimpl strformat const 
99	0,02137	info cordzinfo const notification std sampler load 

[beta: 0,00379] 
<450> LL/token: -6,56701
<460> LL/token: -6,56279
<470> LL/token: -6,56144
<480> LL/token: -6,56121
<490> LL/token: -6,55703

0	0,01618	state parse_state return copy true static guard 
1	0,20559	size_t data size return sizeof void inline 
2	0,0178	const size_t return seq cpu insertandreturnsumofpredecessors func 
3	0,40583	function type note values call types default 
4	0,04476	int exp digits bits uint64_t uint32_t static_cast 
5	0,01041	status statuscode x0 code message error cord 
6	0,01218	state const vector128 tr vector128load transition unix_time 
7	0,01589	variant class std op size_t template index 
8	1,05466	include license base internal namespace endif static 
9	0,04787	std class int alloc args invoke return 
10	0,01956	flat_hash_set hash node_hash_set nodes node_hash_map node number 
11	0,0041	fun anyinvtype typeparam int bool static_cast typed_test_p 
12	0,00552	int set insert size btree key map 
13	0,8109	absl int copy ifdef check nolint make 
14	0,0228	arg const substitute_internal format nonnull substitute piece 
15	0,01437	optional std int expect_true listener constexpr move 
16	0,01081	std variant int expect_true string const holds_alternative 
17	0,01131	slot capacity ctrl_t size_t void hash ctrl 
18	0,0061	cord buffer data size cordbuffer capacity size_t 
19	0,01422	chars_format result general exponent strreplaceall replacements expectnumber 
20	0,00705	throwingvalue dummy_ exceptions_internal test void testing bomb1 
21	0,01101	tree cordrepbtree edge length cordrep node size_t 
22	0,01068	nullptr waitp spinlock std uint32_t skip intptr_t 
23	0,01547	hash std state abslhashvalue hash_state eq int 
24	0,00667	decoderustpunycode plaintext_ expect_that pointstothenulafter punycode_ make_benchmark assert_that 
25	0,00446	formatciviltime civilday civilsecond compare_internal identity weak_ordering partial_ordering 
26	0,03813	double std const param typeparam int include 
27	0,03522	stack int signal void debugging debugging_internal handler 
28	0,01297	offset bp std cur data tm ep 
29	0,00929	sample sampler int vlogsite fnmatch time_state period 
30	0,01741	int32_t partial int8_t type expect_eq const layout 
31	0,00914	engine std result_type size_t seed generate constexpr 
32	0,13662	void gcc function nodestructor abseil pragma global 
33	0,01304	int class anyinvocable std absl_internal_expect_alias_equivalence default struct 
34	0,04682	urbg result_type random double param_type typename random_internal 
35	0,01196	gen uniform functionref lo checkargsinfertype tag uniform_lower_bound 
36	0,01343	test_sink expect_call pb gen scopedmocklog eq comparison_stream 
37	0,02162	dest string src alphanum nonnull character string_view 
38	0,01186	cord src method contents_ tree string_view cordrep 
39	0,01468	str tracker int compressedtuple copyablemovableinstance empty basecountedinstance 
40	0,00372	width kbase kpos kupper kdec kright kint 
41	0,01457	define severity condition s2 s1 val1 val2 
42	0,00421	vec vect bigunsigned size_t size size_ inlvec 
43	0,46783	returns inline class number requires time set 
44	0,02254	values size typename container type copies size_t 
45	0,03703	state benchmark donotoptimize void benchmark_template int range 
46	0,01835	rep cordrep flat child substring tag cord_internal 
47	0,00576	container_algorithm_internal std typename sequence container c2 c1 
48	0,00979	america time_zone const cctz tz tp asia 
49	0,01611	conv sink formatconversionspecimpl formatsinkimpl precision str_format_internal flags 
50	0,002	uint64_t time_internal cctz absl_internal_mangled_ns vzoneinfosource cctz_extension zone_info_source_factory 
51	0,02561	logseverity entry log logmessage log_internal logentry world 
52	0,01378	day year ss cs month format weekday 
53	0,05561	key element std typename iterator base elements 
54	0,00915	duration inf seconds nanoseconds std milliseconds unit 
55	0,11305	expect_eq test expect_true expect_false int auto include 
56	0,0098	getflag getflagreflectionhandle flags setflag flag absl_flag handle 
57	0,18664	defined endif define elif ifdef error msc_ver 
58	0,01931	int128 uint128 std pair unsigned uint64_t numeric_limits 
59	0,02509	time duration timezone std tm time_internal const 
60	0,01893	int cxt mu threads test thread condition 
61	0,01592	void defined pc cc return getusageconfig symbolize 
62	0,01603	iterator size storage_ inlinedvector data typename allocator 
63	0,00755	x10 x05 x40 x3e xdb x84 x1e 
64	0,00884	test testing thrower auto expect_true utf8 throwingvariant 
65	0,04784	mutex thread lock condition mu const void 
66	0,05917	uint64_t uint32_t uint16_t uint8_t static_assert len static_cast 
67	0,00426	node typename key iter node_ const iterator 
68	0,30376	const operator return constexpr bool rhs lhs 
69	0,03865	string_view npos pos const size_type string find 
70	0,01411	crc crc32c_t v128 uint32_t length const size_t 
71	0,06728	std base_internal memory_order_relaxed atomic void store load 
72	0,03308	arena void what_arg lowlevelalloc absl_raw_log endif ifdef 
73	0,0313	expect_that typeparam eq values testing hash_internal gen 
74	0,22214	std end begin const vector auto push_back 
75	0,0525	log info testing matcher file logseverityatleast logseverity 
76	0,01056	len int tracker size_t size inlinedvector instance 
77	0,01428	span int const makespan data empty expect_true 
78	0,00965	err parseflag expect_true expect_demangling test unparseflag expect_false 
79	0,05683	define endif clang lock annotations attribute__ absl_have_attribute 
80	0,00798	size table group insert size_t expect_that int64_t 
81	1,74754	license namespace distributed apache specific https kind 
82	0,01139	const size_t raw_hash_set common control return table 
83	0,24741	std string string_view const include strings result 
84	0,27254	char const int static_cast unsigned buf long 
85	0,00721	statusor int std status expect_that actual sequence_ 
86	0,00495	const elfw symbol elfmemimage void reinterpret_cast uint32_t 
87	0,02116	tmp int demangle sizeof expect_streq test template 
88	0,0091	type mock mockingbitgen args keyt emit eat 
89	0,0037	fixedarray mantissa array exponent floattype int fixed 
90	0,02092	flag flags_internal void commandlineflag const flags std 
91	0,01282	std result numeric_limits strcat max uint64_t base 
92	0,01679	std string text string_view strsplit splitter delimiter 
93	0,01084	flags long std message testbin helpmode flag 
94	0,23918	typename template std type struct class args 
95	0,00704	tp tz utc parse cctz format chrono 
96	0,42268	return bool false true case include static_cast 
97	0,01204	int std any_cast const pair emplace valuetype 
98	0,01001	format string std args strformat formatargimpl const 
99	0,01675	info cordzinfo std notification const sampler load 

[beta: 0,00381] 
<500> LL/token: -6,55981
<510> LL/token: -6,55591
<520> LL/token: -6,55449
<530> LL/token: -6,555
<540> LL/token: -6,55456

0	0,00952	state parse_state copy return true static guard 
1	0,17682	size_t size data return sizeof bytes inline 
2	0,01354	const seq size_t cpu insertandreturnsumofpredecessors assert_eq double 
3	0,34476	function type note types values functions default 
4	0,03799	digits int exp uint32_t static_cast uint64_t bits 
5	0,00949	status statuscode x0 code message error cord 
6	0,01033	state const vector128 tr vector128load unix_time transition 
7	0,01106	variant class std op size_t template index 
8	0,8672	include base license internal namespace static endif 
9	0,03832	std class int alloc args invoke return 
10	0,01474	flat_hash_set hash node_hash_set node_hash_map nodes node number 
11	0,00345	fun anyinvtype typeparam int static_cast typed_test_p addtype 
12	0,0038	int set insert size btree key map 
13	0,70007	absl copy ifdef int check nolint works 
14	0,01933	arg const substitute_internal format nonnull substitute piece 
15	0,01115	optional std int expect_true listener const constexpr 
16	0,00796	std variant int expect_true string const holds_alternative 
17	0,00998	capacity slot size_t ctrl_t void hash ctrl 
18	0,00467	cord buffer size cordbuffer data capacity size_t 
19	0,01079	chars_format result general exponent strreplaceall replacements expectnumber 
20	0,00628	throwingvalue test dummy_ exceptions_internal return testing bomb1 
21	0,00903	tree cordrepbtree edge length cordrep node data 
22	0,0088	nullptr waitp std spinlock uint32_t skip static 
23	0,01266	hash std state abslhashvalue hash_state eq int 
24	0,00647	decoderustpunycode plaintext_ expect_that pointstothenulafter punycode_ make_benchmark assert_that 
25	0,00435	formatciviltime civilday civilsecond compare_internal identity weak_ordering partial_ordering 
26	0,0307	double std const typeparam include param int 
27	0,0294	int stack signal void debugging_internal debugging const 
28	0,01133	offset std bp data tm cur ep 
29	0,00843	sample sampler int vlogsite fnmatch time time_state 
30	0,01371	partial int32_t int8_t type expect_eq layout const 
31	0,00813	engine std result_type size_t seed constexpr generate 
32	0,10676	void gcc nodestructor global diagnostic pragma function 
33	0,00996	int class std anyinvocable absl_internal_expect_alias_equivalence default const 
34	0,03912	urbg result_type random param_type typename random_internal double 
35	0,00975	gen uniform lo functionref checkargsinfertype tag double 
36	0,01133	test_sink expect_call pb gen scopedmocklog log comparison_stream 
37	0,01751	dest string src alphanum nonnull character string_view 
38	0,01018	cord src method contents_ tree string_view data 
39	0,01261	str tracker int compressedtuple copyablemovableinstance empty basecountedinstance 
40	0,0027	width kbase kpos kupper kdec kright kint 
41	0,01241	define severity condition s1 s2 val1 val2 
42	0,00325	vec vect bigunsigned size_t size template typename 
43	0,40339	returns void inline number class static set 
44	0,01457	values size typename container type copies template 
45	0,0286	state benchmark donotoptimize void benchmark_template auto int 
46	0,01564	rep cordrep child flat substring cord_internal tag 
47	0,00439	container_algorithm_internal typename std sequence container c2 c1 
48	0,00934	america const time_zone cctz tp tz asia 
49	0,01359	conv sink formatconversionspecimpl formatsinkimpl precision flags str_format_internal 
50	0,00185	uint64_t time_internal cctz absl_internal_mangled_ns vzoneinfosource cctz_extension zone_info_source_factory 
51	0,02075	logseverity entry logmessage log log_internal eq logentry 
52	0,01216	day ss year month cs format minute 
53	0,0472	key element std iterator typename base absl 
54	0,00829	duration inf seconds nanoseconds std milliseconds unit 
55	0,09969	expect_eq test expect_true expect_false int auto include 
56	0,00843	getflag getflagreflectionhandle setflag absl_flag flags flag handle 
57	0,15129	defined endif define elif ifdef error https 
58	0,01727	int128 uint128 std pair constexpr unsigned uint64_t 
59	0,02157	time duration timezone std tm time_internal const 
60	0,01635	int mu cxt test threads thread condition 
61	0,01209	void cc defined pc buf getusageconfig symbolize 
62	0,01306	size iterator storage_ inlinedvector data typename allocator 
63	0,00694	x10 x05 x40 x3e xdb x84 x1e 
64	0,00698	test testing auto thrower expect_true utf8 throwingvariant 
65	0,04067	mutex thread lock condition const mu mu_ 
66	0,05165	uint64_t uint32_t uint16_t uint8_t static_assert len static_cast 
67	0,00314	node typename const key iter node_ iterator 
68	0,25075	const return operator bool constexpr rhs lhs 
69	0,03119	string_view npos const pos string size_type find 
70	0,01228	crc crc32c_t v128 uint32_t length const crc32c 
71	0,05367	std base_internal atomic memory_order_relaxed load store int64_t 
72	0,02736	arena void what_arg ifdef lowlevelalloc base_internal absl_raw_log 
73	0,02595	expect_that typeparam eq values testing hash_internal gen 
74	0,18198	std end begin vector const auto push_back 
75	0,04558	log info testing matcher file logseverityatleast severity 
76	0,00828	len int tracker size_t inlinedvector size instance 
77	0,0101	span int const makespan data empty size 
78	0,00866	err parseflag expect_true expect_demangling test expect_false unparseflag 
79	0,04067	define endif clang lock attribute__ annotations absl_have_attribute 
80	0,00662	size table group insert size_t expect_that int64_t 
81	1,48502	license namespace distributed apache https specific kind 
82	0,00843	const return raw_hash_set control size_t iterator table 
83	0,20517	std string const string_view include strings result 
84	0,22751	char const int static_cast unsigned buf long 
85	0,00535	statusor int absl status std expect_that actual 
86	0,00482	const elfw symbol elfmemimage void uint32_t uint8_t 
87	0,01861	tmp int demangle sizeof expect_streq template char 
88	0,00742	type mock mockingbitgen keyt emit args eat 
89	0,00287	fixedarray int array mantissa exponent uint64_t floattype 
90	0,01651	flag flags_internal void commandlineflag const std flags 
91	0,00959	std result numeric_limits strcat uint64_t max base 
92	0,01357	std string text string_view strsplit splitter delimiter 
93	0,00851	flags long std message testbin default helpmode 
94	0,19583	typename template std type struct class args 
95	0,0051	tp tz utc parse cctz format chrono 
96	0,3552	return bool false true case include auto 
97	0,0095	int std const any_cast pair emplace valuetype 
98	0,00848	format std string args strformat formatargimpl const 
99	0,01536	info cordzinfo const notification sampler std expect_that 

[beta: 0,00384] 
<550> LL/token: -6,55192
<560> LL/token: -6,55024
<570> LL/token: -6,54986
<580> LL/token: -6,55034
<590> LL/token: -6,5509

0	0,00613	state parse_state copy return true static guard 
1	0,15558	size_t data size return sizeof inline void 
2	0,0102	const size_t seq cpu double return insertandreturnsumofpredecessors 
3	0,30336	function type note types call object functions 
4	0,03264	exp digits int uint32_t uint64_t static_cast base 
5	0,0086	status statuscode x0 code message error string_view 
6	0,00998	state const vector128 tr vector128load transition unix_time 
7	0,00915	variant class std size_t op template index 
8	0,74648	include base internal license namespace endif static 
9	0,03131	std class int alloc return invoke args 
10	0,01233	flat_hash_set node_hash_set hash node_hash_map nodes node id 
11	0,00317	fun anyinvtype typeparam int static_cast typed_test_p typename 
12	0,00292	int set insert size btree key map 
13	0,62275	absl ifdef copy check int defined make 
14	0,01747	arg const substitute_internal format nonnull substitute piece 
15	0,00951	optional std int expect_true listener move constexpr 
16	0,00725	std variant int expect_true string const var 
17	0,00837	slot capacity ctrl_t void size_t hash ctrl 
18	0,00387	cord buffer size cordbuffer data capacity size_t 
19	0,01056	chars_format result exponent general strreplaceall replacements expectnumber 
20	0,00608	throwingvalue dummy_ exceptions_internal test testing bomb1 absl_pretty_function 
21	0,0082	tree cordrepbtree edge length cordrep data node 
22	0,00638	nullptr waitp spinlock std perthreadsynch uint32_t skip 
23	0,01116	hash std state abslhashvalue hash_state const eq 
24	0,00632	decoderustpunycode plaintext_ expect_that pointstothenulafter punycode_ make_benchmark assert_that 
25	0,00411	formatciviltime civilday civilsecond compare_internal identity weak_ordering partial_ordering 
26	0,0269	double std const param typeparam include int 
27	0,02721	int stack signal void debugging_internal debugging handler 
28	0,00952	offset std bp data tm cur ep 
29	0,00798	sample sampler int vlogsite fnmatch time_state period 
30	0,01153	partial int32_t int8_t type expect_eq const layout 
31	0,00774	engine std result_type size_t seed constexpr generate 
32	0,08474	gcc void nodestructor abseil function memory pragma 
33	0,00795	int class anyinvocable absl_internal_expect_alias_equivalence const std default 
34	0,03509	urbg result_type random param_type double random_internal typename 
35	0,00949	gen uniform int double lo functionref checkargsinfertype 
36	0,00981	test_sink expect_call pb eq scopedmocklog comparison_stream log 
37	0,01563	dest string src alphanum nonnull character string_view 
38	0,00911	cord src method tree contents_ data string_view 
39	0,01087	str tracker compressedtuple int copyablemovableinstance empty basecountedinstance 
40	0,00127	width kbase kpos kupper kdec kright kint 
41	0,01163	define severity condition s1 s2 val1 val2 
42	0,00303	vec vect bigunsigned size size_t template typename 
43	0,36093	returns inline void number class static implementation 
44	0,01113	values size typename container type copies include 
45	0,02614	state benchmark donotoptimize void benchmark_template auto int 
46	0,01418	rep cordrep child flat substring tag expected 
47	0,00404	container_algorithm_internal std typename sequence container c2 c1 
48	0,00911	america const cctz time_zone tz tp asia 
49	0,01203	conv sink formatconversionspecimpl formatsinkimpl str_format_internal flags width 
50	0,00146	uint64_t time_internal absl_internal_mangled_ns vzoneinfosource cctz_extension unique_ptr zone_info_source_factory 
51	0,01856	logseverity entry logmessage log log_internal logentry world 
52	0,01106	day year ss month cs format std 
53	0,04159	key element std iterator typename base absl 
54	0,00809	duration inf seconds nanoseconds std milliseconds unit 
55	0,08999	expect_eq test expect_true expect_false int auto include 
56	0,008	getflag getflagreflectionhandle flags setflag absl_flag flag handle 
57	0,12939	defined endif define elif ifdef error https 
58	0,01526	int128 uint128 std pair constexpr unsigned uint64_t 
59	0,01887	time duration timezone std tm time_internal int64_t 
60	0,01461	mu cxt int threads test thread condition 
61	0,0097	void flags cc pc defined buf symbolize 
62	0,0112	typename size storage_ inlinedvector data iterator allocator 
63	0,00689	x10 x05 x40 x3e xdb x84 x80 
64	0,00608	test auto testing thrower expect_true utf8 throwingvariant 
65	0,03731	mutex lock thread condition mu mu_ const 
66	0,04627	uint64_t uint32_t uint8_t uint16_t static_assert len static_cast 
67	0,00278	node typename iter key node_ const iterator 
68	0,21405	const return operator bool constexpr rhs lhs 
69	0,02796	string_view npos pos const size_type string compare 
70	0,01119	crc crc32c_t v128 uint32_t length size_t const 
71	0,04641	std base_internal atomic memory_order_relaxed thread store void 
72	0,02513	arena void what_arg base_internal endif lowlevelalloc absl_raw_log 
73	0,02358	expect_that typeparam values eq testing hash_internal gen 
74	0,1577	std end begin const vector auto int 
75	0,04124	log info testing file matcher logseverity logseverityatleast 
76	0,00685	len int tracker size_t inlinedvector size instance 
77	0,0085	span int const data makespan empty size 
78	0,00879	err parseflag expect_true expect_demangling test unparseflag expect_false 
79	0,03105	define endif lock clang annotations attribute__ absl_have_attribute 
80	0,00575	size table insert size_t group expect_that int64_t 
81	1,27789	license namespace apache distributed https copy specific 
82	0,00701	const size_t raw_hash_set control return table common 
83	0,17766	std string string_view include const strings foo 
84	0,1967	char const int static_cast unsigned long constexpr 
85	0,00395	statusor int absl status std expect_that test 
86	0,00429	const elfw symbol elfmemimage uint32_t void uint8_t 
87	0,01688	tmp int demangle sizeof expect_streq template char 
88	0,00695	type mockingbitgen mock call keyt emit false 
89	0,00254	fixedarray int mantissa exponent floattype fixed uint64_t 
90	0,01449	flag flags_internal void const commandlineflag std flags 
91	0,00782	std result numeric_limits strcat uint64_t max base 
92	0,01002	std string string_view text strsplit splitter delimiter 
93	0,00749	flags std long message testbin helpmode default 
94	0,1689	typename template std type struct args class 
95	0,00477	tp tz utc parse format chrono cctz 
96	0,31347	return bool false true case include auto 
97	0,00799	int std const any_cast pair emplace valuetype 
98	0,00801	format std string args strformat formatargimpl const 
99	0,01383	info cordzinfo std const notification sampler load 

[beta: 0,00386] 
<600> LL/token: -6,54819
<610> LL/token: -6,54988
<620> LL/token: -6,54782
<630> LL/token: -6,54647
<640> LL/token: -6,54625

0	0,00559	state parse_state copy return true static guard 
1	0,1412	size_t size data return sizeof bytes buf 
2	0,01039	const size_t return seq double cpu insertandreturnsumofpredecessors 
3	0,2731	function type note call functions object types 
4	0,02846	digits exp int uint32_t bits uint64_t static_cast 
5	0,00776	status statuscode x0 message code error cord 
6	0,00965	state const vector128 tr vector128load transition unix_time 
7	0,00783	variant class std size_t op template index 
8	0,65618	include base internal namespace license static endif 
9	0,02715	std class int return alloc args const 
10	0,00989	flat_hash_set node_hash_set node_hash_map hash nodes node edges 
11	0,00281	fun anyinvtype typeparam int bool static_cast typed_test_p 
12	0,00183	int set insert size btree key map 
13	0,56631	absl ifdef copy check results correctly back 
14	0,01603	arg const substitute_internal format nonnull substitute a1 
15	0,00816	optional std int expect_true listener const constexpr 
16	0,00743	std int variant expect_true string const var 
17	0,00789	slot capacity ctrl_t hash size_t void ctrl 
18	0,0035	cord buffer size cordbuffer data capacity size_t 
19	0,00955	chars_format result general strreplaceall exponent index replacements 
20	0,00564	throwingvalue dummy_ exceptions_internal test void testing bomb1 
21	0,0072	tree cordrepbtree edge length cordrep data node 
22	0,005	nullptr waitp std perthreadsynch skip uint32_t spinlock 
23	0,01001	hash std state abslhashvalue hash_state eq move 
24	0,00612	decoderustpunycode plaintext_ expect_that pointstothenulafter punycode_ make_benchmark assert_that 
25	0,00344	formatciviltime civilday civilsecond compare_internal identity weak_ordering partial_ordering 
26	0,02336	double std const param typeparam include numeric_limits 
27	0,02574	int stack signal void debugging debugging_internal const 
28	0,00756	std offset bp data cur tm ep 
29	0,00765	sample sampler int vlogsite fnmatch time_state period 
30	0,00989	partial int32_t int8_t expect_eq type layout const 
31	0,00712	engine result_type std size_t seed generate constexpr 
32	0,06943	void gcc nodestructor pragma bind_front static diagnostic 
33	0,00662	int class std anyinvocable absl_internal_expect_alias_equivalence const default 
34	0,03158	urbg result_type param_type typename double random_internal random 
35	0,01001	gen uniform double int lo functionref checkargsinfertype 
36	0,00849	test_sink pb expect_call eq log scopedmocklog comparison_stream 
37	0,01478	dest string src alphanum char nonnull string_view 
38	0,00862	cord src method tree contents_ data string_view 
39	0,00967	str tracker int compressedtuple copyablemovableinstance empty basecountedinstance 
40	0,00091	width kbase kpos kupper kdec kright kint 
41	0,01084	define severity condition s2 s1 val1 val2 
42	0,00291	vec vect bigunsigned size size_t template typename 
43	0,33278	returns inline void number static set class 
44	0,00814	values size typename container type copies include 
45	0,02393	state benchmark donotoptimize void benchmark_template range auto 
46	0,01333	rep cordrep child flat substring tag cord_internal 
47	0,00374	container_algorithm_internal std typename sequence container c2 c1 
48	0,00878	america cctz const time_zone tz tp asia 
49	0,01072	conv sink formatconversionspecimpl formatsinkimpl str_format_internal flags precision 
50	0,0012	uint64_t time_internal absl_internal_mangled_ns vzoneinfosource cctz_extension zone_info_source_factory char_traits 
51	0,01767	entry logmessage logseverity log log_internal logentry file 
52	0,01035	year day ss month cs format weekday 
53	0,0389	key element std iterator typename base elements 
54	0,00676	duration inf seconds nanoseconds std unit milliseconds 
55	0,08181	expect_eq test expect_true expect_false auto int include 
56	0,0081	getflag getflagreflectionhandle flags absl_flag setflag flag handle 
57	0,11244	defined endif define elif ifdef error msc_ver 
58	0,01386	uint128 int128 std pair constexpr unsigned uint64_t 
59	0,01808	time duration timezone std tm time_internal const 
60	0,01287	mu int cxt threads test thread iterations 
61	0,00906	void flags cc defined pc buf endif 
62	0,01005	typename size storage_ data inlinedvector allocator iterator 
63	0,00623	x10 x05 x40 x3e xdb x84 x1e 
64	0,00596	test testing auto thrower expect_true utf8 throwingvariant 
65	0,03563	mutex lock condition thread mu const mu_ 
66	0,04402	uint64_t uint32_t uint16_t uint8_t static_assert static_cast len 
67	0,00218	node typename key iter node_ const iterator 
68	0,19234	const return operator bool constexpr rhs lhs 
69	0,02512	string_view npos pos const size_type size find 
70	0,0108	crc crc32c_t v128 uint32_t length size_t const 
71	0,04295	std base_internal atomic memory_order_relaxed thread store identity 
72	0,02325	arena void what_arg lowlevelalloc absl_raw_log base_internal header 
73	0,02052	expect_that typeparam values testing eq hash_internal std 
74	0,14028	std end begin const vector auto int 
75	0,03938	log info logseverity testing matcher file severity 
76	0,00562	len int tracker size_t inlinedvector size test 
77	0,00674	span int const data makespan expect_true empty 
78	0,00865	err parseflag expect_true expect_demangling test expect_false unparseflag 
79	0,02601	define endif clang lock attribute__ annotations absl_have_attribute 
80	0,00502	size table insert size_t group expect_that int64_t 
81	1,1305	license namespace distributed apache specific https copy 
82	0,00587	const size_t raw_hash_set control return assert iterator 
83	0,1583	std string string_view const include strings result 
84	0,17665	char const int static_cast unsigned long string 
85	0,00369	statusor absl int status std expect_that actual 
86	0,00378	const elfw symbol elfmemimage void uint32_t uint8_t 
87	0,01579	tmp int demangle sizeof expect_streq template test 
88	0,00692	call mockingbitgen type mock mockuniform int expect_call 
89	0,00225	fixedarray int exponent array mantissa floattype fixed 
90	0,01227	flag flags_internal void commandlineflag std const flags 
91	0,00767	std result numeric_limits strcat max uint64_t base 
92	0,00894	std string string_view text strsplit splitter delimiter 
93	0,00592	flags long std flag message testbin helpmode 
94	0,1545	typename template std type struct class args 
95	0,00432	tp tz utc parse format cctz chrono 
96	0,28826	return bool false true case include static_cast 
97	0,00677	int std const any_cast pair emplace valuetype 
98	0,00807	format std string args formatargimpl strformat const 
99	0,01315	info cordzinfo const std sampler load notification 

[beta: 0,00387] 
<650> LL/token: -6,54558
<660> LL/token: -6,54427
<670> LL/token: -6,54407
<680> LL/token: -6,543
<690> LL/token: -6,54295

0	0,00541	state parse_state copy return true static guard 
1	0,12877	size_t size data return sizeof bytes buf 
2	0,01095	const return size_t seq cpu insertandreturnsumofpredecessors func 
3	0,25507	type function note object types call functions 
4	0,02393	exp digits uint32_t int uint64_t static_cast bits 
5	0,00725	status statuscode x0 message code error cord 
6	0,00939	state const vector128 tr vector128load unix_time transition 
7	0,00719	variant class std op size_t template types 
8	0,5958	include base license internal namespace endif static 
9	0,02436	std class int alloc args return const 
10	0,00919	flat_hash_set node_hash_set node_hash_map hash nodes node id 
11	0,00278	fun anyinvtype typeparam int static_cast typed_test_p addtype 
12	0,00101	int set insert size btree key map 
13	0,5256	absl copy check ifdef correctly match assign 
14	0,01491	arg const substitute_internal format nonnull substitute a1 
15	0,00762	optional std int expect_true listener move os 
16	0,00715	std variant int expect_true string const var 
17	0,00788	slot capacity ctrl_t size_t void hash slot_type 
18	0,00333	cord buffer size cordbuffer data capacity size_t 
19	0,00916	chars_format result exponent general strreplaceall mantissa replacements 
20	0,00502	throwingvalue test dummy_ exceptions_internal void testing bomb1 
21	0,00671	tree cordrepbtree edge length cordrep data node 
22	0,00413	nullptr waitp spinlock perthreadsynch std uint32_t skip 
23	0,00928	hash std state abslhashvalue hash_state const eq 
24	0,00606	decoderustpunycode plaintext_ expect_that pointstothenulafter punycode_ make_benchmark assert_that 
25	0,00311	formatciviltime civilday civilsecond compare_internal identity weak_ordering partial_ordering 
26	0,01997	double std const param include typeparam int 
27	0,02469	int stack signal void debugging const handler 
28	0,00805	std offset bp data tm cur ep 
29	0,00748	sample sampler int vlogsite fnmatch time_state period 
30	0,00936	partial int32_t int8_t expect_eq type const layout 
31	0,00675	engine std result_type seed size_t constexpr generate 
32	0,05834	gcc void nodestructor diagnostic abseil bind_front pragma 
33	0,00649	int class anyinvocable std absl_internal_expect_alias_equivalence const default 
34	0,02965	urbg result_type random_internal param_type double typename random 
35	0,01117	gen uniform double int lo functionref checkargsinfertype 
36	0,00834	test_sink pb expect_call log scopedmocklog eq comparison_stream 
37	0,0132	dest string src alphanum char size_t character 
38	0,00885	cord src method contents_ tree data string_view 
39	0,00923	tracker str int compressedtuple copyablemovableinstance empty basecountedinstance 
40	0,00099	width kbase kpos kupper kdec kright kint 
41	0,01069	define severity condition s1 s2 val1 val2 
42	0,00274	vec vect bigunsigned size_t template size typename 
43	0,31414	returns void inline number class static set 
44	0,00716	values size typename container type copies size_t 
45	0,02233	state benchmark void donotoptimize benchmark_template range int 
46	0,0128	rep cordrep flat child substring size_t tag 
47	0,00359	container_algorithm_internal typename std sequence container c2 c1 
48	0,00844	america const cctz time_zone tz tp asia 
49	0,01068	conv sink formatconversionspecimpl formatsinkimpl str_format_internal precision flags 
50	0,00113	uint64_t time_internal absl_internal_mangled_ns vzoneinfosource cctz_extension zone_info_source_factory zoneinfosource 
51	0,01644	entry logmessage log log_internal logentry eq world 
52	0,00931	year ss day month cs format minute 
53	0,03788	key element std iterator typename base elements 
54	0,00636	duration inf seconds nanoseconds std milliseconds unit 
55	0,07851	expect_eq test expect_true expect_false auto int include 
56	0,00811	getflag getflagreflectionhandle flags setflag flag absl_flag handle 
57	0,10269	defined endif define elif ifdef error set 
58	0,01286	int128 uint128 std pair constexpr uint64_t unsigned 
59	0,01766	time duration timezone std tm time_internal const 
60	0,01157	int cxt mu test threads thread iterations 
61	0,00869	void flags defined cc pc buf return 
62	0,00923	size typename storage_ inlinedvector data iterator allocator 
63	0,00619	x10 x05 x40 x3e xdb x84 x80 
64	0,00544	test testing thrower auto expect_true utf8 throwingvariant 
65	0,03399	mutex lock thread condition mu const mu_ 
66	0,03912	uint64_t uint32_t uint16_t uint8_t static_assert len static_cast 
67	0,002	node typename key iter node_ const iterator 
68	0,17444	const return operator bool constexpr rhs lhs 
69	0,02366	string_view npos const pos size_type string compare 
70	0,01059	crc crc32c_t v128 uint32_t length size_t const 
71	0,04082	std base_internal atomic memory_order_relaxed thread store identity 
72	0,02025	arena void what_arg lowlevelalloc base_internal ifdef absl_raw_log 
73	0,01868	expect_that typeparam values hash_internal eq testing gen 
74	0,13089	std end begin const vector auto int 
75	0,03686	log logseverity info testing matcher severity message 
76	0,00462	len int tracker size_t inlinedvector size instance 
77	0,00607	span int const makespan data empty expect_true 
78	0,00759	err parseflag expect_true expect_demangling expect_false test unparseflag 
79	0,02239	define endif clang lock annotations attribute__ absl_have_attribute 
80	0,0041	size table group insert size_t expect_that int64_t 
81	1,01906	license namespace distributed apache https kind org 
82	0,00495	const size_t raw_hash_set control common iterator table 
83	0,14607	std string string_view include const strings foo 
84	0,1639	char const int static_cast unsigned long nullptr 
85	0,00323	statusor absl int status std expect_that actual 
86	0,00391	const elfw symbol elfmemimage void uint32_t uint8_t 
87	0,01547	tmp int demangle sizeof expect_streq char template 
88	0,00668	call mockingbitgen expect_call type mock on_call int 
89	0,00221	int fixedarray array exponent floattype mantissa fixed 
90	0,01075	flag flags_internal const commandlineflag void std flags 
91	0,00692	std result numeric_limits strcat max uint64_t input 
92	0,00778	string text string_view std strsplit splitter delimiter 
93	0,00529	flags std long message testbin flag char 
94	0,14355	typename std template type struct class args 
95	0,0036	tp tz utc parse format cctz chrono 
96	0,26473	return bool false true case include base 
97	0,00625	int std const any_cast pair emplace valuetype 
98	0,00756	format std string strformat args formatargimpl test_f 
99	0,012	info cordzinfo std const expect_that load notification 

[beta: 0,00388] 
<700> LL/token: -6,54478
<710> LL/token: -6,54343
<720> LL/token: -6,54432
<730> LL/token: -6,54405
<740> LL/token: -6,54338

0	0,0045	state parse_state copy return true static guard 
1	0,11943	size_t size data return sizeof bytes buf 
2	0,00978	const size_t return seq double cpu insertandreturnsumofpredecessors 
3	0,24416	type function note types object default call 
4	0,02106	exp digits int uint32_t uint64_t static_cast base 
5	0,00697	status statuscode x0 code message error string_view 
6	0,00931	state const vector128 tr vector128load transition unix_time 
7	0,00608	variant class std op size_t template index 
8	0,55203	include base license internal namespace endif static 
9	0,02404	std class int args alloc return void 
10	0,00844	flat_hash_set node_hash_set node_hash_map hash nodes node edges 
11	0,00284	fun anyinvtype typeparam int static_cast typed_test_p addtype 
12	0,00071	int set insert btree key map size 
13	0,49696	absl ifdef copy check actual correctly doesn 
14	0,01532	arg const substitute_internal format nonnull substitute string 
15	0,00736	optional std int expect_true listener const constexpr 
16	0,00593	std variant int expect_true string const var 
17	0,00759	slot capacity ctrl_t void size_t hash slot_type 
18	0,00336	cord buffer data size cordbuffer capacity size_t 
19	0,00843	chars_format result exponent general strreplaceall mantissa replacements 
20	0,00513	throwingvalue dummy_ exceptions_internal test operator bomb1 absl_pretty_function 
21	0,00661	tree cordrepbtree edge length cordrep node data 
22	0,00376	nullptr waitp std spinlock uint32_t perthreadsynch skip 
23	0,00946	hash std state abslhashvalue hash_state const eq 
24	0,00575	decoderustpunycode plaintext_ expect_that pointstothenulafter punycode_ make_benchmark assert_that 
25	0,00268	formatciviltime civilday civilsecond compare_internal identity weak_ordering partial_ordering 
26	0,01975	double std const param typeparam include int 
27	0,02374	int stack signal void debugging const debugging_internal 
28	0,00711	offset std data bp cur tm ep 
29	0,00676	sample sampler uint64_t std vlogsite fnmatch int 
30	0,00838	partial int32_t int8_t type expect_eq const layout 
31	0,00672	engine result_type std size_t seed constexpr kgolden 
32	0,05176	gcc void nodestructor abseil diagnostic bind_front pragma 
33	0,0067	int class anyinvocable std absl_internal_expect_alias_equivalence const default 
34	0,02888	urbg result_type random_internal double random param_type return 
35	0,01219	gen uniform double int lo functionref checkargsinfertype 
36	0,00728	test_sink pb expect_call log scopedmocklog eq comparison_stream 
37	0,01289	dest string src strings_internal bytes size_t char 
38	0,00872	cord src method contents_ tree string_view data 
39	0,00842	tracker str int compressedtuple copyablemovableinstance empty basecountedinstance 
40	0,00122	width kbase kpos kupper kdec kright kint 
41	0,01017	define severity condition s1 val2 val1 s2 
42	0,00259	vec vect bigunsigned size_t int size typename 
43	0,29958	returns void inline static number set class 
44	0,00608	values size typename container type copies size_t 
45	0,02186	state benchmark donotoptimize void benchmark_template range int 
46	0,01302	rep cordrep flat child substring cord_internal size 
47	0,00335	container_algorithm_internal typename std sequence container c2 c1 
48	0,00858	america cctz const time_zone tz tp asia 
49	0,01012	conv sink formatconversionspecimpl formatsinkimpl str_format_internal precision flags 
50	0,00112	uint64_t time_internal absl_internal_mangled_ns vzoneinfosource cctz_extension zone_info_source_factory zoneinfosource 
51	0,01535	entry logmessage log log_internal logentry world eq 
52	0,0086	day ss year month cs format std 
53	0,03478	key element std iterator typename absl base 
54	0,00583	duration inf seconds nanoseconds std milliseconds unit 
55	0,07648	expect_eq test expect_true expect_false auto int include 
56	0,00739	getflag getflagreflectionhandle flag setflag absl_flag flags string 
57	0,09902	defined endif define elif ifdef error set 
58	0,01268	int128 uint128 std pair uint64_t constexpr numeric_limits 
59	0,01742	time std timezone duration tm time_internal int64_t 
60	0,0108	int mu cxt test threads thread std 
61	0,00939	void flags pc cc defined buf getusageconfig 
62	0,00766	typename storage_ data inlinedvector iterator size allocator 
63	0,00611	x10 x05 x40 x3e xdb x84 x1e 
64	0,0054	test auto testing thrower expect_true utf8 throwingvariant 
65	0,03275	mutex condition lock mu const thread mu_ 
66	0,03781	uint64_t uint32_t uint16_t uint8_t static_assert static_cast len 
67	0,00178	node typename const iter key node_ iterator 
68	0,16293	const return operator bool constexpr rhs lhs 
69	0,02135	string_view npos pos const size_type string compare 
70	0,01007	crc crc32c_t v128 uint32_t length size_t const 
71	0,03924	base_internal std atomic memory_order_relaxed identity store int64_t 
72	0,01878	arena void what_arg lowlevelalloc base_internal ifdef absl_raw_log 
73	0,01716	expect_that typeparam values testing eq hash_internal gen 
74	0,12596	std end begin const vector auto size 
75	0,03358	log logseverity info testing matcher severity log_internal 
76	0,00417	len int tracker size_t inlinedvector expect_that instance 
77	0,00615	span int const makespan data empty expect_true 
78	0,00688	err parseflag expect_true expect_demangling expect_false test unparseflag 
79	0,02137	define endif lock annotations clang attribute__ absl_have_attribute 
80	0,00362	table insert size_t size group expect_that int64_t 
81	0,93934	license namespace distributed apache https kind copy 
82	0,00546	const size_t return raw_hash_set control common iterator 
83	0,13272	std string string_view include const strings foo 
84	0,15735	char const int static_cast unsigned long nullptr 
85	0,00299	statusor absl int std status expect_that test 
86	0,00365	const elfw symbol uint32_t void elfmemimage uint8_t 
87	0,01386	tmp int demangle sizeof expect_streq template decltype 
88	0,00646	call mockingbitgen expect_call mock type on_call args 
89	0,00222	int fixedarray floattype mantissa array exponent bits 
90	0,01078	flag flags_internal const void commandlineflag std flags 
91	0,00632	std result numeric_limits strcat max uint64_t input 
92	0,0071	std string string_view text strsplit splitter delimiter 
93	0,00501	flags std long message testbin helpmode flag 
94	0,13737	typename template std type struct class args 
95	0,00405	tp tz utc parse format cctz time_internal 
96	0,24616	return bool true false case include static_cast 
97	0,00604	int std const any_cast pair emplace valuetype 
98	0,00699	format string std args formatargimpl strformat const 
99	0,01167	info cordzinfo std const expect_that data sampler 

[beta: 0,00388] 
<750> LL/token: -6,54341
<760> LL/token: -6,54353
<770> LL/token: -6,54556
<780> LL/token: -6,54488
<790> LL/token: -6,54629

0	0,00428	state parse_state return copy true static guard 
1	0,10778	size_t size data return sizeof buf bytes 
2	0,01051	const size_t seq cpu insertandreturnsumofpredecessors double return 
3	0,23896	type function note types object values file 
4	0,01984	digits exp int uint32_t uint64_t static_cast bits 
5	0,00648	status statuscode x0 message code error cord 
6	0,0093	state const vector128 tr vector128load transition unix_time 
7	0,00537	variant class std op size_t template types 
8	0,52364	include license namespace base internal endif static 
9	0,02165	std class int alloc void args return 
10	0,00851	flat_hash_set node_hash_set hash node_hash_map nodes node int 
11	0,00269	fun anyinvtype typeparam int static_cast typed_test_p addtype 
12	0,00068	int set insert btree map key pair 
13	0,47642	absl ifdef copy doesn cases actual check 
14	0,01521	arg const substitute_internal format nonnull substitute string 
15	0,00732	optional std int expect_true listener const constexpr 
16	0,0062	std variant int expect_true string var holds_alternative 
17	0,00737	slot capacity ctrl_t size_t void hash slot_type 
18	0,00322	cord buffer data size cordbuffer capacity size_t 
19	0,00764	chars_format result general exponent strreplaceall replacements input 
20	0,00464	throwingvalue dummy_ exceptions_internal test void testing bomb1 
21	0,00685	tree cordrepbtree edge cordrep length size_t data 
22	0,00353	nullptr waitp std spinlock perthreadsynch skip uint32_t 
23	0,00912	hash std state abslhashvalue hash_state const eq 
24	0,00522	decoderustpunycode plaintext_ expect_that pointstothenulafter punycode_ make_benchmark assert_that 
25	0,00273	formatciviltime civilday civilsecond compare_internal identity weak_ordering partial_ordering 
26	0,01828	double std const include param typeparam int 
27	0,0217	int stack signal void debugging handler signo 
28	0,00661	offset std data bp cur tm ep 
29	0,00653	sample sampler uint64_t std int vlogsite fnmatch 
30	0,00703	partial int32_t int8_t expect_eq type const layout 
31	0,00679	engine std result_type size_t seed constexpr kgolden 
32	0,04586	gcc nodestructor bind_front diagnostic function abseil pragma 
33	0,00625	int std class anyinvocable absl_internal_expect_alias_equivalence default noexcept 
34	0,02845	urbg result_type random_internal double random typename param_type 
35	0,01234	gen uniform double int checkargsinfertype uniform_lower_bound float 
36	0,00602	test_sink pb eq expect_call scopedmocklog comparison_stream log 
37	0,01204	dest string src char size_t strings_internal bytes 
38	0,00821	cord src method contents_ data tree string_view 
39	0,00775	tracker str int compressedtuple copyablemovableinstance functionref basecountedinstance 
40	0,001	width kbase kpos kupper kdec kright kint 
41	0,0101	define severity condition s1 val1 val2 s2 
42	0,00252	vec vect bigunsigned size_t template typename inlvec 
43	0,2911	returns void static inline class number set 
44	0,00507	values typename size container type copies size_t 
45	0,02209	state benchmark donotoptimize void benchmark_template auto int 
46	0,01296	rep cordrep flat child cord_internal tag substring 
47	0,00292	container_algorithm_internal typename std sequence container c2 c1 
48	0,00828	america cctz const time_zone tz tp asia 
49	0,01033	conv sink formatconversionspecimpl formatsinkimpl str_format_internal precision flags 
50	0,00108	uint64_t time_internal absl_internal_mangled_ns vzoneinfosource cctz_extension zoneinfosource zone_info_source_factory 
51	0,01346	entry logmessage log log_internal logentry file world 
52	0,00878	day ss year month cs format std 
53	0,03249	key element std iterator typename base absl 
54	0,00544	duration inf seconds nanoseconds std milliseconds unit 
55	0,07376	expect_eq test expect_true expect_false auto int include 
56	0,0069	getflag getflagreflectionhandle flags flag absl_flag setflag string 
57	0,09508	defined endif define elif ifdef error msc_ver 
58	0,013	int128 uint128 std pair uint64_t numeric_limits constexpr 
59	0,01704	time duration timezone std tm const time_internal 
60	0,01105	int mu cxt test threads thread notification 
61	0,00914	void flags cc pc defined buf getusageconfig 
62	0,00736	typename storage_ inlinedvector data size allocator return 
63	0,00563	x10 x05 x40 x3e xdb x84 x1e 
64	0,00491	test testing thrower auto expect_true utf8 throwingvariant 
65	0,03263	mutex lock condition thread mu const mu_ 
66	0,03653	uint64_t uint32_t uint16_t uint8_t static_assert static_cast len 
67	0,00193	node typename key iter node_ iterator const 
68	0,15724	const return operator bool constexpr rhs lhs 
69	0,0211	string_view npos pos const string size_type compare 
70	0,01014	crc crc32c_t v128 uint32_t length size_t const 
71	0,03783	std base_internal atomic memory_order_relaxed identity load void 
72	0,01799	arena void what_arg lowlevelalloc endif base_internal ifdef 
73	0,01632	expect_that typeparam values eq hash_internal testing typename 
74	0,12304	std end begin const vector auto size 
75	0,03266	log logseverity info testing severity matcher file 
76	0,00419	int len tracker size_t inlinedvector instance expect_that 
77	0,00556	span int const data makespan empty expect_true 
78	0,0067	err parseflag expect_true expect_demangling test expect_false unparseflag 
79	0,02079	define endif clang lock annotations attribute__ absl_have_attribute 
80	0,00358	table insert size size_t group expect_that int 
81	0,87433	license namespace apache distributed https kind abseil 
82	0,00522	const size_t raw_hash_set control return table ctrl 
83	0,12658	std string include string_view const strings foo 
84	0,14764	char const int static_cast unsigned long include 
85	0,00341	absl statusor int status std expect_that actual 
86	0,00375	const elfw symbol void elfmemimage uint32_t uint8_t 
87	0,01236	tmp int demangle sizeof expect_streq char test 
88	0,00614	call expect_call mockingbitgen mock int on_call type 
89	0,00186	fixedarray int exponent mantissa floattype bits array 
90	0,01059	flag flags_internal const void commandlineflag std flags 
91	0,00628	std result numeric_limits strcat max uint64_t base 
92	0,00612	std string string_view text strsplit splitter delimiter 
93	0,00436	flags long std message testbin flag const 
94	0,13121	typename template std type struct class args 
95	0,00385	tp tz utc parse format cctz time_internal 
96	0,23458	return bool false true case include auto 
97	0,00599	int std const any_cast pair emplace valuetype 
98	0,00671	format std string strformat formatargimpl args const 
99	0,01152	info cordzinfo size_t expect_that data load std 

[beta: 0,00388] 
<800> LL/token: -6,54521
<810> LL/token: -6,54348
<820> LL/token: -6,54289
<830> LL/token: -6,54318
<840> LL/token: -6,54352

0	0,00306	state parse_state return copy true static guard 
1	0,09904	size_t size data return sizeof uint64_t inline 
2	0,00974	const size_t seq cpu double insertandreturnsumofpredecessors assert_eq 
3	0,23456	type function note object types functions file 
4	0,0191	exp digits int uint32_t uint64_t static_cast state 
5	0,00652	status statuscode x0 code message error string_view 
6	0,00958	state const vector128 tr vector128load transition unix_time 
7	0,0052	variant class std size_t op template types 
8	0,50436	include license base namespace internal return static 
9	0,02032	std class int args void alloc invoke 
10	0,00796	flat_hash_set node_hash_set node_hash_map hash nodes node int 
11	0,00248	fun anyinvtype typeparam int static_cast typed_test_p addtype 
12	0,00089	int set insert btree key map typename 
13	0,46038	absl ifdef copy void check actual correctly 
14	0,01429	arg const substitute_internal format nonnull substitute string 
15	0,00767	optional std int expect_true listener const constexpr 
16	0,00576	std variant int expect_true string const holds_alternative 
17	0,00718	slot capacity ctrl_t void size_t slot_type hash 
18	0,00314	cord buffer data size cordbuffer capacity size_t 
19	0,00775	chars_format result exponent general strreplaceall mantissa begin 
20	0,00461	throwingvalue dummy_ exceptions_internal test void testing bomb1 
21	0,00702	tree cordrepbtree edge length cordrep size_t node 
22	0,00369	nullptr waitp std spinlock perthreadsynch skip uint32_t 
23	0,00904	hash std state hash_state abslhashvalue int eq 
24	0,00503	decoderustpunycode plaintext_ expect_that pointstothenulafter punycode_ make_benchmark assert_that 
25	0,00292	formatciviltime civilday civilsecond compare_internal identity weak_ordering partial_ordering 
26	0,01788	double std const param include typeparam int 
27	0,02041	int stack signal void const debugging handler 
28	0,00621	offset std data bp cur tm ep 
29	0,00704	sample sampler uint64_t vlogsite int std fnmatch 
30	0,00677	partial int32_t int8_t type expect_eq layout const 
31	0,00653	engine std result_type size_t seed generate constexpr 
32	0,03949	gcc nodestructor bind_front diagnostic void pragma memory 
33	0,00628	int class std anyinvocable absl_internal_expect_alias_equivalence default const 
34	0,02748	urbg result_type random_internal double random typename param_type 
35	0,01169	gen uniform double int checkargsinfertype uniform_lower_bound lo 
36	0,00603	test_sink pb expect_call scopedmocklog eq log comparison_stream 
37	0,01126	dest string src size_t strings_internal bytes error 
38	0,0083	cord src method contents_ tree data string_view 
39	0,0074	tracker str compressedtuple int copyablemovableinstance empty basecountedinstance 
40	0,00079	width kbase kpos kupper kdec kright kint 
41	0,00979	define severity condition val1 val2 s2 s1 
42	0,00278	vec vect bigunsigned size_t int typename template 
43	0,28157	returns void inline number static set class 
44	0,00466	values typename size container copies type int 
45	0,02192	state benchmark donotoptimize void benchmark_template range auto 
46	0,01217	rep cordrep child flat substring size tag 
47	0,00312	container_algorithm_internal std typename sequence container c2 c1 
48	0,00781	america cctz const time_zone tz tp asia 
49	0,00989	conv sink formatconversionspecimpl formatsinkimpl str_format_internal precision flags 
50	0,00107	uint64_t time_internal absl_internal_mangled_ns vzoneinfosource cctz_extension zone_info_source_factory zoneinfosource 
51	0,01358	entry logmessage log_internal log logentry world eq 
52	0,00902	day ss year month cs format weekday 
53	0,03069	key element std iterator typename base absl 
54	0,00549	duration inf seconds nanoseconds std milliseconds unit 
55	0,07229	expect_eq test expect_true expect_false auto int include 
56	0,00653	getflag flags getflagreflectionhandle setflag absl_flag flag handle 
57	0,09193	defined endif define elif ifdef error msc_ver 
58	0,01298	uint128 int128 std pair constexpr uint64_t static_cast 
59	0,01686	time duration std timezone tm const time_internal 
60	0,01077	mu int cxt test threads thread notification 
61	0,0084	void flags cc defined pc getusageconfig buf 
62	0,00658	typename data storage_ inlinedvector allocator size iterator 
63	0,00563	x10 x05 x40 x3e xdb x80 x84 
64	0,00498	test testing thrower auto expect_true utf8 throwingvariant 
65	0,03202	mutex lock condition mu const thread mu_ 
66	0,03495	uint64_t uint32_t uint8_t static_assert uint16_t len static_cast 
67	0,00177	node typename key node_ iter iterator template 
68	0,15268	const return operator bool constexpr rhs lhs 
69	0,02168	string_view npos const pos string size_type find 
70	0,01014	crc crc32c_t v128 uint32_t length size_t const 
71	0,03638	base_internal std atomic memory_order_relaxed void identity load 
72	0,01744	arena void what_arg lowlevelalloc endif absl_raw_log header 
73	0,01628	expect_that typeparam values eq testing hash_internal typename 
74	0,12025	std end const begin vector auto size 
75	0,03174	log logseverity info testing matcher severity file 
76	0,00407	int len tracker size_t inlinedvector instance expect_that 
77	0,00524	span int const data makespan empty expect_true 
78	0,00716	err parseflag expect_true expect_demangling test expect_false unparseflag 
79	0,01822	define endif clang lock annotations attribute__ absl_have_attribute 
80	0,00263	table size insert group size_t expect_that int 
81	0,81908	license namespace distributed apache https kind abseil 
82	0,00579	const return size_t raw_hash_set common control ctrl 
83	0,12155	std string include string_view const strings foo 
84	0,14188	char const int static_cast unsigned string long 
85	0,00308	absl statusor int status std expect_that test 
86	0,00367	const elfw symbol uint32_t elfmemimage void uint8_t 
87	0,01149	tmp int demangle sizeof expect_streq test char 
88	0,00614	expect_call call mockingbitgen type mock on_call int 
89	0,00166	fixedarray int mantissa exponent floattype uint64_t kinput 
90	0,01069	flag flags_internal const void commandlineflag std string 
91	0,00662	std result numeric_limits max strcat base uint64_t 
92	0,00629	std string string_view text strsplit splitter delimiter 
93	0,00444	flags long flag std message testbin helpmode 
94	0,12542	typename template std type struct class args 
95	0,0041	tp tz utc parse format cctz time_internal 
96	0,22039	return bool false true case include static_cast 
97	0,00569	int std const any_cast pair emplace valuetype 
98	0,00643	format std string args strformat formatargimpl const 
99	0,01143	info cordzinfo data expect_that size_t const load 

[beta: 0,0039] 
<850> LL/token: -6,54502
<860> LL/token: -6,5424
<870> LL/token: -6,54273
<880> LL/token: -6,54541
<890> LL/token: -6,54152

0	0,00253	state parse_state return copy true static guard 
1	0,09049	size_t size data uint64_t sizeof return bytes 
2	0,00922	const size_t return seq cpu double insertandreturnsumofpredecessors 
3	0,22963	type function note returns object types values 
4	0,01751	exp digits int uint64_t uint32_t static_cast size_t 
5	0,00667	status statuscode x0 message code error string_view 
6	0,00954	state const vector128 tr vector128load unix_time transition 
7	0,00616	variant class std template size_t op index 
8	0,49252	include license namespace base internal return static 
9	0,02042	std class int void args const invoke 
10	0,00737	flat_hash_set node_hash_set node_hash_map node nodes hash int 
11	0,00229	fun anyinvtype typeparam int static_cast typed_test_p addtype 
12	0,00071	int set insert btree key map btree_set 
13	0,44822	absl copy void ifdef actual correctly doesn 
14	0,01494	arg const substitute_internal format nonnull string substitute 
15	0,00795	optional std int expect_true listener const constexpr 
16	0,005	std variant int expect_true string const var 
17	0,00737	slot capacity ctrl_t void size_t slot_type hash 
18	0,00333	cord buffer data cordbuffer size capacity size_t 
19	0,00786	chars_format result exponent general strreplaceall begin mantissa 
20	0,00446	throwingvalue dummy_ exceptions_internal test void testing operator 
21	0,00697	tree cordrepbtree edge length cordrep size_t node 
22	0,00356	std waitp nullptr spinlock perthreadsynch uint32_t skip 
23	0,00902	hash std state int abslhashvalue hash_state eq 
24	0,0051	decoderustpunycode plaintext_ expect_that pointstothenulafter punycode_ make_benchmark assert_that 
25	0,00279	formatciviltime civilday civilsecond compare_internal identity weak_ordering partial_ordering 
26	0,0182	double std const param typeparam include int 
27	0,02052	int stack signal void debugging handler const 
28	0,00544	std offset data bp tm cur ep 
29	0,00731	sample sampler std uint64_t int vlogsite fnmatch 
30	0,00654	partial int32_t int8_t type expect_eq const layout 
31	0,00634	engine std result_type size_t seed constexpr kgolden 
32	0,03486	gcc nodestructor bind_front abseil diagnostic pragma function 
33	0,00609	int class std anyinvocable absl_internal_expect_alias_equivalence default const 
34	0,02669	urbg result_type typename double std random random_internal 
35	0,01137	gen uniform double int call checkargsinfertype tag 
36	0,0061	test_sink pb expect_call eq scopedmocklog comparison_stream log 
37	0,01096	dest src string size_t char error strings_internal 
38	0,00805	cord src method data contents_ size tree 
39	0,00775	tracker str int compressedtuple copyablemovableinstance empty constexpr 
40	0,00083	width kbase kpos kupper kdec kright kint 
41	0,00926	define severity condition val2 s1 val1 s2 
42	0,00238	vec vect size_t bigunsigned int typename template 
43	0,27577	returns void inline static number set data 
44	0,0043	values typename size container type copies size_t 
45	0,02189	state benchmark donotoptimize void benchmark_template range int 
46	0,01185	rep cordrep flat child size_t cord_internal substring 
47	0,0032	container_algorithm_internal typename std sequence container c2 c1 
48	0,00773	america const cctz time_zone tz tp asia 
49	0,00938	conv sink formatconversionspecimpl formatsinkimpl str_format_internal precision flags 
50	0,00111	uint64_t time_internal absl_internal_mangled_ns vzoneinfosource cctz_extension zone_info_source_factory zoneinfosource 
51	0,013	entry logmessage log log_internal logentry world file 
52	0,00943	day ss year month cs format weekday 
53	0,02889	key element std iterator typename absl base 
54	0,00596	duration inf seconds nanoseconds std unit milliseconds 
55	0,07143	expect_eq test expect_true expect_false auto int include 
56	0,00664	getflag getflagreflectionhandle setflag absl_flag flags flag string 
57	0,08988	defined endif define elif ifdef error https 
58	0,0127	uint128 int128 std pair constexpr uint64_t int 
59	0,01551	time duration std timezone tm time_internal const 
60	0,0101	mu int cxt test threads thread notification 
61	0,00881	void flags defined cc pc getusageconfig symbolize 
62	0,00644	typename data storage_ inlinedvector size allocator iterator 
63	0,00587	x10 x05 x40 x3e x80 xdb x84 
64	0,00475	test testing auto thrower expect_true utf8 throwingvariant 
65	0,03162	mutex condition lock const thread mu mu_ 
66	0,02959	uint64_t uint32_t uint8_t static_assert uint16_t len static_cast 
67	0,0015	node typename key iter node_ iterator const 
68	0,14476	const return operator bool constexpr rhs lhs 
69	0,02135	string_view npos pos const string size_type find 
70	0,00985	crc crc32c_t uint32_t v128 size_t length const 
71	0,03482	base_internal std atomic memory_order_relaxed identity load void 
72	0,01716	arena void what_arg lowlevelalloc base_internal endif header 
73	0,01562	expect_that typeparam values eq hash_internal typename testing 
74	0,12073	std end begin const vector size auto 
75	0,0313	log logseverity info testing matcher severity log_internal 
76	0,00341	int len tracker size_t inlinedvector instance expect_that 
77	0,00507	span int const data makespan expect_true noexcept 
78	0,00701	err parseflag expect_true expect_demangling test unparseflag demanglerust 
79	0,01772	define endif clang lock annotations attribute__ absl_have_attribute 
80	0,00245	table insert size_t group size expect_that int64_t 
81	0,77493	license namespace distributed apache https kind org 
82	0,00552	const size_t return raw_hash_set common control hash 
83	0,11902	std string string_view include const strings foo 
84	0,13663	const char int unsigned static_cast long string 
85	0,00305	statusor absl int std status expect_that actual 
86	0,00365	const elfw void symbol uint32_t elfmemimage uint8_t 
87	0,01145	tmp int demangle sizeof expect_streq template test 
88	0,00602	expect_call mockingbitgen call mock type on_call false 
89	0,00161	fixedarray int exponent mantissa bits floattype uint64_t 
90	0,01035	flag flags_internal void commandlineflag const std string 
91	0,0064	std result numeric_limits strcat max uint64_t input 
92	0,00613	string std string_view text strsplit splitter delimiter 
93	0,00442	flags std long flag message testbin helpmode 
94	0,11986	typename template std type struct args class 
95	0,0042	tp tz utc parse format cctz chrono 
96	0,20334	return bool false true case include static_cast 
97	0,00647	int std any_cast const pair emplace valuetype 
98	0,00613	format std string args strformat formatargimpl const 
99	0,01156	info cordzinfo size_t expect_that const data sampler 

[beta: 0,00389] 
<900> LL/token: -6,54113
<910> LL/token: -6,54312
<920> LL/token: -6,54309
<930> LL/token: -6,54339
<940> LL/token: -6,54297

0	0,00255	state parse_state return copy true static guard 
1	0,0821	size_t size data return uint64_t bytes sizeof 
2	0,00893	const size_t return seq cpu insertandreturnsumofpredecessors double 
3	0,22511	type function note object types functions pointer 
4	0,01577	digits exp int uint32_t uint64_t static_cast size_t 
5	0,00672	status statuscode x0 message code error case 
6	0,00934	state const vector128 tr vector128load unix_time transition 
7	0,00572	variant class std template size_t op types 
8	0,48963	include license namespace base internal return static 
9	0,02091	std class int args const void invoke 
10	0,00704	flat_hash_set node_hash_set node_hash_map hash nodes node int 
11	0,00237	fun anyinvtype typeparam int static_cast typed_test_p addtype 
12	0,00061	int set insert btree key map pair 
13	0,44079	absl void copy correctly check default ifdef 
14	0,01483	arg const substitute_internal nonnull format substitute string 
15	0,00723	optional std int expect_true listener const move 
16	0,00439	std variant int expect_true string const var 
17	0,0073	slot capacity ctrl_t void size_t slot_type hash 
18	0,0031	cord buffer data cordbuffer size size_t capacity 
19	0,0074	chars_format result exponent general strreplaceall index replacements 
20	0,00436	throwingvalue test dummy_ exceptions_internal void testing bomb1 
21	0,00705	tree cordrepbtree edge length cordrep size_t node 
22	0,00365	nullptr std waitp spinlock perthreadsynch skip uint32_t 
23	0,00875	hash std state abslhashvalue hash_state int eq 
24	0,0046	decoderustpunycode plaintext_ expect_that pointstothenulafter punycode_ make_benchmark assert_that 
25	0,00304	formatciviltime civilday civilsecond compare_internal identity weak_ordering partial_ordering 
26	0,017	double std const param typeparam include int 
27	0,01897	int stack signal void const debugging handler 
28	0,00498	offset std data bp cur tm ep 
29	0,00714	sample sampler uint64_t std int vlogsite fnmatch 
30	0,00667	partial int32_t int8_t type expect_eq const layout 
31	0,00668	engine std result_type size_t constexpr seed generate 
32	0,03141	nodestructor gcc bind_front diagnostic pragma abseil static 
33	0,00527	int class std anyinvocable absl_internal_expect_alias_equivalence default const 
34	0,02739	urbg result_type typename double random_internal std param_type 
35	0,0111	gen uniform double int checkargsinfertype call uniform_lower_bound 
36	0,00589	test_sink pb expect_call scopedmocklog eq log comparison_stream 
37	0,01053	dest src string bytes size_t strings_internal error 
38	0,00798	cord src method tree contents_ data string_view 
39	0,00759	tracker str int compressedtuple copyablemovableinstance empty basecountedinstance 
40	0,00077	width kbase kpos kupper kdec kright kint 
41	0,00938	define severity condition s2 val1 val2 s1 
42	0,00233	vec vect bigunsigned size_t typename template size_ 
43	0,27042	returns void inline number static class set 
44	0,00452	values typename size container copies type include 
45	0,02194	state benchmark donotoptimize void benchmark_template range auto 
46	0,01115	rep cordrep child size_t flat tag substring 
47	0,00311	container_algorithm_internal typename std sequence container c2 c1 
48	0,00774	america cctz const time_zone tz tp asia 
49	0,00926	conv sink formatconversionspecimpl formatsinkimpl str_format_internal flags return 
50	0,00106	uint64_t absl_internal_mangled_ns time_internal vzoneinfosource cctz_extension zone_info_source_factory zoneinfosource 
51	0,01258	entry logmessage log_internal log logentry world file 
52	0,00919	day ss year month cs format std 
53	0,02872	key element std typename iterator base elements 
54	0,00609	duration inf seconds nanoseconds std milliseconds unit 
55	0,07092	expect_eq test expect_true expect_false auto int include 
56	0,00664	getflag getflagreflectionhandle flag flags setflag absl_flag string 
57	0,08939	defined endif define elif ifdef error https 
58	0,01228	int128 uint128 std pair constexpr uint64_t unsigned 
59	0,01503	time duration timezone std tm const time_internal 
60	0,00973	mu int cxt test threads thread notification 
61	0,00857	void flags cc pc defined buf symbolize 
62	0,00645	typename data storage_ inlinedvector size allocator iterator 
63	0,00554	x10 x05 x40 x3e xdb x80 x84 
64	0,00453	test testing auto thrower expect_true utf8 throwingvariant 
65	0,03027	mutex condition lock const mu thread void 
66	0,02645	uint32_t uint64_t uint8_t uint16_t static_assert len static_cast 
67	0,00146	node typename key node_ iter iterator const 
68	0,14025	const return operator bool constexpr rhs lhs 
69	0,02032	string_view npos pos const string size_type compare 
70	0,00925	crc crc32c_t v128 uint32_t size_t length const 
71	0,03471	base_internal std atomic memory_order_relaxed void identity load 
72	0,01547	arena void what_arg lowlevelalloc endif base_internal absl_raw_log 
73	0,01517	expect_that typeparam values testing eq hash_internal typename 
74	0,11887	std end begin const vector size auto 
75	0,03064	log logseverity info testing severity file matcher 
76	0,00355	int len tracker size_t inlinedvector instance expect_that 
77	0,00537	span int const data makespan expect_true empty 
78	0,00682	err parseflag expect_true expect_demangling test unparseflag expect_false 
79	0,01773	define endif clang lock annotations attribute__ absl_have_attribute 
80	0,00264	table insert size group size_t expect_that int64_t 
81	0,73392	license namespace distributed apache https org abseil 
82	0,00442	const size_t return raw_hash_set common control iterator 
83	0,11678	std string include string_view const strings foo 
84	0,13363	char const int unsigned static_cast size_t long 
85	0,00312	absl statusor int status std expect_that actual 
86	0,0035	const elfw symbol elfmemimage uint32_t void uint8_t 
87	0,01197	tmp int demangle sizeof expect_streq char test 
88	0,00633	expect_call call mockingbitgen mock type on_call args 
89	0,0017	fixedarray int mantissa floattype exponent bits kinput 
90	0,0101	flag flags_internal void const commandlineflag std flags 
91	0,00665	std result numeric_limits strcat max uint64_t base 
92	0,00572	std string string_view text strsplit splitter delimiter 
93	0,00428	flags std flag long message testbin helpmode 
94	0,11685	typename template std type struct class args 
95	0,00362	tp tz utc parse format cctz chrono 
96	0,19085	return bool false true case include static_cast 
97	0,00627	int std const any_cast pair emplace expect_that 
98	0,00589	format std string args strformat formatargimpl const 
99	0,01045	info cordzinfo size_t const expect_that data sampler 

[beta: 0,0039] 
<950> LL/token: -6,5419
<960> LL/token: -6,54258
<970> LL/token: -6,54323
<980> LL/token: -6,54397
<990> LL/token: -6,54636

0	0,00263	state parse_state copy return true static guard 
1	0,07716	size_t size uint64_t data return bytes char 
2	0,00858	const size_t seq return double insertandreturnsumofpredecessors cpu 
3	0,22118	type function note object types functions values 
4	0,01585	exp digits int uint32_t size_t uint64_t buffer 
5	0,00681	status statuscode x0 message code error cord 
6	0,00905	state const vector128 tr vector128load unix_time transition 
7	0,00543	variant std class template size_t op index 
8	0,4852	include license namespace base return internal static 
9	0,0213	std class int const args void invoke 
10	0,0069	flat_hash_set node_hash_set node_hash_map nodes hash node int 
11	0,00227	fun anyinvtype typeparam int static_cast typed_test_p addtype 
12	0,00057	int set insert btree map key test 
13	0,43443	absl copy check void auto ifdef default 
14	0,01476	arg const substitute_internal format nonnull substitute string 
15	0,0068	optional std int expect_true listener const move 
16	0,00409	std int variant expect_true string const var 
17	0,0072	slot capacity ctrl_t size_t alloc void slot_type 
18	0,00315	cord buffer data cordbuffer size capacity size_t 
19	0,00726	chars_format result general exponent strreplaceall mantissa index 
20	0,00425	throwingvalue dummy_ exceptions_internal test void testing bomb1 
21	0,00664	tree cordrepbtree edge length cordrep size_t node 
22	0,00361	nullptr waitp std spinlock perthreadsynch skip uint32_t 
23	0,00847	hash std state abslhashvalue hash_state move eq 
24	0,0048	decoderustpunycode plaintext_ expect_that pointstothenulafter punycode_ make_benchmark assert_that 
25	0,00307	formatciviltime civilday civilsecond compare_internal identity weak_ordering partial_ordering 
26	0,01583	double std const param typeparam include int 
27	0,01962	int stack signal void debugging_internal debugging handler 
28	0,00508	offset std data bp tm cur ep 
29	0,00674	sample sampler uint64_t std vlogsite int fnmatch 
30	0,00616	partial int32_t int8_t type expect_eq layout const 
31	0,00638	engine std result_type size_t seed constexpr randen 
32	0,02963	nodestructor gcc diagnostic abseil bind_front void static 
33	0,00471	int std class anyinvocable absl_internal_expect_alias_equivalence default noexcept 
34	0,02642	urbg result_type typename random_internal std double template 
35	0,01142	gen uniform double int call checkargsinfertype uniform_lower_bound 
36	0,00565	test_sink pb log eq expect_call scopedmocklog comparison_stream 
37	0,01	dest string src char size_t strings_internal bytes 
38	0,00768	cord src method tree data contents_ string_view 
39	0,00726	tracker str int compressedtuple copyablemovableinstance empty basecountedinstance 
40	0,0006	width kbase kpos kupper kdec kright kint 
41	0,00923	define severity condition s1 val1 val2 s2 
42	0,00248	vec vect bigunsigned size_t int size_ typename 
43	0,26722	returns void inline number set static class 
44	0,00458	values typename size container copies type template 
45	0,02184	state benchmark donotoptimize void benchmark_template auto range 
46	0,0115	rep cordrep child flat size substring cord_internal 
47	0,00286	container_algorithm_internal typename std sequence container c2 c1 
48	0,00784	america cctz const time_zone tz tp asia 
49	0,0093	conv sink formatconversionspecimpl formatsinkimpl str_format_internal flags precision 
50	0,00104	uint64_t time_internal absl_internal_mangled_ns vzoneinfosource cctz_extension zone_info_source_factory unique_ptr 
51	0,01276	entry logmessage log_internal log logentry file eq 
52	0,00859	day ss year month cs format std 
53	0,0273	key element std iterator typename base absl 
54	0,00641	duration inf seconds nanoseconds std milliseconds unit 
55	0,07108	expect_eq test expect_true expect_false auto include int 
56	0,00669	getflag getflagreflectionhandle flag flags setflag absl_flag findcommandlineflag 
57	0,08702	defined endif define elif ifdef error https 
58	0,01231	int128 uint128 std pair constexpr unsigned uint64_t 
59	0,01489	time duration timezone std tm const time_internal 
60	0,01048	mu cxt int test threads thread notification 
61	0,0083	void flags cc pc defined buf getusageconfig 
62	0,00657	typename storage_ data inlinedvector allocator iterator size 
63	0,00542	x10 x05 x40 x3e xdb x84 x1e 
64	0,00453	test auto testing thrower expect_true utf8 throwingvariant 
65	0,03003	mutex condition lock const mu mu_ thread 
66	0,02303	uint64_t uint32_t static_assert uint8_t uint16_t len static_cast 
67	0,00136	node typename key const node_ iter iterator 
68	0,1352	const return operator bool constexpr rhs lhs 
69	0,01931	string_view npos const pos string size_type compare 
70	0,00953	crc crc32c_t v128 uint32_t size_t length crc32c 
71	0,03399	base_internal std atomic memory_order_relaxed identity store load 
72	0,01395	arena void what_arg lowlevelalloc base_internal endif header 
73	0,01509	typeparam expect_that values eq hash_internal testing typename 
74	0,11601	std end begin const size vector auto 
75	0,02963	log logseverity info testing severity matcher kinfo 
76	0,00354	int len tracker size_t inlinedvector expect_that instance 
77	0,00554	span int const makespan data empty expect_true 
78	0,00693	err parseflag expect_true expect_demangling test unparseflag expect_false 
79	0,01665	define endif clang lock annotations attribute__ absl_have_attribute 
80	0,00249	table insert group size_t size expect_that auto 
81	0,70481	license namespace distributed apache https abseil file 
82	0,00412	const size_t raw_hash_set return common control ctrl 
83	0,11449	std string string_view const include foo strings 
84	0,13226	char const int static_cast unsigned size_t long 
85	0,00292	absl statusor int status std expect_that actual 
86	0,00337	const elfw symbol void elfmemimage uint32_t vdso 
87	0,01162	tmp int demangle sizeof expect_streq char template 
88	0,00613	mockingbitgen call type mock on_call args keyt 
89	0,00172	int fixedarray exponent mantissa floattype uint64_t bits 
90	0,01024	flag flags_internal void commandlineflag const std string 
91	0,00678	std result numeric_limits strcat uint64_t max int64_t 
92	0,00558	std string string_view text strsplit splitter delimiter 
93	0,00422	flags flag long std char message testbin 
94	0,11278	typename template std type struct class args 
95	0,00341	tp tz utc parse format cctz chrono 
96	0,18433	return bool false true case include static_cast 
97	0,00606	int std const any_cast pair emplace unorderedelementsare 
98	0,00502	format std string strformat args formatargimpl const 
99	0,0094	info cordzinfo size_t expect_that data sampler const 

[beta: 0,00391] 
<1000> LL/token: -6,54332

Total time: 54 seconds
[arc] LDA done: 100 topics, 1000 iterations
[arc] DocTopics parsed 810 items, numTopics=100
    src='/abseil-0/absl/container/internal/raw_hash_set_benchmark.cc' cSourced=false
    src='/abseil-0/absl/random/internal/distribution_test_util.h' cSourced=true
    src='/abseil-0/absl/random/internal/pool_urbg.cc' cSourced=false
    src='/abseil-0/absl/strings/internal/cordz_functions.cc' cSourced=false
    src='/abseil-0/absl/random/internal/chi_square_test.cc' cSourced=false
[arc] 358/810 DocTopicItems are C-sourced
No DocTopics file found, generating new one.
[arc] architecture initialized: 356 singleton clusters (entities matched to a topic vector)
[arc] clustered to 21 clusters (target 21)
[arc] wrote <repo>\out\abseil\baseline\arc-file\clusters.rsf
[arc-file] 21 clusters / 356 entities — MoJoFM=25.15 a2a=81.92360163710778 vs reference -> <repo>\out\abseil\baseline\arc-file\fidelity.json
