[arc] 226 entities from graph-target.rsf
[arc] 220/226 entities had readable source text
Mallet LDA: 100 topics, 7 topic bits, 1111111 topic mask
max tokens: 87137
total tokens: 697454
<10> LL/token: -8,18383
<20> LL/token: -7,71475
<30> LL/token: -7,55555
<40> LL/token: -7,4599

0	1	summary id ifeatureinfo environment var extensionmanager return 
1	1	string assert var module nameof summary description 
2	1	var shapetype null string displaymanagement private result 
3	1	adminmenuservice services var select image adminnode imagesharp 
4	1	context readonly private public services trygetvalue dependencyinjection 
5	1	sitemaps sitemap path sitemapid sitemapmanager orchardcore source 
6	1	settings tenant string var key descriptor host 
7	1	string return class orchardcore private aspnetcore summary 
8	1	public return class services null orchardcore var 
9	1	orchardcore public await context includeall store scope 
10	1	string public graphql alias description orchardcore class 
11	1	summary public param task static item returns 
12	1	js orchardcore resources min css sha384 manifest 
13	1	await page string public var static locator 
14	1	logger private readonly ilogger public return environment 
15	1	request errors readonly validationcontext setupconstants apis modelerror 
16	1	context task data result public store system 
17	1	model settings string var public set return 
18	1	await virtual scope application authorization collection session 
19	1	user users iuser usermanager context await var 
20	1	string var return await public async task 
21	1	contentitem contentitemid await contentmanager var null contentmanagement 
22	1	options metadata static group1 true tostring https 
23	1	static cache services public permission return null 
24	1	context settings model orchardcore var partfielddefinition await 
25	1	templates orchardcore template authentication placements public options 
26	1	path set string return public version entry 
27	1	await contenttypes string displayname viewmodel public var 
28	1	orchardcore public context lists urlrewriting listpart models 
29	1	query var queries string null builder parameters 
30	1	assert var equal inlinedata fact result foo 
31	1	public return count instance location property builder 
32	1	public task true false class services orchardcore 
33	1	public await return model orchardcore set readonly 
34	1	renderkeyvaluepair tpart task var nameof alwaysenabled string 
35	1	orchardcore public culture contentlocalization recaptcha localization readonly 
36	1	audittrail public audittrailevent string query var val 
37	1	var public return liquid fluid fluidvalue null 
38	1	features feature await bool tenant shellhost select 
39	1	category public xml element xelement orchardcore set 
40	1	var facebook return property contentmanagement expression ipredicate 
41	1	module assembly attribute application file subpath modules 
42	1	summary public param string set namespace orchardcore 
43	1	equal theme id param author const var 
44	1	var await model string private override readonly 
45	1	field public column orchardcore contentfields table fields 
46	1	html ctx var builder content placementinfo orchardcore 
47	1	shell var shellsettings extensions orchardcore await microsoft 
48	1	orchardcore public model part sealed context models 
49	1	options markdown redis orchardcore media azure var 
50	1	var string key part return orchardcore alternates 
51	1	public string task warning static pragma readonly 
52	1	openid public demo permissions openiddictconstants claims principal 
53	1	workflows public orchardcore activity workflowcontext workflow activitycontext 
54	1	assembly orchardcore manifestconstants microsoft aspnetcore comvisible namespace 
55	1	orchardcore public await var nameof return session 
56	1	adminmenu menu admin public pager permissions var 
57	1	layers orchardcore widgets public flows layer widget 
58	1	rule public rewriterule pattern metadata builder return 
59	1	shape var return ishape tmodel string displaymanagement 
60	1	options document public var tdocument output class 
61	1	string localization summary public culture param context 
62	1	public search orchardcore set context lexicalanalyzername string 
63	1	var public microsoft static string return mvc 
64	1	context var readonly expression cachecontext writetoasync text 
65	1	orchardcore context serviceprovider tab1 object content col1 
66	1	string level url int return null page 
67	1	context handler var await logger return document 
68	1	path file task public return mediafilestore directory 
69	1	await async context var result add expected 
70	1	user task string public set aspnetcore context 
71	1	message email sms string options public provider 
72	1	orchardcore model displaymanagement return microsoft override idisplayresult 
73	1	public var await string orchardcore task return 
74	1	index var indexprofile string return indexing providername 
75	1	var culture summary key translations context length 
76	1	media string var public orchardcore context private 
77	1	part public orchardcore set context contentmanagement contenttypedefinition 
78	1	return migration string methodinfo public var data 
79	1	elasticsearch orchardcore public string set response elasticsearchconstants 
80	1	string public settings set namespace class json 
81	1	var query return string case containedpart tostring 
82	1	contentitem context public return content string contentpart 
83	1	shellsettings string model orchardcore tenants public recipes 
84	1	condition public rules orchardcore class services namespace 
85	1	notification notifications context orchardcore userid options provider 
86	1	role roles rolename string task irole orchardcore 
87	1	contents content public string orchardcore workflows return 
88	1	settings microsoft public orchardcore model options permissions 
89	1	public orchardcore terms taxonomies taxonomy taxonomycontentitemid append 
90	1	public string var settings resourcemanager resource void 
91	1	public return builder var static shellcontext add 
92	1	properties sb syntax var text appendline input 
93	1	string public aspect deploymentplan shortcodes set part 
94	1	orchardcore siteservice public site class services readonly 
95	1	namespace orchardcore string encoder static aspnetcore builder 
96	1	summary static return cref scope jsonvalue current 
97	1	lucene public orchardcore index var net search 
98	1	cancellationtoken string public valuetask return token inheritdoc 
99	1	await orchardcore email public var model username 

<50> LL/token: -7,40127
<60> LL/token: -7,35138
<70> LL/token: -7,32201
<80> LL/token: -7,30337
<90> LL/token: -7,27876

0	1	environment ifeatureinfo builder summary default static foreach 
1	1	assert string nameof module var renderkeyvaluepair description 
2	1	var shapetype orchardcore result add null alternates 
3	1	adminmenuservice adminnode services models application adminmenupermissions manageadminmenu 
4	1	context public readonly iservicecollection services namespace private 
5	1	sitemaps sitemap path sitemapid sitemapmanager source orchardcore 
6	1	settings tenant var return key host class 
7	1	string private return class microsoft aspnetcore location 
8	1	public orchardcore return var null async class 
9	1	orchardcore public lucene context store scope services 
10	1	string graphql alias public orchardcore description field 
11	1	public summary static return string namespace task 
12	1	js orchardcore resources min css sha384 manifest 
13	1	await page string public var static locator 
14	1	logger private readonly ilogger extensions logging return 
15	1	var apis request validationcontext errors extensions await 
16	1	task context result orchardcore handler public data 
17	1	settings model string var set add bool 
18	1	await application authorization scope collection openid session 
19	1	user users await usermanager string private iuser 
20	1	var string readonly append text client system 
21	1	contentitem var contentitemid context public contentmanager await 
22	1	options true card1 metadata group1 path https 
23	1	public string static return class orchardcore namespace 
24	1	context settings orchardcore string var model partfielddefinition 
25	1	templates template placements public orchardcore templatesmanager shapetype 
26	1	path autoroute autoroutepart entry entries set version 
27	1	contenttypes public string displayname viewmodel await contenttypedefinition 
28	1	lists orchardcore listpart containedpart pager listcontentitemid containedcontenttypes 
29	1	query var queries public builder expression parameters 
30	1	assert var equal inlinedata result fact void 
31	1	public return builder empty async instance count 
32	1	task orchardcore public false services true class 
33	1	public orchardcore model set task services authorizationservice 
34	1	task part tpart completedtask contentmanagement tfield orchardcore 
35	1	orchardcore culture contentlocalization public recaptcha string localizationset 
36	1	audittrail audittrailevent public query string val options 
37	1	var public context return fluid liquid null 
38	1	features feature id summary tenant toarray enabled 
39	1	category datetime xelement xml element public xmlrpc 
40	1	var facebook property contentmanagement ipredicate return expression 
41	1	module assembly application subpath fileproviders attribute root 
42	1	summary param public set string orchardcore cref 
43	1	equal theme id author param var const 
44	1	var await model override expressionevaluator services string 
45	1	public field column contentfields table fields orchardcore 
46	1	html ctx var builder placementinfo orchard liquidtemplatemanager 
47	1	var shell orchardcore shellsettings await microsoft private 
48	1	orchardcore public part contentitem class model settings 
49	1	options markdown redis media orchardcore azure public 
50	1	var string shape key part alternates await 
51	1	public var string task readonly private pragma 
52	1	public openid permissions demo claims openiddictconstants connect 
53	1	workflows public activity orchardcore workflow workflowcontext string 
54	1	assembly manifestconstants microsoft aspnetcore sealed comvisible orchardcore 
55	1	orchardcore return nameof await options override location 
56	1	menu adminmenu menuitem public admin permissions orchardcore 
57	1	layers widgets orchardcore public layer flows string 
58	1	rule public urlrewriting rewriterule pattern rules metadata 
59	1	shape var displaymanagement return ishape null string 
60	1	document tdocument environment var options builder output 
61	1	localization culture string param summary translation key 
62	1	public search orchardcore lexicalanalyzername set context map 
63	1	var mvc microsoft return string aspnetcore path 
64	1	cachecontext writetoasync expression readonly var encoder text 
65	1	context orchardcore serviceprovider public object tab1 shellsettings 
66	1	string pager page url int items routevalues 
67	1	context handler var await return fieldcontext document 
68	1	path file string directory task public stream 
69	1	var await async content add count expected 
70	1	user task string iuser cancellationtoken context reporterror 
71	1	message email public sms string options provider 
72	1	orchardcore model microsoft return readonly displaymanagement namespace 
73	1	var await return string private public async 
74	1	index var indexprofile string indexing await providername 
75	1	summary var translations culture datalocalization context key 
76	1	media var string context mediaoptions mediapermissions await 
77	1	part public set forms context orchardcore models 
78	1	data migration methodinfo return yessql document store 
79	1	elasticsearch orchardcore public set string core elasticsearchconstants 
80	1	string settings class public bool json module 
81	1	var query return string case null context 
82	1	contentitem context string public type content contentpart 
83	1	shellsettings string model public recipes orchardcore tenants 
84	1	condition public rules class string services orchardcore 
85	1	notification notifications context cancellationtoken public provider message 
86	1	role roles rolename irole string task rolemanager 
87	1	contents content string workflows orchardcore permission query 
88	1	settings microsoft public orchardcore options authentication string 
89	1	terms taxonomies taxonomy taxonomycontentitemid querymanager contentitem orchardcore 
90	1	string public var settings private resourcemanager null 
91	1	public return var summary shellscope builder shellcontext 
92	1	sb syntax appendline private workflowtypestore properties method 
93	1	string public aspect deploymentplan set shortcodes seo 
94	1	orchardcore public siteservice site readonly class services 
95	1	liquid input builder filters properties typedefinition result 
96	1	summary static return param cref jsonvalue scope 
97	1	lucene public search orchardcore index system remote 
98	1	cancellationtoken string public valuetask token return virtual 
99	1	var username context email httpcontextaccessor workflows task 

<100> LL/token: -7,26454
<110> LL/token: -7,25169
<120> LL/token: -7,2401
<130> LL/token: -7,23191
<140> LL/token: -7,22089

0	1	environment builder summary default ifeatureinfo static shellhost 
1	1	assert string var nameof module renderkeyvaluepair description 
2	1	var orchardcore shapetype result displaytype display add 
3	1	adminmenuservice services adminnode class application adminmenupermissions models 
4	1	context services public readonly task private trygetvalue 
5	1	sitemaps sitemap sitemapid sitemapmanager path public source 
6	1	settings tenant var string shellcontext descriptor semaphore 
7	1	string private class microsoft aspnetcore return override 
8	1	public var return microsoft rolename provider empty 
9	1	public lucene orchardcore context search store includeall 
10	1	alias string graphql description field public fieldtype 
11	1	public return static string null task system 
12	1	js orchardcore resources min css sha384 manifest 
13	1	await page string var public locator fixture 
14	1	logger readonly private extensions ilogger logging sealed 
15	1	graphql apis request validationcontext microsoft query variables 
16	1	context task result handler model store data 
17	1	settings model add string bool var descriptor 
18	1	application await authorization scope session type openid 
19	1	user users await usermanager string settings private 
20	1	var string append client encoding text response 
21	1	contentitem var contentitemid contentmanager context contentmanagement public 
22	1	string options ctx card1 group1 metadata result 
23	1	public string orchardcore class namespace static services 
24	1	context settings string model var orchardcore await 
25	1	templates template placements shapetype templatesmanager templatesdocument admintemplates 
26	1	path autoroute version autoroutepart entry summary options 
27	1	public contenttypes displayname viewmodel string context contenttypedefinition 
28	1	lists listpart query orchardcore containedpart listcontentitemid pager 
29	1	query queries builder var public expression parameters 
30	1	assert var equal inlinedata fact result void 
31	1	public return placement properties null placementinfo builder 
32	1	task true false orchardcore services public class 
33	1	public model orchardcore task authorizationservice await step 
34	1	task contentitem part tpart settings field contentmanagement 
35	1	orchardcore culture contentlocalization recaptcha localizationset localization themes 
36	1	audittrailevent audittrail public query category options string 
37	1	var context return public fluid liquid null 
38	1	features feature summary id enabled shellfeaturesmanager tenant 
39	1	xml element xelement xmlrpc rpc xrpcdata return 
40	1	var facebook return contentmanagement orchardcore expression property 
41	1	module assembly fileproviders application root subpath file 
42	1	summary param public string set orchardcore returns 
43	1	equal id theme author param const semver 
44	1	override model var expressionevaluator http getproperty await 
45	1	public field column contentfields orchardcore table fields 
46	1	html var htmlencoder liquidtemplatemanager ctx htmlstring htmlsanitizerservice 
47	1	var shell return await orchardcore microsoft shellsettings 
48	1	public orchardcore part contentitem model context class 
49	1	options markdown redis media azure bucketname containername 
50	1	shape var string key alternates part static 
51	1	public var private func warning task orchardcore 
52	1	public openid set demo openiddictconstants permissions claims 
53	1	workflows public activity orchardcore workflow workflowcontext workflowtype 
54	1	assembly orchardcore manifestconstants aspnetcore namespace microsoft comvisible 
55	1	orchardcore return nameof override await session location 
56	1	menu adminmenu menuitem treenode adminmenulist menuitems permissions 
57	1	layers widgets flows layer widget layerservice layermetadata 
58	1	rule urlrewriting context rewriterule task public pattern 
59	1	shape string var displaymanagement tmodel ishape return 
60	1	document tdocument options builder environment var commands 
61	1	localization culture summary param string key translation 
62	1	search azureai values lexicalanalyzername orchardcore context map 
63	1	var mvc microsoft string return aspnetcore static 
64	1	cachecontext cache encoder text normal readonly tags 
65	1	context public serviceprovider orchardcore tab1 col1 shellsettings 
66	1	item pager page menuitem url items pagesize 
67	1	context handler var await part fieldcontext return 
68	1	path file string task directory stream public 
69	1	var await async content expected theory add 
70	1	user task iuser cancellationtoken context argumentnullexception throwifnull 
71	1	message email sms string options public provider 
72	1	orchardcore model microsoft return namespace displaymanagement override 
73	1	var await return string private async null 
74	1	index indexprofile var indexing providername await string 
75	1	summary translations datalocalization culture context translationsmanager key 
76	1	media mediafilestore string mediaoptions mediapermissions options context 
77	1	public part forms context set namespace string 
78	1	shellsettings migration data methodinfo return yessql document 
79	1	elasticsearch var query orchardcore summary string elasticsearchconstants 
80	1	settings public json module class bool jsonarray 
81	1	var query return case string null entry 
82	1	context string public contentitem type content contentpart 
83	1	shellsettings model string recipes tenants orchardcore setup 
84	1	condition public rules class options string services 
85	1	notification notifications cancellationtoken context provider message user 
86	1	role roles rolename task irole rolemanager security 
87	1	contents content string workflows orchardcore commonpermissions permission 
88	1	settings microsoft orchardcore options authentication public string 
89	1	taxonomies taxonomy terms taxonomycontentitemid orchardcore taxonomypart term 
90	1	string public settings var resource type private 
91	1	public var builder summary shellscope type add 
92	1	sb appendline static var context properties system 
93	1	string public aspect deploymentplan shortcodes seo content 
94	1	settings public orchardcore siteservice site readonly class 
95	1	liquid fluidvalue encoder filters template input contentpreview 
96	1	summary static string scope return jsonvalue cref 
97	1	lucene orchardcore index public net remote search 
98	1	cancellationtoken string public valuetask token virtual return 
99	1	context username var email public readonly httpcontextaccessor 

<150> LL/token: -7,21394
<160> LL/token: -7,20048
<170> LL/token: -7,19234
<180> LL/token: -7,17753
<190> LL/token: -7,16848

0	1	var summary environment default builder shellcontext ifeatureinfo 
1	1	assert string var nameof module renderkeyvaluepair description 
2	1	var orchardcore key alternates display displaytype typepartdefinition 
3	1	adminmenuservice services adminnode application adminmenupermissions linktext tree 
4	1	context services private task readonly trygetvalue identifier 
5	1	sitemap sitemaps sitemapid sitemapmanager path task source 
6	1	settings tenant descriptor features id semaphore host 
7	1	private class microsoft aspnetcore string override location 
8	1	users var models return microsoft null rolename 
9	1	query lucene store public search orchardcore context 
10	1	string alias graphql description public const fieldtype 
11	1	public return static null string system task 
12	1	js orchardcore min resources css manifest sha384 
13	1	page await var locator fixture tests async 
14	1	logger private readonly ilogger extensions logging serviceprovider 
15	1	graphql apis request validationcontext microsoft query permission 
16	1	task context result data completedtask model store 
17	1	settings model add bool descriptor shellsettings options 
18	1	application await authorization scope session type openid 
19	1	user users await usermanager string settings iuser 
20	1	var string client append content system json 
21	1	contentitem var await contentitemid context contentmanagement contentmanager 
22	1	string options ctx settings private card1 metadata 
23	1	public orchardcore string class namespace set services 
24	1	context settings string model var orchardcore await 
25	1	templates template placements orchardcore shapetype templatesmanager templatesdocument 
26	1	path autoroute entry autoroutepart part entries summary 
27	1	public contenttypes string displayname context viewmodel orchardcore 
28	1	orchardcore lists listpart query containedpart pager listcontentitemid 
29	1	query builder queries var public expression parameters 
30	1	assert var equal inlinedata fact result void 
31	1	public placement layout properties builder null extensions 
32	1	true task public false orchardcore services class 
33	1	public orchardcore model authorizationservice task microsoft await 
34	1	task contentitem part tpart settings content field 
35	1	culture orchardcore contentlocalization recaptcha localizationset themes localizationpart 
36	1	audittrailevent audittrail query category options val events 
37	1	var context return fluid public liquid arguments 
38	1	features feature id summary shellfeaturesmanager tenant featureids 
39	1	xml xelement element xmlrpc rpc xrpcdata data 
40	1	var facebook field contentmanagement query property expression 
41	1	module application assembly subpath attribute fileproviders root 
42	1	summary param public string set cref namespace 
43	1	equal id theme param author semver priority 
44	1	model override http expressionevaluator syntax session await 
45	1	public field column contentfields orchardcore table fields 
46	1	html markdown var options htmlencoder liquidtemplatemanager ctx 
47	1	var return shell await shellsettings microsoft orchardcore 
48	1	orchardcore part public contentitem contentmanagement set model 
49	1	options redis media azure containername bucketname orchardcore 
50	1	shape key string var alternates level metadata 
51	1	var public string private task pragma warning 
52	1	openid public permissions set demo claims openiddictconstants 
53	1	workflows activity public workflow workflowcontext orchardcore string 
54	1	assembly orchardcore manifestconstants microsoft aspnetcore modules comvisible 
55	1	orchardcore return nameof options session location public 
56	1	adminmenu menu menuitem treenode adminmenulist menuitems node 
57	1	layers widgets layer flows widget add layerservice 
58	1	rule urlrewriting context metadata pattern rewriterule rules 
59	1	shape var string displaymanagement return tmodel ishape 
60	1	document tdocument builder environment permission documents options 
61	1	localization summary culture param context key string 
62	1	search azureai values lexicalanalyzername context orchardcore map 
63	1	var microsoft mvc string aspnetcore admin return 
64	1	cache cachecontext summary tags timespan options dynamiccache 
65	1	context public orchardcore serviceprovider tab1 col1 shellsettings 
66	1	item menuitem page items menu pagesize int 
67	1	context handler var return fieldcontext published document 
68	1	path file task directory stream string store 
69	1	await var async content context expected add 
70	1	user task iuser cancellationtoken context argumentnullexception password 
71	1	message email sms string options settings provider 
72	1	orchardcore model public override microsoft return services 
73	1	var return await string private async null 
74	1	indexprofile index var indexing providername metadata string 
75	1	summary translations culture context datalocalization key translationsmanager 
76	1	media mediafilestore mediaoptions mediapermissions string options field 
77	1	part public forms orchardcore context set class 
78	1	shellsettings data migration methodinfo task yessql document 
79	1	elasticsearch index orchardcore var response elasticsearchconstants typeof 
80	1	settings type json module shellcontext jsonarray bool 
81	1	var query case index return boost string 
82	1	context string contentpart public type contentitem builder 
83	1	shellsettings model string recipes tenants setup orchardcore 
84	1	condition rules public class options string location 
85	1	notification notifications cancellationtoken context provider user message 
86	1	role roles task rolename irole rolemanager cancellationtoken 
87	1	contents content workflows commonpermissions string query orchardcore 
88	1	microsoft settings authentication public options orchardcore string 
89	1	taxonomies taxonomy terms taxonomycontentitemid taxonomypart term field 
90	1	string public type var settings resource version 
91	1	public feature builder key var shellscope add 
92	1	sb appendline var properties static context currentindent 
93	1	string aspect deploymentplan deployment set shortcodes public 
94	1	settings public siteservice site orchardcore permissions add 
95	1	liquid fluidvalue template input liquidtemplatemanager iliquidtemplatemanager htmlencoder 
96	1	summary string static scope jsonvalue shell jsondynamicvalue 
97	1	lucene orchardcore net search remote public jsonvaluekind 
98	1	cancellationtoken string valuetask public return token virtual 
99	1	context username email public var workflows httpcontextaccessor 

<200> LL/token: -7,16189
<210> LL/token: -7,15549
<220> LL/token: -7,14143
<230> LL/token: -7,13505
<240> LL/token: -7,12771

0	1	var summary default builder shellcontext shellhost scope 
1	1	assert string var nameof module renderkeyvaluepair description 
2	1	var key display orchardcore displaytype alternates typepartdefinition 
3	1	adminmenuservice adminnode azure services application tree vnd 
4	1	context services task trygetvalue readonly iservicecollection iserviceprovider 
5	1	sitemap sitemaps path sitemapid sitemapmanager source task 
6	1	settings tenant features private descriptor feature id 
7	1	private microsoft aspnetcore class readonly metadata override 
8	1	users microsoft models return null rolename empty 
9	1	query lucene search step orchardcore store context 
10	1	alias string graphql description security fieldtype queries 
11	1	public return static string null system ienumerable 
12	1	js orchardcore min resources css sha384 manifest 
13	1	page await var locator fixture string tests 
14	1	logger readonly private ilogger extensions logging sealed 
15	1	graphql request validationcontext query schema builder apis 
16	1	task context data result store handler model 
17	1	settings model add set descriptor bool options 
18	1	application await authorization scope session type openid 
19	1	user users usermanager await settings iuser string 
20	1	var string client append json response content 
21	1	contentitem var contentitemid contentmanagement context await content 
22	1	string options ctx private settings card1 type 
23	1	public orchardcore string class namespace set static 
24	1	context settings orchardcore model var string await 
25	1	templates template placements shapetype templatesmanager templatesdocument document 
26	1	path autoroute autoroutepart entry entries part slug 
27	1	contenttypes public displayname viewmodel contenttypedefinition context part 
28	1	lists listpart query containedpart pager listcontentitemid orchardcore 
29	1	query queries builder var expression querymanager identifier 
30	1	var assert equal inlinedata fact result void 
31	1	public null placement layout properties extensions builder 
32	1	task true orchardcore false public services class 
33	1	public orchardcore model await set authorizationservice task 
34	1	task contentitem part tpart settings content completedtask 
35	1	culture contentlocalization recaptcha orchardcore localizationset themes localizationpart 
36	1	audittrail audittrailevent query options category string val 
37	1	var context return liquid public fluid orchardcore 
38	1	features summary feature shellfeaturesmanager id featureids tenant 
39	1	xelement xml element xmlrpc rpc xrpcdata source 
40	1	var facebook field query contentmanagement expression property 
41	1	module application assembly attribute subpath root char 
42	1	summary param public string set namespace cref 
43	1	equal id theme author param const semver 
44	1	override model http syntax await session readonly 
45	1	field column public contentfields partfielddefinition table fields 
46	1	html markdown var htmlencoder contentitem options htmlbodypart 
47	1	var shell shellsettings await microsoft return orchardcore 
48	1	orchardcore part contentmanagement contentitem public models contentdefinitionmanager 
49	1	options redis media azure configuration containername orchardcore 
50	1	shape string var key alternates displaying metadata 
51	1	var private public task pragma warning ca1822 
52	1	openid public permissions set demo claims openiddictconstants 
53	1	workflows activity public workflow workflowcontext orchardcore workflowtype 
54	1	assembly manifestconstants orchardcore microsoft comvisible modules guid 
55	1	orchardcore return nameof session location updatemodelaccessor sealed 
56	1	adminmenu menu menuitem treenode adminmenulist menuitems node 
57	1	layers widgets flows layer widget layerservice zone 
58	1	rule urlrewriting context rewriterule source pattern metadata 
59	1	shape string var displaymanagement tmodel return ishape 
60	1	document options var tdocument builder permission environment 
61	1	localization culture string param summary translation key 
62	1	search azureai values lexicalanalyzername context orchardcore map 
63	1	var mvc microsoft aspnetcore return string path 
64	1	cache cachecontext tag timespan summary text tags 
65	1	context serviceprovider public orchardcore tab1 shellsettings col1 
66	1	item menuitem items menu page viewcontext source 
67	1	context handler await fieldcontext published document logger 
68	1	path file task directory stream store public 
69	1	await async var content context add expected 
70	1	user task iuser cancellationtoken context throwifnull reporterror 
71	1	message email sms options settings string provider 
72	1	orchardcore public model override microsoft services readonly 
73	1	var return string await private async null 
74	1	indexprofile index indexing providername var metadata type 
75	1	summary culture translations context datalocalization translationsmanager key 
76	1	media string mediafilestore mediaoptions mediapermissions options format 
77	1	part public forms orchardcore context set class 
78	1	shellsettings migration data methodinfo yessql task document 
79	1	elasticsearch index orchardcore core elasticsearchconstants response typeof 
80	1	settings json type jsonarray int shellcontext default 
81	1	var lucene query index case return context 
82	1	context string contentpart public builder contentitem type 
83	1	shellsettings model string recipes tenants setup shellhost 
84	1	condition rules public class options string models 
85	1	notification notifications cancellationtoken context provider message user 
86	1	role roles rolename irole task rolemanager security 
87	1	contents content workflows contentmanager string commonpermissions orchardcore 
88	1	settings microsoft authentication options twitter orchardcore callbackpath 
89	1	taxonomies taxonomy terms taxonomycontentitemid taxonomypart term field 
90	1	string public var version settings type resource 
91	1	public return feature key var builder shellscope 
92	1	sb appendline context properties static currentindent type 
93	1	string aspect public deploymentplan deployment set content 
94	1	settings siteservice site public sealed permissions orchardcore 
95	1	liquid fluidvalue liquidtemplatemanager template input templateoptions filters 
96	1	summary scope task static jsonvalue shell jsondynamicvalue 
97	1	orchardcore net search remote key jsonvaluekind json 
98	1	cancellationtoken string valuetask public token virtual return 
99	1	context username email httpcontextaccessor workflows returnurl var 

[beta: 0,00474] 
<250> LL/token: -7,07603
<260> LL/token: -7,01666
<270> LL/token: -7,01033
<280> LL/token: -7,00567
<290> LL/token: -7,00035

0	0,28721	var summary scope shellcontext ifeatureinfo shellhost default 
1	0,35475	assert string var nameof module renderkeyvaluepair description 
2	0,35143	var key display typepartdefinition orchardcore driver shapetype 
3	0,17438	azure services application tree adminnode vnd defaultsender 
4	1,04959	context task services readonly trygetvalue completedtask iservicecollection 
5	0,16558	sitemaps sitemap sitemapid sitemapmanager path source orchardcore 
6	0,24582	settings tenant features feature descriptor id private 
7	0,60218	private microsoft aspnetcore metadata override class location 
8	0,32166	users models rolename identityoptions microsoft userid permission 
9	0,27875	query lucene search var step store orchardcore 
10	0,33656	alias string description const queries security graphql 
11	1,26044	public return string static null system ienumerable 
12	0,31421	js orchardcore min resources css sha384 jquery 
13	0,26167	page await locator fixture var tests string 
14	0,9091	logger readonly private ilogger extensions logging serviceprovider 
15	0,25704	graphql request query validationcontext apis options schema 
16	0,50834	task context data result model handler ienumerable 
17	0,37387	settings model set add descriptor options bool 
18	0,35749	application await authorization session scope type openid 
19	0,29129	user users usermanager await settings iuser string 
20	0,43018	string var client recipedescriptor append json request 
21	0,66998	contentitem contentitemid var context contentmanagement content await 
22	0,22627	string options private ctx settings card1 type 
23	1,63063	public orchardcore string class set namespace services 
24	0,72232	context settings orchardcore model string var await 
25	0,18258	templates template placements shapetype templatesmanager templatesdocument admintemplates 
26	0,27326	path autoroute autoroutepart entry entries part slug 
27	0,28862	contenttypes displayname public context viewmodel contenttypedefinition part 
28	0,18674	lists listpart containedpart query pager listcontentitemid order 
29	0,23739	query queries builder var expression querymanager identifier 
30	0,23319	var assert equal inlinedata fact result void 
31	0,27036	public placement layout properties extensions message builder 
32	0,41747	task true orchardcore false services public class 
33	0,95474	public await model orchardcore task authorizationservice set 
34	0,29739	task contentitem part tpart content settings field 
35	0,21901	culture contentlocalization recaptcha localizationset localizationpart localization localizationservice 
36	0,26877	audittrail audittrailevent query category options val public 
37	0,41277	var context public fluid return liquid arguments 
38	0,36758	features summary themes feature id shellfeaturesmanager theme 
39	0,24531	xelement xml element xmlrpc rpc xrpcdata feeds 
40	0,231	facebook var graphql field query contentmanagement expression 
41	0,46035	module application subpath assembly fileproviders attribute root 
42	1,19749	summary public param string set orchardcore namespace 
43	0,31996	equal id theme author const semver param 
44	0,24393	model set override private await http syntax 
45	0,30237	field column contentfields public partfielddefinition table fields 
46	0,26057	html markdown var htmlencoder options contentitem liquidtemplatemanager 
47	0,72682	var shell shellsettings await microsoft options extensions 
48	0,62939	part orchardcore contentitem contentdefinitionmanager contentmanagement models title 
49	0,29779	options redis media azure bucketname containername configuration 
50	0,42748	shape var alternates key displaying string builder 
51	0,28511	var task benchmark pragma func args warning 
52	0,21017	openid permissions demo claims openiddictconstants public connect 
53	0,29144	workflows activity public workflow workflowcontext orchardcore workflowtype 
54	0,88147	assembly orchardcore manifestconstants microsoft modules override comvisible 
55	0,64604	nameof return orchardcore location authorizationservice session updatemodelaccessor 
56	0,17652	adminmenu menu menuitem treenode adminmenuservice adminmenulist menuitems 
57	0,18603	layers widgets flows layer widget layerservice zone 
58	0,25244	rule urlrewriting rewriterule context pattern metadata rules 
59	0,33641	shape displaymanagement string tmodel var return ishape 
60	0,26451	document tdocument builder permission options environment commands 
61	0,29396	localization summary culture param string key translation 
62	0,18046	search azureai values lexicalanalyzername context orchardcore map 
63	0,38804	var mvc microsoft aspnetcore path admin controller 
64	0,26986	cache cachecontext summary timespan dynamiccache content htmlencoder 
65	0,22977	context serviceprovider tab1 col1 shellsettings orchardcore shaperesult 
66	0,33651	item menuitem menu items page viewcontext pagesize 
67	0,29037	context handler await published fieldcontext part logger 
68	0,40386	path file directory stream task string public 
69	0,29349	await async content context expected add theory 
70	0,29198	user task iuser cancellationtoken context argumentnullexception throwifnull 
71	0,30325	message email sms options settings string provider 
72	1,25762	orchardcore public model override class microsoft services 
73	1,39662	var return string await private null async 
74	0,37877	indexprofile index indexing providername type await models 
75	0,23212	summary translations datalocalization culture context translationsmanager key 
76	0,22153	media path mediafilestore mediaoptions string mediapermissions options 
77	0,30762	part public forms orchardcore context set namespace 
78	0,2661	migration shellsettings data methodinfo yessql document database 
79	0,20897	elasticsearch index core orchardcore elasticsearchconstants typeof response 
80	0,30214	settings json type shellcontext jsonarray module index 
81	0,28226	lucene var query index case boost term 
82	0,43142	context contentpart string contentitem builder type public 
83	0,30346	shellsettings model recipes tenants string setup shellhost 
84	0,27109	condition rules public options string conditionoperator location 
85	0,21032	notification notifications cancellationtoken context user provider param 
86	0,23214	role roles rolename irole task rolemanager security 
87	0,18981	contents content workflows contentmanager orchardcore commonpermissions permission 
88	0,39974	settings microsoft authentication options twitter callbackpath var 
89	0,15523	taxonomies taxonomy terms taxonomycontentitemid taxonomypart term level 
90	0,34572	string public version settings var resource null 
91	0,57466	feature key builder return var shellscope id 
92	0,24283	sb appendline properties context currentindent static accessibility 
93	0,22632	string deployment deploymentplan aspect public set shortcodes 
94	0,70176	settings siteservice site orchardcore permissions public sealed 
95	0,29956	liquid fluidvalue liquidtemplatemanager input fluid template templateoptions 
96	0,39357	summary scope static task jsonvalue shell jsondynamicvalue 
97	0,27192	net search orchardcore remote json key system 
98	0,36383	cancellationtoken valuetask string token virtual public return 
99	0,20243	context email var workflows returnurl httpcontextaccessor aspnetcore 

[beta: 0,00439] 
<300> LL/token: -6,98627
<310> LL/token: -6,95902
<320> LL/token: -6,95515
<330> LL/token: -6,95392
<340> LL/token: -6,94881

0	0,09257	summary var ifeatureinfo shellcontext scope builder default 
1	0,12676	assert string var nameof renderkeyvaluepair module description 
2	0,11937	var key typepartdefinition display shapetype orchardcore alternates 
3	0,04184	azure application services vnd connectionstring defaultsender ms 
4	0,92344	context task services trygetvalue readonly type fromresult 
5	0,03352	sitemaps sitemap sitemapid sitemapmanager path source orchardcore 
6	0,07802	settings tenant features feature descriptor id semaphore 
7	0,35692	private microsoft aspnetcore metadata class override attributes 
8	0,08678	models users microsoft return rolename identityoptions permission 
9	0,08428	query lucene step search metadata store deployment 
10	0,11254	alias string description security queries const graphql 
11	1,19035	public return static string null ienumerable system 
12	0,11534	js min orchardcore resources css sha384 jquery 
13	0,08228	page await locator fixture tests string app 
14	0,68463	logger private readonly extensions ilogger serviceprovider logging 
15	0,08286	graphql request validationcontext query microsoft apis options 
16	0,24815	task context data result ienumerable handler model 
17	0,15501	settings model openid set add options descriptor 
18	0,14703	application await authorization scope session openid type 
19	0,09317	user users usermanager await settings username iuser 
20	0,18281	client string recipedescriptor append var json content 
21	0,39746	contentitem contentitemid contentmanagement await var content contentmanager 
22	0,05228	string options ctx private settings card1 resource 
23	1,82556	public orchardcore string class namespace set microsoft 
24	0,45394	context orchardcore settings model var string set 
25	0,03877	templates template placements shapetype templatesmanager templatesdocument admintemplates 
26	0,08581	path autoroute autoroutepart entry entries part slug 
27	0,09063	contenttypes displayname viewmodel contenttypedefinition context content public 
28	0,04162	lists listpart containedpart query pager listcontentitemid model 
29	0,06058	query queries builder var expression querymanager append 
30	0,06045	var assert equal inlinedata fact result void 
31	0,07599	public placement layout properties builder extensions message 
32	0,16535	task orchardcore true false services class public 
33	0,73101	public await orchardcore model authorizationservice task set 
34	0,09297	task contentitem part context tpart settings content 
35	0,05544	culture contentlocalization recaptcha localizationset localizationpart localization localizationservice 
36	0,08815	audittrail audittrailevent query category val options string 
37	0,17118	var fluid context public liquid arguments return 
38	0,13754	features summary themes feature id shellfeaturesmanager theme 
39	0,07818	xelement xml element xmlrpc rpc xrpcdata feeds 
40	0,05795	facebook graphql field var query expression contentmanagement 
41	0,24261	module application subpath attribute assembly fileproviders provider 
42	1,08039	summary param public string cref returns set 
43	0,12107	equal id theme author const semver param 
44	0,06334	model override http syntax await session workflowtypestore 
45	0,11214	field column contentfields public partfielddefinition table fields 
46	0,0832	html markdown var htmlencoder options htmlsanitizerservice contentitem 
47	0,45257	shell shellsettings microsoft options var await configuration 
48	0,33509	part orchardcore contentitem title contenttypepartdefinition pattern contentdefinitionmanager 
49	0,09596	options redis media azure bucketname containername shellsettings 
50	0,19231	shape var string alternates displaying getproperty menu 
51	0,07333	task benchmark func warning ca1822 args pragma 
52	0,05167	demo openiddictconstants permissions claims connect scopes server 
53	0,08277	workflows activity workflow workflowcontext orchardcore workflowtype activitycontext 
54	0,6763	assembly manifestconstants orchardcore microsoft false modules comvisible 
55	0,39502	nameof return location session orchardcore sealed updatemodelaccessor 
56	0,03584	adminmenu menu menuitem treenode adminmenuservice adminmenulist menuitems 
57	0,04905	layers widgets flows layer widget layerservice layermetadata 
58	0,06183	rule urlrewriting context rewriterule pattern metadata source 
59	0,11648	shape displaymanagement tmodel return string ishape shapetype 
60	0,08624	document tdocument permission builder options commands environment 
61	0,09566	localization culture param string summary translation key 
62	0,03767	search azureai lexicalanalyzername values map models context 
63	0,15222	var microsoft mvc aspnetcore path admin controller 
64	0,08011	cachecontext cache timespan summary dynamiccache content cachescopemanager 
65	0,04724	context serviceprovider tab1 public col1 shellsettings shaperesult 
66	0,12639	item menuitem menu items page viewcontext source 
67	0,08283	context handler contentitem published fieldcontext part latest 
68	0,17738	path file task directory stream string store 
69	0,08287	await async content add expected theory manifest 
70	0,09666	user task iuser cancellationtoken context throwifnull reporterror 
71	0,10219	message email sms settings options provider cancellationtoken 
72	1,17639	orchardcore public model override class services microsoft 
73	1,43684	var string return await private null async 
74	0,12681	indexprofile index indexing providername type indexprofilemanager core 
75	0,059	summary translations culture datalocalization context translationsmanager key 
76	0,05707	media path mediafilestore mediaoptions mediapermissions string options 
77	0,08785	part public forms orchardcore context set models 
78	0,088	shellsettings migration data methodinfo yessql document database 
79	0,04488	elasticsearch index core elasticsearchconstants typeof response orchardcore 
80	0,11263	settings type json jsonarray shellcontext module int 
81	0,08081	lucene query var index case boost context 
82	0,18674	string contentpart context builder contentitem type return 
83	0,10188	shellsettings model string recipes tenants setup shellhost 
84	0,07156	condition rules public options class conditionoperator string 
85	0,05125	notification notifications cancellationtoken param context summary user 
86	0,05669	role roles rolename irole task rolemanager cancellationtoken 
87	0,04062	contents content orchardcore workflows commonpermissions contentmanager permission 
88	0,14357	settings microsoft authentication options twitter callbackpath features 
89	0,02668	taxonomies taxonomy terms taxonomycontentitemid taxonomypart level term 
90	0,11622	string var version settings public resource null 
91	0,31797	feature builder var key return void shellscope 
92	0,06619	sb appendline currentindent properties context accessibility static 
93	0,06204	string deployment deploymentplan aspect set shortcodes content 
94	0,42759	settings siteservice site permissions sealed readonly add 
95	0,11212	liquid fluidvalue liquidtemplatemanager template iliquidtemplatemanager htmlencoder input 
96	0,16738	summary scope task shell jsonvalue path static 
97	0,08401	net search remote json orchardcore spatial index 
98	0,13914	cancellationtoken string valuetask public virtual token return 
99	0,0368	context email workflows returnurl httpcontextaccessor var activity 

[beta: 0,00441] 
<350> LL/token: -6,94634
<360> LL/token: -6,93043
<370> LL/token: -6,9259
<380> LL/token: -6,92309
<390> LL/token: -6,92556

0	0,03576	summary var shellcontext scope ifeatureinfo shellhost environment 
1	0,04743	assert string var nameof renderkeyvaluepair module description 
2	0,04122	var key typepartdefinition display shapetype driver alternates 
3	0,01639	azure application vnd defaultsender filestream indexing connectionstring 
4	0,75978	context task services type readonly ienumerable trygetvalue 
5	0,00963	sitemap sitemaps sitemapid sitemapmanager path source task 
6	0,03044	settings tenant features id descriptor feature private 
7	0,21361	private microsoft aspnetcore metadata override attributes location 
8	0,02302	models rolename identityoptions users return permission microsoft 
9	0,03587	query lucene step search var store metadata 
10	0,04602	alias string description queries security graphql const 
11	1,00394	public return static string null system text 
12	0,05704	js orchardcore min resources css sha384 jquery 
13	0,03457	page await locator fixture tests string functional 
14	0,48255	logger readonly extensions ilogger private serviceprovider logging 
15	0,03321	graphql request validationcontext query schema options apis 
16	0,12433	task context data result handler ienumerable valuetask 
17	0,06643	settings model openid set add descriptor options 
18	0,06889	application await authorization scope openid type properties 
19	0,04192	user users usermanager await settings string username 
20	0,08738	client string recipedescriptor append content json request 
21	0,24081	contentitem contentitemid contentmanagement await content item contentmanager 
22	0,01246	string options ctx private settings card1 resource 
23	1,7443	public orchardcore string class namespace set services 
24	0,28832	context orchardcore settings model set string await 
25	0,0125	templates template placements shapetype templatesmanager templatesdocument admintemplates 
26	0,03633	path autoroute autoroutepart entry entries part slug 
27	0,03367	contenttypes displayname public viewmodel contenttypedefinition string context 
28	0,01226	lists listpart containedpart query pager listcontentitemid orchardcore 
29	0,02035	query queries builder var expression querymanager append 
30	0,021	var assert equal inlinedata fact result public 
31	0,02571	placement layout theme properties builder message id 
32	0,07558	true orchardcore task false services class public 
33	0,50695	public await orchardcore model authorizationservice task set 
34	0,0327	task contentitem part context tpart settings content 
35	0,01729	culture contentlocalization recaptcha localizationset localizationpart localizationservice localization 
36	0,03348	audittrailevent audittrail query category val options string 
37	0,08151	var context fluid liquid public arguments tostringvalue 
38	0,06179	features summary themes feature shellfeaturesmanager id theme 
39	0,03334	xelement xml element xmlrpc rpc xrpcdata feeds 
40	0,01947	facebook graphql field var query contentmanagement ipredicate 
41	0,14714	module application subpath assembly provider attribute fileproviders 
42	0,87282	summary param public string cref returns orchardcore 
43	0,06074	equal id theme author param const semver 
44	0,01379	workflowtype model override await http syntax session 
45	0,05	field column contentfields public partfielddefinition table fields 
46	0,03575	html markdown var htmlsanitizerservice htmlencoder options contentitem 
47	0,27786	var shellsettings shell microsoft options await extensions 
48	0,17098	part contentitem contentmanagement orchardcore title contentdefinitionmanager models 
49	0,03571	options redis media azure bucketname containername configuration 
50	0,10803	shape alternates var string key displaying pager 
51	0,02186	var task benchmark pragma ca1822 readonly warning 
52	0,01837	demo permissions openiddictconstants connect claims public applicationmanager 
53	0,03072	workflows activity workflow workflowcontext activitycontext public string 
54	0,4981	assembly orchardcore manifestconstants microsoft aspnetcore comvisible modules 
55	0,2522	nameof session updatemodelaccessor sealed authorizationservice return options 
56	0,01255	adminmenu menu menuitem adminmenuservice treenode adminmenulist menuitems 
57	0,02221	layers widgets layer flows widget layerservice layermetadata 
58	0,0241	rule urlrewriting rewriterule context pattern metadata rules 
59	0,05027	shape displaymanagement tmodel ishape shapetype position return 
60	0,03703	document tdocument options builder cache commands scope 
61	0,03888	localization culture summary string param translation arguments 
62	0,01448	search azureai lexicalanalyzername values map models orchardcore 
63	0,06923	mvc var microsoft path controller aspnetcore razor 
64	0,03094	cachecontext cache dynamiccache summary htmlencoder cachescopemanager cacheoptions 
65	0,01162	context serviceprovider tab1 col1 shellsettings getservice shaperesult 
66	0,05424	item menuitem menu page items viewcontext source 
67	0,0278	context handler contentitem fieldcontext published await document 
68	0,09628	path file directory stream task store throw 
69	0,02731	await async content add expected theory manifest 
70	0,0416	user task iuser cancellationtoken throwifnull reporterror claim 
71	0,04254	message email sms options settings string cancellationtoken 
72	0,98246	orchardcore public model override microsoft services return 
73	1,28271	var return string await private null async 
74	0,04761	indexprofile index indexing providername indexprofilemanager type model 
75	0,02169	summary translations culture datalocalization context translationsmanager key 
76	0,02169	media path mediafilestore mediaoptions mediapermissions options width 
77	0,02461	part public forms orchardcore set context class 
78	0,03492	shellsettings migration data methodinfo yessql document connection 
79	0,01349	elasticsearch index core elasticsearchconstants typeof response mapping 
80	0,04789	settings type json jsonarray shellcontext int module 
81	0,02711	lucene var query index case boost term 
82	0,08501	contentpart string context builder type summary contentmanagement 
83	0,04463	shellsettings model string recipes tenants setup shellhost 
84	0,02184	condition rules public class options string conditionoperator 
85	0,02065	notification notifications cancellationtoken context param provider user 
86	0,01861	role roles rolename irole rolemanager task cancellationtoken 
87	0,01341	contents content orchardcore workflows contentmanager commonpermissions permission 
88	0,05935	settings microsoft authentication options twitter callbackpath features 
89	0,00877	taxonomies taxonomy terms taxonomycontentitemid taxonomypart level term 
90	0,04709	string public settings version var set resource 
91	0,1908	feature builder return key shellscope configuration void 
92	0,02205	sb appendline currentindent properties context accessibility static 
93	0,02566	string deploymentplan aspect deployment set public shortcodes 
94	0,26408	settings siteservice site permissions add context readonly 
95	0,05169	liquid fluidvalue liquidtemplatemanager htmlencoder template meta input 
96	0,08142	summary scope task jsonvalue shell static jsondynamicvalue 
97	0,03242	net remote search system spatial break field 
98	0,06625	cancellationtoken string valuetask public token virtual inheritdoc 
99	0,00882	email context workflows returnurl httpcontextaccessor activity var 

[beta: 0,00445] 
<400> LL/token: -6,9219
<410> LL/token: -6,91736
<420> LL/token: -6,9104
<430> LL/token: -6,91043
<440> LL/token: -6,90884

0	0,01891	var summary shellcontext ifeatureinfo scope default extensionmanager 
1	0,02375	assert string var nameof renderkeyvaluepair module description 
2	0,01781	var contentitem key typepartdefinition display shapetype alternates 
3	0,01054	azure application vnd indexing connectionstring tempstack ms 
4	0,61348	context task services ienumerable private type trygetvalue 
5	0,00547	sitemaps sitemap sitemapid sitemapmanager path source task 
6	0,01644	settings tenant features id descriptor shell semaphore 
7	0,13322	aspnetcore private metadata microsoft attributes location override 
8	0,00749	users models rolename return identityoptions null aspnetcore 
9	0,02148	query lucene var search step index metadata 
10	0,02473	alias string security description queries const graphql 
11	0,81369	public string return static null text system 
12	0,03947	js min orchardcore resources css sha384 jquery 
13	0,01902	page await locator fixture tests app async 
14	0,34822	logger readonly private ilogger extensions serviceprovider logging 
15	0,01644	graphql request validationcontext query apis maxnumberofresultsvalidationmode writer 
16	0,07625	task context data result handler valuetask ienumerable 
17	0,03343	settings model openid set add descriptor shellsettings 
18	0,04078	application await authorization scope openid type properties 
19	0,02495	user users usermanager await settings username iuser 
20	0,05074	recipes recipedescriptor client append json request executionid 
21	0,15471	contentitem contentitemid contentmanagement await content item contentmanager 
22	0,0041	string options private ctx settings resource type 
23	1,56569	public orchardcore string class namespace set services 
24	0,1927	context settings orchardcore model set string await 
25	0,00719	templates template placements shapetype templatesmanager templatesdocument admintemplates 
26	0,02451	path autoroute autoroutepart entry entries part slug 
27	0,01797	contenttypes displayname viewmodel public contenttypedefinition part content 
28	0,00684	lists listpart containedpart query pager listcontentitemid orchardcore 
29	0,00911	query queries builder var expression querymanager append 
30	0,01077	var assert equal inlinedata fact result public 
31	0,01137	placement layout properties theme shapefactory id builder 
32	0,03628	true orchardcore task false services class baz 
33	0,36091	public await model orchardcore authorizationservice task set 
34	0,01743	contentitem task part tpart context settings content 
35	0,00946	culture contentlocalization recaptcha localizationset localizationpart localization localizationservice 
36	0,01706	audittrail audittrailevent query options category val events 
37	0,04656	context var fluid liquid public orchardcore arguments 
38	0,03665	features summary themes feature shellfeaturesmanager theme id 
39	0,01923	xelement xml element xmlrpc rpc xrpcdata models 
40	0,01169	graphql field var query contentmanagement alias expression 
41	0,10139	application module subpath assembly attribute fileproviders provider 
42	0,68827	summary param public string cref returns orchardcore 
43	0,04041	equal id theme author param const semver 
44	0,00415	workflowtype model override http syntax await session 
45	0,03094	field column contentfields public partfielddefinition table fields 
46	0,02229	html markdown var htmlencoder contentitem htmlsanitizerservice options 
47	0,17748	shellsettings var microsoft shell options await orchardcore 
48	0,0997	part orchardcore title contentdefinitionmanager contentitem pattern models 
49	0,02062	options redis media azure containername configuration shellsettings 
50	0,06569	shape var alternates string displaying key menu 
51	0,0109	task benchmark warning pragma func ca1822 var 
52	0,00755	demo permissions openiddictconstants connect applicationmanager scopemanager scopes 
53	0,01766	workflows activity workflow workflowcontext activitycontext orchardcore activities 
54	0,3862	assembly orchardcore manifestconstants microsoft modules override comvisible 
55	0,17338	nameof options return updatemodelaccessor session sealed authorizationservice 
56	0,00837	adminmenu menu menuitem treenode adminmenuservice adminmenulist menuitems 
57	0,0147	layers widgets layer flows widget layerservice layermetadata 
58	0,00973	rule urlrewriting rewriterule context pattern metadata task 
59	0,026	shape displaymanagement tmodel ishape shapetype position return 
60	0,02565	document tdocument builder options commands scope summary 
61	0,02089	localization culture summary param string key translation 
62	0,00766	azureai search lexicalanalyzername values map orchardcore index 
63	0,03566	microsoft mvc var path aspnetcore controller pages 
64	0,01752	cachecontext cache dynamiccache htmlencoder summary cacheoptions content 
65	0,00409	context serviceprovider tab1 shellsettings col1 getservice displaymanagement 
66	0,02939	item menuitem menu page items viewcontext source 
67	0,01218	context handler contentitem fieldcontext published await document 
68	0,06294	path file directory task stream store filestoreexception 
69	0,01358	await content async add expected theory manifest 
70	0,02028	user task iuser cancellationtoken context claim reporterror 
71	0,02478	message email sms options settings cancellationtoken provider 
72	0,78052	orchardcore public model override services class microsoft 
73	1,09714	var return string await private null async 
74	0,02262	indexprofile index indexing providername indexprofilemanager type core 
75	0,01166	summary translations culture context datalocalization translationsmanager translation 
76	0,01319	media path mediafilestore mediaoptions mediapermissions string options 
77	0,01022	part public forms orchardcore context set namespace 
78	0,02008	shellsettings migration data methodinfo task yessql document 
79	0,00667	elasticsearch index core elasticsearchconstants typeof response orchardcore 
80	0,02494	settings type jsonarray json int module shellcontext 
81	0,01534	lucene var query index net case term 
82	0,04809	contentpart string context builder type partname return 
83	0,02784	shellsettings model string tenants setup databaseprovider shellhost 
84	0,0119	condition rules public options class conditionoperator rule 
85	0,01148	notification notifications cancellationtoken context user provider message 
86	0,01075	role roles rolename irole task rolemanager cancellationtoken 
87	0,0068	contents content workflows commonpermissions orchardcore contentmanager permission 
88	0,03375	settings microsoft authentication facebook options twitter callbackpath 
89	0,00624	taxonomies taxonomy terms taxonomycontentitemid taxonomypart field term 
90	0,02458	string public var version settings resource set 
91	0,13498	builder key feature return shellscope configuration void 
92	0,0113	sb appendline currentindent context properties accessibility type 
93	0,01564	string deployment deploymentplan aspect set shortcodes seo 
94	0,18078	settings siteservice site permissions add context task 
95	0,02595	liquid fluidvalue facebooksettings meta template liquidtemplatemanager htmlencoder 
96	0,04991	summary shell scope task jsonvalue static jsondynamicvalue 
97	0,01725	search remote spatial break indexfullname doc field 
98	0,03401	cancellationtoken valuetask string public token virtual inheritdoc 
99	0,00244	context email var workflows returnurl httpcontextaccessor activity 

[beta: 0,00448] 
<450> LL/token: -6,90674
<460> LL/token: -6,90154
<470> LL/token: -6,89788
<480> LL/token: -6,89602
<490> LL/token: -6,89634

0	0,01379	var summary shellcontext scope ifeatureinfo extensionmanager foreach 
1	0,01423	assert string var nameof renderkeyvaluepair module description 
2	0,00948	var contentitem typepartdefinition key display shapetype alternates 
3	0,00876	azure application defaultsender vnd tempstack ms imediafiletextprovider 
4	0,50881	context task type services ienumerable readonly fromresult 
5	0,00521	sitemap sitemaps sitemapid sitemapmanager path source sitemapsource 
6	0,01206	settings tenant features feature id descriptor shell 
7	0,09187	private aspnetcore microsoft metadata attributes override mvc 
8	0,00442	models users rolename microsoft identityoptions permission empty 
9	0,01691	query lucene search step deployment index metadata 
10	0,01806	alias string description queries security const aliaspart 
11	0,66416	public static return string null text system 
12	0,03337	js min orchardcore css resources sha384 jquery 
13	0,01383	page await locator fixture tests app functional 
14	0,26904	logger private extensions readonly ilogger serviceprovider logging 
15	0,01041	graphql request validationcontext query apis maxnumberofresultsvalidationmode schema 
16	0,05193	task context data result handler ienumerable permission 
17	0,02496	settings model openid set add descriptor options 
18	0,02985	application await authorization scope openid type properties 
19	0,01918	user users usermanager await settings username iuser 
20	0,03394	recipes recipedescriptor recipe client append content task 
21	0,1155	contentitem contentitemid content contentmanagement await contentmanager item 
22	0,00213	string options private ctx settings resource group1 
23	1,37188	public orchardcore class string namespace services set 
24	0,14183	context orchardcore settings model set contentmanagement string 
25	0,00541	templates template placements shapetype templatesmanager templatesdocument admintemplates 
26	0,01884	path autoroute autoroutepart entry entries part slug 
27	0,01187	contenttypes displayname public viewmodel contenttypedefinition context await 
28	0,00455	lists listpart containedpart query pager listcontentitemid order 
29	0,00511	query queries builder var expression querymanager append 
30	0,00763	var assert equal inlinedata fact result public 
31	0,00754	placement layout theme properties builder message id 
32	0,01841	orchardcore true task false services class count 
33	0,26414	public await orchardcore model set task authorizationservice 
34	0,01115	task contentitem part context tpart settings content 
35	0,00616	culture contentlocalization recaptcha localizationset localizationpart localization localizationservice 
36	0,0129	audittrailevent audittrail query category val options models 
37	0,0341	context fluid var liquid orchardcore arguments public 
38	0,02598	features summary themes feature shellfeaturesmanager theme id 
39	0,01415	xelement xml element xmlrpc rpc xrpcdata models 
40	0,00702	graphql field alias var query ipredicate expression 
41	0,08002	application subpath assembly fileproviders attribute provider root 
42	0,55073	summary param public string orchardcore returns cref 
43	0,03371	equal id theme author param const semver 
44	0,00254	workflowtype model override http await syntax session 
45	0,02771	field column contentfields partfielddefinition public table latest 
46	0,01806	html markdown var contentitem htmlencoder htmlsanitizerservice liquidtemplatemanager 
47	0,1201	shellsettings microsoft shell options var extensions await 
48	0,06598	part orchardcore contentitem title contentmanagement pattern contenttypepartdefinition 
49	0,01501	options redis media azure containername configuration shellsettings 
50	0,04796	shape var alternates string displaying pager metadata 
51	0,00697	var task benchmark warning pragma func ca1822 
52	0,00437	demo permissions openiddictconstants connect applicationmanager scopemanager scopes 
53	0,01379	workflows activity workflow workflowcontext activitycontext public orchardcore 
54	0,30582	assembly orchardcore manifestconstants microsoft aspnetcore modules comvisible 
55	0,12715	nameof return authorizationservice updatemodelaccessor session sealed options 
56	0,0069	adminmenu menu menuitem treenode adminmenuservice adminmenulist menuitems 
57	0,01178	layers widgets layer flows widget layerservice layermetadata 
58	0,00502	rule urlrewriting rewriterule context pattern metadata rules 
59	0,0191	shape displaymanagement return tmodel ishape shapetype position 
60	0,01999	document tdocument options builder environment cache commands 
61	0,01475	localization culture summary param string context translation 
62	0,00593	search azureai lexicalanalyzername values orchardcore map models 
63	0,02483	mvc microsoft aspnetcore var path controller pages 
64	0,01323	cachecontext cache dynamiccache htmlencoder cachekey options timespan 
65	0,00277	context tab1 col1 shellsettings serviceprovider getservice shaperesult 
66	0,0177	item menuitem menu items page viewcontext source 
67	0,00862	context handler contentitem fieldcontext published await part 
68	0,04921	path file task directory stream store exists 
69	0,00823	await content async add expected theory serviceprovider 
70	0,015	user task iuser cancellationtoken context reporterror claim 
71	0,02008	message email sms settings options provider cancellationtoken 
72	0,62852	orchardcore public model override class services microsoft 
73	0,92529	var string return await private null async 
74	0,01626	indexprofile index indexing providername id indexprofilemanager type 
75	0,00897	summary translations culture datalocalization context translationsmanager translation 
76	0,0102	media path mediafilestore mediaoptions mediapermissions options format 
77	0,00473	part forms public orchardcore context set workflows 
78	0,01316	shellsettings data migration methodinfo yessql document database 
79	0,00557	elasticsearch index orchardcore core elasticsearchconstants typeof response 
80	0,0165	settings json module jsonarray type shellcontext int 
81	0,01204	lucene var query index net case return 
82	0,03172	context string contentpart type summary builder return 
83	0,02291	shellsettings model tenants string setup shellhost databaseprovider 
84	0,0072	condition rules public options class namespace conditionoperator 
85	0,00851	notification notifications cancellationtoken context user provider message 
86	0,00711	role roles rolename irole rolemanager task cancellationtoken 
87	0,00508	contents content workflows orchardcore commonpermissions contentmanager permission 
88	0,02067	settings microsoft authentication options twitter callbackpath features 
89	0,00531	taxonomies taxonomy terms taxonomycontentitemid taxonomypart level term 
90	0,01677	string version settings public set var resource 
91	0,10632	key builder feature configuration return void enabled 
92	0,00712	sb appendline currentindent properties context accessibility type 
93	0,0126	string deploymentplan aspect deployment set seo step 
94	0,14024	settings siteservice site permissions add readonly task 
95	0,01786	facebook liquid liquidtemplatemanager fluidvalue facebooksettings meta login 
96	0,03319	summary scope shell jsonvalue task jsondynamicvalue path 
97	0,01255	remote field spatial clientname id remoteinstance remoteclient 
98	0,02037	cancellationtoken valuetask string public token virtual inheritdoc 
99	0,00176	context email workflows httpcontextaccessor returnurl aspnetcore activity 

[beta: 0,0045] 
<500> LL/token: -6,89357
<510> LL/token: -6,89577
<520> LL/token: -6,89369
<530> LL/token: -6,89113
<540> LL/token: -6,8884

0	0,01216	var summary shellcontext ifeatureinfo scope shellhost extensionmanager 
1	0,01122	assert string var nameof renderkeyvaluepair module description 
2	0,00487	var contentitem typepartdefinition key display shapetype alternates 
3	0,00855	azure application vnd indexing filestream document defaultsender 
4	0,42144	context task services type ienumerable readonly private 
5	0,00438	sitemap sitemaps sitemapid sitemapmanager path source orchardcore 
6	0,01015	settings tenant features feature shell id descriptor 
7	0,06857	aspnetcore metadata microsoft private attributes output mvc 
8	0,0033	models users rolename aspnetcore microsoft identityoptions permission 
9	0,01541	query lucene search step var index deployment 
10	0,01368	alias string description queries security const aliaspart 
11	0,55255	public return string static null text system 
12	0,02931	js min orchardcore resources css sha384 jquery 
13	0,0121	page await locator fixture tests app task 
14	0,22008	logger readonly private extensions ilogger serviceprovider logging 
15	0,0087	graphql request validationcontext query options maxnumberofresultsvalidationmode apis 
16	0,04053	task context data result ienumerable valuetask handler 
17	0,02052	settings model openid set add descriptor options 
18	0,0229	application await authorization scope openid type properties 
19	0,01671	user users usermanager await username string iuser 
20	0,02605	recipes recipedescriptor recipe client append string executionid 
21	0,09656	contentitem contentitemid contentmanagement await content contentmanager context 
22	0,00149	string options ctx private settings resource group1 
23	1,19921	public orchardcore string class namespace set services 
24	0,1172	context orchardcore settings model set contentmanagement await 
25	0,00497	templates template placements shapetype templatesmanager templatesdocument admintemplates 
26	0,01711	path autoroute autoroutepart entry entries part slug 
27	0,0107	contenttypes public displayname viewmodel contenttypedefinition context part 
28	0,00435	lists listpart containedpart query pager listcontentitemid order 
29	0,00433	query queries builder var expression querymanager identifier 
30	0,00683	var assert equal inlinedata fact public result 
31	0,00575	placement layout theme properties builder id arguments 
32	0,01209	orchardcore true task false services class count 
33	0,20086	public await model orchardcore set authorizationservice task 
34	0,01035	contentitem task part context tpart settings content 
35	0,00586	culture contentlocalization recaptcha localizationset localizationpart localizationservice localization 
36	0,01093	audittrailevent audittrail query category options val string 
37	0,02935	fluid context var liquid fluidvalue arguments orchardcore 
38	0,02385	features summary themes feature shellfeaturesmanager theme id 
39	0,01096	xelement xml element xmlrpc rpc xrpcdata feeds 
40	0,00688	graphql field var alias query ipredicate contentmanagement 
41	0,07134	application subpath assembly fileproviders attribute provider root 
42	0,45328	summary param public string cref returns set 
43	0,02944	equal id theme author const param semver 
44	0,00202	workflowtype model override http syntax session workflowid 
45	0,02368	field column contentfields public partfielddefinition table fields 
46	0,01525	html markdown htmlencoder var contentitem htmlsanitizerservice options 
47	0,09014	var shellsettings shell options await tenant microsoft 
48	0,05005	part contentitem title pattern contentmanagement displaytype contenttypepartdefinition 
49	0,01301	options redis media azure shellsettings containername configuration 
50	0,0354	shape var alternates string displaying key metadata 
51	0,00504	benchmark var pragma ca1822 warning task func 
52	0,00367	demo openiddictconstants permissions connect applicationmanager scopemanager scopes 
53	0,01232	workflows activity workflow workflowcontext activitycontext orchardcore public 
54	0,25673	assembly orchardcore microsoft manifestconstants false override modules 
55	0,09989	nameof updatemodelaccessor return options session authorizationservice sealed 
56	0,0064	adminmenu menu menuitem treenode adminmenuservice adminmenulist menuitems 
57	0,01043	layers widgets layer flows widget layerservice layermetadata 
58	0,00401	rule urlrewriting rewriterule context pattern metadata rules 
59	0,01788	shape displaymanagement return tmodel ishape shapetype position 
60	0,01528	document tdocument options builder scope commands cache 
61	0,01136	localization culture summary param string translation key 
62	0,00583	search azureai values lexicalanalyzername context map models 
63	0,02022	mvc var microsoft path controller aspnetcore module 
64	0,01286	cachecontext cache dynamiccache summary cacheoptions cachekey content 
65	0,00223	context tab1 serviceprovider col1 shellsettings shaperesult displaymanagement 
66	0,0147	item menuitem menu items viewcontext page source 
67	0,00736	context handler contentitem await fieldcontext published document 
68	0,04042	path file directory task stream public store 
69	0,00612	await content async add expected theory manifest 
70	0,01221	user task iuser cancellationtoken context argumentnullexception reporterror 
71	0,01648	message email sms options settings string cancellationtoken 
72	0,50862	orchardcore public model override class return services 
73	0,79928	var string return await private null async 
74	0,01393	indexprofile index indexing providername await type model 
75	0,00729	summary translations culture datalocalization context translationsmanager translation 
76	0,00874	media path mediafilestore mediaoptions mediapermissions options string 
77	0,00295	part public forms set orchardcore context models 
78	0,01179	shellsettings data migration methodinfo yessql document connection 
79	0,00382	elasticsearch index elasticsearchconstants core typeof response mapping 
80	0,01375	type json module jsonarray int shellcontext state 
81	0,0091	lucene var query index net case return 
82	0,02328	context string contentpart type return builder contentmanagement 
83	0,02235	shellsettings model string tenants setup databaseprovider shellhost 
84	0,00623	condition rules public options conditionoperator string models 
85	0,00793	notification notifications cancellationtoken context provider summary message 
86	0,00697	role roles rolename irole rolemanager task cancellationtoken 
87	0,00446	contents content orchardcore workflows contentmanager commonpermissions permission 
88	0,01562	settings microsoft authentication options twitter callbackpath features 
89	0,00613	taxonomies taxonomy terms taxonomycontentitemid taxonomypart field level 
90	0,01413	string public version settings var set resource 
91	0,09063	settings key feature builder configuration void disposed 
92	0,00452	sb appendline currentindent properties context accessibility type 
93	0,01139	string aspect deployment deploymentplan set seo content 
94	0,1123	settings siteservice site permissions context readonly sealed 
95	0,01298	facebook liquid facebooksettings liquidtemplatemanager meta widgets login 
96	0,02355	summary scope shell task jsonvalue static jsondynamicvalue 
97	0,01046	remote deployment spatial clientname id remoteinstance remoteclient 
98	0,01864	cancellationtoken string valuetask public token virtual inheritdoc 
99	0,00121	context settings email workflows httpcontextaccessor returnurl activity 

[beta: 0,00454] 
<550> LL/token: -6,88955
<560> LL/token: -6,8858
<570> LL/token: -6,88724
<580> LL/token: -6,88138
<590> LL/token: -6,88062

0	0,01123	var shellcontext ifeatureinfo scope default shellhost environment 
1	0,01033	assert string var nameof renderkeyvaluepair module description 
2	0,00454	contentitem typepartdefinition var key display shapetype alternates 
3	0,00816	azure application vnd indexing connectionstring filestream ms 
4	0,36098	context task services ienumerable type private readonly 
5	0,00413	sitemap sitemaps sitemapid sitemapmanager path source task 
6	0,00941	tenant settings features id shell feature descriptor 
7	0,05481	private aspnetcore metadata microsoft attributes output mvc 
8	0,00334	users models rolename aspnetcore identityoptions permission microsoft 
9	0,01612	query lucene step search var context index 
10	0,01174	alias string security const description aliaspart graphtype 
11	0,46587	public return static string null text system 
12	0,02632	js min orchardcore resources css sha384 jquery 
13	0,011	page await locator fixture tests app functional 
14	0,19164	logger private ilogger readonly extensions serviceprovider logging 
15	0,00694	graphql request validationcontext query apis extensions options 
16	0,03554	task context data result ienumerable handler completedtask 
17	0,0163	settings model openid set add descriptor options 
18	0,01773	application await authorization scope openid type properties 
19	0,01336	user users usermanager await username iuser string 
20	0,02135	recipes recipedescriptor recipe client append executionid task 
21	0,08629	contentitem contentitemid content contentmanagement await item contentmanager 
22	0,00204	string options private ctx settings resource group1 
23	1,06284	public orchardcore string class namespace set services 
24	0,09861	context orchardcore settings model set contentmanagement await 
25	0,00482	templates template placements shapetype templatesmanager templatesdocument admintemplates 
26	0,01719	path autoroute autoroutepart entry part entries slug 
27	0,00938	contenttypes public displayname viewmodel contenttypedefinition string part 
28	0,00419	lists listpart query containedpart pager listcontentitemid order 
29	0,00383	query queries builder var expression querymanager append 
30	0,00556	var assert equal inlinedata fact result public 
31	0,00625	placement layout theme properties builder arguments id 
32	0,00998	orchardcore true task false count services class 
33	0,16216	public await orchardcore model set task authorizationservice 
34	0,00956	task contentitem part context tpart content settings 
35	0,00594	culture contentlocalization recaptcha localizationset localizationpart localization localizationservice 
36	0,01097	audittrailevent audittrail query category options val model 
37	0,02728	context fluid var liquid fluidvalue arguments valuetask 
38	0,01816	features summary themes feature shellfeaturesmanager theme await 
39	0,01027	xelement xml element xmlrpc rpc xrpcdata feeds 
40	0,0061	graphql field var alias query expression ipredicate 
41	0,06615	module application fileproviders assembly attribute subpath provider 
42	0,38438	summary param public string cref returns orchardcore 
43	0,02502	equal id theme author param const semver 
44	0,00219	workflowtype model override http syntax session workflowscriptsyntax 
45	0,01965	field column contentfields public partfielddefinition table latest 
46	0,01458	html markdown htmlencoder contentitem var htmlsanitizerservice options 
47	0,07886	shellsettings shell var microsoft extensions options tenant 
48	0,04387	part orchardcore contentmanagement contentitem title contentdefinitionmanager pattern 
49	0,01221	options redis media azure containername configuration shellsettings 
50	0,03104	shape alternates var string key displaying metadata 
51	0,00379	var benchmark func task warning pragma ca1822 
52	0,00341	demo permissions openiddictconstants connect scopes applicationmanager scopemanager 
53	0,0111	workflows activity workflow workflowcontext activitycontext public orchardcore 
54	0,22329	assembly microsoft orchardcore manifestconstants aspnetcore override modules 
55	0,08109	nameof options updatemodelaccessor authorizationservice sealed session text 
56	0,00642	adminmenu menu menuitem treenode adminmenuservice adminmenulist menuitems 
57	0,01144	layers widgets layer flows widget layerservice add 
58	0,00373	rule urlrewriting rewriterule context pattern metadata rules 
59	0,01559	shape displaymanagement tmodel ishape shapetype return position 
60	0,01286	document options tdocument environment builder summary commands 
61	0,01174	localization culture param summary string key context 
62	0,00574	azureai search lexicalanalyzername values index map models 
63	0,01882	mvc var microsoft path aspnetcore controller pages 
64	0,01149	cachecontext cache summary dynamiccache contexts cacheoptions cachekey 
65	0,00218	serviceprovider context tab1 col1 shellsettings shaperesult getservice 
66	0,01115	item menuitem menu items page viewcontext source 
67	0,00609	context handler contentitem fieldcontext published public await 
68	0,03539	path file directory stream task store filestoreexception 
69	0,00429	await content async add expected theory manifest 
70	0,0102	user task iuser cancellationtoken context reporterror argumentnullexception 
71	0,0142	message email sms settings options string cancellationtoken 
72	0,41725	orchardcore public model override services microsoft readonly 
73	0,69852	var return string await private null async 
74	0,01312	indexprofile index indexing providername id type model 
75	0,00624	summary translations culture datalocalization translationsmanager translation context 
76	0,00923	media path mediafilestore mediaoptions string mediapermissions options 
77	0,00244	part public forms orchardcore set context models 
78	0,01126	shellsettings migration data methodinfo yessql task document 
79	0,00349	elasticsearch index core elasticsearchconstants typeof response query 
80	0,00985	static type json jsonarray shellcontext int state 
81	0,00719	lucene var query index net case search 
82	0,01901	context string contentpart type builder contentmanagement partfielddefinition 
83	0,01914	shellsettings model string tenants setup databaseprovider shellhost 
84	0,00549	condition rules public options class conditionoperator string 
85	0,00729	notification notifications cancellationtoken context param summary user 
86	0,00735	role roles rolename irole rolemanager task cancellationtoken 
87	0,00453	contents content workflows orchardcore commonpermissions contentmanager permission 
88	0,01331	settings microsoft authentication options twitter callbackpath features 
89	0,00443	taxonomies taxonomy taxonomycontentitemid terms taxonomypart level term 
90	0,01264	string public version var settings resource set 
91	0,07825	settings builder feature configuration void key disposed 
92	0,00392	sb appendline currentindent properties context accessibility static 
93	0,01024	string aspect deploymentplan deployment set shortcodes public 
94	0,09738	settings siteservice site permissions add context sealed 
95	0,01013	facebook liquid liquidtemplatemanager facebooksettings widgets meta login 
96	0,01824	summary task scope jsonvalue shell jsondynamicvalue jsonnode 
97	0,00851	remote deployment spatial clientname remoteinstance deploymentpermissions remoteclient 
98	0,01341	cancellationtoken valuetask string public token virtual inheritdoc 
99	0,00105	settings context email workflows returnurl httpcontextaccessor activity 

[beta: 0,00452] 
<600> LL/token: -6,88176
<610> LL/token: -6,87963
<620> LL/token: -6,88168
<630> LL/token: -6,88121
<640> LL/token: -6,87895

0	0,01003	var summary shellcontext scope ifeatureinfo default shellhost 
1	0,0086	assert string var nameof renderkeyvaluepair module description 
2	0,00398	key contentitem typepartdefinition display var shapetype alternates 
3	0,00761	azure application vnd indexing filestream document defaultsender 
4	0,3218	context task services private ienumerable type readonly 
5	0,00416	sitemap sitemaps sitemapid sitemapmanager path source task 
6	0,00924	tenant settings features feature shell id descriptor 
7	0,04703	aspnetcore metadata microsoft private attributes output mvc 
8	0,0029	users models rolename aspnetcore permission identityoptions userid 
9	0,01499	query lucene var step search index deployment 
10	0,00987	alias string const security description aliaspart contentsecuritypolicy 
11	0,40949	public return string static null text system 
12	0,02492	js min orchardcore resources css sha384 jquery 
13	0,00963	page await locator fixture tests functional task 
14	0,17328	logger private readonly ilogger extensions logging serviceprovider 
15	0,00552	graphql request validationcontext query apis options maxnumberofresultsvalidationmode 
16	0,02733	context task data result ienumerable handler entities 
17	0,01303	settings model openid set descriptor add options 
18	0,01529	application await authorization scope openid type properties 
19	0,01283	user users usermanager await username iuser string 
20	0,018	recipes recipedescriptor recipe append client executionid environment 
21	0,08232	contentitem contentitemid contentmanagement content await context item 
22	0,0015	string options ctx settings private resource group1 
23	0,95276	public orchardcore string class namespace set services 
24	0,08374	context orchardcore settings model set contentmanagement string 
25	0,00472	templates template placements shapetype templatesmanager templatesdocument admintemplates 
26	0,01562	path autoroute autoroutepart entry entries part slug 
27	0,00876	contenttypes public displayname viewmodel contenttypedefinition context string 
28	0,00436	lists listpart containedpart query listcontentitemid pager order 
29	0,00329	query queries builder var expression public querymanager 
30	0,00593	var assert equal inlinedata public fact result 
31	0,00573	placement layout theme properties builder arguments id 
32	0,00928	orchardcore true task false services count class 
33	0,14204	public await orchardcore model task authorizationservice set 
34	0,00937	contentitem task part public context tpart content 
35	0,00498	culture contentlocalization recaptcha localizationset localizationpart localizationservice localization 
36	0,00949	audittrailevent audittrail query category options val events 
37	0,02524	context fluid liquid var fluidvalue arguments valuetask 
38	0,01528	features summary themes feature shellfeaturesmanager theme await 
39	0,01167	xelement xml element xmlrpc rpc xrpcdata feeds 
40	0,00771	graphql field alias var contentmanagement query queries 
41	0,0646	path module application subpath fileproviders assembly summary 
42	0,3325	summary param public string cref returns orchardcore 
43	0,0246	equal id theme author param const semver 
44	0,00213	workflowtype await model override http syntax session 
45	0,01825	field column contentfields public partfielddefinition table fields 
46	0,01441	html markdown var htmlencoder contentitem options htmlsanitizerservice 
47	0,07097	var shellsettings await options microsoft shell extensions 
48	0,0398	part contentitem title pattern version displaytype contenttypepartdefinition 
49	0,01145	options redis media azure containername configuration shellsettings 
50	0,02851	shape alternates string var key displaying menu 
51	0,00348	task benchmark var warning ca1822 sd func 
52	0,00334	demo openiddictconstants permissions connect applicationmanager scopes openidpermissions 
53	0,01056	workflows activity workflow workflowcontext activitycontext public orchardcore 
54	0,19525	assembly orchardcore microsoft manifestconstants aspnetcore modules override 
55	0,06673	nameof sealed updatemodelaccessor return session authorizationservice options 
56	0,00582	adminmenu menu menuitem treenode adminmenuservice adminmenulist menuitems 
57	0,00949	layers widgets layer flows widget layerservice add 
58	0,00316	rule urlrewriting rewriterule pattern metadata context rules 
59	0,01454	shape displaymanagement tmodel ishape shapetype position return 
60	0,01282	document tdocument options builder scope commands summary 
61	0,011	localization culture summary param string key translation 
62	0,0062	search azureai lexicalanalyzername values models map context 
63	0,01797	mvc microsoft var aspnetcore controller pages razor 
64	0,00995	cachecontext cache dynamiccache content timespan summary cacheoptions 
65	0,00211	context serviceprovider tab1 shellsettings col1 shaperesult getservice 
66	0,00887	item menuitem menu items viewcontext page source 
67	0,0054	context handler contentitem await fieldcontext published logger 
68	0,03231	path file directory stream task store filestoreexception 
69	0,00388	await content async add expected theory info 
70	0,00808	user task iuser cancellationtoken argumentnullexception reporterror context 
71	0,01211	message email sms settings options provider cancellationtoken 
72	0,35349	orchardcore public model override services class microsoft 
73	0,6217	var return string await private null async 
74	0,01268	indexprofile index indexing providername id type model 
75	0,00587	summary translations culture datalocalization context translationsmanager translation 
76	0,00819	media path string mediafilestore mediaoptions mediapermissions options 
77	0,00236	part forms public context set workflows orchardcore 
78	0,01049	shellsettings data migration methodinfo yessql document connection 
79	0,00405	elasticsearch index core elasticsearchconstants orchardcore response typeof 
80	0,0078	json static type jsonarray shellcontext int state 
81	0,00698	lucene var query index net case search 
82	0,01568	context contentpart type string builder contentmanagement partfielddefinition 
83	0,01776	shellsettings model string tenants setup databaseprovider shellhost 
84	0,00597	condition rules public options string class conditionoperator 
85	0,00667	notification notifications cancellationtoken context summary user param 
86	0,0065	role roles rolename irole task rolemanager cancellationtoken 
87	0,00403	contents content orchardcore contentmanager workflows commonpermissions permission 
88	0,01366	settings microsoft authentication options twitter callbackpath features 
89	0,0027	taxonomies taxonomy taxonomycontentitemid terms taxonomypart field level 
90	0,01187	string var version settings public resource null 
91	0,07091	settings builder feature key configuration void disposed 
92	0,0034	sb appendline currentindent context properties accessibility type 
93	0,00847	string aspect deploymentplan deployment set public shortcodes 
94	0,08731	settings siteservice site permissions add readonly context 
95	0,00942	facebook liquid liquidtemplatemanager builder facebooksettings meta widgets 
96	0,0133	summary shell scope task jsonvalue jsondynamicvalue jsonnode 
97	0,00692	remote deployment spatial clientname remoteinstance remoteclient deploymentpermissions 
98	0,00991	cancellationtoken string valuetask public token virtual inheritdoc 
99	0,00109	settings context email workflows returnurl httpcontextaccessor activity 

[beta: 0,00455] 
<650> LL/token: -6,87603
<660> LL/token: -6,87326
<670> LL/token: -6,87224
<680> LL/token: -6,8747
<690> LL/token: -6,87682

0	0,01011	var summary shellcontext scope ifeatureinfo shellhost foreach 
1	0,00821	assert string var nameof renderkeyvaluepair module description 
2	0,00316	contentitem typepartdefinition var key display shapetype alternates 
3	0,00669	azure application document vnd connectionstring indexing filestream 
4	0,29802	context task services type ienumerable private readonly 
5	0,00408	sitemap sitemaps sitemapid sitemapmanager path source sitemapsource 
6	0,00986	tenant features id settings shell descriptor feature 
7	0,04197	aspnetcore metadata attributes private mvc output override 
8	0,00206	users microsoft models rolename aspnetcore permission nameof 
9	0,01506	query lucene step search var context deployment 
10	0,00715	alias string security const aliaspart contentsecuritypolicy options 
11	0,3667	public return string static null system text 
12	0,02552	js orchardcore min resources css sha384 jquery 
13	0,00951	page await locator fixture tests async app 
14	0,16152	logger readonly extensions ilogger private serviceprovider logging 
15	0,0055	graphql request validationcontext apis query options maxnumberofresultsvalidationmode 
16	0,0263	task context data result ienumerable handler permission 
17	0,01148	settings model openid set add descriptor options 
18	0,01281	application await authorization scope openid type properties 
19	0,01327	user users usermanager await username iuser string 
20	0,01705	recipes recipedescriptor recipe client append executionid content 
21	0,07782	contentitem contentitemid contentmanagement await context content item 
22	0,00149	string options ctx private settings resource group1 
23	0,864	public orchardcore string class namespace set services 
24	0,0796	context orchardcore settings model set contentmanagement models 
25	0,00562	templates template placements shapetype templatesmanager templatesdocument admintemplates 
26	0,01335	path autoroute autoroutepart entry part entries slug 
27	0,00751	public contenttypes displayname viewmodel contenttypedefinition await string 
28	0,00385	lists listpart containedpart pager query listcontentitemid order 
29	0,00323	query queries builder var expression public querymanager 
30	0,00522	var assert equal inlinedata fact result public 
31	0,00602	placement layout theme properties builder id arguments 
32	0,00677	orchardcore task true false services count class 
33	0,12986	public await model orchardcore task authorizationservice set 
34	0,00852	task contentitem public part context tpart settings 
35	0,00503	culture contentlocalization recaptcha localizationset localizationpart localizationservice localization 
36	0,00821	audittrailevent audittrail query category options val model 
37	0,02478	context fluid var liquid public orchardcore fluidvalue 
38	0,01479	features summary themes feature shellfeaturesmanager theme await 
39	0,0094	xelement xml element xmlrpc rpc xrpcdata feeds 
40	0,0078	graphql field alias description query fieldtype queries 
41	0,06598	path module assembly subpath application attribute fileproviders 
42	0,29506	summary param public string returns cref orchardcore 
43	0,01834	equal id theme author param const semver 
44	0,00187	workflowtype override model await http syntax session 
45	0,01684	field contentfields column partfielddefinition public table fields 
46	0,01329	html markdown contentitem var htmlencoder options liquidtemplatemanager 
47	0,06286	var shellsettings await shell options microsoft environment 
48	0,03444	part contentitem title pattern table displaytype migrations 
49	0,01092	options redis media azure containername shellsettings configuration 
50	0,02569	shape var alternates displaying key string metadata 
51	0,00292	task benchmark warning pragma ca1822 func sd 
52	0,00331	demo permissions connect public applicationmanager openidpermissions scopes 
53	0,01088	workflows activity workflow workflowcontext activitycontext orchardcore public 
54	0,18092	assembly orchardcore microsoft manifestconstants aspnetcore override comvisible 
55	0,0595	nameof sealed updatemodelaccessor authorizationservice options session display 
56	0,00565	adminmenu menu menuitem treenode adminmenuservice adminmenulist menuitems 
57	0,00876	layers widgets layer flows widget layerservice add 
58	0,00325	rule urlrewriting rewriterule context pattern metadata rules 
59	0,01252	shape displaymanagement tmodel ishape shapetype return position 
60	0,01239	document tdocument options scope builder commands arguments 
61	0,00992	localization culture summary string param context translation 
62	0,00546	azureai search lexicalanalyzername values map models index 
63	0,01608	mvc microsoft aspnetcore controller var pages razor 
64	0,00894	cachecontext cache summary dynamiccache content cacheoptions tags 
65	0,00196	serviceprovider tab1 context shellsettings shaperesult getservice displaymanagement 
66	0,00764	item menuitem menu items viewcontext page source 
67	0,0051	context handler contentitem fieldcontext await published document 
68	0,03297	path file directory task stream store public 
69	0,00246	await content async add expected theory manifest 
70	0,00699	user task iuser cancellationtoken context throwifnull reporterror 
71	0,01363	message email sms settings options cancellationtoken string 
72	0,30734	orchardcore public model override return services class 
73	0,56153	var return string private await null readonly 
74	0,01157	indexprofile index indexing providername id model await 
75	0,00543	summary translations culture datalocalization translationsmanager translation context 
76	0,00731	media path mediafilestore mediaoptions mediapermissions options string 
77	0,00326	part forms public orchardcore context models set 
78	0,00902	shellsettings data migration methodinfo task yessql document 
79	0,00399	elasticsearch index core elasticsearchconstants response typeof mapping 
80	0,00581	static type json jsonarray int shellcontext state 
81	0,00689	lucene var query index net case orchardcore 
82	0,01422	context contentpart type string summary partname content 
83	0,01648	shellsettings model string tenants setup databaseprovider shellhost 
84	0,00555	condition rules public options string class conditionoperator 
85	0,0067	notification notifications cancellationtoken context provider param user 
86	0,00626	role roles rolename irole rolemanager task cancellationtoken 
87	0,00387	contents content workflows orchardcore commonpermissions contentmanager permission 
88	0,01349	settings microsoft authentication options twitter callbackpath features 
89	0,00203	taxonomies taxonomy taxonomycontentitemid terms taxonomypart level term 
90	0,01054	string public version settings var resource set 
91	0,06058	settings feature builder key configuration void disposed 
92	0,00246	sb appendline currentindent context properties accessibility type 
93	0,00893	string aspect deploymentplan deployment set public content 
94	0,07925	settings siteservice site context permissions readonly task 
95	0,00882	facebook liquid facebooksettings widgets meta login liquidtemplatemanager 
96	0,01143	summary scope jsonvalue shell jsondynamicvalue jsonnode tenant 
97	0,00611	remote deployment spatial clientname deploymentpermissions remoteinstance remoteclient 
98	0,0083	cancellationtoken string valuetask public token return virtual 
99	0,00096	settings context email workflows returnurl httpcontextaccessor activity 

[beta: 0,00454] 
<700> LL/token: -6,87443
<710> LL/token: -6,87273
<720> LL/token: -6,874
<730> LL/token: -6,86832
<740> LL/token: -6,86844

0	0,00877	summary var environment shellcontext shellhost scope ifeatureinfo 
1	0,00822	assert string var nameof renderkeyvaluepair module description 
2	0,00316	contentitem typepartdefinition key display shapetype alternates driver 
3	0,00634	azure application vnd filestream connectionstring media text 
4	0,27831	context task services ienumerable type private serviceprovider 
5	0,00451	sitemaps sitemap sitemapid path sitemapmanager source sitemapsource 
6	0,00823	tenant features shell id descriptor feature default 
7	0,03531	aspnetcore metadata attributes mvc output private taghelpers 
8	0,00196	users models rolename microsoft aspnetcore permission userid 
9	0,01519	query lucene var search step index context 
10	0,00601	alias string security const aliaspart options contentsecuritypolicy 
11	0,33521	public return string static null text system 
12	0,02491	js min orchardcore resources css sha384 jquery 
13	0,00917	page await locator fixture tests async app 
14	0,14947	logger extensions readonly private ilogger logging catch 
15	0,00646	graphql apis request validationcontext query options maxnumberofresultsvalidationmode 
16	0,02677	task context result data permission errors document 
17	0,00909	settings model openid set add descriptor options 
18	0,00964	application await authorization scope openid type properties 
19	0,01283	user users usermanager await username iuser siteservice 
20	0,01584	recipes recipedescriptor recipe append client executionid content 
21	0,07382	contentitem contentitemid contentmanagement await content var contentmanager 
22	0,00116	string true options ctx settings private resource 
23	0,79508	public orchardcore string class namespace set services 
24	0,07061	context orchardcore settings model set contentmanagement string 
25	0,00538	templates template placements shapetype templatesmanager templatesdocument admintemplates 
26	0,01192	path autoroute autoroutepart entry entries slug part 
27	0,00719	contenttypes displayname public viewmodel contenttypedefinition part string 
28	0,00387	lists listpart containedpart query pager listcontentitemid orchardcore 
29	0,00344	query queries builder expression var public querymanager 
30	0,00529	var assert equal inlinedata fact public result 
31	0,00645	placement layout theme placementinfo properties builder cref 
32	0,00523	orchardcore false task class count true services 
33	0,12082	public await orchardcore model authorizationservice task set 
34	0,00646	contentitem task public part context tpart content 
35	0,00471	culture contentlocalization recaptcha localizationset localizationpart localizationservice localization 
36	0,00817	audittrail audittrailevent query category options val events 
37	0,02233	context fluid liquid var public fluidvalue arguments 
38	0,01338	features summary themes feature shellfeaturesmanager id theme 
39	0,00864	xelement xml element xmlrpc rpc xrpcdata feeds 
40	0,00831	graphql field alias description query fieldtype queries 
41	0,06588	path module application class fileproviders attribute subpath 
42	0,26428	summary param public string returns cref namespace 
43	0,01246	equal id theme param const semver author 
44	0,002	workflowtype model override await http syntax session 
45	0,01557	field column contentfields public partfielddefinition table fields 
46	0,01289	html markdown var htmlencoder contentitem htmlsanitizerservice options 
47	0,06163	shellsettings var await options microsoft tenant shell 
48	0,03287	part contentitem title pattern contentmanagement table contentdefinitionmanager 
49	0,01153	options redis media azure containername shellsettings configuration 
50	0,02614	shape alternates var key string getproperty metadata 
51	0,00289	benchmark task pragma warning sd func ca1822 
52	0,00332	demo permissions applicationmanager connect openidpermissions scopes claim 
53	0,01063	workflows activity workflow workflowcontext public activitycontext activities 
54	0,16903	assembly orchardcore microsoft manifestconstants comvisible modules override 
55	0,05788	nameof updatemodelaccessor options authorizationservice session sealed index 
56	0,00552	adminmenu menu menuitem adminmenuservice treenode adminmenulist menuitems 
57	0,00917	layers widgets layer flows widget layerservice layermetadata 
58	0,00332	rule urlrewriting rewriterule context pattern metadata rules 
59	0,0116	shape displaymanagement tmodel ishape shapetype position object 
60	0,01079	document tdocument options environment builder cache scope 
61	0,01058	localization culture summary param translation key string 
62	0,00537	azureai search lexicalanalyzername values index map context 
63	0,01393	mvc microsoft aspnetcore controller pages var razor 
64	0,00906	cachecontext cache summary dynamiccache content timespan cacheoptions 
65	0,00202	serviceprovider tab1 context shellsettings shaperesult location getservice 
66	0,00602	item menuitem menu items page viewcontext source 
67	0,00508	context handler contentitem await fieldcontext published document 
68	0,03051	path file directory stream task string store 
69	0,00322	await content async add expected theory manifest 
70	0,00787	user task iuser cancellationtoken context throwifnull argumentnullexception 
71	0,01174	message email sms settings options cancellationtoken provider 
72	0,27605	orchardcore public model override services return class 
73	0,51676	var return string await private null readonly 
74	0,01113	indexprofile index indexing providername model await id 
75	0,00483	summary translations culture datalocalization translationsmanager context translation 
76	0,00663	media path mediafilestore mediaoptions mediapermissions options string 
77	0,00281	part forms public context orchardcore set workflows 
78	0,00785	shellsettings data migration methodinfo yessql document database 
79	0,00381	elasticsearch index core elasticsearchconstants typeof response indexfullname 
80	0,0057	static type json jsonarray int shellcontext module 
81	0,00714	lucene var query index net case boost 
82	0,01418	context contentpart type string contentmanagement summary partname 
83	0,01445	shellsettings model string tenants setup databaseprovider shellhost 
84	0,0057	condition rules public options class namespace conditionoperator 
85	0,00696	notification notifications cancellationtoken user provider param message 
86	0,0072	role roles rolename irole rolemanager task cancellationtoken 
87	0,00411	contents content contentmanager orchardcore workflows commonpermissions permission 
88	0,01269	settings microsoft authentication options twitter callbackpath features 
89	0,00189	taxonomies taxonomy taxonomycontentitemid terms taxonomypart level term 
90	0,01075	string public settings version var resource set 
91	0,05332	settings feature builder key configuration void disposed 
92	0,00194	sb appendline currentindent properties context accessibility type 
93	0,00814	string aspect public shortcodes set seo part 
94	0,07495	settings siteservice site permissions add task context 
95	0,00865	facebook liquid facebooksettings liquidtemplatemanager widgets meta liquidpart 
96	0,01099	summary shell scope jsonvalue task jsondynamicvalue jsonnode 
97	0,00536	deployment deploymentplan remote deploymentpermissions session import spatial 
98	0,00878	cancellationtoken string valuetask public token virtual return 
99	0,00099	settings context email returnurl workflows httpcontextaccessor httpcontext 

[beta: 0,00455] 
<750> LL/token: -6,8704
<760> LL/token: -6,8706
<770> LL/token: -6,87357
<780> LL/token: -6,86575
<790> LL/token: -6,86988

0	0,00894	summary var shellcontext scope environment shellhost shelldescriptor 
1	0,00805	assert string var nameof renderkeyvaluepair module description 
2	0,0033	key typepartdefinition contentitem display shapetype partfielddefinition var 
3	0,00715	azure application indexing vnd connectionstring image filestream 
4	0,2592	context task services private ienumerable type serviceprovider 
5	0,00459	sitemaps sitemap sitemapid sitemapmanager path source sitemapsource 
6	0,00732	tenant features shell settings feature descriptor id 
7	0,03655	aspnetcore metadata attributes mvc output microsoft override 
8	0,00189	models aspnetcore rolename identityoptions permission microsoft userid 
9	0,01336	query lucene search index step var metadata 
10	0,00455	alias const security string options aliaspart contentsecuritypolicy 
11	0,30782	public return static string null system text 
12	0,02439	js orchardcore min resources css sha384 jquery 
13	0,01028	page await locator fixture tests app async 
14	0,14418	logger private extensions readonly ilogger microsoft logging 
15	0,00703	graphql request apis validationcontext query options maxnumberofresultsvalidationmode 
16	0,02528	task context result data ienumerable permission entities 
17	0,00926	settings model openid set descriptor add openiddictconstants 
18	0,00727	application await authorization scope openid type properties 
19	0,0127	user users usermanager await username iuser password 
20	0,01389	recipes recipedescriptor recipe append client executionid content 
21	0,07094	contentitem contentitemid contentmanagement content await item contentmanager 
22	0,00099	string true options ctx settings private resource 
23	0,73951	public orchardcore string class namespace set services 
24	0,06901	context orchardcore settings model set contentmanagement string 
25	0,00428	templates template placements shapetype templatesmanager templatesdocument admintemplates 
26	0,01231	path autoroute autoroutepart entry part entries slug 
27	0,00684	contenttypes displayname public viewmodel contenttypedefinition context part 
28	0,00362	lists listpart containedpart query pager listcontentitemid enableordering 
29	0,00307	query builder queries var expression querymanager append 
30	0,00549	var assert equal inlinedata public result fact 
31	0,00566	placement layout theme builder properties placementinfo id 
32	0,0046	orchardcore task false class count services baz 
33	0,10981	public await orchardcore model set authorizationservice task 
34	0,00565	contentitem task part context public tpart settings 
35	0,00469	culture contentlocalization recaptcha localizationset localizationpart localizationservice localization 
36	0,00833	audittrail audittrailevent query category options val events 
37	0,02086	context liquid fluid fluidvalue var arguments orchardcore 
38	0,01245	features summary themes feature shellfeaturesmanager id theme 
39	0,00839	xelement xml element xmlrpc rpc xrpcdata feeds 
40	0,00799	graphql field alias description query fieldtype expression 
41	0,06516	path module application subpath summary assembly attribute 
42	0,23924	summary param public string returns cref orchardcore 
43	0,01223	equal id theme param const semver priority 
44	0,00186	workflowtype override await model http syntax session 
45	0,01299	field contentfields column partfielddefinition public table fields 
46	0,01187	html markdown contentitem htmlencoder var htmlsanitizerservice liquidtemplatemanager 
47	0,05922	shellsettings var await options shell tenant extensions 
48	0,03283	part contentitem title pattern contentmanagement contentdefinitionmanager table 
49	0,0117	options redis media azure containername shellsettings configuration 
50	0,02322	shape var alternates displaying string getproperty routedata 
51	0,00284	benchmark func task ca1822 pragma warning sd 
52	0,0025	demo permissions applicationmanager connect claim scopes public 
53	0,01074	workflows activity workflowcontext workflow activitycontext activities models 
54	0,153	assembly orchardcore manifestconstants microsoft modules comvisible aspnetcore 
55	0,05314	nameof updatemodelaccessor authorizationservice options session text ctx 
56	0,0057	adminmenu menu menuitem treenode adminmenuservice adminmenulist menuitems 
57	0,00923	layers widgets flows layer widget layerservice layermetadata 
58	0,00297	rule urlrewriting rewriterule context pattern metadata rules 
59	0,0114	shape displaymanagement tmodel ishape shapetype position object 
60	0,01099	document tdocument options builder scope environment summary 
61	0,00909	localization culture param summary context translation key 
62	0,00476	search azureai lexicalanalyzername values index map models 
63	0,01348	mvc microsoft aspnetcore controller admin pages razor 
64	0,00914	cachecontext cache dynamiccache summary content cacheoptions cached 
65	0,00195	serviceprovider tab1 context shaperesult getservice displaymanagement path 
66	0,00589	item menuitem menu items viewcontext page source 
67	0,00446	context handler contentitem published await fieldcontext logger 
68	0,02845	path file task stream directory store public 
69	0,00341	await content async add expected theory info 
70	0,00624	user task iuser cancellationtoken argumentnullexception throwifnull reporterror 
71	0,01246	message email sms settings options string cancellationtoken 
72	0,25183	orchardcore public model override services class return 
73	0,4862	var return string await private null readonly 
74	0,01143	indexprofile index indexing providername model type await 
75	0,00444	summary translations culture datalocalization translationsmanager translation culturename 
76	0,00669	media path mediafilestore mediaoptions mediapermissions options format 
77	0,0032	part forms public orchardcore context set models 
78	0,00804	shellsettings migration data methodinfo yessql document database 
79	0,00313	elasticsearch index core elasticsearchconstants orchardcore response typeof 
80	0,00572	static type json jsonarray int shellcontext state 
81	0,00745	lucene var query index net case boost 
82	0,01453	context contentpart string type contentmanagement partname summary 
83	0,01351	shellsettings model string tenants setup databaseprovider shellhost 
84	0,00515	condition rules public options class conditionoperator string 
85	0,00777	notification notifications cancellationtoken context param user provider 
86	0,00721	role roles rolename irole task rolemanager cancellationtoken 
87	0,00422	contents content contentitem contentmanager commonpermissions workflows orchardcore 
88	0,01356	settings authentication microsoft options twitter callbackpath features 
89	0,00194	taxonomies taxonomy taxonomycontentitemid terms taxonomypart level term 
90	0,01112	string public settings version var resource type 
91	0,04954	settings feature builder key configuration void disposed 
92	0,00289	sb appendline currentindent properties context accessibility type 
93	0,00796	string aspect shortcodes part seo content set 
94	0,07283	settings siteservice site permissions readonly add context 
95	0,00842	facebook liquid facebooksettings widgets meta liquidtemplatemanager login 
96	0,00914	summary shell scope jsonvalue jsondynamicvalue jsonnode node 
97	0,00572	deployment deploymentplan step remote deploymentpermissions session import 
98	0,00857	cancellationtoken valuetask string public token virtual inheritdoc 
99	0,00092	settings email context returnurl workflows httpcontextaccessor activity 

[beta: 0,00455] 
<800> LL/token: -6,87033
<810> LL/token: -6,86878
<820> LL/token: -6,86677
<830> LL/token: -6,86659
<840> LL/token: -6,8647

0	0,00826	var summary environment shellcontext shellhost scope shelldescriptor 
1	0,00709	assert string var nameof renderkeyvaluepair module description 
2	0,00318	contentitem typepartdefinition key display shapetype partfielddefinition driver 
3	0,00652	azure application filestream vnd document media indexing 
4	0,23905	context task services ienumerable type serviceprovider readonly 
5	0,00414	sitemaps sitemap sitemapid sitemapmanager path source sitemapsource 
6	0,00674	tenant feature features settings shell id default 
7	0,03528	aspnetcore metadata attributes microsoft mvc private override 
8	0,00192	models users aspnetcore microsoft rolename session identityoptions 
9	0,01298	query lucene search step index store deployment 
10	0,00455	alias security const string aliaspart options contentsecuritypolicy 
11	0,28823	public return static string null system text 
12	0,02411	js min orchardcore css resources sha384 jquery 
13	0,01039	page await locator fixture tests app tenant 
14	0,14153	logger readonly extensions microsoft private ilogger services 
15	0,00768	graphql request apis validationcontext query options permission 
16	0,02607	context task result data permission handler ienumerable 
17	0,0085	settings model openid set descriptor add openiddictconstants 
18	0,00573	application await authorization scope openid type properties 
19	0,01357	user users usermanager await username iuser string 
20	0,01367	recipes recipe recipedescriptor append client executionid globalmethod 
21	0,06689	contentitem contentitemid await contentmanagement content item var 
22	0,00088	string true options ctx private settings resource 
23	0,692	public orchardcore string class namespace set static 
24	0,06358	context orchardcore settings model set contentmanagement string 
25	0,00445	templates template placements shapetype templatesmanager templatesdocument admintemplates 
26	0,0118	path autoroute autoroutepart entry part entries slug 
27	0,00671	contenttypes public displayname viewmodel contenttypedefinition string part 
28	0,00375	lists listpart containedpart query pager listcontentitemid order 
29	0,00291	query queries builder var expression querymanager append 
30	0,0059	var assert equal inlinedata public result fact 
31	0,00466	placement layout theme placementinfo properties builder id 
32	0,00436	orchardcore task false services class count true 
33	0,10282	public await orchardcore model authorizationservice set task 
34	0,00609	contentitem task public part context tpart settings 
35	0,00476	culture contentlocalization recaptcha localizationset localizationpart localization localizationservice 
36	0,00782	audittrail audittrailevent query options category val events 
37	0,01854	context liquid fluid public fluidvalue orchardcore arguments 
38	0,01379	features summary themes feature theme shellfeaturesmanager id 
39	0,00863	xelement xml element xmlrpc rpc xrpcdata feeds 
40	0,00771	graphql field alias description query queries contentmanagement 
41	0,06362	path module application subpath assembly feature attribute 
42	0,22235	summary param public string returns cref orchardcore 
43	0,01009	equal id theme author param const semver 
44	0,00188	workflowtype model await override http session syntax 
45	0,01354	field contentfields column public partfielddefinition table fields 
46	0,01127	html markdown var contentitem htmlencoder options liquidtemplatemanager 
47	0,05407	shellsettings await options shell var extensions tenant 
48	0,03001	part contentitem title pattern contentmanagement table contentdefinitionmanager 
49	0,01115	options redis media azure shellsettings orchardcore containername 
50	0,02326	shape var alternates string displaying getproperty metadata 
51	0,00276	benchmark var ca1822 pragma func task sd 
52	0,00212	demo permissions connect claim add httpcontext authenticationscheme 
53	0,01104	workflows activity workflow workflowcontext activitycontext public orchardcore 
54	0,14768	assembly orchardcore microsoft manifestconstants aspnetcore comvisible modules 
55	0,05051	nameof authorizationservice options updatemodelaccessor view controller ctx 
56	0,00526	adminmenu menu menuitem treenode adminmenuservice adminmenulist menuitems 
57	0,00911	layers widgets layer flows widget layerservice add 
58	0,00301	rule urlrewriting context rewriterule pattern metadata rules 
59	0,01044	shape displaymanagement tmodel ishape shapetype position object 
60	0,00975	document tdocument options builder environment scope cache 
61	0,00908	localization culture summary param string context translation 
62	0,00485	azureai search lexicalanalyzername values index models map 
63	0,01322	mvc microsoft aspnetcore controller var razor pages 
64	0,00895	cachecontext cache dynamiccache summary tags contexts cacheoptions 
65	0,00193	tab1 shellsettings serviceprovider shaperesult cancellationtoken location displaymanagement 
66	0,00636	item menuitem menu items page viewcontext source 
67	0,00424	context handler contentitem fieldcontext published await part 
68	0,02575	path file directory stream task store public 
69	0,00334	await content async add expected theory col1 
70	0,0055	user iuser task cancellationtoken argumentnullexception throwifnull reporterror 
71	0,01156	message email sms settings options cancellationtoken provider 
72	0,23896	orchardcore public model override class services return 
73	0,45993	var return string private await null async 
74	0,01091	indexprofile index indexing providername await model id 
75	0,00482	summary translations culture datalocalization translationsmanager context translation 
76	0,00593	media path mediafilestore mediaoptions mediapermissions options string 
77	0,00322	part forms public orchardcore context set workflows 
78	0,00831	shellsettings migration methodinfo data yessql document database 
79	0,00364	elasticsearch index orchardcore core elasticsearchconstants typeof response 
80	0,00569	static type json jsonarray shellcontext module state 
81	0,00701	lucene var index query net case orchardcore 
82	0,01565	context contentpart string type contentmanagement partname summary 
83	0,01338	shellsettings model string tenants setup databaseprovider tenant 
84	0,00545	condition rules options public conditionoperator models bool 
85	0,00687	notification notifications cancellationtoken context provider user message 
86	0,00778	role roles rolename task irole rolemanager cancellationtoken 
87	0,00384	contents content contentmanager contentitem workflows commonpermissions permission 
88	0,01283	settings microsoft authentication options twitter callbackpath features 
89	0,00172	taxonomies taxonomy taxonomycontentitemid terms taxonomypart field level 
90	0,01027	string public version settings var resource set 
91	0,04959	settings builder configuration key void enabled disposed 
92	0,00243	sb appendline currentindent properties context accessibility global 
93	0,00684	aspect string shortcodes part seo content isnullorempty 
94	0,07211	settings siteservice site context permissions add isiteservice 
95	0,00803	facebook liquid facebooksettings widgets meta liquidtemplatemanager filters 
96	0,00932	summary scope shell jsonvalue task jsondynamicvalue jsonnode 
97	0,00709	deployment deploymentplan step remote deploymentpermissions session id 
98	0,00513	cancellationtoken string valuetask public token virtual inheritdoc 
99	0,00093	settings context email httpcontextaccessor returnurl workflows httpcontext 

[beta: 0,00456] 
<850> LL/token: -6,86197
<860> LL/token: -6,86284
<870> LL/token: -6,86274
<880> LL/token: -6,86176
<890> LL/token: -6,86267

0	0,0067	summary var descriptor shellcontext shellhost scope environment 
1	0,00788	assert string var nameof renderkeyvaluepair module description 
2	0,00289	contentitem typepartdefinition key var display shapetype partfielddefinition 
3	0,00639	azure application vnd providers indexing ms imediafiletextprovider 
4	0,23168	context task type serviceprovider ienumerable private services 
5	0,00375	sitemaps sitemap sitemapid sitemapmanager source path sitemapsource 
6	0,00584	tenant feature features shell settings ifeatureinfo semaphore 
7	0,03275	aspnetcore metadata microsoft attributes mvc private taghelpers 
8	0,0018	users models rolename aspnetcore microsoft identityoptions session 
9	0,01266	query lucene var search step deployment store 
10	0,00427	alias security string const options aliaspart contentsecuritypolicy 
11	0,27029	public return static string null system text 
12	0,02388	js orchardcore min css resources sha384 jquery 
13	0,01048	page await locator fixture tests app tenant 
14	0,14092	logger readonly private microsoft ilogger services extensions 
15	0,00787	graphql request apis validationcontext query valuetask permission 
16	0,02525	context task result data handler permission errors 
17	0,00785	settings model openid set add descriptor openiddictconstants 
18	0,00541	application await authorization scope openid type properties 
19	0,01226	user users usermanager await username iuser string 
20	0,014	recipes recipe recipedescriptor client append executionid task 
21	0,06693	contentitem contentitemid contentmanagement await content item var 
22	0,00095	string true options ctx settings resource private 
23	0,64989	public orchardcore string class namespace set static 
24	0,06243	context orchardcore settings model contentmanagement set string 
25	0,00389	templates template placements shapetype templatesmanager templatesdocument admintemplates 
26	0,01209	path autoroute autoroutepart part entry entries slug 
27	0,00682	public contenttypes displayname viewmodel contenttypedefinition part content 
28	0,00405	lists listpart containedpart query pager listcontentitemid order 
29	0,00285	query queries builder var expression querymanager append 
30	0,00595	var assert equal inlinedata public fact result 
31	0,00529	placement layout theme placementinfo builder properties id 
32	0,00422	orchardcore task false services count class baz 
33	0,09752	public await model orchardcore task set authorizationservice 
34	0,0067	task contentitem public part context tpart settings 
35	0,00463	culture contentlocalization recaptcha localizationset localizationpart localizationservice localization 
36	0,00693	audittrail audittrailevent query category options val events 
37	0,01766	context public fluid liquid fluidvalue arguments valuetask 
38	0,0137	features summary themes feature theme shellfeaturesmanager id 
39	0,00921	xelement xml element xmlrpc rpc xrpcdata feeds 
40	0,00864	graphql field alias description query types fieldtype 
41	0,06091	path module application assembly subpath summary fileproviders 
42	0,20924	summary param public string returns cref namespace 
43	0,01019	equal id theme author param const semver 
44	0,00177	workflowtype model override http session await syntax 
45	0,01354	field contentfields column public partfielddefinition table fields 
46	0,01032	html markdown var htmlencoder contentitem options liquidtemplatemanager 
47	0,05138	shellsettings var await options extensions shell tenant 
48	0,02908	part title pattern table contentitem contentmanagement display 
49	0,01063	options redis media orchardcore azure shellsettings containername 
50	0,02202	shape alternates var displaying string metadata getproperty 
51	0,00284	task benchmark warning ca1822 pragma func var 
52	0,00183	demo permissions claim session index text profile 
53	0,01063	workflows activity workflowcontext workflow activitycontext public activities 
54	0,14211	assembly orchardcore microsoft manifestconstants modules comvisible aspnetcore 
55	0,04836	nameof options updatemodelaccessor authorizationservice controller ctx tostring 
56	0,00532	adminmenu menu menuitem treenode adminmenuservice adminmenulist menuitems 
57	0,00776	layers widgets layer flows widget layerservice add 
58	0,00304	rule urlrewriting rewriterule context pattern metadata rules 
59	0,00968	shape displaymanagement tmodel ishape shapetype position return 
60	0,00931	document tdocument options builder scope cache commands 
61	0,00957	localization culture param summary context string translation 
62	0,00526	search azureai lexicalanalyzername values index models map 
63	0,01361	mvc microsoft aspnetcore controller razor pages admin 
64	0,00883	cachecontext cache content dynamiccache summary cacheoptions options 
65	0,00189	tab1 serviceprovider shellsettings location displaymanagement cancellationtoken path 
66	0,00676	item menuitem menu items viewcontext page source 
67	0,00372	context handler contentitem fieldcontext published document part 
68	0,0255	path file directory stream task store string 
69	0,00265	await content async add expected theory col1 
70	0,00535	user task iuser cancellationtoken context claim throwifnull 
71	0,01008	message email sms options settings cancellationtoken provider 
72	0,22884	orchardcore public model override services class return 
73	0,43798	var string return await private null async 
74	0,01064	indexprofile index indexing providername model await orchardcore 
75	0,00408	summary translations culture datalocalization translationsmanager context translation 
76	0,00556	media path mediafilestore mediaoptions mediapermissions options filestore 
77	0,00335	part forms public orchardcore set context workflows 
78	0,00779	shellsettings migration data methodinfo yessql task document 
79	0,00362	elasticsearch index core elasticsearchconstants orchardcore response typeof 
80	0,00476	type json static jsonarray feature module state 
81	0,00728	lucene var index query net case boost 
82	0,01601	string context type contentpart summary contentmanagement partname 
83	0,01323	shellsettings model string tenants setup databaseprovider tenant 
84	0,00493	condition rules public options class conditionoperator models 
85	0,00673	notification notifications cancellationtoken context user param provider 
86	0,00722	role roles rolename irole task rolemanager cancellationtoken 
87	0,0041	contents content contentitem contentmanager commonpermissions workflows permission 
88	0,0131	settings microsoft authentication options twitter callbackpath features 
89	0,0017	taxonomies taxonomy taxonomycontentitemid terms taxonomypart field level 
90	0,01015	string version var settings public resource resourcemanager 
91	0,05213	settings builder key configuration void internal exception 
92	0,00289	sb appendline currentindent properties context accessibility static 
93	0,00431	string aspect shortcodes seo public part content 
94	0,07073	settings siteservice site readonly context permissions add 
95	0,00827	facebook liquid facebooksettings widgets meta liquidtemplatemanager login 
96	0,00902	summary shell scope jsonvalue jsondynamicvalue task jsonnode 
97	0,00748	deployment deploymentplan step remote deploymentpermissions session deploymentstep 
98	0,00401	cancellationtoken valuetask string public token virtual inheritdoc 
99	0,00098	settings email context returnurl httpcontextaccessor workflows modelstate 

[beta: 0,00457] 
<900> LL/token: -6,86146
<910> LL/token: -6,85975
<920> LL/token: -6,86244
<930> LL/token: -6,85951
<940> LL/token: -6,85881

0	0,00905	summary id descriptor environment scope shellcontext shellhost 
1	0,00775	assert string var nameof renderkeyvaluepair module description 
2	0,00277	contentitem typepartdefinition key display var shapetype partfielddefinition 
3	0,00624	azure application vnd filestream indexing connectionstring document 
4	0,22361	context task serviceprovider services private ienumerable type 
5	0,00346	sitemaps sitemap sitemapid sitemapmanager path source task 
6	0,00556	tenant feature settings features shell default ifeatureinfo 
7	0,03166	aspnetcore microsoft metadata attributes mvc override taghelpers 
8	0,00188	users models rolename aspnetcore microsoft identityoptions session 
9	0,013	query lucene step var search index deployment 
10	0,00382	alias security const options string aliaspart contentsecuritypolicy 
11	0,25651	public return static string null system text 
12	0,02186	js min orchardcore resources css sha384 jquery 
13	0,0107	page await locator fixture tests app functional 
14	0,13916	logger private readonly extensions microsoft ilogger services 
15	0,0068	graphql request apis query validationcontext permission options 
16	0,02712	task context result data ienumerable permission handler 
17	0,00637	settings model openid set add descriptor options 
18	0,00647	application await authorization scope openid type properties 
19	0,01217	user users usermanager await username iuser string 
20	0,01314	recipes recipedescriptor recipe client append executionid globalmethod 
21	0,06687	contentitem contentitemid contentmanagement content await item contentmanager 
22	0,0012	string true options ctx settings resource metadata 
23	0,62071	public orchardcore string class namespace set static 
24	0,06178	context orchardcore settings model set contentmanagement part 
25	0,00506	templates template placements shapetype templatesmanager templatesdocument admintemplates 
26	0,01211	path autoroute autoroutepart entry part entries slug 
27	0,0066	contenttypes public displayname viewmodel contenttypedefinition part contentdefinitionmanager 
28	0,00342	lists listpart containedpart query listcontentitemid pager order 
29	0,00263	query queries builder var expression querymanager append 
30	0,00528	var assert equal inlinedata public fact result 
31	0,00406	placement layout theme placementinfo properties builder id 
32	0,00458	orchardcore false task services count class baz 
33	0,09445	public await model orchardcore set authorizationservice task 
34	0,00575	contentitem task part public context tpart settings 
35	0,00443	culture contentlocalization recaptcha localizationset localizationpart localizationservice localization 
36	0,00715	audittrail audittrailevent query category options val model 
37	0,018	context fluid liquid fluidvalue orchardcore arguments valuetask 
38	0,0144	features summary themes feature shellfeaturesmanager id theme 
39	0,00975	xelement xml element xmlrpc rpc xrpcdata feeds 
40	0,00976	graphql field alias query description expression queries 
41	0,05789	path module application subpath attribute class fileproviders 
42	0,20133	summary param public string cref returns namespace 
43	0,00985	equal id theme author param const semver 
44	0,00169	workflowtype model workflowtypeid await http override session 
45	0,0116	field contentfields column partfielddefinition public table fields 
46	0,00971	html markdown contentitem htmlencoder var htmlsanitizerservice liquidtemplatemanager 
47	0,04857	shellsettings var await options shell extensions tenant 
48	0,02796	part title pattern table contentitem contentmanagement display 
49	0,01007	options redis media azure shellsettings orchardcore containername 
50	0,02182	shape alternates var displaying key string metadata 
51	0,00286	task benchmark pragma ca1822 private func warning 
52	0,00199	demo session return shape profile updatemodelaccessor testcontentparta 
53	0,01079	workflows activity workflow workflowcontext activitycontext activities models 
54	0,13958	assembly orchardcore microsoft manifestconstants aspnetcore modules comvisible 
55	0,04957	nameof options authorizationservice updatemodelaccessor ctx protected view 
56	0,00515	adminmenu menu menuitem treenode adminmenuservice adminmenulist menuitems 
57	0,00764	layers widgets layer flows widget layerservice layermetadata 
58	0,0031	rule urlrewriting context rewriterule pattern metadata rules 
59	0,01123	shape displaymanagement tmodel ishape shapetype position object 
60	0,00919	document tdocument options environment builder scope commands 
61	0,01031	localization culture summary param context string translation 
62	0,00517	search azureai lexicalanalyzername values orchardcore index map 
63	0,0137	mvc microsoft var aspnetcore controller razor pages 
64	0,00828	cachecontext cache summary dynamiccache content cacheoptions cacheid 
65	0,00213	serviceprovider tab1 shellsettings displaymanagement location cancellationtoken path 
66	0,00639	item menuitem menu items viewcontext page source 
67	0,00362	context handler contentitem fieldcontext published document logger 
68	0,02489	path file directory task stream store filestoreexception 
69	0,00256	await content async add expected theory col1 
70	0,005	user task iuser cancellationtoken argumentnullexception throwifnull context 
71	0,01057	message email settings sms options cancellationtoken provider 
72	0,22642	orchardcore public model override class services microsoft 
73	0,4216	var return string await private null readonly 
74	0,01066	indexprofile index indexing providername model id type 
75	0,00517	summary translations culture context datalocalization translationsmanager translation 
76	0,00564	media path mediafilestore mediaoptions string mediapermissions options 
77	0,00269	part forms public context set models workflows 
78	0,00788	shellsettings migration data methodinfo yessql document task 
79	0,00339	elasticsearch index orchardcore core elasticsearchconstants typeof response 
80	0,00588	type json feature static module jsonarray shellcontext 
81	0,00717	lucene var index query net case search 
82	0,01586	context string contentpart type summary content contentmanagement 
83	0,01345	shellsettings model string tenants setup databaseprovider shellhost 
84	0,00494	condition rules public options string conditionoperator models 
85	0,0058	notification notifications cancellationtoken context provider user message 
86	0,00685	role roles rolename irole rolemanager task security 
87	0,00428	contents content contentitem contentmanager commonpermissions workflows permission 
88	0,01207	settings microsoft authentication options twitter callbackpath features 
89	0,00179	taxonomies taxonomy taxonomycontentitemid terms taxonomypart level term 
90	0,01025	string var public version settings resource type 
91	0,04831	settings builder configuration key void disposed exception 
92	0,00357	sb appendline currentindent properties context accessibility type 
93	0,00399	string aspect shortcodes part seo set content 
94	0,07176	settings siteservice site permissions add context permission 
95	0,00837	facebook liquid facebooksettings widgets meta login liquidtemplatemanager 
96	0,00928	summary shell scope jsonvalue task jsondynamicvalue jsonnode 
97	0,00686	deployment deploymentplan step remote deploymentpermissions session deploymentstep 
98	0,00337	cancellationtoken valuetask string public token virtual inheritdoc 
99	0,00082	settings email context httpcontextaccessor returnurl workflows modelstate 

[beta: 0,00457] 
<950> LL/token: -6,86277
<960> LL/token: -6,85841
<970> LL/token: -6,85632
<980> LL/token: -6,86243
<990> LL/token: -6,85932

0	0,01039	var summary environment id descriptor shellcontext shellhost 
1	0,00717	assert string var nameof renderkeyvaluepair module summary 
2	0,0027	contentitem typepartdefinition key display shapetype partfielddefinition builder 
3	0,00574	azure var application media vnd connectionstring tokencredential 
4	0,21529	context task services private serviceprovider ienumerable type 
5	0,00334	sitemaps sitemap sitemapid sitemapmanager path source sitemapsource 
6	0,00462	tenant feature shell features settings ifeatureinfo default 
7	0,03006	metadata microsoft aspnetcore private attributes mvc override 
8	0,00192	users aspnetcore rolename microsoft session identityoptions permission 
9	0,01244	query lucene step var index search metadata 
10	0,00464	alias security const string aliaspart options contentsecuritypolicy 
11	0,25141	public return static null string text system 
12	0,02215	js orchardcore min resources css sha384 jquery 
13	0,00899	page await locator fixture tests tenant app 
14	0,14135	logger microsoft private readonly extensions ilogger services 
15	0,00661	graphql request apis graphtype validationcontext query fieldname 
16	0,02765	context result task permission data ienumerable handler 
17	0,00701	settings model openid set add descriptor openiddictconstants 
18	0,00704	application await authorization scope openid type properties 
19	0,01138	user users usermanager await username iuser password 
20	0,01397	recipes recipedescriptor recipe client append orchardcore executionid 
21	0,06747	contentitem contentitemid contentmanagement content await item var 
22	0,00099	string true options ctx settings resource metadata 
23	0,59781	public orchardcore string class namespace set static 
24	0,06308	context orchardcore settings model set contentmanagement part 
25	0,00501	templates template placements shapetype templatesmanager templatesdocument admintemplates 
26	0,01187	path autoroute autoroutepart part entry entries slug 
27	0,00671	contenttypes public displayname viewmodel contenttypedefinition contentdefinitionmanager partdefinition 
28	0,00356	lists listpart containedpart pager query listcontentitemid order 
29	0,00268	query queries builder var expression querymanager append 
30	0,00509	var assert equal inlinedata public fact result 
31	0,00387	placement layout theme builder placementinfo properties arguments 
32	0,00372	orchardcore false services class count baz string 
33	0,09145	public await orchardcore model set authorizationservice task 
34	0,00559	contentitem task public part context tpart settings 
35	0,00449	culture contentlocalization recaptcha localizationset localizationpart localizationservice localization 
36	0,00705	audittrail audittrailevent query category options val events 
37	0,01661	context liquid fluid fluidvalue public arguments orchardcore 
38	0,01493	features summary themes theme feature shellfeaturesmanager id 
39	0,00895	xelement xml element xmlrpc rpc xrpcdata feeds 
40	0,00943	graphql alias field description query contentmanagement fieldtype 
41	0,05734	path module class application assembly subpath attribute 
42	0,19824	summary param public string cref returns task 
43	0,00832	equal id theme author param const semver 
44	0,00174	workflowtype model workflowtypeid override http session await 
45	0,01009	field contentfields column partfielddefinition public table fields 
46	0,01117	html markdown var htmlencoder contentitem htmlsanitizerservice liquidtemplatemanager 
47	0,04389	shellsettings var options await extensions orchardcore shell 
48	0,02772	part title pattern table titlepart admindashboard dashboardpart 
49	0,01065	options redis media azure shellsettings containername configuration 
50	0,02158	shape alternates var string displaying key getproperty 
51	0,00277	var task benchmark private ca1822 warning pragma 
52	0,00225	demo return testcontentparta admin contentdisplay text profile 
53	0,01064	workflows activity workflow workflowcontext activitycontext orchardcore activities 
54	0,14059	assembly microsoft orchardcore manifestconstants comvisible modules aspnetcore 
55	0,04865	options nameof authorizationservice updatemodelaccessor controller ctx view 
56	0,00495	adminmenu menu menuitem treenode adminmenuservice adminmenulist menuitems 
57	0,00733	layers widgets layer flows widget layerservice layermetadata 
58	0,00308	rule urlrewriting rewriterule context pattern metadata rules 
59	0,01062	shape displaymanagement tmodel ishape shapetype position object 
60	0,00839	document tdocument summary options builder environment cache 
61	0,00951	localization culture param summary translation key string 
62	0,00486	search azureai values lexicalanalyzername orchardcore index map 
63	0,01229	microsoft mvc aspnetcore controller var razor extensions 
64	0,00879	cachecontext cache content dynamiccache summary tags cacheoptions 
65	0,00185	serviceprovider tab1 shellsettings location displaymanagement getservice path 
66	0,00593	item menuitem menu page items viewcontext source 
67	0,00425	context handler contentitem await fieldcontext published part 
68	0,02357	path file directory stream task store filestoreexception 
69	0,00305	await content async add theory expected col1 
70	0,00605	user task iuser cancellationtoken context throwifnull argumentnullexception 
71	0,01025	message email sms settings options cancellationtoken provider 
72	0,21874	orchardcore public model override class services microsoft 
73	0,41224	var return string private await null readonly 
74	0,01108	indexprofile index indexing providername model type indexprofilemanager 
75	0,00486	summary translations culture datalocalization translationsmanager context translation 
76	0,00566	media path mediafilestore mediaoptions string options mediapermissions 
77	0,00302	part forms public orchardcore set context models 
78	0,00844	data shellsettings migration methodinfo yessql document connection 
79	0,00289	elasticsearch index core elasticsearchconstants orchardcore typeof response 
80	0,00565	static type json feature jsonarray module default 
81	0,00698	lucene query var index net case search 
82	0,01595	context contentpart type string part summary contentmanagement 
83	0,01244	shellsettings model tenants string setup databaseprovider tenant 
84	0,00463	condition rules public options models class conditionoperator 
85	0,00586	notification notifications cancellationtoken context param provider message 
86	0,00544	role roles rolename task irole rolemanager security 
87	0,00376	contents content contentitem contentmanager commonpermissions workflows permission 
88	0,01135	settings authentication microsoft options twitter callbackpath features 
89	0,00164	taxonomies taxonomy taxonomycontentitemid terms taxonomypart field term 
90	0,01054	string public version settings var resource set 
91	0,04735	settings builder key configuration void disposed exception 
92	0,00321	sb appendline currentindent properties context accessibility type 
93	0,00377	string aspect shortcodes public seo part content 
94	0,07137	settings siteservice site permissions add context user 
95	0,00771	facebook liquid facebooksettings liquidtemplatemanager meta widgets htmlencoder 
96	0,00833	summary shell scope jsonvalue jsondynamicvalue task tenant 
97	0,00722	deployment deploymentplan step remote deploymentpermissions session deploymentstep 
98	0,00338	cancellationtoken string valuetask public token virtual inheritdoc 
99	0,00089	settings context email httpcontextaccessor returnurl workflows activity 

[beta: 0,00457] 
<1000> LL/token: -6,8602

Total time: 1 minutes 47 seconds
[arc] LDA done: 100 topics, 1000 iterations
[arc] DocTopics parsed 220 items, numTopics=100
    src='/orchardcore-0/csharp:csproj:src/OrchardCore/OrchardCore/Data/YesSql/Abstractions/OrchardCore/Data/YesSql/Abstractions/csproj' cSourced=false
    src='/orchardcore-0/csharp:csproj:src/OrchardCore/OrchardCore/Abstractions/OrchardCore/Abstractions/csproj' cSourced=false
    src='/orchardcore-0/csharp:csproj:src/OrchardCore/Modules/OrchardCore/DataLocalization/OrchardCore/DataLocalization/csproj' cSourced=false
    src='/orchardcore-0/csharp:csproj:src/OrchardCore/Modules/OrchardCore/Facebook/OrchardCore/Facebook/csproj' cSourced=false
    src='/orchardcore-0/csharp:csproj:src/OrchardCore/Cms/Web/OrchardCore/Cms/Web/csproj' cSourced=false
[arc] 0/220 DocTopicItems are C-sourced
No DocTopics file found, generating new one.
[arc] architecture initialized: 220 singleton clusters (entities matched to a topic vector)
[arc] clustered to 34 clusters (target 34)
[arc] wrote <repo>\out\orchardcore\baseline\arc-target\clusters.rsf
[arc-target] 34 clusters / 220 entities — MoJoFM=40.76 a2a=85.07109004739337 vs reference -> <repo>\out\orchardcore\baseline\arc-target\fidelity.json
