[arc] 1087 entities from graph-file.rsf
[arc] 1087/1087 entities had readable source text
Mallet LDA: 100 topics, 7 topic bits, 1111111 topic mask
max tokens: 19827
total tokens: 1704013
<10> LL/token: -8,17703
<20> LL/token: -7,72716
<30> LL/token: -7,57365
<40> LL/token: -7,48749

0	1	ptr offset13 img pixel offset12 vector vxprefix 
1	1	copyright software including provided source conditions license 
2	1	tp template inline const typename int return 
3	1	mat int idx img arr type ptr 
4	1	src int ocl dst size return false 
5	1	result return templ false img norm mktag 
6	1	val const return uint32_t operator cv_always_inline uint8_t 
7	1	typename int const t1 t0 t2 alpha 
8	1	virtual cv_wrap const vector class void public 
9	1	cvmat double objectpoints type distcoeffs cv_64f cameramatrix 
10	1	int width height std float size rect 
11	1	points double mat x1 int t2 x2 
12	1	mat int cv const double dist row 
13	1	int float std size push_back mat uchar 
14	1	p1 p2 p0 p3 return const void 
15	1	coeffs softfloat srccn nrepeats c0 softdouble c2 
16	1	dst src cv mask const int src1 
17	1	param image inputarray point camera outputarray output 
18	1	width std height images pt size channels 
19	1	layerparams layer int const std set net 
20	1	int const ptr std return vector info 
21	1	int size_t const uchar width t1 dst 
22	1	float m256 gap const vl arg src 
23	1	int const keypoints descriptors std vector empty 
24	1	void codegen_funcptr glenum glint gluint glsizei typedef 
25	1	const ptr tvec return vec_uchar16 vec_float4 vec_int4 
26	1	return int endl openni bool false const 
27	1	std const config ngraph inferenceengine auto shared_ptr 
28	1	float cv_exports public inputarray scale detail void 
29	1	dm minval maxval maxidx minidx float data 
30	1	int std const size vector size_t void 
31	1	int cv size width colormap void std 
32	1	vector std const size return size_t push_back 
33	1	int dst dst_step const uchar src dcn 
34	1	param const matrix int image returns destination 
35	1	std shape rank tensor end noexcept axis 
36	1	int bool const return sptr kernel dtype 
37	1	const dx int float cv double dsize 
38	1	ep2 im nx int double flags complex 
39	1	int kernel anchor height idxarg ocl umat 
40	1	buffer stream void cv const memory cv_unused 
41	1	float int double uchar plugin api uint 
42	1	namespace stream license csl include hpp file 
43	1	function array input texttt src cv_exports_w output 
44	1	window int return const trackbar distance string 
45	1	x00000006 x0004003d x00000007 x00000000 x000200f8 x0003003e x00050041 
46	1	int float const threshold std ptr getagastscore 
47	1	layerparams node_proto int input size const opencv_onnx 
48	1	void int const return char qt event 
49	1	return null cv const string filename false 
50	1	const handle size_t bool string std int 
51	1	mm_and_si128 v_mask imm wasm_v8x16_shuffle maxval mm_packus_epi16 mm_srli_epi16 
52	1	mat type int rows size cols step 
53	1	int point2f double point float points dx 
54	1	null context device status opencl cv return 
55	1	redistribution cv copying form written express procurement 
56	1	bstep alpha val v_and wsum idx val0 
57	1	double int mat ptr pt1 img const 
58	1	int params uint8_t const std costtype descriptor 
59	1	vtraits vlanes dst vx_load const v_float32 v_float64 
60	1	addnodetomatch int vaddq_f32 node vld1q_f32 vop float32x4_t 
61	1	float int mat const level ptr scale 
62	1	case break return false bool frame video 
63	1	i0 int max i1 hdr idx svm 
64	1	string char fs return data const int 
65	1	impl ctx const return int std string 
66	1	int float v_load const v_fma sum v_add 
67	1	qstring betas double int return void const 
68	1	int const x1 sum x0 sqsum x2 
69	1	img image data depth buffer channels bool 
70	1	ptr goto cb c_b is_not_a_corner is_a_corner offset6 
71	1	matexpr const return int res void double 
72	1	device__ forceinline__ int typename template const src 
73	1	ptr int uchar void strm break const 
74	1	int v0 v1 v_float64x2 res v_uint8x16 return 
75	1	cuda gpumat int srow size bayer dst 
76	1	void int const define cvapi cvarr cv_default 
77	1	inputs std size outputs vector auto const 
78	1	int float esz char marker board const 
79	1	matrix rotation vector algorithm begin method end 
80	1	const val inline return tpvec m128i tab 
81	1	define endif defined include ifdef static ifndef 
82	1	const quat quaternion return dualquat m_ std 
83	1	const int std return float m1 vector 
84	1	int n1 std abs split vi sd 
85	1	int v2 out_j in_j dilation_w vout0 v1 
86	1	ld std net size int layer layers 
87	1	seq int block ptr storage cvmat reader 
88	1	cv std return point2f float const points 
89	1	const std model vector float string blob 
90	1	src cn int dst len bordertype ft 
91	1	int params const cv_override float mat val 
92	1	int float val v_add sum_row prev_sum_row whitept 
93	1	image images mask color img size pixels 
94	1	vtraits vlanes v_float32 src v_add int s0 
95	1	return const params struct func cuda4dnn_device template 
96	1	imglabels_row int const block labelt continue ilabel 
97	1	float64_t return const uia softdouble static uiz 
98	1	int ptr std backendnode matshape size const 
99	1	int const m256i stride_w float wptr std 

<50> LL/token: -7,43297
<60> LL/token: -7,39112
<70> LL/token: -7,36152
<80> LL/token: -7,33578
<90> LL/token: -7,31309

0	1	ptr int img return vxprefix pixel threshold 
1	1	copyright software provided including conditions source include 
2	1	tp template inline typename const return int 
3	1	mat arr idx int img ptr type 
4	1	src dst int size ocl depth return 
5	1	result point2f return points templ false img 
6	1	val const return operator cv_always_inline data cv 
7	1	typename const int tid alpha class beta 
8	1	const virtual public class int void cv_wrap 
9	1	cvmat double objectpoints distcoeffs type mat cv_64f 
10	1	width size height int rect std idx 
11	1	double points mat x1 y1 x2 int 
12	1	mat const int cv tmp void dist 
13	1	int float min max uchar std ptr 
14	1	p1 p2 p0 return p3 const p4 
15	1	coeffs softfloat nrepeats whitept softdouble vx_setall_f32 srgb 
16	1	int mask dst src1 cv const src2 
17	1	param image inputarray returns point vector number 
18	1	width pt images height point_ size scalar_ 
19	1	layerparams layer int const std set net 
20	1	int const return ptr std model params 
21	1	int size_t const uchar width dst t1 
22	1	float major void gap roi m256 arg 
23	1	descriptors int keypoints const std empty matches 
24	1	void codegen_funcptr glenum glint gluint glsizei typedef 
25	1	const tvec ptr define vec_uchar16 vec_float4 vec_int4 
26	1	return int bool openni endl propvalue propidx 
27	1	std ngraph auto inferenceengine const shared_ptr op 
28	1	float inputarray scale void src_size detail k_rinv 
29	1	dm maxval minval maxidx minidx idx data 
30	1	int size const std vector point2f points 
31	1	int cv width height size void colormap 
32	1	std const vector size return size_t cv_assert 
33	1	int const uchar dcn src_step dst dst_step 
34	1	int const matrix param data element destination 
35	1	std shape tensor noexcept end rank axis 
36	1	int32_t kernel dtype ocl set config umat 
37	1	int dx const double dsize x1 float 
38	1	ep2 im int dst nx wave flags 
39	1	int kernel width height idxarg anchor ksize 
40	1	stream cuda gpumat buffer void cv const 
41	1	api plugin cv_cudev_implement_scalar_binary_op uchar char return backend 
42	1	license namespace include csl stream hpp file 
43	1	function array src texttt input dst cv_exports_w 
44	1	window return const trackbar int void distance 
45	1	x00000006 x0004003d x00000007 x00000000 x000200f8 x0003003e x00050041 
46	1	int const float std ptr getagastscore return 
47	1	layerparams node_proto int input const opencv_onnx std 
48	1	void int const char qt return cv 
49	1	return null cv string filename const false 
50	1	const handle size_t return string int bool 
51	1	m128i mm_and_si128 m128 v_mask wasm_v8x16_shuffle mm_packus_epi16 mm_srli_epi16 
52	1	mat type rows int cols size step 
53	1	int point2f const double dy dx point 
54	1	null context opencl device status cv impl 
55	1	cv copying form special static read written 
56	1	alpha val wsum idx float features v_reinterpret_as_s32 
57	1	double mat int img pt1 point cv_64f 
58	1	int params const costtype std uint8_t da 
59	1	vlanes vtraits dst v_float64 const v_float32 cn 
60	1	addnodetomatch int vaddq_f32 node vop op float32x4_t 
61	1	float const int mat ptr evolution size 
62	1	case break return false bool frame int 
63	1	i0 max i1 size hdr sparsemat sz 
64	1	ptr fs string char data const int 
65	1	ctx unsigned const return region endif bool 
66	1	int float a0 const v_load b0 sum 
67	1	int qstring return betas double void const 
68	1	int const x1 x0 x2 x3 rec 
69	1	img data int depth return channels buffer 
70	1	ptr goto cb c_b is_not_a_corner is_a_corner offset6 
71	1	const return matexpr int res void double 
72	1	device__ forceinline__ typename int template const src 
73	1	void ptr int strm uchar m_strm operation 
74	1	v0 v1 v_float64x2 res return m1 unsigned 
75	1	int srow bayer bstep dst size r0 
76	1	const int void define cvarr cvapi cv_default 
77	1	inputs std outputs const ptr size vector 
78	1	int dictionary size marker board vector markers 
79	1	matrix camera rotation vector algorithm bmatrix parameters 
80	1	const val inline tpvec return idx tab 
81	1	define endif defined include ifdef ifndef return 
82	1	const quat quaternion return dualquat m_ tp 
83	1	const int std vector float return override 
84	1	n1 int sd abs result rawpt eigenvectors 
85	1	out_j in_j const dilation_w int vout0 imgptr0 
86	1	ld int net layer layers size std 
87	1	seq int block storage reader ptr elem_size 
88	1	cv const std point2f cell points return 
89	1	model const std mat net blob network 
90	1	src cn int dst len vecsz bordertype 
91	1	int const params samples mat cv_override double 
92	1	val sum v_add sum_row int prev_sum_row vtraits 
93	1	image img images color mask point pixels 
94	1	vtraits vlanes src vx_load v_float32 v_add int 
95	1	return const params func struct void char 
96	1	imglabels_row int const block labelt continue ilabel 
97	1	const return float64_t softdouble uia static uiz 
98	1	int std size ptr vx tim matshape 
99	1	int m256i const std wptr stride_w s0 

<100> LL/token: -7,29146
<110> LL/token: -7,27308
<120> LL/token: -7,26305
<130> LL/token: -7,24959
<140> LL/token: -7,24142

0	1	ptr img return threshold vxprefix mask pixel 
1	1	copyright software provided including conditions source redistribution 
2	1	tp template inline typename const return operator 
3	1	mat arr int idx type ptr img 
4	1	src dst int size ocl depth type 
5	1	result point2f points templ img size return 
6	1	val const return operator cv_always_inline data cv_mat_elem 
7	1	typename const int tid alpha class beta 
8	1	const public void virtual class cv_override ptr 
9	1	cvmat double mat distcoeffs type cv_64f getmat 
10	1	size width height std rect idx img 
11	1	double points mat x1 const y1 x2 
12	1	mat const tmp int temp void cv_32fc1 
13	1	int float const uchar max min idx 
14	1	p1 p2 p0 return p3 const void 
15	1	coeffs softfloat nrepeats whitept softdouble vx_setall_f32 srgb 
16	1	mask src1 const int dst src2 cv 
17	1	param image returns cv_wrap number set int 
18	1	images width pt height point_ detail size 
19	1	layerparams layer int const set std net 
20	1	const int std return ptr model vector 
21	1	size_t const int width dst t1 uchar 
22	1	float major roi void gap arg vl 
23	1	int descriptors keypoints matches const empty fs 
24	1	void codegen_funcptr glenum glint gluint glsizei typedef 
25	1	const tvec define ptr ndisp vec_uchar16 vec_float4 
26	1	return bool endl openni int std propvalue 
27	1	std ngraph auto inferenceengine string shared_ptr args 
28	1	float inputarray scale src_size k_rinv img r_kinv 
29	1	dm maxval minval maxidx minidx data idx 
30	1	int std point2f corners size points neighbors 
31	1	int void cv width size height colormap 
32	1	std const vector size return size_t cv_assert 
33	1	int const uchar dcn dst src_step dst_step 
34	1	const int matrix data hist ranges element 
35	1	std shape noexcept tensor const rank deviceptr 
36	1	int32_t kernel ocl umat dtype set config 
37	1	int dx const dsize x1 ssize double 
38	1	ep2 im int const dst nx wave 
39	1	int kernel ksize idxarg anchor width height 
40	1	stream cuda gpumat const buffer int void 
41	1	api plugin cv_cudev_implement_scalar_binary_op backend return char cv_cudev_implement_vec_unary_func 
42	1	license namespace include csl stream hpp file 
43	1	array function texttt src dst input matrix 
44	1	window return const trackbar int distance void 
45	1	x00000006 x0004003d x00000007 x00000000 x000200f8 x0003003e x00050041 
46	1	int const float ptr getagastscore return scale 
47	1	layerparams node_proto input int const opencv_onnx std 
48	1	void int const char window qt return 
49	1	return null string false resulttype filename params 
50	1	const handle size_t int return bool device 
51	1	m128i mm_and_si128 m128 v_mask ci mm_packus_epi16 mm_srli_epi16 
52	1	mat type rows cols int step size 
53	1	int point2f double const dy dx points 
54	1	null context opencl status device cv char 
55	1	cv special read forms express important download 
56	1	val alpha idx wsum cameras vx_load_aligned objectpoints 
57	1	double mat img ptr pt1 point color 
58	1	int params const costtype uint8_t v_int16 std 
59	1	dst vlanes vtraits const v_float64 v_float32 cn 
60	1	addnodetomatch int vaddq_f32 node vop outbuf float32x4_t 
61	1	float const mat ptr evolution int scale 
62	1	case break return bool false frame int 
63	1	max size hdr heap struct sz i0 
64	1	ptr fs char string int filenode data 
65	1	ctx unsigned region endif const u32 ss 
66	1	int float a0 const v_load b0 v_fma 
67	1	int qstring betas return double const settings 
68	1	int x1 x0 const x2 rec v_type 
69	1	img int data image channels depth return 
70	1	ptr goto cb c_b is_not_a_corner is_a_corner offset6 
71	1	matexpr return const int res void expr 
72	1	device__ forceinline__ typename template const src struct 
73	1	void ptr strm operation uchar uint32_t var 
74	1	v0 v1 res return m1 num tmp 
75	1	int srow bstep bayer dst size r0 
76	1	const v_reg int cvarr cvapi void cv_default 
77	1	inputs std ptr outputs const vector size 
78	1	dictionary board markers marker int corners vector 
79	1	matrix points camera vector rotation inputarray ref 
80	1	const val inline return tpvec tab idx 
81	1	define endif defined ifdef include ifndef return 
82	1	const quat quaternion dualquat m_ return tp 
83	1	const int std vector float return mat 
84	1	n1 int abs sd astep result rawpt 
85	1	out_j in_j dilation_w int vout0 const imgptr0 
86	1	ld layer net int layers impl ptr 
87	1	seq int block storage reader ptr elem_size 
88	1	cv point2f const cell points float iter 
89	1	model mat std float network blob net 
90	1	src cn int dst len const vecsz 
91	1	int const params double samples data cv_override 
92	1	sum val v_add vlanes vtraits sum_row sqsum 
93	1	image color point mask images img pixel 
94	1	vtraits vlanes src v_float32 vx_load int v_add 
95	1	return params const func struct void template 
96	1	imglabels_row int const block labelt continue ilabel 
97	1	return const float64_t softdouble uia uiz static 
98	1	std size int vx tim ptr vector 
99	1	int const m256i wptr std stride_w s0 

<150> LL/token: -7,23316
<160> LL/token: -7,22596
<170> LL/token: -7,21943
<180> LL/token: -7,21263
<190> LL/token: -7,20843

0	1	img ptr int return mask threshold vxprefix 
1	1	copyright software including conditions provided source redistribution 
2	1	tp inline template typename const return operator 
3	1	mat idx int type arr ptr cv_error 
4	1	src dst int size type depth ocl 
5	1	result point2f points templ img return point 
6	1	val const return operator cv_always_inline data cv_mat_elem 
7	1	typename const int alpha tid beta class 
8	1	const void public virtual class cv_override ptr 
9	1	cvmat double mat type cv_64f distcoeffs getmat 
10	1	width size height rect std idx int 
11	1	double mat x1 points t2 x2 ptr 
12	1	mat temp int const lut omega_ state 
13	1	int float const uchar max min void 
14	1	p1 p0 p2 return p3 void const 
15	1	coeffs softfloat nrepeats whitept vx_setall_f32 softdouble srgb 
16	1	mask src1 const int dst src2 type 
17	1	param image cv_wrap returns number int size 
18	1	images detail pt width height std point_ 
19	1	layerparams layer int const set std net 
20	1	int const std return ptr model params 
21	1	size_t int const width dst height uchar 
22	1	float major roi gap arg m256 vl 
23	1	int descriptors keypoints const empty matches fs 
24	1	void codegen_funcptr glenum glint gluint glsizei const 
25	1	const tvec ptr define ndisp vec_uchar16 vec_float4 
26	1	return false bool endl openni true propvalue 
27	1	std ngraph auto inferenceengine string shared_ptr node 
28	1	float inputarray scale src_size k_rinv r_kinv std 
29	1	dm maxval minval maxidx minidx data idx 
30	1	int point2f std corners neighbors points centers 
31	1	int void width height colormap size struct 
32	1	std const vector size return size_t bool 
33	1	int const uchar dcn dst src_step dst_step 
34	1	const int matrix dims hist double ranges 
35	1	std noexcept shape tensor axis deviceptr const 
36	1	int32_t kernel umat ocl set false config 
37	1	int dx const dsize x1 double ssize 
38	1	ep2 im const int dst nx double 
39	1	int kernel ksize idxarg anchor height width 
40	1	stream cuda gpumat const int buffer void 
41	1	api null plugin backend return cv_cudev_implement_scalar_binary_op cv_cudev_implement_vec_unary_func 
42	1	license namespace include csl stream file hpp 
43	1	array matrix function dst input src texttt 
44	1	window return distance int trackbar const index 
45	1	x00000006 x0004003d x00000007 x00000000 x000200f8 x0003003e x00050041 
46	1	int float const ptr getagastscore return scale 
47	1	layerparams node_proto int input opencv_onnx const mat 
48	1	void int const char return window qt 
49	1	return null string false resulttype result params 
50	1	const handle int return size_t device string 
51	1	m128i mm_and_si128 m128 v_mask ci mm_packus_epi16 mm_srli_epi16 
52	1	mat type rows cols int size data 
53	1	point2f int double const polygon point std 
54	1	null status opencl context char device error 
55	1	cv void express static precomp count line 
56	1	alpha objectpoints val wsum cameras idx vx_load_aligned 
57	1	double mat img pt1 int ptr point 
58	1	int params const costtype v_int16 uint8_t da 
59	1	vtraits dst vlanes v_float64 const cn v_float32 
60	1	addnodetomatch int node vaddq_f32 net input outbuf 
61	1	float const mat int ptr evolution scale 
62	1	case break return bool int frame false 
63	1	max size hdr heap struct sz quad 
64	1	ptr fs char string filenode data int 
65	1	ctx unsigned region ss u32 endif const 
66	1	int a0 const float v_load v_fma b0 
67	1	int betas qstring double return const void 
68	1	int x1 x0 const x2 rec v_type 
69	1	img data int image channels depth return 
70	1	ptr goto cb c_b is_not_a_corner is_a_corner offset6 
71	1	matexpr return int const res double data 
72	1	device__ forceinline__ typename template const src struct 
73	1	void ptr var operation strm m_current uint32_t 
74	1	v0 v1 res return m1 num tmp 
75	1	srow int bayer bstep size r0 dst 
76	1	const int v_reg cvapi cvarr cv_default void 
77	1	inputs std ptr outputs const vector auto 
78	1	dictionary marker board vector markers corners size 
79	1	camera points matrix vector rotation inputarray ref 
80	1	const val inline return tpvec idx tab 
81	1	define endif defined include ifdef ifndef static 
82	1	const quat quaternion return dualquat m_ tp 
83	1	const int vector std return mat points 
84	1	n1 int abs sd result rawpt astep 
85	1	out_j in_j int dilation_w const vout0 imgptr0 
86	1	ld int net layer layers impl ptr 
87	1	seq int block storage ptr reader elem_size 
88	1	cv point2f cell float const iter points 
89	1	model float mat std net network blob 
90	1	src cn int dst len const vecsz 
91	1	int params double samples const data val 
92	1	val sum vtraits int v_add vlanes sum_row 
93	1	image point color src int texttt pixel 
94	1	vtraits vlanes v_float32 vx_load src int s0 
95	1	return params const func struct template void 
96	1	imglabels_row const int block labelt continue ilabel 
97	1	float64_t return const uia softdouble uiz static 
98	1	int std size vx tim ptr vector 
99	1	int m256i const std wptr wstep s0 

<200> LL/token: -7,20553
<210> LL/token: -7,20162
<220> LL/token: -7,19556
<230> LL/token: -7,19355
<240> LL/token: -7,19174

0	1	img int mask ptr threshold return vxprefix 
1	1	copyright software including provided conditions source redistribution 
2	1	tp const inline template typename return operator 
3	1	mat type int arr idx ptr cv_error 
4	1	src dst int size type depth ocl 
5	1	result point2f points templ img return size 
6	1	val const return operator cv_always_inline data cv_mat_elem 
7	1	typename const int tid alpha unsigned val 
8	1	const void public virtual class cv_override ptr 
9	1	cvmat double mat type distcoeffs cv_64f getmat 
10	1	width size height int rect std idx 
11	1	double mat points t1 x2 count int 
12	1	mat const int lut temp omega_ img 
13	1	int float const uchar max min void 
14	1	p1 p0 p2 const p3 return p4 
15	1	coeffs softfloat nrepeats whitept softdouble srgb vx_setall_f32 
16	1	mask src1 const src2 dst int type 
17	1	param image cv_wrap returns number function size 
18	1	images detail pt width std vector height 
19	1	layerparams layer int const set net string 
20	1	int const return double ptr std model 
21	1	size_t int const width dst height step 
22	1	float major void roi gap arg unsigned 
23	1	int descriptors keypoints const matches empty vector 
24	1	void codegen_funcptr glenum glint gluint glsizei typedef 
25	1	const tvec define ptr ndisp vec_uchar16 vec_float4 
26	1	return false openni endl int propvalue propidx 
27	1	std ngraph auto inferenceengine string shared_ptr node 
28	1	float inputarray scale k_rinv std r_kinv img 
29	1	dm maxval minval maxidx data minidx idx 
30	1	int point2f points corners centers neighbors pt 
31	1	int void width height colormap size struct 
32	1	std const size vector return size_t bool 
33	1	int const uchar dcn dst src_step src 
34	1	dims hist ranges const double ptrs idx 
35	1	std shape noexcept tensor const deviceptr axis 
36	1	int32_t kernel ocl umat set dtype config 
37	1	int dx const dsize x1 double ssize 
38	1	ep2 im const int dst size_t nx 
39	1	int kernel ksize idxarg anchor bordertype width 
40	1	stream const cuda gpumat int buffer void 
41	1	api plugin null backend cv_cudev_implement_scalar_binary_op return cv_cudev_implement_vec_unary_func 
42	1	license namespace include csl stream file hpp 
43	1	matrix array function input dst src texttt 
44	1	window return distance index trackbar int null 
45	1	x00000006 x0004003d x00000007 x00000000 x000200f8 x0003003e x00050041 
46	1	int const float getagastscore ptr scale max 
47	1	layerparams node_proto int input opencv_onnx output mat 
48	1	void int const char window return winname 
49	1	return null string false filename result const 
50	1	const handle return size_t int device string 
51	1	m128i mm_and_si128 m128 v_mask ci mm_packus_epi16 mm_srli_epi16 
52	1	mat type rows int cols size data 
53	1	int point2f double const polygon point pt 
54	1	null status context opencl error char device 
55	1	cv void static line precomp count include 
56	1	objectpoints alpha val wsum cameras vx_load_aligned idx 
57	1	double mat img ptr point pt1 int 
58	1	int params costtype const v_int16 uint8_t da 
59	1	vtraits vlanes dst v_float64 const v_float32 cn 
60	1	addnodetomatch int node vaddq_f32 net input outbuf 
61	1	float mat const ptr evolution size scale 
62	1	case break return int bool frame false 
63	1	max size sz hdr heap struct quad 
64	1	ptr fs char string filenode int data 
65	1	ctx unsigned region ss u32 endif msg 
66	1	int a0 float const v_load b0 v_fma 
67	1	double int qstring return betas const mat 
68	1	int x1 x0 x2 const rec x3 
69	1	img data int image channels return depth 
70	1	ptr goto cb c_b is_not_a_corner is_a_corner offset6 
71	1	matexpr return int const res data double 
72	1	device__ forceinline__ typename template src const struct 
73	1	void ptr operation var m_current uchar val 
74	1	v0 v1 res v2 return m1 tmp 
75	1	srow int bstep bayer dst r0 size 
76	1	const int v_reg cvarr cvapi cv_default void 
77	1	inputs std ptr outputs vector const op 
78	1	dictionary board marker markers corners vector size 
79	1	camera points matrix vector inputarray rotation outputarray 
80	1	const val inline return tpvec idx tab 
81	1	define endif defined include ifdef ifndef return 
82	1	const quat quaternion dualquat m_ return tp 
83	1	const int std vector mat points return 
84	1	n1 int mat abs sd astep result 
85	1	int out_j in_j const dilation_w vout0 imgptr0 
86	1	ld net int layer layers impl type 
87	1	seq int block storage ptr reader elem_size 
88	1	cv point2f cell iter float points const 
89	1	model float mat blob network std net 
90	1	src cn int dst len vecsz const 
91	1	int params double const samples data val 
92	1	sum val v_add vtraits vlanes sum_row int 
93	1	image src point texttt int color dst 
94	1	vtraits vlanes v_float32 vx_load src s0 v_add 
95	1	return params const func void template stream 
96	1	imglabels_row const int block labelt continue ilabel 
97	1	float64_t const return softdouble uia uiz static 
98	1	int std size vx tim ptr kernel_size 
99	1	m256i int const std float wptr m256 

[beta: 0,00363] 
<250> LL/token: -7,07926
<260> LL/token: -6,99453
<270> LL/token: -6,99096
<280> LL/token: -6,99146
<290> LL/token: -6,9902

0	0,20377	img mask int ptr threshold vxprefix pixel 
1	1,34894	copyright software including provided conditions source redistribution 
2	0,49707	tp inline const template typename return operator 
3	0,33452	int mat type arr idx ptr cvmat 
4	0,6759	src dst int size type depth ocl 
5	0,20625	result point2f points templ size img return 
6	0,28735	val const return cv_always_inline operator cv_mat_elem uint64_t 
7	0,19845	typename const int tid alpha class val 
8	0,9735	const void public virtual class ptr int 
9	0,21033	cvmat double mat distcoeffs type cv_64f getmat 
10	0,22048	width size height rect idx int double 
11	0,32147	double mat points count t1 x2 ptr 
12	0,23776	mat temp lut omega_ img const matx 
13	1,07009	int float const uchar max min void 
14	0,21673	p1 p0 p2 return p3 p4 op 
15	0,0452	coeffs softfloat nrepeats whitept softdouble vx_setall_f32 srgb 
16	0,30402	mask src1 const src2 dst int type 
17	0,71903	param image cv_wrap returns function number set 
18	0,28502	images detail height std width pt vector 
19	0,28863	layerparams layer int set const net tensorflow 
20	0,23578	int const ptr std return double model 
21	0,38355	size_t const int width dst height uchar 
22	0,19	float major gap roi void arg moments 
23	0,23436	descriptors keypoints int matches fs empty vector 
24	0,14016	codegen_funcptr void glenum glint gluint glsizei typedef 
25	0,13457	const tvec define ndisp ptr return vec_uchar16 
26	0,21573	return openni endl false true propvalue propidx 
27	0,25594	std ngraph auto inferenceengine string shared_ptr node 
28	0,23494	float inputarray scale src_size img k_rinv r_kinv 
29	0,16748	dm maxval minval maxidx minidx data idx 
30	0,19477	int point2f centers points corners neighbors vector 
31	0,23326	int width colormap height void size struct 
32	1,19368	std const size vector return size_t bool 
33	0,19266	int const uchar dcn dst src src_step 
34	0,22618	hist dims ranges double ptrs idx deltas 
35	0,36965	std shape noexcept tensor deviceptr axis descriptor 
36	0,21545	int32_t kernel ocl dtype umat config set 
37	0,18243	dx const int dsize double x1 ssize 
38	0,15167	ep2 im const dst nx wave flags 
39	0,2323	kernel ksize int idxarg anchor width mat 
40	0,35037	stream cuda gpumat const buffer int endif 
41	0,31603	api null plugin backend cv_cudev_implement_scalar_binary_op return cv_cudev_implement_vec_unary_func 
42	1,12501	license namespace include csl stream file hpp 
43	0,59109	matrix array input dst src texttt element 
44	0,26777	window distance index return trackbar cvflann rect 
45	0,03235	x00000006 x0004003d x00000007 x00000000 x000200f8 x0003003e x00050041 
46	0,23637	int float const getagastscore ptr scale max 
47	0,25053	layerparams node_proto input opencv_onnx int output axis 
48	0,25608	void int const window char return qt 
49	0,31211	return null string filename false resulttype result 
50	0,30708	const handle device int return size_t string 
51	0,07357	m128i mm_and_si128 m128 v_mask ci mm_packus_epi16 mm_srli_epi16 
52	0,71274	mat int rows type cols size data 
53	0,23938	point2f double int const polygon pt point 
54	0,33335	status null opencl context error char case 
55	0,88706	cv void static line precomp count true 
56	0,14542	objectpoints val alpha wsum cameras vx_load_aligned idx 
57	0,50568	double mat img ptr pt1 point color 
58	0,1975	int params costtype v_int16 uint8_t da const 
59	0,13484	vtraits dst vlanes v_float64 const v_float32 cn 
60	0,11255	addnodetomatch int node vaddq_f32 net outbuf input 
61	0,23259	float mat ptr const evolution scale lx 
62	0,4207	case break return frame int value_type camera 
63	0,25172	max size hdr heap sz struct quad 
64	0,40239	ptr fs char string filenode data int 
65	0,2929	ctx unsigned region ss u32 msg const 
66	0,19977	int a0 const v_load float b0 v_fma 
67	0,14601	double qstring betas int const return void 
68	0,18835	int x1 x0 x2 rec v_type x3 
69	0,32995	img data int image return channels depth 
70	0,14196	ptr goto cb c_b is_not_a_corner is_a_corner offset6 
71	0,20674	matexpr return int const res double data 
72	0,23294	device__ forceinline__ typename template src const struct 
73	0,17802	void ptr val operation uchar m_current var 
74	0,2446	v0 v1 res v2 return m1 num 
75	0,18017	srow bayer bstep r0 dst int size 
76	0,34676	const v_reg int cvapi cvarr cv_default void 
77	0,47567	inputs std ptr outputs vector const op 
78	0,21503	dictionary marker board markers corners point2f vector 
79	0,30112	camera points matrix inputarray vector rotation outputarray 
80	0,27263	const val inline return tpvec idx ptr 
81	0,82327	define endif defined ifdef include ifndef static 
82	0,23493	quat const quaternion dualquat m_ tp return 
83	0,28262	const int vector std mat points return 
84	0,18801	n1 astep int mat sd abs result 
85	0,10545	int out_j in_j dilation_w vout0 const imgptr0 
86	0,27178	ld layer net int layers type impl 
87	0,26999	seq int block storage ptr reader elem_size 
88	0,33635	cv point2f cell float points iter const 
89	0,27148	model float mat network blob net std 
90	0,26167	src cn dst len int vecsz const 
91	0,26023	double int params samples val data cv_override 
92	0,12775	val v_add vtraits vlanes sum sum_row sqsum 
93	0,28571	image point src int texttt dst color 
94	0,26192	vtraits vlanes v_float32 vx_load src s0 v_add 
95	0,28286	return params const func template struct stream 
96	0,1726	imglabels_row int const labelt block ilabel continue 
97	0,15355	float64_t return uia softdouble const uiz static 
98	0,27781	int size std vx tim ptr kernel_size 
99	0,15582	m256i const std m256 vl wptr wstep 

[beta: 0,00347] 
<300> LL/token: -6,96493
<310> LL/token: -6,93323
<320> LL/token: -6,9304
<330> LL/token: -6,92849
<340> LL/token: -6,92851

0	0,0458	img ptr mask vxprefix return threshold pixel 
1	1,14122	copyright software including source conditions provided redistribution 
2	0,22623	tp template inline const typename return operator 
3	0,10676	mat arr type int idx ptr cvmat 
4	0,37658	src dst int size type depth width 
5	0,04456	result vector point2f points size templ img 
6	0,08002	val const return cv_always_inline operator cv_mat_elem data 
7	0,03965	typename const int tid alpha val class 
8	0,73617	const void public int virtual class ptr 
9	0,04323	cvmat double mat distcoeffs type cv_64f getmat 
10	0,04845	width size height rect double img idx 
11	0,10144	double mat points count x2 ptr int 
12	0,05756	mat omega_ lut temp img matx state 
13	0,85771	int float const uchar void max min 
14	0,05098	p1 p0 p2 p3 op p4 return 
15	0,00393	coeffs softfloat nrepeats whitept softdouble vx_setall_f32 srgb 
16	0,08633	mask src1 const src2 dst int type 
17	0,46446	param image cv_wrap returns function number set 
18	0,08707	images detail std vector pt size width 
19	0,08074	layerparams layer int const set net tensorflow 
20	0,05465	int const double model ptr return points_size 
21	0,13111	size_t const int width dst height double 
22	0,04286	float major gap roi arg unsigned point 
23	0,05646	descriptors keypoints int matches fs empty vector 
24	0,01829	codegen_funcptr void glenum glint gluint glsizei typedef 
25	0,01832	const tvec ptr ndisp define vec_uchar16 vec_float4 
26	0,05294	return false openni endl bool true propvalue 
27	0,06258	std ngraph inferenceengine auto string shared_ptr node 
28	0,05491	float inputarray scale src_size k_rinv r_kinv img 
29	0,03138	dm maxval minval maxidx minidx data mask 
30	0,03797	int point2f points corners centers neighbors vector 
31	0,04979	int width colormap height void size struct 
32	1,00989	std const size return vector size_t bool 
33	0,03459	int const uchar dcn dst src src_step 
34	0,04779	hist dims ranges deltas ptrs idx double 
35	0,13035	std shape noexcept tensor deviceptr descriptor axis 
36	0,04873	int32_t kernel umat ocl dtype set config 
37	0,0374	dx const dsize x1 double int ssize 
38	0,02405	ep2 im dst const int nx wave 
39	0,05353	kernel ksize int idxarg anchor bordertype width 
40	0,11275	stream cuda gpumat const int buffer ogl 
41	0,10096	api null plugin backend cv_cudev_implement_scalar_binary_op return cv_cudev_implement_vec_unary_func 
42	0,85962	license namespace include csl stream file hpp 
43	0,32932	matrix array dst src element input texttt 
44	0,06996	window distance index return trackbar cvflann rect 
45	0,00334	x00000006 x0004003d x00000007 x00000000 x000200f8 x0003003e x00050041 
46	0,04922	int float const getagastscore ptr scale ret_val 
47	0,05986	layerparams node_proto int opencv_onnx input set axis 
48	0,06522	void int window const char return qt 
49	0,10134	return null string false int filename resulttype 
50	0,09056	const handle device size_t return int context 
51	0,00976	m128i mm_and_si128 m128 v_mask ci mm_packus_epi16 mm_srli_epi16 
52	0,40639	mat int type rows cols size data 
53	0,05558	point2f double int const polygon std param 
54	0,10777	status null opencl error context case cv 
55	0,61169	cv void line static count include type 
56	0,02494	objectpoints wsum cameras alpha val cam_params_ vx_load_aligned 
57	0,24375	double mat img pt1 ptr point color 
58	0,03397	int params costtype v_int16 uint8_t da const 
59	0,02107	vlanes vtraits dst v_float64 v_float32 const cn 
60	0,01606	addnodetomatch int node vaddq_f32 net outbuf inptr 
61	0,05387	float mat evolution ptr const scale cols 
62	0,16225	case break return frame bool int camera 
63	0,07354	max size hdr heap sz quad struct 
64	0,15125	ptr fs char string filenode data int 
65	0,08715	ctx unsigned region ss u32 const msg 
66	0,04559	int a0 const v_load float v_fma b0 
67	0,02315	qstring double betas int return mat const 
68	0,04214	x1 int x0 x2 rec v_type x3 
69	0,10362	img data image int return channels depth 
70	0,02455	ptr goto cb c_b is_not_a_corner is_a_corner offset6 
71	0,04051	matexpr return int res double const data 
72	0,0531	device__ forceinline__ typename template src const dst 
73	0,03312	void ptr val operation uchar m_current var 
74	0,0725	v0 v1 v2 res return m1 num 
75	0,03541	srow bayer bstep r0 dst size int 
76	0,12001	const v_reg int cvapi cv_default cvarr void 
77	0,19654	inputs std ptr outputs vector op const 
78	0,04637	dictionary board marker markers corners point2f vector 
79	0,10265	camera points matrix vector inputarray rotation outputarray 
80	0,07136	const val inline return tpvec idx tab 
81	0,55635	define endif defined include ifdef return ifndef 
82	0,05763	quat const quaternion dualquat m_ tp return 
83	0,07011	const int mat points vector std return 
84	0,0387	n1 int astep mat sd abs result 
85	0,0137	int out_j in_j dilation_w const vout0 imgptr0 
86	0,07836	ld layer net layers int impl type 
87	0,077	seq int block storage reader ptr elem_size 
88	0,10552	cv point2f cell points iter float pt 
89	0,07779	model float mat network blob net impl 
90	0,06803	src cn int len dst vecsz const 
91	0,06437	double params int samples val data cv_override 
92	0,01694	val vtraits v_add sum vlanes sum_row sqsum 
93	0,10394	image src texttt point int dst color 
94	0,0684	vtraits vlanes vx_load v_float32 src s0 v_add 
95	0,08005	return params const func template stream struct 
96	0,03014	imglabels_row int const labelt block ilabel continue 
97	0,02635	float64_t return softdouble uia const uiz static 
98	0,07163	int size std vx tim ptr kernel_size 
99	0,02372	m256i const int vl float std m256 

[beta: 0,0035] 
<350> LL/token: -6,92063
<360> LL/token: -6,90739
<370> LL/token: -6,90566
<380> LL/token: -6,90636
<390> LL/token: -6,90526

0	0,01415	img ptr mask vxprefix threshold int return 
1	0,80776	copyright software including provided conditions source redistribution 
2	0,11578	tp template inline const typename return operator 
3	0,04017	mat arr int type idx cvmat ptr 
4	0,21061	src dst int size type depth width 
5	0,01348	result point2f vector points return templ size 
6	0,0271	val const return cv_always_inline operator cv_mat_elem data 
7	0,01204	typename int const tid alpha val class 
8	0,51185	const void public virtual int ptr class 
9	0,01244	cvmat double mat distcoeffs type cv_64f getmat 
10	0,0132	width size height rect double img idx 
11	0,04093	double mat points count ptr f1 m1 
12	0,01908	mat temp omega_ img lut state matx 
13	0,62074	int float const uchar void max min 
14	0,01892	p1 p0 p2 p3 p4 return op 
15	0,00134	coeffs softfloat nrepeats whitept softdouble vx_setall_f32 srgb 
16	0,02969	const src1 mask src2 dst type len 
17	0,30312	param image cv_wrap returns function number set 
18	0,03574	images detail height vector width std size 
19	0,02956	layerparams layer int net set const tensorflow 
20	0,01628	int const model double points_size return params 
21	0,05018	size_t int const width dst height double 
22	0,01415	float major roi gap arg void src 
23	0,01982	descriptors keypoints int matches fs empty vector 
24	0,00395	codegen_funcptr void glenum glint gluint glsizei typedef 
25	0,00472	const tvec ndisp ptr define vec_uchar16 vec_float4 
26	0,02031	return openni int false endl propvalue bool 
27	0,01962	std ngraph inferenceengine auto string shared_ptr node 
28	0,01746	float inputarray scale src_size k_rinv img r_kinv 
29	0,01075	dm maxval minval maxidx minidx data idx 
30	0,00934	int point2f points centers corners neighbors pt 
31	0,01349	int width colormap height void size m_areas 
32	0,74981	std const size return vector size_t bool 
33	0,00841	int const uchar dcn dst src src_step 
34	0,01425	hist dims ranges ptrs deltas double idx 
35	0,05419	std shape noexcept tensor deviceptr descriptor axis 
36	0,0156	int32_t kernel umat ocl dtype set config 
37	0,0128	dx dsize const int x1 double ssize 
38	0,00605	ep2 im const int dst nx wave 
39	0,01747	kernel ksize int idxarg anchor mat width 
40	0,04229	stream cuda gpumat int const buffer endif 
41	0,04086	api plugin null backend cv_cudev_implement_scalar_binary_op return cv_cudev_implement_vec_unary_func 
42	0,58769	license namespace include csl stream file hpp 
43	0,19531	matrix array dst element input texttt src 
44	0,02356	window distance index return trackbar cvflann int 
45	0,00212	x00000006 x0004003d x00000007 x00000000 x000200f8 x0003003e x00050041 
46	0,01122	int float const getagastscore ptr scale max 
47	0,01992	layerparams node_proto opencv_onnx input int nodeproto set 
48	0,02264	void int window char const return string 
49	0,04021	return null string filename false resulttype int 
50	0,03311	const handle device return int size_t context 
51	0,00429	m128i mm_and_si128 m128 v_mask mm_packus_epi16 mm_srli_epi16 ci 
52	0,22925	mat type rows int cols size data 
53	0,01666	point2f double int polygon const pt param 
54	0,03983	status null opencl case error context device 
55	0,39146	cv void line static count format type 
56	0,00877	objectpoints alpha cameras val wsum vx_load_aligned idx 
57	0,13339	double mat img point ptr pt1 color 
58	0,00794	int params costtype v_int16 uint8_t da const 
59	0,00751	dst vtraits vlanes v_float64 const v_float32 cn 
60	0,00541	addnodetomatch int node vaddq_f32 net outbuf input 
61	0,01725	float mat evolution ptr scale evolution_ lx 
62	0,07025	case break return frame int camera false 
63	0,02738	max size hdr heap sz quad i0 
64	0,06667	ptr fs char string filenode data int 
65	0,03299	ctx unsigned region ss u32 msg return 
66	0,01828	int a0 v_load const b0 v_fma float 
67	0,00577	double qstring int betas const mat return 
68	0,01639	int x1 x0 x2 rec v_type x3 
69	0,03903	img data int image channels return depth 
70	0,00864	ptr goto c_b cb is_not_a_corner is_a_corner offset6 
71	0,01014	matexpr return int res const double context 
72	0,01806	device__ forceinline__ typename template src const dst 
73	0,00931	void ptr val operation uchar m_current var 
74	0,03386	v0 v1 v2 res return m1 num 
75	0,012	srow bayer bstep r0 int dst size 
76	0,04617	const v_reg int cvapi cvarr cv_default void 
77	0,08881	inputs std ptr outputs vector op const 
78	0,0144	dictionary marker board markers corners vector point2f 
79	0,0456	camera matrix points vector inputarray rotation outputarray 
80	0,02336	const val inline return tpvec idx tab 
81	0,35829	define endif defined include ifdef return ifndef 
82	0,01763	quat const quaternion dualquat m_ tp assumeunit 
83	0,02031	const int mat points vector std return 
84	0,01264	n1 int astep sd abs mat output 
85	0,00386	int out_j in_j dilation_w vout0 const imgptr0 
86	0,02889	ld layer net int layers impl type 
87	0,02813	seq int block reader storage ptr elem_size 
88	0,03754	cv point2f cell float points iter pt 
89	0,03001	model float mat network blob vector net 
90	0,02472	src cn int dst len vecsz const 
91	0,02071	double params int samples val data return 
92	0,00413	val vtraits vlanes v_add sum sum_row sqsum 
93	0,04963	image src texttt point int dst color 
94	0,02597	vtraits vlanes vx_load v_float32 src s0 v_add 
95	0,02979	return params const func stream struct cuda4dnn_device 
96	0,00698	imglabels_row int const labelt block ilabel continue 
97	0,00691	float64_t return softdouble uia uiz const static 
98	0,02434	int std size tim vx ptr kernel_size 
99	0,00718	m256i const int vl std m256 float 

[beta: 0,00353] 
<400> LL/token: -6,9021
<410> LL/token: -6,89568
<420> LL/token: -6,89448
<430> LL/token: -6,89526
<440> LL/token: -6,89277

0	0,00727	img ptr mask vxprefix threshold image pixel 
1	0,55631	copyright software including provided conditions source redistribution 
2	0,07161	tp template const inline typename return operator 
3	0,02106	mat arr int type idx ptr cvmat 
4	0,13232	src dst int size type depth width 
5	0,00789	result vector point2f points size templ return 
6	0,01385	val const return cv_always_inline operator cv_mat_elem data 
7	0,00576	typename const int tid val alpha class 
8	0,35892	const void public int virtual ptr class 
9	0,00665	cvmat double mat cv_64f distcoeffs type rows 
10	0,00563	width size height rect img idx double 
11	0,02326	double mat points count f1 int f2 
12	0,01014	mat omega_ temp img state matx void 
13	0,43973	int float const uchar void max min 
14	0,01076	p0 p1 p2 return p3 p4 op 
15	0,00106	coeffs softfloat nrepeats whitept softdouble vx_setall_f32 srgb 
16	0,01568	const src1 mask src2 dst len type 
17	0,21433	param image cv_wrap function returns number size 
18	0,02251	images vector std detail size height width 
19	0,01535	layerparams layer int const net set tensorflow 
20	0,00812	int const double return model ptr points_size 
21	0,02597	size_t int const width dst double height 
22	0,00805	major float roi gap arg src void 
23	0,01154	descriptors keypoints int vector matches fs empty 
24	0,00161	codegen_funcptr void glenum glint gluint glsizei typedef 
25	0,00265	const tvec define ndisp ptr vec_uchar16 vec_float4 
26	0,01221	return int openni endl propvalue false propidx 
27	0,00966	std ngraph auto inferenceengine shared_ptr string node 
28	0,00907	float inputarray scale k_rinv r_kinv img std 
29	0,00672	dm maxval minval maxidx minidx data idx 
30	0,0041	int point2f points centers corners vector neighbors 
31	0,00632	int width colormap height void m_areas lp 
32	0,54638	std const size return vector size_t bool 
33	0,00426	int const uchar dcn src dst src_step 
34	0,00827	hist dims ranges ptrs deltas double idx 
35	0,03131	std shape const noexcept tensor deviceptr descriptor 
36	0,00864	int32_t kernel umat ocl dtype config set 
37	0,00762	dx const dsize double x1 ssize v_x1 
38	0,00314	ep2 im dst nx const wave flags 
39	0,00972	kernel ksize int idxarg anchor mat bordertype 
40	0,02279	stream cuda gpumat int const buffer cv_unused 
41	0,02181	api plugin null return backend cv_cudev_implement_scalar_binary_op int 
42	0,40646	license namespace include csl stream file hpp 
43	0,13018	matrix array dst element texttt src input 
44	0,01225	window distance index return trackbar cvflann rect 
45	0,00181	x00000006 x0004003d x00000007 x00000000 x000200f8 x0003003e x00050041 
46	0,00357	int float const getagastscore ptr scale max 
47	0,01045	layerparams node_proto input int opencv_onnx axis nodeproto 
48	0,0129	void int window char const return string 
49	0,02264	return null filename string int false resulttype 
50	0,01683	handle const device return size_t int context 
51	0,00321	m128i mm_and_si128 m128 v_mask ci mm_packus_epi16 mm_srli_epi16 
52	0,1391	mat rows type int cols size data 
53	0,00865	point2f double int const polygon pt param 
54	0,01927	status null opencl error context cv case 
55	0,24798	cv void line static mat type max 
56	0,00576	objectpoints alpha val wsum cameras vx_load_aligned idx 
57	0,08579	double mat img ptr pt1 int point 
58	0,00285	int params costtype v_int16 uint8_t da std 
59	0,0049	dst vtraits vlanes v_float64 v_float32 const cn 
60	0,00319	addnodetomatch int node vaddq_f32 net outbuf vfmaq_f32 
61	0,00878	float mat evolution ptr scale evolution_ lx 
62	0,03807	case break return frame camera int value_type 
63	0,01317	max size heap hdr sz quad i0 
64	0,03881	ptr fs char string filenode data int 
65	0,01803	ctx unsigned region ss u32 int msg 
66	0,01135	int a0 v_load float const v_fma b0 
67	0,00313	double int qstring betas const mat return 
68	0,01036	int x1 x0 x2 rec const v_type 
69	0,02108	img data int image channels depth size 
70	0,00526	ptr goto c_b cb is_not_a_corner is_a_corner offset6 
71	0,00516	matexpr return int const res double null 
72	0,0102	device__ forceinline__ typename template src const struct 
73	0,00489	void ptr val operation uchar m_current var 
74	0,02215	v0 v1 res v2 return m1 num 
75	0,00675	srow bayer int bstep r0 dst size 
76	0,02204	const v_reg int cvapi cv_default cvarr define 
77	0,05052	inputs std ptr outputs const vector size 
78	0,00683	dictionary marker board markers corners vector mat 
79	0,02763	camera points matrix vector inputarray rotation outputarray 
80	0,01312	const val inline return tpvec idx tab 
81	0,24145	define endif defined include ifdef return ifndef 
82	0,00818	quat const quaternion dualquat m_ tp return 
83	0,00884	const int mat points double vector return 
84	0,00752	n1 int astep sd abs eigenvectors mat 
85	0,0026	int out_j in_j dilation_w vout0 const imgptr0 
86	0,01569	ld layer net int layers impl type 
87	0,01385	seq int block storage reader ptr elem_size 
88	0,01721	cv point2f cell points float iter pt 
89	0,01652	model float mat network blob vector string 
90	0,01321	src cn int dst len vecsz const 
91	0,00944	double params int samples val data cv_override 
92	0,00256	v_add vtraits val vlanes sum sum_row sqsum 
93	0,0322	image src point texttt int dst color 
94	0,01679	vtraits vlanes vx_load v_float32 src s0 v_add 
95	0,01565	return params const func template stream struct 
96	0,00259	imglabels_row int labelt const block ilabel continue 
97	0,00385	float64_t return softdouble uia const uiz static 
98	0,01373	int std size tim vx ptr kernel_size 
99	0,00444	m256i const int vl std m256 wptr 

[beta: 0,00355] 
<450> LL/token: -6,89122
<460> LL/token: -6,88794
<470> LL/token: -6,88536
<480> LL/token: -6,88629
<490> LL/token: -6,88564

0	0,00528	ptr img mask threshold vxprefix int double 
1	0,39805	copyright software provided including conditions source redistribution 
2	0,05224	tp template inline typename const return operator 
3	0,01463	mat int arr type idx ptr cvmat 
4	0,096	src dst int size type depth width 
5	0,00622	result vector point2f size return points templ 
6	0,00945	val const return cv_always_inline operator data cv_mat_elem 
7	0,00443	typename const int tid val alpha class 
8	0,27112	const void int public virtual class ptr 
9	0,00476	cvmat double mat type distcoeffs cv_64f getmat 
10	0,00349	size width height rect img idx vector 
11	0,01845	double mat points count f1 int f2 
12	0,00713	mat temp omega_ const img matx state 
13	0,32283	int float const uchar max void min 
14	0,00891	p0 p1 p2 p3 return p4 vop 
15	0,00096	coeffs softfloat nrepeats whitept softdouble srgb tab 
16	0,01183	const src1 mask src2 len int dst 
17	0,16539	param image cv_wrap function returns number size 
18	0,01756	images vector width std detail size height 
19	0,01118	layerparams layer int net const set tensorflow 
20	0,0054	int double const ptr points_size return params 
21	0,01678	size_t int const dst width height double 
22	0,00597	major float roi gap arg void src 
23	0,00883	descriptors keypoints int fs matches empty vector 
24	0,00102	codegen_funcptr void glenum glint gluint glsizei typedef 
25	0,00219	const tvec define ndisp ptr vec_uchar16 vec_float4 
26	0,00899	return openni endl propvalue false propidx int 
27	0,0065	std ngraph inferenceengine auto string shared_ptr node 
28	0,00632	float inputarray scale k_rinv src_size r_kinv img 
29	0,00508	dm maxval minval maxidx minidx data idx 
30	0,00314	int point2f corners points centers neighbors vector 
31	0,00459	int width colormap height void m_areas struct 
32	0,40772	std const size return vector size_t bool 
33	0,00296	int const uchar dcn src dst src_step 
34	0,00613	hist dims ranges deltas ptrs double idx 
35	0,02234	std shape noexcept const tensor deviceptr axis 
36	0,00639	int32_t kernel ocl umat dtype set config 
37	0,00599	dx const dsize x1 double int ssize 
38	0,00224	ep2 im dst nx const double wave 
39	0,00733	kernel ksize idxarg int anchor mat bordertype 
40	0,01614	stream gpumat cuda int const buffer void 
41	0,01559	api plugin null backend cv_cudev_implement_scalar_binary_op return cv_cudev_implement_vec_unary_func 
42	0,29423	license namespace include csl stream file hpp 
43	0,09749	matrix array element dst input src texttt 
44	0,00891	window distance index return cvflann trackbar rect 
45	0,00165	x00000006 x0004003d x00000007 x00000000 x000200f8 x0003003e x00050041 
46	0,00231	int float const getagastscore ptr scale point 
47	0,00764	layerparams node_proto int input opencv_onnx axis nodeproto 
48	0,00945	void int window char const return string 
49	0,01597	return null string filename false resulttype params 
50	0,01101	handle const device return int size_t context 
51	0,00284	m128i mm_and_si128 m128 v_mask ci mm_packus_epi16 mm_srli_epi16 
52	0,09677	mat rows int type cols size const 
53	0,00638	point2f double int polygon const param pt 
54	0,0132	status null opencl error cv context case 
55	0,1679	cv void line static mat format count 
56	0,00466	objectpoints alpha val cameras vx_load_aligned wsum idx 
57	0,06349	double mat img ptr pt1 color point 
58	0,00192	int params costtype v_int16 uint8_t da const 
59	0,00412	dst vlanes vtraits v_float64 const v_float32 cn 
60	0,00257	addnodetomatch int node vaddq_f32 input net outbuf 
61	0,00661	float mat evolution ptr scale cols lx 
62	0,02553	case break return int frame camera value_type 
63	0,00842	max size hdr heap sz quad i0 
64	0,02803	ptr fs char string filenode int data 
65	0,0124	ctx unsigned region ss u32 const msg 
66	0,0092	int a0 const v_load float v_fma b0 
67	0,00236	double qstring betas int const mat return 
68	0,00851	int x1 x0 x2 rec v_type x3 
69	0,0158	int img data image channels size return 
70	0,00427	ptr goto c_b cb is_not_a_corner is_a_corner offset6 
71	0,00358	matexpr return int res double null data 
72	0,00823	device__ forceinline__ typename template src const return 
73	0,00391	void ptr val operation var m_current uchar 
74	0,01762	v0 v1 res v2 return m1 num 
75	0,00495	srow bayer bstep r0 dst v_add size 
76	0,01303	const v_reg tp int cvapi cv_default cvarr 
77	0,03747	inputs std ptr outputs vector const op 
78	0,00479	dictionary board marker markers vector corners mat 
79	0,02113	camera points matrix vector inputarray rotation outputarray 
80	0,00955	const val inline return tpvec idx tab 
81	0,17806	define endif defined include ifdef return ifndef 
82	0,00581	quat const quaternion dualquat m_ tp return 
83	0,00542	const int double mat points return vector 
84	0,00581	n1 int astep sd abs output eigenvectors 
85	0,00203	int out_j in_j dilation_w const vout0 imgptr0 
86	0,01263	ld layer net int layers type impl 
87	0,00886	seq int block storage reader ptr elem_size 
88	0,01109	cv point2f points cell float iter pt 
89	0,01184	model float mat vector network blob net 
90	0,01038	src cn int dst len vecsz const 
91	0,00755	params double int samples val data return 
92	0,00186	vtraits v_add val vlanes sum sum_row sqsum 
93	0,02458	image src point texttt int dst color 
94	0,01392	vtraits vlanes vx_load v_float32 src s0 v_add 
95	0,01026	return params const func template struct stream 
96	0,00177	imglabels_row int const labelt block ilabel continue 
97	0,003	float64_t return softdouble uia const uiz static 
98	0,01024	int size std tim vx ptr kernel_size 
99	0,00387	m256i std m256 vl int const wptr 

[beta: 0,00357] 
<500> LL/token: -6,88466
<510> LL/token: -6,88374
<520> LL/token: -6,88174
<530> LL/token: -6,88195
<540> LL/token: -6,88351

0	0,00441	ptr img mask vxprefix threshold image pixel 
1	0,30327	copyright software provided including conditions source redistribution 
2	0,04271	tp template const inline typename return operator 
3	0,01247	mat arr type int idx ptr cvmat 
4	0,07761	src dst int size type width depth 
5	0,00551	result vector point2f size points templ return 
6	0,00799	val const return cv_always_inline operator cv_mat_elem data 
7	0,00375	typename const int tid val alpha class 
8	0,21691	const void int public virtual class ptr 
9	0,00394	cvmat double mat distcoeffs type cv_64f rows 
10	0,00281	width height size rect img idx double 
11	0,01507	double mat points count ptr inputarray m1 
12	0,00532	mat omega_ temp img matx state void 
13	0,25231	int float const uchar max void min 
14	0,00724	p0 p1 p2 p3 p4 return op 
15	0,0009	coeffs softfloat nrepeats whitept softdouble tab vx_setall_f32 
16	0,00946	const src1 mask src2 len type int 
17	0,13927	param image cv_wrap returns number function size 
18	0,01471	images std vector width detail height size 
19	0,00948	layerparams layer int set const net string 
20	0,00463	int const double ptr return params points_size 
21	0,01387	size_t int const dst width height double 
22	0,00506	major float roi gap arg void moments 
23	0,008	descriptors keypoints int matches fs vector empty 
24	0,00093	codegen_funcptr void glenum glint gluint glsizei typedef 
25	0,00204	const tvec ptr ndisp define return vec_uchar16 
26	0,00778	return openni endl propvalue propidx int mfx 
27	0,00534	std ngraph auto inferenceengine string shared_ptr node 
28	0,00538	float inputarray scale k_rinv r_kinv src_size img 
29	0,0048	dm minval maxval maxidx minidx idx mask 
30	0,0028	int point2f centers vector points corners neighbors 
31	0,00348	int width colormap height void struct m_areas 
32	0,31966	std const size return vector size_t bool 
33	0,0028	int const uchar dcn dst src src_step 
34	0,00607	hist dims ranges ptrs deltas double idx 
35	0,01817	std const shape noexcept tensor deviceptr axis 
36	0,00509	int32_t kernel ocl umat config dtype set 
37	0,0057	dx const dsize x1 ssize double v_x1 
38	0,00168	ep2 im nx const wave dst flags 
39	0,00679	kernel ksize int idxarg anchor bordertype mat 
40	0,01216	stream int const gpumat cuda buffer void 
41	0,01371	plugin api null return backend cv_cudev_implement_scalar_binary_op int 
42	0,2321	license namespace include csl stream file hpp 
43	0,07819	matrix array dst src element input texttt 
44	0,00716	window distance index return cvflann trackbar rect 
45	0,00153	x00000006 x0004003d x00000007 x00000000 x000200f8 x0003003e x00050041 
46	0,00182	int float const getagastscore ptr scale point 
47	0,00701	layerparams node_proto input int opencv_onnx axis nodeproto 
48	0,00814	void int window char const return string 
49	0,01302	return null filename string false resulttype params 
50	0,00871	const device handle int return context null 
51	0,00261	m128i mm_and_si128 m128 v_mask ci mm_packus_epi16 mm_srli_epi16 
52	0,07545	mat int rows type cols size data 
53	0,00526	point2f double int polygon const pt point 
54	0,01071	status null opencl cv error case context 
55	0,12521	cv void line static type true format 
56	0,00416	objectpoints alpha wsum val cameras vx_load_aligned idx 
57	0,05144	double mat img ptr int color pt1 
58	0,0016	int params costtype v_int16 uint8_t da std 
59	0,00372	dst vtraits vlanes v_float64 v_float32 const cn 
60	0,00206	addnodetomatch int node vaddq_f32 net outbuf input 
61	0,0058	float mat evolution ptr scale lx cols 
62	0,01996	case break return int frame camera ximea_param 
63	0,00604	max size heap sz hdr quad struct 
64	0,02251	ptr fs char string filenode int data 
65	0,01007	ctx unsigned region ss u32 msg int 
66	0,00853	int a0 float const v_load v_fma b0 
67	0,00206	double qstring betas int const mat void 
68	0,00801	x1 int x0 x2 rec v_type cinfo 
69	0,0133	int img data image channels depth buffer 
70	0,00349	ptr goto c_b cb is_not_a_corner is_a_corner offset6 
71	0,00325	matexpr return int res double const context 
72	0,00788	device__ forceinline__ typename template src const return 
73	0,00337	void ptr val operation var uchar m_current 
74	0,01445	v0 v1 res v2 return m1 num 
75	0,00466	srow bayer r0 int bstep dst size 
76	0,00904	const v_reg tp int cvapi cv_default cvarr 
77	0,03209	inputs std ptr outputs vector const auto 
78	0,00389	dictionary board marker markers corners vector point2f 
79	0,01822	camera matrix points vector inputarray rotation outputarray 
80	0,00759	const val inline return tpvec idx tab 
81	0,1428	define endif defined include ifdef return ifndef 
82	0,00449	quat const quaternion dualquat m_ typename tp 
83	0,00483	const int double mat points std return 
84	0,0055	n1 int astep mat sd abs output 
85	0,00167	int out_j in_j const dilation_w vout0 imgptr0 
86	0,01151	ld layer net int layers type impl 
87	0,00717	seq int block storage reader ptr elem_size 
88	0,00824	cv point2f cell points iter pt float 
89	0,00978	model float mat std network net blob 
90	0,00788	src cn int dst len vecsz const 
91	0,00653	params double int samples val data return 
92	0,00165	v_add vlanes val vtraits sum int sum_row 
93	0,0206	image src texttt point dst int inputarray 
94	0,01251	vtraits vlanes vx_load v_float32 src s0 v_add 
95	0,00775	return params const func template struct stream 
96	0,00105	imglabels_row int const labelt block ilabel continue 
97	0,00257	float64_t return softdouble uia const uiz static 
98	0,00863	int size std tim vx ptr kernel_size 
99	0,00338	m256i const vl m256 std wptr float 

[beta: 0,00358] 
<550> LL/token: -6,88143
<560> LL/token: -6,88
<570> LL/token: -6,87941
<580> LL/token: -6,88027
<590> LL/token: -6,8794

0	0,00401	ptr img mask vxprefix threshold return pixel 
1	0,24794	copyright software including conditions source provided redistribution 
2	0,03729	tp template const inline typename return operator 
3	0,01129	mat int arr type cvmat ptr idx 
4	0,06783	src dst int size type depth width 
5	0,00517	result vector point2f size points return templ 
6	0,00718	val const return cv_always_inline operator data cv_mat_elem 
7	0,00377	typename const int tid alpha val class 
8	0,18414	const void int public virtual class ptr 
9	0,00383	cvmat double mat distcoeffs type cv_64f rows 
10	0,00243	size width height rect img int double 
11	0,01358	double mat points count m1 inputarray m2 
12	0,00492	mat temp omega_ img state matx wt 
13	0,213	int float const uchar max void min 
14	0,00637	p0 p1 p2 return p3 p4 op 
15	0,00083	coeffs softfloat nrepeats whitept softdouble srgb vx_setall_f32 
16	0,0089	src1 const mask src2 len type dst 
17	0,12455	param image cv_wrap returns function number size 
18	0,01354	images vector size std detail height width 
19	0,00878	layerparams layer int const net set string 
20	0,00403	int double const return ptr model params 
21	0,01209	size_t int const dst width height double 
22	0,00451	float major roi gap arg src void 
23	0,00718	descriptors keypoints int empty vector fs matches 
24	0,00106	codegen_funcptr void glenum glint gluint glsizei typedef 
25	0,00191	const tvec ptr ndisp define vec_uchar16 vec_float4 
26	0,00732	return openni endl int propvalue mfx propidx 
27	0,00497	std ngraph inferenceengine auto string shared_ptr node 
28	0,0051	float inputarray scale src_size std k_rinv r_kinv 
29	0,00471	dm minval maxval maxidx minidx data mask 
30	0,00282	int point2f vector centers points corners neighbors 
31	0,0027	int width colormap height size void struct 
32	0,26529	std const return size vector size_t bool 
33	0,00255	int const uchar dcn src dst src_step 
34	0,00559	hist dims ranges ptrs deltas double const 
35	0,01585	const std noexcept shape tensor deviceptr handle 
36	0,00445	int32_t kernel ocl umat set dtype config 
37	0,00533	dx dsize const x1 double ssize v_x1 
38	0,00163	ep2 im dst nx const int wave 
39	0,0064	kernel ksize int idxarg anchor bordertype mat 
40	0,01038	stream gpumat cuda int const buffer endif 
41	0,01236	api plugin null return backend cv_cudev_implement_scalar_binary_op int 
42	0,19426	license namespace include csl stream file hpp 
43	0,06745	matrix array element dst texttt src input 
44	0,00592	window distance index cvflann return trackbar rect 
45	0,00148	x00000006 x0004003d x00000007 x00000000 x000200f8 x0003003e x00050041 
46	0,00169	int float const getagastscore ptr scale point 
47	0,00655	layerparams node_proto int input opencv_onnx axis nodeproto 
48	0,00736	void int window const return char cvwindow 
49	0,01115	return null false string filename resulttype params 
50	0,0085	const device handle context int return null 
51	0,00255	m128i mm_and_si128 m128 v_mask ci mm_packus_epi16 mm_srli_epi16 
52	0,06459	mat int rows type cols size const 
53	0,00484	point2f double int polygon const param pt 
54	0,00891	status null opencl cv error case cv_error 
55	0,1022	cv void const line false static format 
56	0,00385	objectpoints cameras alpha val wsum vx_load_aligned cam_params_ 
57	0,04222	double mat img ptr pt1 rect color 
58	0,00149	int params costtype v_int16 uint8_t da std 
59	0,00375	dst vtraits vlanes v_float64 v_float32 const cn 
60	0,00189	addnodetomatch int node vaddq_f32 net outbuf input 
61	0,00519	float mat evolution ptr scale lx evolution_ 
62	0,01771	case break return int frame camera ximea_param 
63	0,0052	max size heap hdr sz quad struct 
64	0,01899	ptr fs char filenode string int data 
65	0,00916	ctx unsigned region ss u32 msg return 
66	0,00825	int a0 const float v_load v_fma b0 
67	0,00194	double qstring int betas mat const cvmat 
68	0,00764	int x1 x0 x2 const v_type rec 
69	0,0121	int img data image channels return depth 
70	0,00298	ptr goto c_b cb is_not_a_corner is_a_corner offset6 
71	0,00287	matexpr return int const res double context 
72	0,00746	device__ forceinline__ typename template src const struct 
73	0,0031	void ptr val operation uchar var m_current 
74	0,013	v0 v1 res v2 return m1 num 
75	0,00421	srow bayer r0 bstep dst int size 
76	0,00702	const tp v_reg int cvapi cv_default cvarr 
77	0,029	inputs std ptr vector outputs const int 
78	0,00354	dictionary marker board markers vector corners mat 
79	0,01616	camera matrix points vector inputarray rotation outputarray 
80	0,00677	const val inline return tpvec idx tab 
81	0,12183	define endif defined include ifdef return ifndef 
82	0,00367	const quat quaternion dualquat return m_ typename 
83	0,00464	const int double mat points vector return 
84	0,00518	n1 int astep mat sd result abs 
85	0,00157	int out_j in_j dilation_w const vout0 imgptr0 
86	0,0104	ld layer net int layers impl type 
87	0,0065	seq int block reader ptr storage elem_size 
88	0,00721	cv point2f cell points iter pt float 
89	0,00787	model float mat std vector network blob 
90	0,00582	src cn dst int len vecsz const 
91	0,00601	params double int samples val data return 
92	0,00165	vtraits vlanes v_add val sum sum_row cn 
93	0,0178	image src point texttt int dst color 
94	0,01161	vtraits vlanes vx_load v_float32 src s0 v_add 
95	0,00705	return params const template stream struct cuda4dnn_device 
96	0,00094	imglabels_row int labelt const block ilabel continue 
97	0,00221	float64_t return uia uiz const static softdouble 
98	0,00835	int size std tim vx ptr kernel_size 
99	0,00319	m256i const float std vl int m256 

[beta: 0,00358] 
<600> LL/token: -6,87798
<610> LL/token: -6,87781
<620> LL/token: -6,87856
<630> LL/token: -6,87797
<640> LL/token: -6,87672

0	0,00371	ptr img mask vxprefix vector threshold return 
1	0,21481	copyright software including conditions provided source redistribution 
2	0,03422	tp template inline const typename return operator 
3	0,01	mat arr type int cvmat ptr idx 
4	0,0629	src dst int size type depth width 
5	0,00505	result point2f vector size points templ img 
6	0,00675	val const return cv_always_inline operator data cv_mat_elem 
7	0,00354	typename int const tid alpha val class 
8	0,16466	const void int public virtual class ptr 
9	0,00344	cvmat double mat distcoeffs type cv_64f getmat 
10	0,00242	width size height rect int img idx 
11	0,01207	double mat points count ptr m1 inputarray 
12	0,00474	mat omega_ temp img matx state const 
13	0,18959	int float const uchar void max min 
14	0,00658	p0 p1 p2 p3 return p4 vop 
15	0,00082	coeffs softfloat nrepeats whitept softdouble srgb vx_setall_f32 
16	0,00818	src1 mask const src2 len dst type 
17	0,11674	param image cv_wrap returns function number size 
18	0,01223	images vector std size detail width height 
19	0,00848	layerparams layer int set net const tensorflow 
20	0,0039	int const double ptr return model params 
21	0,01145	size_t int const dst width height double 
22	0,00402	major float gap roi arg src void 
23	0,00636	int keypoints descriptors matches empty vector keypoint 
24	0,00099	codegen_funcptr void glenum glint gluint glsizei typedef 
25	0,00173	const tvec ptr define ndisp vec_uchar16 vec_float4 
26	0,00722	return openni int endl propvalue mfx propidx 
27	0,00446	std ngraph inferenceengine auto string shared_ptr node 
28	0,00472	float inputarray scale src_size k_rinv r_kinv img 
29	0,00447	dm maxval minval maxidx minidx idx data 
30	0,00262	int point2f vector centers size_t corners points 
31	0,00263	int width colormap height void m_areas struct 
32	0,23282	std const return size vector size_t bool 
33	0,0024	int const uchar dcn dst src src_step 
34	0,00499	hist dims ranges deltas ptrs double idx 
35	0,01465	std const shape noexcept handle tensor deviceptr 
36	0,00402	int32_t kernel ocl umat set dtype config 
37	0,00501	dx const dsize x1 double ssize v_x1 
38	0,00135	ep2 im const nx wave dst flags 
39	0,0062	kernel ksize int idxarg anchor mat bordertype 
40	0,00946	stream cuda gpumat int const buffer void 
41	0,01159	api plugin null return backend cv_cudev_implement_scalar_binary_op cv_cudev_implement_vec_unary_func 
42	0,17435	license namespace include csl stream file hpp 
43	0,05944	matrix array dst src texttt element input 
44	0,00578	window distance index trackbar cvflann rect return 
45	0,00141	x00000006 x0004003d x00000007 x00000000 x000200f8 x0003003e x00050041 
46	0,00165	int float const getagastscore ptr scale ret_val 
47	0,00633	layerparams node_proto int input opencv_onnx axis nodeproto 
48	0,00691	void int window char return const string 
49	0,01043	return null string filename int false resulttype 
50	0,00765	const device handle int context return null 
51	0,0026	m128i mm_and_si128 m128 v_mask ci mm_packus_epi16 mm_srli_epi16 
52	0,05781	mat int type rows cols size const 
53	0,00462	point2f int double polygon param const point 
54	0,00741	status null opencl cv error device case 
55	0,08724	cv const void line false true mat 
56	0,00356	objectpoints val alpha cameras wsum vx_load_aligned cam_params_ 
57	0,03756	double mat img ptr pt1 point color 
58	0,00143	int params costtype v_int16 uint8_t da const 
59	0,00353	dst vtraits vlanes v_float64 const v_float32 cn 
60	0,00186	addnodetomatch int node vaddq_f32 net outbuf input 
61	0,00492	float mat ptr evolution const cols scale 
62	0,01639	case break return int frame camera ximea_param 
63	0,00484	max size heap hdr sz quad i0 
64	0,01733	ptr fs char string filenode data int 
65	0,00886	ctx unsigned region u32 ss int msg 
66	0,00796	int a0 const v_load float v_fma b0 
67	0,00191	double qstring betas int mat const return 
68	0,00731	int x1 x0 const x2 rec v_type 
69	0,01157	img int data image size channels buffer 
70	0,00282	ptr goto c_b cb is_not_a_corner is_a_corner offset6 
71	0,00297	matexpr return int res double const context 
72	0,00706	device__ forceinline__ typename template src const return 
73	0,00279	void ptr val operation uchar var m_current 
74	0,01243	v0 v1 res v2 return m1 num 
75	0,00435	srow bayer r0 bstep dst size v_add 
76	0,00572	tp const v_reg int cvapi cv_default cvarr 
77	0,0269	inputs std ptr const vector outputs int 
78	0,00324	dictionary board marker markers corners vector mat 
79	0,01565	camera matrix points vector inputarray rotation outputarray 
80	0,00656	const val inline return tpvec idx tab 
81	0,10673	define endif defined include ifdef return ifndef 
82	0,00353	quat const quaternion dualquat m_ typename template 
83	0,00447	const int double mat points return vector 
84	0,00465	n1 astep int result sd abs mat 
85	0,00147	int out_j in_j dilation_w const vout0 imgptr0 
86	0,00946	ld net layer int layers type impl 
87	0,00608	seq int block reader ptr storage elem_size 
88	0,00651	cv point2f cell points iter pt board 
89	0,00739	float model mat vector network blob std 
90	0,00512	src cn dst int len vecsz const 
91	0,00568	params double int samples val data fs 
92	0,00155	v_add vtraits val vlanes sum sum_row int 
93	0,01675	image src int texttt point param dst 
94	0,01084	vtraits vlanes vx_load v_float32 src s0 v_add 
95	0,00577	return params const template struct stream cuda4dnn_device 
96	0,00093	imglabels_row int const labelt block ilabel continue 
97	0,00213	float64_t return uia const uiz static softdouble 
98	0,00832	int size std ptr tim vx kernel_size 
99	0,00322	m256i std vl m256 const wptr wstep 

[beta: 0,00359] 
<650> LL/token: -6,87559
<660> LL/token: -6,87528
<670> LL/token: -6,87537
<680> LL/token: -6,87488
<690> LL/token: -6,87402

0	0,00348	ptr img return mask vxprefix threshold pixel 
1	0,19405	copyright software including conditions provided source redistribution 
2	0,0321	tp template const inline typename return operator 
3	0,00913	mat int arr type cvmat idx ptr 
4	0,06043	src dst int size type width depth 
5	0,00487	result vector point2f size points return templ 
6	0,00643	val const return cv_always_inline operator cv_mat_elem data 
7	0,00358	typename int const tid val alpha class 
8	0,15136	const void int public virtual class ptr 
9	0,00346	cvmat double mat distcoeffs type cv_64f getmat 
10	0,00249	width size height rect img idx vector 
11	0,01188	double mat points count ptr int m1 
12	0,00453	mat omega_ temp img matx state void 
13	0,17627	int float const uchar max min void 
14	0,00644	p1 p0 p2 p3 return p4 op 
15	0,00079	coeffs softfloat nrepeats whitept softdouble vx_setall_f32 srgb 
16	0,00772	src1 const mask src2 len int type 
17	0,1128	param image cv_wrap returns number function size 
18	0,01174	images vector size detail std width height 
19	0,00816	layerparams layer int const net set tensorflow 
20	0,00356	int const double ptr return model points_size 
21	0,01059	size_t int const dst width height double 
22	0,0039	float major roi gap arg void src 
23	0,00592	keypoints descriptors int empty matches keypoint mat 
24	0,00085	codegen_funcptr void glenum glint gluint glsizei typedef 
25	0,00164	const tvec ptr ndisp define vec_uchar16 vec_float4 
26	0,0069	return openni int endl propvalue propidx mfx 
27	0,00424	std ngraph inferenceengine auto string shared_ptr node 
28	0,0047	float inputarray scale std src_size k_rinv r_kinv 
29	0,00441	dm maxval minval maxidx minidx idx data 
30	0,00252	int point2f vector corners points centers neighbors 
31	0,00254	int width colormap height void size m_areas 
32	0,21281	std const return size vector size_t bool 
33	0,00235	int const uchar dcn dst src src_step 
34	0,00432	hist dims ranges deltas ptrs double idx 
35	0,01407	std const handle noexcept shape tensor deviceptr 
36	0,00396	int32_t kernel ocl umat set dtype config 
37	0,00488	dx const dsize x1 double ssize v_x1 
38	0,00131	ep2 im dst nx const int wave 
39	0,00582	kernel ksize int anchor idxarg bordertype width 
40	0,0093	stream const int gpumat cuda cv buffer 
41	0,01064	api null plugin int backend cv_cudev_implement_scalar_binary_op return 
42	0,16122	license namespace csl include stream file hpp 
43	0,0565	matrix array dst src element texttt input 
44	0,00544	window distance index return trackbar cvflann rect 
45	0,00139	x00000006 x0004003d x00000007 x00000000 x000200f8 x0003003e x00050041 
46	0,00163	int float const getagastscore ptr scale point 
47	0,00607	layerparams node_proto input int opencv_onnx axis set 
48	0,00656	void int window char return const string 
49	0,00981	return null filename string false resulttype params 
50	0,00603	const device return handle context null int 
51	0,0024	m128i mm_and_si128 m128 v_mask ci mm_packus_epi16 mm_srli_epi16 
52	0,05301	mat int rows type cols size const 
53	0,00433	point2f int double polygon const param point 
54	0,00617	status null opencl cv error case device 
55	0,07926	cv void const false line true mat 
56	0,00361	objectpoints val alpha cameras wsum vx_load_aligned cam_params_ 
57	0,0352	double mat img ptr pt1 size color 
58	0,00138	int params costtype v_int16 uint8_t da width 
59	0,00329	dst vtraits vlanes v_float64 const v_float32 cn 
60	0,00182	addnodetomatch int node vaddq_f32 net outbuf input 
61	0,00456	float mat ptr evolution cols size lx 
62	0,01473	case break return int frame camera ximea_param 
63	0,00439	max size heap hdr sz quad struct 
64	0,01636	ptr fs char string filenode int data 
65	0,00808	ctx region unsigned u32 ss msg const 
66	0,0076	int a0 const v_load b0 v_fma c0 
67	0,00192	double int qstring betas mat const return 
68	0,00664	int x1 x0 x2 rec v_type const 
69	0,01127	int img data image size channels buffer 
70	0,00267	ptr goto c_b cb is_not_a_corner is_a_corner offset6 
71	0,00279	matexpr return int const res double context 
72	0,0072	device__ forceinline__ typename template src const struct 
73	0,00257	void ptr val operation uchar var m_current 
74	0,01175	v0 v1 res v2 return const m1 
75	0,00397	srow bayer bstep r0 dst int size 
76	0,00586	tp const v_reg int cvapi cv_default cvarr 
77	0,02633	inputs std ptr const vector outputs int 
78	0,00308	dictionary board marker vector markers corners mat 
79	0,01443	camera matrix points vector inputarray rotation outputarray 
80	0,00628	val const inline return tpvec idx tab 
81	0,09808	define endif defined include ifdef return ifndef 
82	0,00391	quat const quaternion dualquat return m_ typename 
83	0,00432	const int double mat points return std 
84	0,00449	n1 int astep sd mat abs output 
85	0,00144	int const out_j in_j dilation_w m256i vout0 
86	0,00914	ld layer net int layers impl type 
87	0,00571	seq int block reader ptr storage elem_size 
88	0,00582	cv point2f cell points iter pt board 
89	0,00693	float model mat network std net blob 
90	0,00504	src cn dst int len vecsz const 
91	0,00606	params int double samples val data fs 
92	0,00148	vtraits vlanes v_add val sum sum_row int 
93	0,01696	image src point texttt param int dst 
94	0,01069	vtraits vlanes vx_load v_float32 src s0 v_add 
95	0,00509	return params const template struct stream cuda4dnn_device 
96	0,00109	imglabels_row int labelt block const ilabel continue 
97	0,00205	float64_t return uia const uiz static softdouble 
98	0,00781	int size std tim vx ptr kernel_size 
99	0,00317	m256i vl m256 std wptr wstep const 

[beta: 0,00358] 
<700> LL/token: -6,87491
<710> LL/token: -6,87489
<720> LL/token: -6,87379
<730> LL/token: -6,87389
<740> LL/token: -6,87268

0	0,00344	ptr img threshold mask vxprefix vector return 
1	0,18222	copyright software source provided including conditions redistribution 
2	0,03101	tp template inline const typename return operator 
3	0,00858	mat int arr type cvmat ptr idx 
4	0,05907	src dst int size type depth width 
5	0,00479	result point2f vector size points templ img 
6	0,00586	val const return cv_always_inline operator data cv_mat_elem 
7	0,00317	typename int const tid alpha val class 
8	0,1442	const void int public virtual ptr class 
9	0,00338	cvmat double mat distcoeffs type cv_64f getmat 
10	0,00239	width size height rect int idx img 
11	0,01193	double mat points count ptr m1 inputarray 
12	0,00415	mat omega_ temp img matx state const 
13	0,16552	int float const uchar max void min 
14	0,00613	p1 p0 p2 p3 return op p4 
15	0,00075	coeffs softfloat nrepeats whitept softdouble srgb tab 
16	0,00748	src1 const mask src2 dst len type 
17	0,11178	param image cv_wrap returns function number size 
18	0,01173	images vector std detail size height return 
19	0,00705	layerparams layer int set net const tensorflow 
20	0,00362	int const double return points_size params model 
21	0,01024	size_t int const dst width height double 
22	0,00369	major float roi gap arg src void 
23	0,00552	keypoints descriptors int mat vector matches keypoint 
24	0,00087	codegen_funcptr void glenum glint gluint glsizei typedef 
25	0,00167	const tvec ndisp ptr define vec_uchar16 vec_float4 
26	0,0066	return int openni endl propvalue propidx mfx 
27	0,0039	std ngraph inferenceengine auto string shared_ptr node 
28	0,00477	float inputarray scale src_size k_rinv r_kinv img 
29	0,00414	dm minval maxval maxidx minidx data idx 
30	0,00235	int point2f vector centers corners points size 
31	0,00238	int width colormap height void size struct 
32	0,19886	std const return size vector size_t bool 
33	0,00232	int const uchar dcn src dst dst_data 
34	0,00413	hist dims ranges deltas ptrs double idx 
35	0,01308	const std handle noexcept shape tensor deviceptr 
36	0,00391	int32_t kernel ocl umat set dtype config 
37	0,00454	dx const dsize x1 double v_x1 v_w 
38	0,00115	ep2 im dst nx wave datab flags 
39	0,00587	kernel ksize int anchor bordertype idxarg width 
40	0,00846	stream gpumat const cuda int cv buffer 
41	0,01077	api plugin null backend cv_cudev_implement_scalar_binary_op return int 
42	0,15314	license namespace include csl stream file hpp 
43	0,05405	matrix array element dst input texttt src 
44	0,00515	window distance index return cvflann trackbar rect 
45	0,00137	x00000006 x0004003d x00000007 x00000000 x000200f8 x0003003e x00050041 
46	0,00159	int float const getagastscore ptr scale max 
47	0,00622	layerparams node_proto int input opencv_onnx nodeproto axis 
48	0,00653	void int window const char return qstring 
49	0,01009	return null filename int string false resulttype 
50	0,00523	const device handle context return int null 
51	0,00235	m128i mm_and_si128 m128 v_mask mm_packus_epi16 ci mm_srli_epi16 
52	0,05027	mat int rows type cols size const 
53	0,00412	point2f int double polygon const param point 
54	0,00553	status null opencl cv case error cv_error 
55	0,07037	cv void false line true mat const 
56	0,00348	objectpoints val alpha cameras vx_load_aligned wsum mat 
57	0,03319	double mat img ptr pt1 size color 
58	0,00134	int params costtype v_int16 uint8_t const da 
59	0,0032	dst vtraits vlanes v_float64 v_float32 const cn 
60	0,00181	addnodetomatch int node vaddq_f32 outbuf net input 
61	0,00438	float mat evolution ptr cols evolution_ lx 
62	0,01408	case break return int frame camera ximea_param 
63	0,0043	max size heap hdr sz quad struct 
64	0,01542	ptr fs char string filenode int data 
65	0,00787	ctx region unsigned u32 ss msg endif 
66	0,00762	int a0 v_load const v_fma b0 float 
67	0,00189	double betas int const mat return cvmat 
68	0,00679	x1 x0 int x2 rec cinfo x3 
69	0,01066	int img data image size channels return 
70	0,00248	ptr goto c_b cb is_not_a_corner is_a_corner offset6 
71	0,00284	matexpr return int res const double null 
72	0,00713	device__ forceinline__ typename template src const return 
73	0,00277	void ptr val uchar operation var m_current 
74	0,01125	v0 v1 res v2 return m1 const 
75	0,00369	srow bayer bstep r0 dst size v_add 
76	0,00522	tp const v_reg int cvapi cv_default cvarr 
77	0,02507	inputs std ptr const vector outputs int 
78	0,00306	dictionary board marker markers corners vector mat 
79	0,01395	camera matrix points vector inputarray rotation outputarray 
80	0,00632	const val inline return tpvec idx tab 
81	0,09146	define endif defined include ifdef return static 
82	0,0035	quat const quaternion dualquat m_ tp template 
83	0,00415	const int double mat points vector return 
84	0,0045	n1 int astep sd abs mat output 
85	0,00139	int out_j in_j const m256i dilation_w vout0 
86	0,00928	ld layer int net layers impl type 
87	0,00603	seq int block reader storage ptr elem_size 
88	0,00552	cv point2f cell points iter pt board 
89	0,00686	float model mat std vector network size 
90	0,00459	src cn int dst len vecsz const 
91	0,00622	params int double samples val data fs 
92	0,00149	vtraits v_add val vlanes int sum sum_row 
93	0,01601	image param src int point texttt dst 
94	0,0103	vtraits vlanes vx_load v_float32 src s0 v_add 
95	0,00505	return params const template struct stream cuda4dnn_device 
96	0,00118	imglabels_row int labelt block const ilabel continue 
97	0,00189	float64_t return uia const uiz static softdouble 
98	0,00748	int size std ptr tim vx kernel_size 
99	0,00282	m256i vl m256 std wstep wptr const 

[beta: 0,00359] 
<750> LL/token: -6,87179
<760> LL/token: -6,87085
<770> LL/token: -6,87061
<780> LL/token: -6,86861
<790> LL/token: -6,86864

0	0,00348	ptr img mask vxprefix threshold pixel vector 
1	0,17428	copyright software source including conditions provided redistribution 
2	0,03007	tp template const inline typename return operator 
3	0,00852	mat int arr type cvmat idx ptr 
4	0,05827	src dst int size type width depth 
5	0,00499	result vector point2f size points templ return 
6	0,00546	val const return cv_always_inline operator data cv_mat_elem 
7	0,00297	typename int const tid alpha class val 
8	0,13929	const void int public virtual class ptr 
9	0,00324	cvmat double mat distcoeffs type cv_64f rows 
10	0,00237	width size height rect int img double 
11	0,01135	double mat points count inputarray m1 getmat 
12	0,00428	mat omega_ temp img matx state wt 
13	0,15893	int float const uchar max void min 
14	0,00636	p0 p1 p2 p3 op p4 return 
15	0,00034	coeffs softfloat nrepeats whitept softdouble srgb tab 
16	0,00707	const src1 mask src2 len dst type 
17	0,1109	param image cv_wrap number function returns set 
18	0,01155	images vector std detail size return umat 
19	0,0071	layerparams layer int net const set tensorflow 
20	0,00372	int const double return params points_size ptr 
21	0,00982	size_t int const dst width height double 
22	0,00363	major float roi gap arg void src 
23	0,00542	keypoints descriptors int vector matches empty keypoint 
24	0,00081	codegen_funcptr void glenum glint gluint glsizei typedef 
25	0,00161	const tvec ptr ndisp define vec_uchar16 vec_float4 
26	0,00649	return openni int endl propvalue propidx mfx 
27	0,00414	std ngraph inferenceengine auto string shared_ptr node 
28	0,00416	float inputarray scale src_size k_rinv img r_kinv 
29	0,00412	dm maxval minval maxidx minidx data idx 
30	0,00251	int vector point2f centers corners points std 
31	0,00227	int width colormap height void m_areas struct 
32	0,1912	std const return size vector size_t bool 
33	0,00236	int const dcn uchar dst src vsize 
34	0,00392	hist dims ranges ptrs deltas const double 
35	0,01326	std const handle noexcept shape tensor deviceptr 
36	0,00411	int32_t kernel umat ocl set dtype config 
37	0,00447	dx const dsize x1 double v_x1 v_w 
38	0,00102	ep2 im int nx dst const wave 
39	0,00572	kernel ksize int anchor bordertype idxarg ocl 
40	0,00817	stream int const gpumat cuda cv buffer 
41	0,01049	api plugin null return backend cv_cudev_implement_scalar_binary_op int 
42	0,14814	license namespace include csl stream file hpp 
43	0,05068	matrix array dst texttt element src input 
44	0,00493	window distance index return trackbar cvflann rect 
45	0,00135	x00000006 x0004003d x00000007 x00000000 x000200f8 x0003003e x00050041 
46	0,00151	int float const getagastscore ptr scale ret_val 
47	0,00607	layerparams node_proto int input opencv_onnx mat axis 
48	0,00626	void int window char const return qstring 
49	0,00992	return null filename string false int resulttype 
50	0,00487	const device handle context return null int 
51	0,0025	m128i mm_and_si128 m128 v_mask mm_packus_epi16 mm_srli_epi16 ci 
52	0,04621	mat int rows type cols size const 
53	0,00397	point2f int double polygon param const pt 
54	0,00465	status null opencl cv case error device 
55	0,06499	cv const void line false true mat 
56	0,00333	objectpoints val alpha wsum cameras vx_load_aligned cam_params_ 
57	0,03088	double mat img pt1 color size ptr 
58	0,0013	int params costtype v_int16 uint8_t da const 
59	0,00318	dst vtraits vlanes v_float64 v_float32 const cn 
60	0,00175	addnodetomatch int node vaddq_f32 outbuf net input 
61	0,00448	float mat evolution ptr const scale evolution_ 
62	0,01407	case break return int camera frame ximea_param 
63	0,00455	max size heap sz hdr quad struct 
64	0,01532	ptr fs char string filenode int data 
65	0,00736	ctx region unsigned u32 ss msg return 
66	0,00732	int a0 const v_load b0 float v_fma 
67	0,00183	double betas int mat const return ptr 
68	0,00667	int x1 x0 x2 rec cinfo unsigned 
69	0,01069	int img data image size return depth 
70	0,0025	ptr goto c_b cb is_not_a_corner is_a_corner offset6 
71	0,00258	matexpr return int res const double context 
72	0,00658	device__ forceinline__ typename template src const struct 
73	0,0025	void ptr val operation var uchar m_current 
74	0,011	v0 v1 res v2 return const m1 
75	0,00365	srow bayer r0 bstep dst size int 
76	0,00507	tp const v_reg int cvapi cv_default cvarr 
77	0,02504	inputs std ptr const vector outputs int 
78	0,00297	dictionary board marker vector markers corners mat 
79	0,0136	camera points matrix vector rotation inputarray outputarray 
80	0,00578	val const inline return tpvec idx tab 
81	0,08683	define endif defined include ifdef return ifndef 
82	0,00306	quat const quaternion dualquat typename m_ return 
83	0,0037	const int double points mat return vector 
84	0,00423	goto n1 int astep sd mat abs 
85	0,00143	int out_j in_j const m256i dilation_w vout0 
86	0,0089	ld layer net int layers impl type 
87	0,00627	seq int block reader ptr storage elem_size 
88	0,00516	cv point2f cell pt iter points board 
89	0,00667	model float mat std vector network blob 
90	0,00455	src cn int dst len vecsz const 
91	0,0057	params double int samples val data fs 
92	0,00157	vtraits v_add val vlanes int sum sum_row 
93	0,01618	image param src int point texttt dst 
94	0,00998	vtraits vlanes vx_load v_float32 src s0 v_add 
95	0,00474	return params const template struct stream cuda4dnn_device 
96	0,00102	imglabels_row int const labelt block ilabel continue 
97	0,0019	float64_t return uia const uiz static softfloat 
98	0,00751	int size std ptr tim vx kernel_size 
99	0,00251	m256i m256 vl wstep wptr std const 

[beta: 0,0036] 
<800> LL/token: -6,87052
<810> LL/token: -6,86972
<820> LL/token: -6,86959
<830> LL/token: -6,8689
<840> LL/token: -6,86892

0	0,00343	ptr img mask vxprefix threshold vector pixel 
1	0,16906	copyright software including conditions provided source redistribution 
2	0,02937	tp template const inline typename return operator 
3	0,00861	mat int arr type cvmat idx ptr 
4	0,05867	src dst int size type depth width 
5	0,00477	result vector point2f size points return templ 
6	0,00552	val const return cv_always_inline operator data cv_mat_elem 
7	0,00297	typename const int tid alpha class val 
8	0,1351	const void int public virtual ptr class 
9	0,00348	cvmat double mat distcoeffs type cv_64f getmat 
10	0,00236	width size height rect img int idx 
11	0,01115	double mat count points ptr inputarray m1 
12	0,00411	mat omega_ temp img matx state void 
13	0,15667	int float const uchar max min void 
14	0,00586	p1 p0 p2 p3 p4 op return 
15	0,0003	coeffs softfloat nrepeats whitept softdouble tab vx_setall_f32 
16	0,00701	src1 const mask src2 dst len type 
17	0,10996	param cv_wrap image number function returns size 
18	0,01119	images vector std detail size return umat 
19	0,00689	layerparams layer int net set const tensorflow 
20	0,00364	int double const return model params points_size 
21	0,00951	size_t int const dst width height double 
22	0,00364	float major roi gap arg void moments 
23	0,00546	int keypoints descriptors matches vector keypoint empty 
24	0,00078	codegen_funcptr void glenum glint gluint glsizei typedef 
25	0,00159	const tvec define ndisp ptr vec_uchar16 vec_float4 
26	0,00644	return openni int endl propvalue propidx mfx 
27	0,00415	std ngraph inferenceengine auto string node shared_ptr 
28	0,00388	float inputarray scale src_size k_rinv img r_kinv 
29	0,0037	dm maxval minval maxidx minidx idx data 
30	0,00252	int point2f vector centers std points corners 
31	0,00219	int width colormap height void m_areas struct 
32	0,1847	std const return size vector size_t bool 
33	0,00227	int const uchar dcn dst src vsize 
34	0,0038	hist dims ranges ptrs deltas double idx 
35	0,01323	const std handle noexcept tensor shape deviceptr 
36	0,00409	int32_t kernel ocl umat set dtype config 
37	0,00455	dx const dsize x1 double v_x1 v_w 
38	0,00101	ep2 im dst const nx wave int 
39	0,00552	kernel ksize int anchor bordertype idxarg width 
40	0,00829	stream cuda gpumat const int cv void 
41	0,01095	api plugin null cv_cudev_implement_scalar_binary_op backend cv_cudev_implement_vec_unary_func return 
42	0,14342	license namespace include csl stream file hpp 
43	0,048	matrix array element param dst src texttt 
44	0,00496	window distance index cvflann trackbar rect return 
45	0,00108	x00000006 x0004003d x00000007 x00000000 x000200f8 x0003003e x00050041 
46	0,00137	int float const getagastscore ptr scale ret_val 
47	0,00582	layerparams node_proto int input opencv_onnx axis nodeproto 
48	0,00625	void int window return char const qstring 
49	0,00944	return null string filename int false resulttype 
50	0,0049	const device handle context int null return 
51	0,00254	m128i mm_and_si128 m128 v_mask ci mm_packus_epi16 mm_srli_epi16 
52	0,04261	mat int rows type cols size const 
53	0,00374	point2f double int polygon const param pt 
54	0,00426	status null opencl cv error case context 
55	0,06108	cv const void line false true static 
56	0,00328	v_float32 objectpoints val alpha cameras wsum vx_load_aligned 
57	0,03086	double mat img color int pt1 ptr 
58	0,00137	int params costtype v_int16 uint8_t da const 
59	0,00292	dst vtraits vlanes v_float64 v_float32 const cn 
60	0,00175	addnodetomatch int node vaddq_f32 outbuf input net 
61	0,00435	float mat evolution ptr const evolution_ lx 
62	0,01297	case break return int camera frame ximea_param 
63	0,00415	max size heap sz hdr quad struct 
64	0,01519	ptr fs char string filenode int data 
65	0,00715	ctx region unsigned u32 ss msg return 
66	0,00722	int a0 const float v_load b0 v_fma 
67	0,00182	double betas int const mat return succeeded 
68	0,00627	x1 int x0 x2 rec x3 cinfo 
69	0,01065	int img data image return size depth 
70	0,00211	ptr goto c_b cb is_not_a_corner is_a_corner offset6 
71	0,00249	matexpr return int res double context const 
72	0,00619	device__ forceinline__ typename template src const return 
73	0,00242	void ptr val operation uchar var m_current 
74	0,01074	v0 v1 res v2 return const m1 
75	0,00354	srow bayer r0 bstep dst int size 
76	0,00555	tp const v_reg int cvapi cv_default cvarr 
77	0,02453	inputs std ptr const vector outputs int 
78	0,00293	dictionary board marker corners markers vector mat 
79	0,01316	camera matrix points vector inputarray rotation outputarray 
80	0,00561	val const inline return tpvec idx ptr 
81	0,0823	define endif defined include ifdef return ifndef 
82	0,00305	quat const quaternion dualquat m_ return tp 
83	0,00339	const int double mat points return vector 
84	0,00412	goto n1 astep int sd mat abs 
85	0,00146	int const out_j in_j m256i dilation_w vout0 
86	0,00842	ld net layer int layers impl type 
87	0,00618	seq int block storage reader ptr elem_size 
88	0,00533	cv point2f cell points iter pt board 
89	0,00617	float model std mat vector size network 
90	0,0045	src cn int dst len vecsz const 
91	0,00543	params double int samples val data fs 
92	0,00147	v_add vtraits val vlanes sum int sum_row 
93	0,01594	image param int src texttt point dst 
94	0,00965	vtraits vlanes vx_load src v_float32 s0 v_add 
95	0,00476	return params const template struct stream cuda4dnn_device 
96	0,00102	imglabels_row int const labelt block ilabel continue 
97	0,00198	float64_t return uia const uiz static softdouble 
98	0,00751	int std size tim vx ptr kernel_size 
99	0,00249	m256i m256 vl wstep wptr const std 

[beta: 0,0036] 
<850> LL/token: -6,87038
<860> LL/token: -6,86917
<870> LL/token: -6,86989
<880> LL/token: -6,86876
<890> LL/token: -6,86832

0	0,00346	img ptr mask vxprefix vector threshold return 
1	0,16663	copyright software provided including source conditions redistribution 
2	0,02854	tp template const inline typename return operator 
3	0,00832	mat arr int type cvmat idx ptr 
4	0,05776	src dst int size type depth width 
5	0,00478	result vector point2f size points return templ 
6	0,00522	val const return cv_always_inline operator data cv_mat_elem 
7	0,0029	typename int const tid alpha val class 
8	0,13169	const void int public virtual ptr class 
9	0,00295	cvmat double mat distcoeffs type cv_64f getmat 
10	0,00241	width size height rect img std vector 
11	0,01079	double mat points count inputarray int m1 
12	0,00437	mat omega_ temp img const void matx 
13	0,15533	int float const uchar max void min 
14	0,00581	p1 p0 p2 p3 p4 op vop 
15	0,0003	coeffs softfloat nrepeats whitept softdouble srgb tab 
16	0,00663	src1 const mask src2 dst len type 
17	0,10996	param cv_wrap image number function returns size 
18	0,01037	images std vector detail size umat return 
19	0,00654	layerparams layer int set const net string 
20	0,00357	int const double return points_size params model 
21	0,00909	size_t int const dst width height double 
22	0,00362	major float roi gap void arg src 
23	0,00568	keypoints descriptors int vector matches fs keypoint 
24	0,00083	codegen_funcptr void glenum glint gluint glsizei typedef 
25	0,00162	const tvec ndisp ptr define vec_uchar16 vec_float4 
26	0,00649	return openni int endl propvalue propidx mfx 
27	0,00426	std ngraph inferenceengine auto string node shared_ptr 
28	0,00387	float inputarray scale src_size k_rinv r_kinv img 
29	0,00363	dm maxval minval maxidx minidx idx data 
30	0,00236	int point2f vector centers points std corners 
31	0,00218	int width colormap height void struct m_areas 
32	0,17875	std const return size vector size_t bool 
33	0,00208	int const uchar dcn src dst vsize 
34	0,00399	hist dims ranges deltas ptrs double idx 
35	0,01325	const std handle noexcept shape tensor class 
36	0,00409	int32_t kernel umat ocl set dtype config 
37	0,0043	dx const dsize x1 double v_x1 v_w 
38	0,00101	ep2 im dst nx wave datab int 
39	0,00543	kernel ksize int anchor bordertype idxarg ocl 
40	0,00842	stream int cv gpumat cuda const buffer 
41	0,0106	api plugin null int backend cv_cudev_implement_scalar_binary_op cv_cudev_implement_vec_unary_func 
42	0,14252	license namespace include csl stream file hpp 
43	0,04455	matrix array dst src texttt element input 
44	0,00493	window distance index return cvflann trackbar rect 
45	0,00103	x00000006 x0004003d x00000007 x00000000 x000200f8 x0003003e x00050041 
46	0,00144	int float const getagastscore ptr scale ret_val 
47	0,00563	layerparams node_proto int input opencv_onnx axis mat 
48	0,00587	void int window char return const qstring 
49	0,00914	return null filename string false int resulttype 
50	0,00491	const device handle context int return null 
51	0,00237	m128i mm_and_si128 m128 v_mask ci mm_packus_epi16 mm_srli_epi16 
52	0,04081	mat int rows type cols size const 
53	0,00389	point2f int double polygon const param unsigned 
54	0,0043	status null opencl cv case error cv_error 
55	0,05888	cv void false line true const mat 
56	0,0035	objectpoints v_float32 alpha cameras vx_load_aligned wsum val 
57	0,02971	double mat img color pt1 ptr point 
58	0,00136	int params costtype v_int16 uint8_t da std 
59	0,00302	dst vtraits vlanes v_float64 v_float32 const cn 
60	0,00172	addnodetomatch int node vaddq_f32 net outbuf input 
61	0,00414	float mat evolution ptr cols evolution_ scale 
62	0,01251	case break return camera ximea_param value_type frame 
63	0,00421	max size heap sz hdr quad struct 
64	0,01468	ptr fs char filenode string int data 
65	0,00703	ctx unsigned region u32 ss int msg 
66	0,00722	int a0 v_load const float b0 v_fma 
67	0,00171	double betas int const mat return succeeded 
68	0,00595	int x1 x0 x2 rec cinfo x3 
69	0,01007	img int data image size depth channels 
70	0,0016	ptr goto c_b cb is_not_a_corner is_a_corner offset6 
71	0,00219	matexpr return int res double null context 
72	0,00635	device__ forceinline__ typename template src const return 
73	0,00248	void ptr val operation uchar var m_current 
74	0,01044	v0 v1 res v2 return const m1 
75	0,00352	srow bayer r0 bstep dst int v_add 
76	0,00514	tp const v_reg int cvapi cv_default cvarr 
77	0,02387	inputs std ptr const vector outputs int 
78	0,00274	dictionary board marker vector markers corners point2f 
79	0,01333	camera matrix points vector inputarray rotation outputarray 
80	0,00608	const val inline return tpvec idx ptr 
81	0,07907	define endif defined include ifdef return ifndef 
82	0,0032	const quat quaternion dualquat return m_ typename 
83	0,00371	const int double mat points return vector 
84	0,00392	goto n1 astep sd abs eigenvectors result 
85	0,00136	int const out_j in_j m256i dilation_w vout0 
86	0,0085	ld net layer int layers impl ptr 
87	0,00576	seq int block storage reader ptr elem_size 
88	0,00513	cv point2f pt cell points iter board 
89	0,00659	float model std mat vector size network 
90	0,00462	src cn dst int len vecsz const 
91	0,0054	params int double samples val data return 
92	0,00153	vtraits val v_add vlanes int sum sum_row 
93	0,0154	image param int src texttt point dst 
94	0,00961	vtraits vlanes vx_load src v_float32 s0 v_add 
95	0,00448	return params const template struct stream cuda4dnn_device 
96	0,00111	imglabels_row int labelt block const ilabel continue 
97	0,00202	float64_t return uia const uiz static softdouble 
98	0,00731	int size std tim vx ptr strides 
99	0,00243	m256i vl m256 wptr wstep x_ofs min 

[beta: 0,0036] 
<900> LL/token: -6,8678
<910> LL/token: -6,86805
<920> LL/token: -6,86832
<930> LL/token: -6,86793
<940> LL/token: -6,86617

0	0,00344	ptr img vxprefix mask return threshold vector 
1	0,16489	copyright software source conditions provided including redistribution 
2	0,02712	tp template inline const typename return operator 
3	0,00866	mat int arr type cvmat ptr idx 
4	0,05686	src dst int size type width depth 
5	0,00467	result vector point2f size points return templ 
6	0,00527	val const return cv_always_inline operator data cv_mat_elem 
7	0,0029	typename const int tid val alpha len 
8	0,12995	const void int public virtual class ptr 
9	0,00293	cvmat double mat distcoeffs type cv_64f rows 
10	0,00228	size width height rect std vector img 
11	0,01076	double mat points count inputarray getmat m1 
12	0,00425	mat omega_ temp const img state matx 
13	0,15468	int float const uchar max void min 
14	0,00566	p1 p0 p2 p3 return p4 op 
15	0,0003	coeffs softfloat nrepeats whitept softdouble srgb tab 
16	0,00695	src1 const mask src2 int len dst 
17	0,11086	param cv_wrap image number function returns size 
18	0,0099	images vector std detail mat size umat 
19	0,00666	layerparams layer int set net const string 
20	0,00352	int const double model return ptr points_size 
21	0,0088	size_t int const dst width height double 
22	0,00359	major roi gap arg float src void 
23	0,00588	keypoints descriptors int vector matches empty mat 
24	0,0008	codegen_funcptr void glenum glint gluint glsizei typedef 
25	0,00159	const tvec ptr ndisp define vec_uchar16 vec_float4 
26	0,00634	return openni int endl propvalue propidx mfx 
27	0,004	std ngraph inferenceengine auto string shared_ptr make_shared 
28	0,00399	float inputarray scale src_size k_rinv r_kinv img 
29	0,0035	dm maxval minval maxidx minidx data idx 
30	0,00234	int vector point2f centers size corners points 
31	0,00214	int width colormap height void size m_areas 
32	0,17472	std const return size vector size_t bool 
33	0,00209	int const uchar dcn dst src vsize 
34	0,00378	hist dims ranges deltas ptrs double const 
35	0,01418	std const handle noexcept shape tensor deviceptr 
36	0,00386	int32_t kernel ocl umat set dtype config 
37	0,00442	dx const dsize x1 double v_x1 v_w 
38	0,00097	ep2 im const dst nx int wave 
39	0,00567	kernel ksize int anchor bordertype idxarg width 
40	0,00848	stream const int gpumat cuda cv void 
41	0,01016	api plugin null backend cv cv_cudev_implement_scalar_binary_op int 
42	0,13964	license namespace csl include stream file hpp 
43	0,04245	matrix array src dst texttt element input 
44	0,00516	window distance index return cvflann trackbar rect 
45	0,00102	x00000006 x0004003d x00000007 x00000000 x000200f8 x0003003e x00050041 
46	0,00137	int float const getagastscore ptr scale ret_val 
47	0,00538	layerparams node_proto int input opencv_onnx mat axis 
48	0,00552	void int window char const return qstring 
49	0,00889	return null filename int string false resulttype 
50	0,00518	const device handle context int null return 
51	0,00236	m128i mm_and_si128 m128 v_mask ci mm_packus_epi16 mm_srli_epi16 
52	0,04091	mat int rows type cols size const 
53	0,00402	point2f double int polygon const param unsigned 
54	0,00424	status opencl null cv error case device 
55	0,05725	cv void const false line true mat 
56	0,00343	objectpoints v_float32 val alpha cameras wsum vx_load_aligned 
57	0,02876	double mat img size ptr color pt1 
58	0,0013	int params costtype v_int16 uint8_t da const 
59	0,00302	dst vlanes vtraits v_float64 v_float32 const cn 
60	0,00173	addnodetomatch int node vaddq_f32 outbuf net vfmaq_f32 
61	0,00436	float mat evolution ptr const cols evolution_ 
62	0,01257	case break return int camera value_type ximea_param 
63	0,00407	max size hdr heap sz quad struct 
64	0,01407	ptr fs char string filenode int data 
65	0,00657	ctx region unsigned u32 ss int msg 
66	0,007	int a0 float v_load const v_fma b0 
67	0,0018	double betas int mat const return ptr 
68	0,00611	int x1 x0 x2 rec cinfo x3 
69	0,01004	img data int image size depth return 
70	0,00155	ptr goto c_b cb is_not_a_corner is_a_corner offset6 
71	0,00232	matexpr return int double res context data 
72	0,0064	device__ forceinline__ typename template src const return 
73	0,00259	void ptr val operation var m_current uchar 
74	0,01032	v0 v1 res v2 return m1 num 
75	0,00378	srow bayer r0 bstep dst size v_add 
76	0,00485	tp const v_reg int cvapi cv_default cvarr 
77	0,02351	inputs std ptr const vector outputs int 
78	0,00272	dictionary board marker vector markers corners mat 
79	0,01323	camera matrix points vector inputarray rotation outputarray 
80	0,00555	const val inline return tpvec idx tab 
81	0,07544	define endif defined include ifdef return ifndef 
82	0,00318	quat const quaternion dualquat return m_ typename 
83	0,00395	const int double mat points return vector 
84	0,00394	goto n1 astep mat sd abs output 
85	0,00139	int out_j const m256i in_j dilation_w vout0 
86	0,00842	ld layer net int layers impl type 
87	0,00543	seq int block storage reader ptr elem_size 
88	0,00523	cv point2f pt cell points iter board 
89	0,00654	model float mat size std vector network 
90	0,00452	src cn int dst len vecsz const 
91	0,00548	params double int samples val data fs 
92	0,00138	v_add vtraits val vlanes sum sum_row cn 
93	0,015	image param int src texttt point dst 
94	0,00948	vtraits vlanes vx_load src v_float32 s0 v_add 
95	0,00451	return params const template struct stream cuda4dnn_device 
96	0,00083	imglabels_row int labelt block const ilabel continue 
97	0,00182	float64_t return uia const uiz static softfloat 
98	0,0072	int size std tim vx ptr kernel_size 
99	0,00245	m256i vl m256 wptr wstep const x_ofs 

[beta: 0,0036] 
<950> LL/token: -6,86832
<960> LL/token: -6,8674
<970> LL/token: -6,86706
<980> LL/token: -6,86826
<990> LL/token: -6,86905

0	0,00326	ptr img mask vxprefix vector threshold return 
1	0,16329	copyright software source conditions including provided redistribution 
2	0,02701	tp template inline const typename return operator 
3	0,00859	mat int type arr cvmat ptr idx 
4	0,05677	src dst int size type width mat 
5	0,00467	result vector point2f size points return templ 
6	0,00495	val const return cv_always_inline operator data cv_mat_elem 
7	0,00278	typename const int tid val alpha class 
8	0,12641	const void int public virtual class ptr 
9	0,00315	cvmat double mat distcoeffs type cv_64f rows 
10	0,00198	size width height rect img std vector 
11	0,01033	double mat points count inputarray m1 getmat 
12	0,00421	mat omega_ temp img matx state void 
13	0,15392	int float const uchar void max min 
14	0,00583	p1 p0 p2 p3 p4 op return 
15	0,0003	coeffs softfloat nrepeats whitept softdouble srgb tab 
16	0,00711	src1 const mask int src2 len type 
17	0,11093	param cv_wrap image number function returns set 
18	0,01043	images vector std detail mat size umat 
19	0,00655	layerparams layer int set net const tensorflow 
20	0,00363	int double const return ptr points_size model 
21	0,00852	size_t int const width dst double height 
22	0,00354	major float roi gap void arg src 
23	0,00602	keypoints descriptors int vector matches empty keypoint 
24	0,00081	codegen_funcptr void glenum glint gluint glsizei typedef 
25	0,00155	const tvec ptr define ndisp vec_uchar16 vec_float4 
26	0,00591	return int openni endl propvalue propidx mfx 
27	0,00412	std ngraph inferenceengine auto string shared_ptr node 
28	0,00421	float inputarray scale src_size k_rinv r_kinv std 
29	0,00329	dm maxval minval maxidx minidx idx data 
30	0,00243	vector int point2f std centers points size_t 
31	0,00217	int width colormap height void struct m_areas 
32	0,17429	std const return size vector size_t bool 
33	0,00217	int const dcn uchar dst src vsize 
34	0,00362	hist dims ranges deltas ptrs double const 
35	0,01352	std const handle noexcept tensor shape deviceptr 
36	0,00376	int32_t kernel ocl umat set config dtype 
37	0,004	dx dsize const x1 double v_x1 v_w 
38	0,00098	ep2 im dst const nx int wave 
39	0,00543	kernel ksize int anchor bordertype idxarg ocl 
40	0,0085	stream const int gpumat cuda cv void 
41	0,01002	api plugin null int cv_cudev_implement_scalar_binary_op backend cv_cudev_implement_vec_unary_func 
42	0,13742	license namespace csl include stream file hpp 
43	0,04076	matrix array dst src param texttt element 
44	0,00531	window distance index return cvflann trackbar rect 
45	0,00102	x00000006 x0004003d x00000007 x00000000 x000200f8 x0003003e x00050041 
46	0,00138	int float const getagastscore ptr scale point 
47	0,00547	layerparams node_proto int input opencv_onnx mat axis 
48	0,00546	void int window char const return qstring 
49	0,00933	return null filename int false resulttype params 
50	0,00516	const device context handle return null int 
51	0,00232	m128i mm_and_si128 m128 v_mask ci mm_packus_epi16 mm_srli_epi16 
52	0,03854	mat int rows type cols size const 
53	0,00372	point2f double int polygon const param point 
54	0,00393	status opencl null cv error case cv_error 
55	0,05691	cv void const line false mat true 
56	0,00341	v_float32 objectpoints vx_load_aligned val alpha cameras wsum 
57	0,02708	double mat img size color pt1 point 
58	0,0013	int params costtype v_int16 uint8_t da std 
59	0,00294	dst vtraits vlanes v_float64 v_float32 const int 
60	0,00174	addnodetomatch node vaddq_f32 int net outbuf vfmaq_f32 
61	0,00416	float mat evolution ptr evolution_ lx cols 
62	0,01209	case break return camera value_type ximea_param int 
63	0,00379	max size heap hdr sz quad struct 
64	0,01462	ptr fs char filenode string data int 
65	0,00655	ctx region unsigned u32 ss msg int 
66	0,00706	int a0 float v_load const v_fma b0 
67	0,00219	double betas int const mat ptr cvmat 
68	0,00608	x1 x0 int const x2 rec cinfo 
69	0,01007	img int data image channels buffer depth 
70	0,00148	ptr goto c_b cb is_not_a_corner is_a_corner offset6 
71	0,0023	matexpr return int double res context const 
72	0,00632	device__ forceinline__ typename template src const return 
73	0,00249	void ptr val operation uchar var m_current 
74	0,0105	v0 v1 res v2 return const m1 
75	0,00391	srow bayer bstep r0 dst size int 
76	0,00497	tp const v_reg int cvapi cv_default cvarr 
77	0,02313	inputs std ptr const vector outputs int 
78	0,00273	dictionary vector board marker markers corners mat 
79	0,01301	camera matrix points vector inputarray rotation outputarray 
80	0,00542	val const inline return tpvec idx tab 
81	0,07357	define endif defined include return ifdef ifndef 
82	0,00343	quat const quaternion dualquat m_ typename return 
83	0,00416	const int double mat points return vector 
84	0,0038	goto n1 astep sd mat abs eigenvectors 
85	0,00127	int out_j const m256i in_j dilation_w vout0 
86	0,0087	ld layer net int layers impl ptr 
87	0,00525	seq int block storage reader ptr elem_size 
88	0,00532	cv point2f cell pt points iter board 
89	0,00697	float model std mat vector size network 
90	0,00423	src cn int dst len vecsz const 
91	0,00526	params double int samples val data return 
92	0,00123	v_add val vtraits vlanes sum int sum_row 
93	0,01566	image param int src texttt point dst 
94	0,00973	vtraits vlanes vx_load src v_float32 s0 v_add 
95	0,00437	return params const template struct cuda4dnn_device stream 
96	0,00101	imglabels_row int const labelt block ilabel continue 
97	0,0018	float64_t return uia const uiz static softfloat 
98	0,00746	int size std tim vx ptr kernel_size 
99	0,00243	vl m256i m256 wptr wstep x_ofs vlm2 

[beta: 0,0036] 
<1000> LL/token: -6,86843

Total time: 4 minutes 7 seconds
[arc] LDA done: 100 topics, 1000 iterations
[arc] DocTopics parsed 1087 items, numTopics=100
    src='/opencv-0/modules/imgproc/src/histogram.cpp' cSourced=true
    src='/opencv-0/modules/photo/include/opencv2/photo/cuda.hpp' cSourced=true
    src='/opencv-0/modules/photo/src/arrays.hpp' cSourced=true
    src='/opencv-0/modules/dnn/src/cuda4dnn/primitives/batch_norm.hpp' cSourced=true
    src='/opencv-0/modules/features2d/src/kaze/KAZEFeatures.h' cSourced=true
[arc] 1087/1087 DocTopicItems are C-sourced
No DocTopics file found, generating new one.
[arc] architecture initialized: 1087 singleton clusters (entities matched to a topic vector)
[arc] clustered to 14 clusters (target 14)
[arc] wrote <repo>\out\opencv\baseline\arc-file\clusters.rsf
[arc-file] 14 clusters / 1087 entities — MoJoFM=28.7 a2a=82.26691042047531 vs reference -> <repo>\out\opencv\baseline\arc-file\fidelity.json
