system,language,granularity,ref_grade,ref_clusters,ref_entities,axis,technique,metric,value,projection,source,tier
abseil,cpp,file,GT-exp,21,809,A1,+L2,edge_f1,1.0,edge-vs-full,rq3-ablation.json,oss
abseil,cpp,file,GT-exp,21,809,A1,+L2,edges,83,edge-vs-full,rq3-ablation.json,oss
abseil,cpp,file,GT-exp,21,809,A1,+L3,edge_f1,1.0,edge-vs-full,rq3-ablation.json,oss
abseil,cpp,file,GT-exp,21,809,A1,+L3,edges,83,edge-vs-full,rq3-ablation.json,oss
abseil,cpp,file,GT-exp,21,809,A1,L0,edge_f1,0.9753,edge-vs-full,rq3-ablation.json,oss
abseil,cpp,file,GT-exp,21,809,A1,L0,edges,79,edge-vs-full,rq3-ablation.json,oss
abseil,cpp,file,GT-exp,21,809,A1,L0+L1,edge_f1,0.9753,edge-vs-full,rq3-ablation.json,oss
abseil,cpp,file,GT-exp,21,809,A1,L0+L1,edges,79,edge-vs-full,rq3-ablation.json,oss
bash,cpp,file,GT-pub,14,373,A1,+L2,edge_f1,1.0,edge-vs-full,rq3-ablation.json,oss
bash,cpp,file,GT-pub,14,373,A1,+L2,edges,17,edge-vs-full,rq3-ablation.json,oss
bash,cpp,file,GT-pub,14,373,A1,+L3,edge_f1,1.0,edge-vs-full,rq3-ablation.json,oss
bash,cpp,file,GT-pub,14,373,A1,+L3,edges,17,edge-vs-full,rq3-ablation.json,oss
bash,cpp,file,GT-pub,14,373,A1,L0,edge_f1,0.64,edge-vs-full,rq3-ablation.json,oss
bash,cpp,file,GT-pub,14,373,A1,L0,edges,8,edge-vs-full,rq3-ablation.json,oss
bash,cpp,file,GT-pub,14,373,A1,L0+L1,edge_f1,0.64,edge-vs-full,rq3-ablation.json,oss
bash,cpp,file,GT-pub,14,373,A1,L0+L1,edges,8,edge-vs-full,rq3-ablation.json,oss
eshop,cs,target,GT-doc,9,19,A1,+L2,edge_f1,1.0,edge-vs-full,rq3-ablation.json,oss
eshop,cs,target,GT-doc,9,19,A1,+L2,edges,30,edge-vs-full,rq3-ablation.json,oss
eshop,cs,target,GT-doc,9,19,A1,+L3,edge_f1,1.0,edge-vs-full,rq3-ablation.json,oss
eshop,cs,target,GT-doc,9,19,A1,+L3,edges,30,edge-vs-full,rq3-ablation.json,oss
eshop,cs,target,GT-doc,9,19,A1,L0,edge_f1,1.0,edge-vs-full,rq3-ablation.json,oss
eshop,cs,target,GT-doc,9,19,A1,L0,edges,30,edge-vs-full,rq3-ablation.json,oss
eshop,cs,target,GT-doc,9,19,A1,L0+L1,edge_f1,1.0,edge-vs-full,rq3-ablation.json,oss
eshop,cs,target,GT-doc,9,19,A1,L0+L1,edges,30,edge-vs-full,rq3-ablation.json,oss
itk,cpp,file,GT-pub,13,7657,A1,+L2,edge_f1,1.0,edge-vs-full,rq3-ablation.json,oss
itk,cpp,file,GT-pub,13,7657,A1,+L2,edges,23,edge-vs-full,rq3-ablation.json,oss
itk,cpp,file,GT-pub,13,7657,A1,+L3,edge_f1,1.0,edge-vs-full,rq3-ablation.json,oss
itk,cpp,file,GT-pub,13,7657,A1,+L3,edges,23,edge-vs-full,rq3-ablation.json,oss
itk,cpp,file,GT-pub,13,7657,A1,L0,edge_f1,0.85,edge-vs-full,rq3-ablation.json,oss
itk,cpp,file,GT-pub,13,7657,A1,L0,edges,17,edge-vs-full,rq3-ablation.json,oss
itk,cpp,file,GT-pub,13,7657,A1,L0+L1,edge_f1,0.85,edge-vs-full,rq3-ablation.json,oss
itk,cpp,file,GT-pub,13,7657,A1,L0+L1,edges,17,edge-vs-full,rq3-ablation.json,oss
libxml2,cpp,file,GT-pub,18,82,A1,+L2,edge_f1,1.0,edge-vs-full,rq3-ablation.json,oss
libxml2,cpp,file,GT-pub,18,82,A1,+L2,edges,3,edge-vs-full,rq3-ablation.json,oss
libxml2,cpp,file,GT-pub,18,82,A1,+L3,edge_f1,1.0,edge-vs-full,rq3-ablation.json,oss
libxml2,cpp,file,GT-pub,18,82,A1,+L3,edges,3,edge-vs-full,rq3-ablation.json,oss
libxml2,cpp,file,GT-pub,18,82,A1,L0,edge_f1,1.0,edge-vs-full,rq3-ablation.json,oss
libxml2,cpp,file,GT-pub,18,82,A1,L0,edges,3,edge-vs-full,rq3-ablation.json,oss
libxml2,cpp,file,GT-pub,18,82,A1,L0+L1,edge_f1,1.0,edge-vs-full,rq3-ablation.json,oss
libxml2,cpp,file,GT-pub,18,82,A1,L0+L1,edges,3,edge-vs-full,rq3-ablation.json,oss
nopcommerce,cs,target,GT-doc,17,37,A1,+L2,edge_f1,1.0,edge-vs-full,rq3-ablation.json,oss
nopcommerce,cs,target,GT-doc,17,37,A1,+L2,edges,30,edge-vs-full,rq3-ablation.json,oss
nopcommerce,cs,target,GT-doc,17,37,A1,+L3,edge_f1,1.0,edge-vs-full,rq3-ablation.json,oss
nopcommerce,cs,target,GT-doc,17,37,A1,+L3,edges,30,edge-vs-full,rq3-ablation.json,oss
nopcommerce,cs,target,GT-doc,17,37,A1,L0,edge_f1,0.6957,edge-vs-full,rq3-ablation.json,oss
nopcommerce,cs,target,GT-doc,17,37,A1,L0,edges,16,edge-vs-full,rq3-ablation.json,oss
nopcommerce,cs,target,GT-doc,17,37,A1,L0+L1,edge_f1,0.6957,edge-vs-full,rq3-ablation.json,oss
nopcommerce,cs,target,GT-doc,17,37,A1,L0+L1,edges,16,edge-vs-full,rq3-ablation.json,oss
opencv,cpp,file,GT-doc,14,1087,A1,+L2,edge_f1,1.0,edge-vs-full,rq3-ablation.json,oss
opencv,cpp,file,GT-doc,14,1087,A1,+L2,edges,9,edge-vs-full,rq3-ablation.json,oss
opencv,cpp,file,GT-doc,14,1087,A1,+L3,edge_f1,1.0,edge-vs-full,rq3-ablation.json,oss
opencv,cpp,file,GT-doc,14,1087,A1,+L3,edges,9,edge-vs-full,rq3-ablation.json,oss
opencv,cpp,file,GT-doc,14,1087,A1,L0,edge_f1,1.0,edge-vs-full,rq3-ablation.json,oss
opencv,cpp,file,GT-doc,14,1087,A1,L0,edges,9,edge-vs-full,rq3-ablation.json,oss
opencv,cpp,file,GT-doc,14,1087,A1,L0+L1,edge_f1,1.0,edge-vs-full,rq3-ablation.json,oss
opencv,cpp,file,GT-doc,14,1087,A1,L0+L1,edges,9,edge-vs-full,rq3-ablation.json,oss
orchardcore,cs,target,GT-doc,34,207,A1,+L2,edge_f1,1.0,edge-vs-full,rq3-ablation.json,oss
orchardcore,cs,target,GT-doc,34,207,A1,+L2,edges,72,edge-vs-full,rq3-ablation.json,oss
orchardcore,cs,target,GT-doc,34,207,A1,+L3,edge_f1,1.0,edge-vs-full,rq3-ablation.json,oss
orchardcore,cs,target,GT-doc,34,207,A1,+L3,edges,72,edge-vs-full,rq3-ablation.json,oss
orchardcore,cs,target,GT-doc,34,207,A1,L0,edge_f1,0.9859,edge-vs-full,rq3-ablation.json,oss
orchardcore,cs,target,GT-doc,34,207,A1,L0,edges,70,edge-vs-full,rq3-ablation.json,oss
orchardcore,cs,target,GT-doc,34,207,A1,L0+L1,edge_f1,0.9859,edge-vs-full,rq3-ablation.json,oss
orchardcore,cs,target,GT-doc,34,207,A1,L0+L1,edges,70,edge-vs-full,rq3-ablation.json,oss
P-1,cpp,file,GT-diag,28,50-100,A2,dir_leaf,a2a,86.91,common-a2,a2-ablation.json,P
P-1,cpp,file,GT-diag,28,50-100,A2,dir_leaf,clusters,93.0,common-a2,a2-ablation.json,P
P-1,cpp,file,GT-diag,28,50-100,A2,dir_leaf,mojofm,90.47,common-a2,a2-ablation.json,P
P-1,cpp,file,GT-diag,28,50-100,A2,dir_top,a2a,84.28,common-a2,a2-ablation.json,P
P-1,cpp,file,GT-diag,28,50-100,A2,dir_top,clusters,5.0,common-a2,a2-ablation.json,P
P-1,cpp,file,GT-diag,28,50-100,A2,dir_top,mojofm,37.13,common-a2,a2-ablation.json,P
P-1,cpp,file,GT-diag,28,50-100,A2,edge_cc,a2a,79.08,common-a2,a2-ablation.json,P
P-1,cpp,file,GT-diag,28,50-100,A2,edge_cc,clusters,17.0,common-a2,a2-ablation.json,P
P-1,cpp,file,GT-diag,28,50-100,A2,edge_cc,mojofm,13.23,common-a2,a2-ablation.json,P
P-1,cpp,file,GT-diag,28,50-100,A2,hand_curation,a2a,100.0,common-a2,a2-ablation.json,P
P-1,cpp,file,GT-diag,28,50-100,A2,hand_curation,clusters,27.0,common-a2,a2-ablation.json,P
P-1,cpp,file,GT-diag,28,50-100,A2,hand_curation,mojofm,100.0,common-a2,a2-ablation.json,P
P-1,cpp,file,GT-diag,28,50-100,A2,none,a2a,93.72,common-a2,a2-ablation.json,P
P-1,cpp,file,GT-diag,28,50-100,A2,none,clusters,49.0,common-a2,a2-ablation.json,P
P-1,cpp,file,GT-diag,28,50-100,A2,none,mojofm,96.87,common-a2,a2-ablation.json,P
P-1,cpp,file,GT-diag,28,50-100,A2,propose_all,a2a,81.21,common-a2,a2-ablation.json,P
P-1,cpp,file,GT-diag,28,50-100,A2,propose_all,clusters,6.0,common-a2,a2-ablation.json,P
P-1,cpp,file,GT-diag,28,50-100,A2,propose_all,mojofm,24.47,common-a2,a2-ablation.json,P
abseil,cpp,file,GT-exp,21,809,A2,dir_leaf,a2a,90.01,common-a2,a2-ablation.json,oss
abseil,cpp,file,GT-exp,21,809,A2,dir_leaf,mojofm,97.85,common-a2,a2-ablation.json,oss
abseil,cpp,file,GT-exp,21,809,A2,dir_top,a2a,100.0,common-a2,a2-ablation.json,oss
abseil,cpp,file,GT-exp,21,809,A2,dir_top,mojofm,100.0,common-a2,a2-ablation.json,oss
abseil,cpp,file,GT-exp,21,809,A2,edge_cc,a2a,79.91,common-a2,a2-ablation.json,oss
abseil,cpp,file,GT-exp,21,809,A2,edge_cc,mojofm,19.49,common-a2,a2-ablation.json,oss
abseil,cpp,file,GT-exp,21,809,A2,hand_curation,a2a,98.76,common-a2,a2-ablation.json,oss
abseil,cpp,file,GT-exp,21,809,A2,hand_curation,mojofm,95.16,common-a2,a2-ablation.json,oss
abseil,cpp,file,GT-exp,21,809,A2,none,a2a,85.13,common-a2,a2-ablation.json,oss
abseil,cpp,file,GT-exp,21,809,A2,none,mojofm,89.92,common-a2,a2-ablation.json,oss
abseil,cpp,file,GT-exp,21,809,A2,propose_all,a2a,100.0,common-a2,a2-ablation.json,oss
abseil,cpp,file,GT-exp,21,809,A2,propose_all,mojofm,100.0,common-a2,a2-ablation.json,oss
bash,cpp,file,GT-pub,14,373,A2,dir_leaf,a2a,97.09,common-a2,a2-ablation.json,oss
bash,cpp,file,GT-pub,14,373,A2,dir_leaf,mojofm,92.98,common-a2,a2-ablation.json,oss
bash,cpp,file,GT-pub,14,373,A2,dir_top,a2a,97.09,common-a2,a2-ablation.json,oss
bash,cpp,file,GT-pub,14,373,A2,dir_top,mojofm,92.98,common-a2,a2-ablation.json,oss
bash,cpp,file,GT-pub,14,373,A2,edge_cc,a2a,85.76,common-a2,a2-ablation.json,oss
bash,cpp,file,GT-pub,14,373,A2,edge_cc,mojofm,53.18,common-a2,a2-ablation.json,oss
bash,cpp,file,GT-pub,14,373,A2,hand_curation,a2a,98.35,common-a2,a2-ablation.json,oss
bash,cpp,file,GT-pub,14,373,A2,hand_curation,mojofm,93.98,common-a2,a2-ablation.json,oss
bash,cpp,file,GT-pub,14,373,A2,none,a2a,97.65,common-a2,a2-ablation.json,oss
bash,cpp,file,GT-pub,14,373,A2,none,mojofm,92.31,common-a2,a2-ablation.json,oss
bash,cpp,file,GT-pub,14,373,A2,propose_all,a2a,95.74,common-a2,a2-ablation.json,oss
bash,cpp,file,GT-pub,14,373,A2,propose_all,mojofm,83.61,common-a2,a2-ablation.json,oss
eshop,cs,target,GT-doc,9,19,A2,det_curation,a2a,100.0,common-a2,a2-ablation.json,oss
eshop,cs,target,GT-doc,9,19,A2,det_curation,mojofm,100.0,common-a2,a2-ablation.json,oss
eshop,cs,target,GT-doc,9,19,A2,dir_leaf,a2a,80.77,common-a2,a2-ablation.json,oss
eshop,cs,target,GT-doc,9,19,A2,dir_leaf,mojofm,33.33,common-a2,a2-ablation.json,oss
eshop,cs,target,GT-doc,9,19,A2,dir_top,a2a,80.77,common-a2,a2-ablation.json,oss
eshop,cs,target,GT-doc,9,19,A2,dir_top,mojofm,33.33,common-a2,a2-ablation.json,oss
eshop,cs,target,GT-doc,9,19,A2,edge_cc,a2a,75.86,common-a2,a2-ablation.json,oss
eshop,cs,target,GT-doc,9,19,A2,edge_cc,mojofm,6.67,common-a2,a2-ablation.json,oss
eshop,cs,target,GT-doc,9,19,A2,hand_curation,a2a,88.89,common-a2,a2-ablation.json,oss
eshop,cs,target,GT-doc,9,19,A2,hand_curation,mojofm,66.67,common-a2,a2-ablation.json,oss
eshop,cs,target,GT-doc,9,19,A2,name,a2a,85.15,common-a2,a2-ablation.json,oss
eshop,cs,target,GT-doc,9,19,A2,name,mojofm,46.67,common-a2,a2-ablation.json,oss
eshop,cs,target,GT-doc,9,19,A2,name_segment,a2a,85.15,common-a2,a2-ablation.json,oss
eshop,cs,target,GT-doc,9,19,A2,name_segment,mojofm,46.67,common-a2,a2-ablation.json,oss
eshop,cs,target,GT-doc,9,19,A2,none,a2a,80.77,common-a2,a2-ablation.json,oss
eshop,cs,target,GT-doc,9,19,A2,none,mojofm,33.33,common-a2,a2-ablation.json,oss
eshop,cs,target,GT-doc,9,19,A2,propose_all,a2a,73.26,common-a2,a2-ablation.json,oss
eshop,cs,target,GT-doc,9,19,A2,propose_all,mojofm,0.0,common-a2,a2-ablation.json,oss
eshop,cs,target,GT-doc,9,19,A2,sdk_role,a2a,86.81,common-a2,a2-ablation.json,oss
eshop,cs,target,GT-doc,9,19,A2,sdk_role,mojofm,40.0,common-a2,a2-ablation.json,oss
itk,cpp,file,GT-pub,13,7657,A2,dir_leaf,a2a,80.22,common-a2,a2-ablation.json,oss
itk,cpp,file,GT-pub,13,7657,A2,dir_leaf,mojofm,93.87,common-a2,a2-ablation.json,oss
itk,cpp,file,GT-pub,13,7657,A2,dir_top,a2a,99.61,common-a2,a2-ablation.json,oss
itk,cpp,file,GT-pub,13,7657,A2,dir_top,mojofm,98.46,common-a2,a2-ablation.json,oss
itk,cpp,file,GT-pub,13,7657,A2,edge_cc,a2a,84.71,common-a2,a2-ablation.json,oss
itk,cpp,file,GT-pub,13,7657,A2,edge_cc,mojofm,47.28,common-a2,a2-ablation.json,oss
itk,cpp,file,GT-pub,13,7657,A2,hand_curation,a2a,99.61,common-a2,a2-ablation.json,oss
itk,cpp,file,GT-pub,13,7657,A2,hand_curation,mojofm,98.46,common-a2,a2-ablation.json,oss
itk,cpp,file,GT-pub,13,7657,A2,none,a2a,84.01,common-a2,a2-ablation.json,oss
itk,cpp,file,GT-pub,13,7657,A2,none,mojofm,96.94,common-a2,a2-ablation.json,oss
itk,cpp,file,GT-pub,13,7657,A2,propose_all,a2a,97.87,common-a2,a2-ablation.json,oss
itk,cpp,file,GT-pub,13,7657,A2,propose_all,mojofm,98.31,common-a2,a2-ablation.json,oss
libxml2,cpp,file,GT-pub,18,82,A2,dir_leaf,a2a,74.33,common-a2,a2-ablation.json,oss
libxml2,cpp,file,GT-pub,18,82,A2,dir_leaf,mojofm,8.33,common-a2,a2-ablation.json,oss
libxml2,cpp,file,GT-pub,18,82,A2,dir_top,a2a,74.33,common-a2,a2-ablation.json,oss
libxml2,cpp,file,GT-pub,18,82,A2,dir_top,mojofm,8.33,common-a2,a2-ablation.json,oss
libxml2,cpp,file,GT-pub,18,82,A2,edge_cc,a2a,78.72,common-a2,a2-ablation.json,oss
libxml2,cpp,file,GT-pub,18,82,A2,edge_cc,mojofm,27.78,common-a2,a2-ablation.json,oss
libxml2,cpp,file,GT-pub,18,82,A2,hand_curation,a2a,75.53,common-a2,a2-ablation.json,oss
libxml2,cpp,file,GT-pub,18,82,A2,hand_curation,mojofm,11.11,common-a2,a2-ablation.json,oss
libxml2,cpp,file,GT-pub,18,82,A2,none,a2a,75.53,common-a2,a2-ablation.json,oss
libxml2,cpp,file,GT-pub,18,82,A2,none,mojofm,11.11,common-a2,a2-ablation.json,oss
libxml2,cpp,file,GT-pub,18,82,A2,propose_all,a2a,73.12,common-a2,a2-ablation.json,oss
libxml2,cpp,file,GT-pub,18,82,A2,propose_all,mojofm,5.56,common-a2,a2-ablation.json,oss
nopcommerce,cs,target,GT-doc,17,37,A2,det_curation,a2a,100.0,common-a2,a2-ablation.json,oss
nopcommerce,cs,target,GT-doc,17,37,A2,det_curation,mojofm,100.0,common-a2,a2-ablation.json,oss
nopcommerce,cs,target,GT-doc,17,37,A2,dir_leaf,a2a,80.2,common-a2,a2-ablation.json,oss
nopcommerce,cs,target,GT-doc,17,37,A2,dir_leaf,mojofm,37.5,common-a2,a2-ablation.json,oss
nopcommerce,cs,target,GT-doc,17,37,A2,dir_top,a2a,79.17,common-a2,a2-ablation.json,oss
nopcommerce,cs,target,GT-doc,17,37,A2,dir_top,mojofm,34.38,common-a2,a2-ablation.json,oss
nopcommerce,cs,target,GT-doc,17,37,A2,edge_cc,a2a,76.51,common-a2,a2-ablation.json,oss
nopcommerce,cs,target,GT-doc,17,37,A2,edge_cc,mojofm,28.12,common-a2,a2-ablation.json,oss
nopcommerce,cs,target,GT-doc,17,37,A2,hand_curation,a2a,90.23,common-a2,a2-ablation.json,oss
nopcommerce,cs,target,GT-doc,17,37,A2,hand_curation,mojofm,71.88,common-a2,a2-ablation.json,oss
nopcommerce,cs,target,GT-doc,17,37,A2,name,a2a,81.76,common-a2,a2-ablation.json,oss
nopcommerce,cs,target,GT-doc,17,37,A2,name,mojofm,40.62,common-a2,a2-ablation.json,oss
nopcommerce,cs,target,GT-doc,17,37,A2,name_segment,a2a,98.9,common-a2,a2-ablation.json,oss
nopcommerce,cs,target,GT-doc,17,37,A2,name_segment,mojofm,96.88,common-a2,a2-ablation.json,oss
nopcommerce,cs,target,GT-doc,17,37,A2,none,a2a,80.2,common-a2,a2-ablation.json,oss
nopcommerce,cs,target,GT-doc,17,37,A2,none,mojofm,37.5,common-a2,a2-ablation.json,oss
nopcommerce,cs,target,GT-doc,17,37,A2,propose_all,a2a,89.6,common-a2,a2-ablation.json,oss
nopcommerce,cs,target,GT-doc,17,37,A2,propose_all,mojofm,71.88,common-a2,a2-ablation.json,oss
nopcommerce,cs,target,GT-doc,17,37,A2,sdk_role,a2a,77.84,common-a2,a2-ablation.json,oss
nopcommerce,cs,target,GT-doc,17,37,A2,sdk_role,mojofm,31.25,common-a2,a2-ablation.json,oss
opencv,cpp,file,GT-doc,14,1087,A2,dir_leaf,a2a,86.63,common-a2,a2-ablation.json,oss
opencv,cpp,file,GT-doc,14,1087,A2,dir_leaf,mojofm,92.08,common-a2,a2-ablation.json,oss
opencv,cpp,file,GT-doc,14,1087,A2,dir_top,a2a,100.0,common-a2,a2-ablation.json,oss
opencv,cpp,file,GT-doc,14,1087,A2,dir_top,mojofm,100.0,common-a2,a2-ablation.json,oss
opencv,cpp,file,GT-doc,14,1087,A2,edge_cc,a2a,81.37,common-a2,a2-ablation.json,oss
opencv,cpp,file,GT-doc,14,1087,A2,edge_cc,mojofm,25.41,common-a2,a2-ablation.json,oss
opencv,cpp,file,GT-doc,14,1087,A2,hand_curation,a2a,100.0,common-a2,a2-ablation.json,oss
opencv,cpp,file,GT-doc,14,1087,A2,hand_curation,mojofm,100.0,common-a2,a2-ablation.json,oss
opencv,cpp,file,GT-doc,14,1087,A2,none,a2a,100.0,common-a2,a2-ablation.json,oss
opencv,cpp,file,GT-doc,14,1087,A2,none,mojofm,100.0,common-a2,a2-ablation.json,oss
opencv,cpp,file,GT-doc,14,1087,A2,propose_all,a2a,87.0,common-a2,a2-ablation.json,oss
opencv,cpp,file,GT-doc,14,1087,A2,propose_all,mojofm,48.29,common-a2,a2-ablation.json,oss
orchardcore,cs,target,GT-doc,34,207,A2,det_curation,a2a,100.0,common-a2,a2-ablation.json,oss
orchardcore,cs,target,GT-doc,34,207,A2,det_curation,mojofm,100.0,common-a2,a2-ablation.json,oss
orchardcore,cs,target,GT-doc,34,207,A2,dir_leaf,a2a,67.63,common-a2,a2-ablation.json,oss
orchardcore,cs,target,GT-doc,34,207,A2,dir_leaf,mojofm,11.58,common-a2,a2-ablation.json,oss
orchardcore,cs,target,GT-doc,34,207,A2,dir_top,a2a,82.78,common-a2,a2-ablation.json,oss
orchardcore,cs,target,GT-doc,34,207,A2,dir_top,mojofm,38.42,common-a2,a2-ablation.json,oss
orchardcore,cs,target,GT-doc,34,207,A2,edge_cc,a2a,79.0,common-a2,a2-ablation.json,oss
orchardcore,cs,target,GT-doc,34,207,A2,edge_cc,mojofm,24.21,common-a2,a2-ablation.json,oss
orchardcore,cs,target,GT-doc,34,207,A2,hand_curation,a2a,91.68,common-a2,a2-ablation.json,oss
orchardcore,cs,target,GT-doc,34,207,A2,hand_curation,mojofm,72.11,common-a2,a2-ablation.json,oss
orchardcore,cs,target,GT-doc,34,207,A2,name,a2a,79.98,common-a2,a2-ablation.json,oss
orchardcore,cs,target,GT-doc,34,207,A2,name,mojofm,24.74,common-a2,a2-ablation.json,oss
orchardcore,cs,target,GT-doc,34,207,A2,name_segment,a2a,75.32,common-a2,a2-ablation.json,oss
orchardcore,cs,target,GT-doc,34,207,A2,name_segment,mojofm,21.58,common-a2,a2-ablation.json,oss
orchardcore,cs,target,GT-doc,34,207,A2,none,a2a,67.63,common-a2,a2-ablation.json,oss
orchardcore,cs,target,GT-doc,34,207,A2,none,mojofm,11.58,common-a2,a2-ablation.json,oss
orchardcore,cs,target,GT-doc,34,207,A2,propose_all,a2a,91.13,common-a2,a2-ablation.json,oss
orchardcore,cs,target,GT-doc,34,207,A2,propose_all,mojofm,69.47,common-a2,a2-ablation.json,oss
orchardcore,cs,target,GT-doc,34,207,A2,sdk_role,a2a,81.9,common-a2,a2-ablation.json,oss
orchardcore,cs,target,GT-doc,34,207,A2,sdk_role,mojofm,35.79,common-a2,a2-ablation.json,oss
squidex,cs,target,GT-exp,12,15,A2,dir_leaf,a2a,92.0,common-a2,a2-ablation.json,oss
squidex,cs,target,GT-exp,12,15,A2,dir_leaf,mojofm,70.0,common-a2,a2-ablation.json,oss
squidex,cs,target,GT-exp,12,15,A2,dir_top,a2a,73.44,common-a2,a2-ablation.json,oss
squidex,cs,target,GT-exp,12,15,A2,dir_top,mojofm,10.0,common-a2,a2-ablation.json,oss
squidex,cs,target,GT-exp,12,15,A2,edge_cc,a2a,69.84,common-a2,a2-ablation.json,oss
squidex,cs,target,GT-exp,12,15,A2,edge_cc,mojofm,0.0,common-a2,a2-ablation.json,oss
squidex,cs,target,GT-exp,12,15,A2,hand_curation,a2a,95.83,common-a2,a2-ablation.json,oss
squidex,cs,target,GT-exp,12,15,A2,hand_curation,mojofm,70.0,common-a2,a2-ablation.json,oss
squidex,cs,target,GT-exp,12,15,A2,name,a2a,71.88,common-a2,a2-ablation.json,oss
squidex,cs,target,GT-exp,12,15,A2,name,mojofm,0.0,common-a2,a2-ablation.json,oss
squidex,cs,target,GT-exp,12,15,A2,name_segment,a2a,91.43,common-a2,a2-ablation.json,oss
squidex,cs,target,GT-exp,12,15,A2,name_segment,mojofm,60.0,common-a2,a2-ablation.json,oss
squidex,cs,target,GT-exp,12,15,A2,none,a2a,92.0,common-a2,a2-ablation.json,oss
squidex,cs,target,GT-exp,12,15,A2,none,mojofm,70.0,common-a2,a2-ablation.json,oss
squidex,cs,target,GT-exp,12,15,A2,propose_all,a2a,86.76,common-a2,a2-ablation.json,oss
squidex,cs,target,GT-exp,12,15,A2,propose_all,mojofm,50.0,common-a2,a2-ablation.json,oss
squidex,cs,target,GT-exp,12,15,A2,sdk_role,a2a,73.44,common-a2,a2-ablation.json,oss
squidex,cs,target,GT-exp,12,15,A2,sdk_role,mojofm,10.0,common-a2,a2-ablation.json,oss
abseil,cpp,file,GT-exp,21,809,A3,0,edge_f1,0.8973,edge-vs-full,rq3-ablation.json,oss
abseil,cpp,file,GT-exp,21,809,A3,0,edges,102,edge-vs-full,rq3-ablation.json,oss
abseil,cpp,file,GT-exp,21,809,A3,1,edge_f1,0.8973,edge-vs-full,rq3-ablation.json,oss
abseil,cpp,file,GT-exp,21,809,A3,1,edges,102,edge-vs-full,rq3-ablation.json,oss
abseil,cpp,file,GT-exp,21,809,A3,3,edge_f1,1.0,edge-vs-full,rq3-ablation.json,oss
abseil,cpp,file,GT-exp,21,809,A3,3,edges,83,edge-vs-full,rq3-ablation.json,oss
abseil,cpp,file,GT-exp,21,809,A3,5,edge_f1,0.9816,edge-vs-full,rq3-ablation.json,oss
abseil,cpp,file,GT-exp,21,809,A3,5,edges,80,edge-vs-full,rq3-ablation.json,oss
abseil,cpp,file,GT-exp,21,809,A3,8,edge_f1,0.9753,edge-vs-full,rq3-ablation.json,oss
abseil,cpp,file,GT-exp,21,809,A3,8,edges,79,edge-vs-full,rq3-ablation.json,oss
bash,cpp,file,GT-pub,14,373,A3,0,edge_f1,0.7907,edge-vs-full,rq3-ablation.json,oss
bash,cpp,file,GT-pub,14,373,A3,0,edges,26,edge-vs-full,rq3-ablation.json,oss
bash,cpp,file,GT-pub,14,373,A3,1,edge_f1,0.7907,edge-vs-full,rq3-ablation.json,oss
bash,cpp,file,GT-pub,14,373,A3,1,edges,26,edge-vs-full,rq3-ablation.json,oss
bash,cpp,file,GT-pub,14,373,A3,3,edge_f1,1.0,edge-vs-full,rq3-ablation.json,oss
bash,cpp,file,GT-pub,14,373,A3,3,edges,17,edge-vs-full,rq3-ablation.json,oss
bash,cpp,file,GT-pub,14,373,A3,5,edge_f1,0.9375,edge-vs-full,rq3-ablation.json,oss
bash,cpp,file,GT-pub,14,373,A3,5,edges,15,edge-vs-full,rq3-ablation.json,oss
bash,cpp,file,GT-pub,14,373,A3,8,edge_f1,0.9375,edge-vs-full,rq3-ablation.json,oss
bash,cpp,file,GT-pub,14,373,A3,8,edges,15,edge-vs-full,rq3-ablation.json,oss
eshop,cs,target,GT-doc,9,19,A3,0,edge_f1,1.0,edge-vs-full,rq3-ablation.json,oss
eshop,cs,target,GT-doc,9,19,A3,0,edges,30,edge-vs-full,rq3-ablation.json,oss
eshop,cs,target,GT-doc,9,19,A3,0,edges_ref,14,edge-vs-reference,rq3-ablation.json,oss
eshop,cs,target,GT-doc,9,19,A3,0,f1_ref,1.0,edge-vs-reference,rq3-ablation.json,oss
eshop,cs,target,GT-doc,9,19,A3,0,precision_ref,1.0,edge-vs-reference,rq3-ablation.json,oss
eshop,cs,target,GT-doc,9,19,A3,0,recall_ref,1.0,edge-vs-reference,rq3-ablation.json,oss
eshop,cs,target,GT-doc,9,19,A3,1,edge_f1,1.0,edge-vs-full,rq3-ablation.json,oss
eshop,cs,target,GT-doc,9,19,A3,1,edges,30,edge-vs-full,rq3-ablation.json,oss
eshop,cs,target,GT-doc,9,19,A3,1,edges_ref,14,edge-vs-reference,rq3-ablation.json,oss
eshop,cs,target,GT-doc,9,19,A3,1,f1_ref,1.0,edge-vs-reference,rq3-ablation.json,oss
eshop,cs,target,GT-doc,9,19,A3,1,precision_ref,1.0,edge-vs-reference,rq3-ablation.json,oss
eshop,cs,target,GT-doc,9,19,A3,1,recall_ref,1.0,edge-vs-reference,rq3-ablation.json,oss
eshop,cs,target,GT-doc,9,19,A3,3,edge_f1,1.0,edge-vs-full,rq3-ablation.json,oss
eshop,cs,target,GT-doc,9,19,A3,3,edges,30,edge-vs-full,rq3-ablation.json,oss
eshop,cs,target,GT-doc,9,19,A3,3,edges_ref,14,edge-vs-reference,rq3-ablation.json,oss
eshop,cs,target,GT-doc,9,19,A3,3,f1_ref,1.0,edge-vs-reference,rq3-ablation.json,oss
eshop,cs,target,GT-doc,9,19,A3,3,precision_ref,1.0,edge-vs-reference,rq3-ablation.json,oss
eshop,cs,target,GT-doc,9,19,A3,3,recall_ref,1.0,edge-vs-reference,rq3-ablation.json,oss
eshop,cs,target,GT-doc,9,19,A3,5,edge_f1,1.0,edge-vs-full,rq3-ablation.json,oss
eshop,cs,target,GT-doc,9,19,A3,5,edges,30,edge-vs-full,rq3-ablation.json,oss
eshop,cs,target,GT-doc,9,19,A3,5,edges_ref,14,edge-vs-reference,rq3-ablation.json,oss
eshop,cs,target,GT-doc,9,19,A3,5,f1_ref,1.0,edge-vs-reference,rq3-ablation.json,oss
eshop,cs,target,GT-doc,9,19,A3,5,precision_ref,1.0,edge-vs-reference,rq3-ablation.json,oss
eshop,cs,target,GT-doc,9,19,A3,5,recall_ref,1.0,edge-vs-reference,rq3-ablation.json,oss
eshop,cs,target,GT-doc,9,19,A3,8,edge_f1,1.0,edge-vs-full,rq3-ablation.json,oss
eshop,cs,target,GT-doc,9,19,A3,8,edges,30,edge-vs-full,rq3-ablation.json,oss
eshop,cs,target,GT-doc,9,19,A3,8,edges_ref,14,edge-vs-reference,rq3-ablation.json,oss
eshop,cs,target,GT-doc,9,19,A3,8,f1_ref,1.0,edge-vs-reference,rq3-ablation.json,oss
eshop,cs,target,GT-doc,9,19,A3,8,precision_ref,1.0,edge-vs-reference,rq3-ablation.json,oss
eshop,cs,target,GT-doc,9,19,A3,8,recall_ref,1.0,edge-vs-reference,rq3-ablation.json,oss
itk,cpp,file,GT-pub,13,7657,A3,0,edge_f1,0.9787,edge-vs-full,rq3-ablation.json,oss
itk,cpp,file,GT-pub,13,7657,A3,0,edges,24,edge-vs-full,rq3-ablation.json,oss
itk,cpp,file,GT-pub,13,7657,A3,1,edge_f1,0.9787,edge-vs-full,rq3-ablation.json,oss
itk,cpp,file,GT-pub,13,7657,A3,1,edges,24,edge-vs-full,rq3-ablation.json,oss
itk,cpp,file,GT-pub,13,7657,A3,3,edge_f1,1.0,edge-vs-full,rq3-ablation.json,oss
itk,cpp,file,GT-pub,13,7657,A3,3,edges,23,edge-vs-full,rq3-ablation.json,oss
itk,cpp,file,GT-pub,13,7657,A3,5,edge_f1,0.878,edge-vs-full,rq3-ablation.json,oss
itk,cpp,file,GT-pub,13,7657,A3,5,edges,18,edge-vs-full,rq3-ablation.json,oss
itk,cpp,file,GT-pub,13,7657,A3,8,edge_f1,0.878,edge-vs-full,rq3-ablation.json,oss
itk,cpp,file,GT-pub,13,7657,A3,8,edges,18,edge-vs-full,rq3-ablation.json,oss
libxml2,cpp,file,GT-pub,18,82,A3,0,edge_f1,1.0,edge-vs-full,rq3-ablation.json,oss
libxml2,cpp,file,GT-pub,18,82,A3,0,edges,3,edge-vs-full,rq3-ablation.json,oss
libxml2,cpp,file,GT-pub,18,82,A3,1,edge_f1,1.0,edge-vs-full,rq3-ablation.json,oss
libxml2,cpp,file,GT-pub,18,82,A3,1,edges,3,edge-vs-full,rq3-ablation.json,oss
libxml2,cpp,file,GT-pub,18,82,A3,3,edge_f1,1.0,edge-vs-full,rq3-ablation.json,oss
libxml2,cpp,file,GT-pub,18,82,A3,3,edges,3,edge-vs-full,rq3-ablation.json,oss
libxml2,cpp,file,GT-pub,18,82,A3,5,edge_f1,1.0,edge-vs-full,rq3-ablation.json,oss
libxml2,cpp,file,GT-pub,18,82,A3,5,edges,3,edge-vs-full,rq3-ablation.json,oss
libxml2,cpp,file,GT-pub,18,82,A3,8,edge_f1,1.0,edge-vs-full,rq3-ablation.json,oss
libxml2,cpp,file,GT-pub,18,82,A3,8,edges,3,edge-vs-full,rq3-ablation.json,oss
nopcommerce,cs,target,GT-doc,17,37,A3,0,edge_f1,1.0,edge-vs-full,rq3-ablation.json,oss
nopcommerce,cs,target,GT-doc,17,37,A3,0,edges,30,edge-vs-full,rq3-ablation.json,oss
nopcommerce,cs,target,GT-doc,17,37,A3,0,edges_ref,59,edge-vs-reference,rq3-ablation.json,oss
nopcommerce,cs,target,GT-doc,17,37,A3,0,f1_ref,1.0,edge-vs-reference,rq3-ablation.json,oss
nopcommerce,cs,target,GT-doc,17,37,A3,0,precision_ref,1.0,edge-vs-reference,rq3-ablation.json,oss
nopcommerce,cs,target,GT-doc,17,37,A3,0,recall_ref,1.0,edge-vs-reference,rq3-ablation.json,oss
nopcommerce,cs,target,GT-doc,17,37,A3,1,edge_f1,1.0,edge-vs-full,rq3-ablation.json,oss
nopcommerce,cs,target,GT-doc,17,37,A3,1,edges,30,edge-vs-full,rq3-ablation.json,oss
nopcommerce,cs,target,GT-doc,17,37,A3,1,edges_ref,59,edge-vs-reference,rq3-ablation.json,oss
nopcommerce,cs,target,GT-doc,17,37,A3,1,f1_ref,1.0,edge-vs-reference,rq3-ablation.json,oss
nopcommerce,cs,target,GT-doc,17,37,A3,1,precision_ref,1.0,edge-vs-reference,rq3-ablation.json,oss
nopcommerce,cs,target,GT-doc,17,37,A3,1,recall_ref,1.0,edge-vs-reference,rq3-ablation.json,oss
nopcommerce,cs,target,GT-doc,17,37,A3,3,edge_f1,1.0,edge-vs-full,rq3-ablation.json,oss
nopcommerce,cs,target,GT-doc,17,37,A3,3,edges,30,edge-vs-full,rq3-ablation.json,oss
nopcommerce,cs,target,GT-doc,17,37,A3,3,edges_ref,59,edge-vs-reference,rq3-ablation.json,oss
nopcommerce,cs,target,GT-doc,17,37,A3,3,f1_ref,1.0,edge-vs-reference,rq3-ablation.json,oss
nopcommerce,cs,target,GT-doc,17,37,A3,3,precision_ref,1.0,edge-vs-reference,rq3-ablation.json,oss
nopcommerce,cs,target,GT-doc,17,37,A3,3,recall_ref,1.0,edge-vs-reference,rq3-ablation.json,oss
nopcommerce,cs,target,GT-doc,17,37,A3,5,edge_f1,1.0,edge-vs-full,rq3-ablation.json,oss
nopcommerce,cs,target,GT-doc,17,37,A3,5,edges,30,edge-vs-full,rq3-ablation.json,oss
nopcommerce,cs,target,GT-doc,17,37,A3,5,edges_ref,59,edge-vs-reference,rq3-ablation.json,oss
nopcommerce,cs,target,GT-doc,17,37,A3,5,f1_ref,1.0,edge-vs-reference,rq3-ablation.json,oss
nopcommerce,cs,target,GT-doc,17,37,A3,5,precision_ref,1.0,edge-vs-reference,rq3-ablation.json,oss
nopcommerce,cs,target,GT-doc,17,37,A3,5,recall_ref,1.0,edge-vs-reference,rq3-ablation.json,oss
nopcommerce,cs,target,GT-doc,17,37,A3,8,edge_f1,1.0,edge-vs-full,rq3-ablation.json,oss
nopcommerce,cs,target,GT-doc,17,37,A3,8,edges,30,edge-vs-full,rq3-ablation.json,oss
nopcommerce,cs,target,GT-doc,17,37,A3,8,edges_ref,58,edge-vs-reference,rq3-ablation.json,oss
nopcommerce,cs,target,GT-doc,17,37,A3,8,f1_ref,0.9915,edge-vs-reference,rq3-ablation.json,oss
nopcommerce,cs,target,GT-doc,17,37,A3,8,precision_ref,1.0,edge-vs-reference,rq3-ablation.json,oss
nopcommerce,cs,target,GT-doc,17,37,A3,8,recall_ref,0.9831,edge-vs-reference,rq3-ablation.json,oss
opencv,cpp,file,GT-doc,14,1087,A3,0,edge_f1,1.0,edge-vs-full,rq3-ablation.json,oss
opencv,cpp,file,GT-doc,14,1087,A3,0,edges,9,edge-vs-full,rq3-ablation.json,oss
opencv,cpp,file,GT-doc,14,1087,A3,1,edge_f1,1.0,edge-vs-full,rq3-ablation.json,oss
opencv,cpp,file,GT-doc,14,1087,A3,1,edges,9,edge-vs-full,rq3-ablation.json,oss
opencv,cpp,file,GT-doc,14,1087,A3,3,edge_f1,1.0,edge-vs-full,rq3-ablation.json,oss
opencv,cpp,file,GT-doc,14,1087,A3,3,edges,9,edge-vs-full,rq3-ablation.json,oss
opencv,cpp,file,GT-doc,14,1087,A3,5,edge_f1,1.0,edge-vs-full,rq3-ablation.json,oss
opencv,cpp,file,GT-doc,14,1087,A3,5,edges,9,edge-vs-full,rq3-ablation.json,oss
opencv,cpp,file,GT-doc,14,1087,A3,8,edge_f1,1.0,edge-vs-full,rq3-ablation.json,oss
opencv,cpp,file,GT-doc,14,1087,A3,8,edges,9,edge-vs-full,rq3-ablation.json,oss
orchardcore,cs,target,GT-doc,34,207,A3,0,edge_f1,1.0,edge-vs-full,rq3-ablation.json,oss
orchardcore,cs,target,GT-doc,34,207,A3,0,edges,72,edge-vs-full,rq3-ablation.json,oss
orchardcore,cs,target,GT-doc,34,207,A3,0,edges_ref,105,edge-vs-reference,rq3-ablation.json,oss
orchardcore,cs,target,GT-doc,34,207,A3,0,f1_ref,1.0,edge-vs-reference,rq3-ablation.json,oss
orchardcore,cs,target,GT-doc,34,207,A3,0,precision_ref,1.0,edge-vs-reference,rq3-ablation.json,oss
orchardcore,cs,target,GT-doc,34,207,A3,0,recall_ref,1.0,edge-vs-reference,rq3-ablation.json,oss
orchardcore,cs,target,GT-doc,34,207,A3,1,edge_f1,1.0,edge-vs-full,rq3-ablation.json,oss
orchardcore,cs,target,GT-doc,34,207,A3,1,edges,72,edge-vs-full,rq3-ablation.json,oss
orchardcore,cs,target,GT-doc,34,207,A3,1,edges_ref,105,edge-vs-reference,rq3-ablation.json,oss
orchardcore,cs,target,GT-doc,34,207,A3,1,f1_ref,1.0,edge-vs-reference,rq3-ablation.json,oss
orchardcore,cs,target,GT-doc,34,207,A3,1,precision_ref,1.0,edge-vs-reference,rq3-ablation.json,oss
orchardcore,cs,target,GT-doc,34,207,A3,1,recall_ref,1.0,edge-vs-reference,rq3-ablation.json,oss
orchardcore,cs,target,GT-doc,34,207,A3,3,edge_f1,1.0,edge-vs-full,rq3-ablation.json,oss
orchardcore,cs,target,GT-doc,34,207,A3,3,edges,72,edge-vs-full,rq3-ablation.json,oss
orchardcore,cs,target,GT-doc,34,207,A3,3,edges_ref,105,edge-vs-reference,rq3-ablation.json,oss
orchardcore,cs,target,GT-doc,34,207,A3,3,f1_ref,1.0,edge-vs-reference,rq3-ablation.json,oss
orchardcore,cs,target,GT-doc,34,207,A3,3,precision_ref,1.0,edge-vs-reference,rq3-ablation.json,oss
orchardcore,cs,target,GT-doc,34,207,A3,3,recall_ref,1.0,edge-vs-reference,rq3-ablation.json,oss
orchardcore,cs,target,GT-doc,34,207,A3,5,edge_f1,1.0,edge-vs-full,rq3-ablation.json,oss
orchardcore,cs,target,GT-doc,34,207,A3,5,edges,72,edge-vs-full,rq3-ablation.json,oss
orchardcore,cs,target,GT-doc,34,207,A3,5,edges_ref,105,edge-vs-reference,rq3-ablation.json,oss
orchardcore,cs,target,GT-doc,34,207,A3,5,f1_ref,1.0,edge-vs-reference,rq3-ablation.json,oss
orchardcore,cs,target,GT-doc,34,207,A3,5,precision_ref,1.0,edge-vs-reference,rq3-ablation.json,oss
orchardcore,cs,target,GT-doc,34,207,A3,5,recall_ref,1.0,edge-vs-reference,rq3-ablation.json,oss
orchardcore,cs,target,GT-doc,34,207,A3,8,edge_f1,0.993,edge-vs-full,rq3-ablation.json,oss
orchardcore,cs,target,GT-doc,34,207,A3,8,edges,71,edge-vs-full,rq3-ablation.json,oss
orchardcore,cs,target,GT-doc,34,207,A3,8,edges_ref,105,edge-vs-reference,rq3-ablation.json,oss
orchardcore,cs,target,GT-doc,34,207,A3,8,f1_ref,1.0,edge-vs-reference,rq3-ablation.json,oss
orchardcore,cs,target,GT-doc,34,207,A3,8,precision_ref,1.0,edge-vs-reference,rq3-ablation.json,oss
orchardcore,cs,target,GT-doc,34,207,A3,8,recall_ref,1.0,edge-vs-reference,rq3-ablation.json,oss
abseil,cpp,file,GT-exp,21,809,A4,off,edge_f1,1.0,edge-vs-full,rq3-ablation.json,oss
abseil,cpp,file,GT-exp,21,809,A4,off,edges,83,edge-vs-full,rq3-ablation.json,oss
abseil,cpp,file,GT-exp,21,809,A4,on,edge_f1,1.0,edge-vs-full,rq3-ablation.json,oss
abseil,cpp,file,GT-exp,21,809,A4,on,edges,83,edge-vs-full,rq3-ablation.json,oss
bash,cpp,file,GT-pub,14,373,A4,off,edge_f1,1.0,edge-vs-full,rq3-ablation.json,oss
bash,cpp,file,GT-pub,14,373,A4,off,edges,17,edge-vs-full,rq3-ablation.json,oss
bash,cpp,file,GT-pub,14,373,A4,on,edge_f1,1.0,edge-vs-full,rq3-ablation.json,oss
bash,cpp,file,GT-pub,14,373,A4,on,edges,17,edge-vs-full,rq3-ablation.json,oss
eshop,cs,target,GT-doc,9,19,A4,off,edge_f1,1.0,edge-vs-full,rq3-ablation.json,oss
eshop,cs,target,GT-doc,9,19,A4,off,edges,30,edge-vs-full,rq3-ablation.json,oss
eshop,cs,target,GT-doc,9,19,A4,off,edges_ref,14,edge-vs-reference,rq3-ablation.json,oss
eshop,cs,target,GT-doc,9,19,A4,off,f1_ref,1.0,edge-vs-reference,rq3-ablation.json,oss
eshop,cs,target,GT-doc,9,19,A4,off,precision_ref,1.0,edge-vs-reference,rq3-ablation.json,oss
eshop,cs,target,GT-doc,9,19,A4,off,recall_ref,1.0,edge-vs-reference,rq3-ablation.json,oss
eshop,cs,target,GT-doc,9,19,A4,on,edge_f1,1.0,edge-vs-full,rq3-ablation.json,oss
eshop,cs,target,GT-doc,9,19,A4,on,edges,30,edge-vs-full,rq3-ablation.json,oss
eshop,cs,target,GT-doc,9,19,A4,on,edges_ref,14,edge-vs-reference,rq3-ablation.json,oss
eshop,cs,target,GT-doc,9,19,A4,on,f1_ref,1.0,edge-vs-reference,rq3-ablation.json,oss
eshop,cs,target,GT-doc,9,19,A4,on,precision_ref,1.0,edge-vs-reference,rq3-ablation.json,oss
eshop,cs,target,GT-doc,9,19,A4,on,recall_ref,1.0,edge-vs-reference,rq3-ablation.json,oss
itk,cpp,file,GT-pub,13,7657,A4,off,edge_f1,1.0,edge-vs-full,rq3-ablation.json,oss
itk,cpp,file,GT-pub,13,7657,A4,off,edges,23,edge-vs-full,rq3-ablation.json,oss
itk,cpp,file,GT-pub,13,7657,A4,on,edge_f1,1.0,edge-vs-full,rq3-ablation.json,oss
itk,cpp,file,GT-pub,13,7657,A4,on,edges,23,edge-vs-full,rq3-ablation.json,oss
libxml2,cpp,file,GT-pub,18,82,A4,off,edge_f1,1.0,edge-vs-full,rq3-ablation.json,oss
libxml2,cpp,file,GT-pub,18,82,A4,off,edges,3,edge-vs-full,rq3-ablation.json,oss
libxml2,cpp,file,GT-pub,18,82,A4,on,edge_f1,1.0,edge-vs-full,rq3-ablation.json,oss
libxml2,cpp,file,GT-pub,18,82,A4,on,edges,3,edge-vs-full,rq3-ablation.json,oss
nopcommerce,cs,target,GT-doc,17,37,A4,off,edge_f1,1.0,edge-vs-full,rq3-ablation.json,oss
nopcommerce,cs,target,GT-doc,17,37,A4,off,edges,30,edge-vs-full,rq3-ablation.json,oss
nopcommerce,cs,target,GT-doc,17,37,A4,off,edges_ref,59,edge-vs-reference,rq3-ablation.json,oss
nopcommerce,cs,target,GT-doc,17,37,A4,off,f1_ref,1.0,edge-vs-reference,rq3-ablation.json,oss
nopcommerce,cs,target,GT-doc,17,37,A4,off,precision_ref,1.0,edge-vs-reference,rq3-ablation.json,oss
nopcommerce,cs,target,GT-doc,17,37,A4,off,recall_ref,1.0,edge-vs-reference,rq3-ablation.json,oss
nopcommerce,cs,target,GT-doc,17,37,A4,on,edge_f1,1.0,edge-vs-full,rq3-ablation.json,oss
nopcommerce,cs,target,GT-doc,17,37,A4,on,edges,30,edge-vs-full,rq3-ablation.json,oss
nopcommerce,cs,target,GT-doc,17,37,A4,on,edges_ref,59,edge-vs-reference,rq3-ablation.json,oss
nopcommerce,cs,target,GT-doc,17,37,A4,on,f1_ref,1.0,edge-vs-reference,rq3-ablation.json,oss
nopcommerce,cs,target,GT-doc,17,37,A4,on,precision_ref,1.0,edge-vs-reference,rq3-ablation.json,oss
nopcommerce,cs,target,GT-doc,17,37,A4,on,recall_ref,1.0,edge-vs-reference,rq3-ablation.json,oss
opencv,cpp,file,GT-doc,14,1087,A4,off,edge_f1,1.0,edge-vs-full,rq3-ablation.json,oss
opencv,cpp,file,GT-doc,14,1087,A4,off,edges,9,edge-vs-full,rq3-ablation.json,oss
opencv,cpp,file,GT-doc,14,1087,A4,on,edge_f1,1.0,edge-vs-full,rq3-ablation.json,oss
opencv,cpp,file,GT-doc,14,1087,A4,on,edges,9,edge-vs-full,rq3-ablation.json,oss
orchardcore,cs,target,GT-doc,34,207,A4,off,edge_f1,1.0,edge-vs-full,rq3-ablation.json,oss
orchardcore,cs,target,GT-doc,34,207,A4,off,edges,72,edge-vs-full,rq3-ablation.json,oss
orchardcore,cs,target,GT-doc,34,207,A4,off,edges_ref,105,edge-vs-reference,rq3-ablation.json,oss
orchardcore,cs,target,GT-doc,34,207,A4,off,f1_ref,1.0,edge-vs-reference,rq3-ablation.json,oss
orchardcore,cs,target,GT-doc,34,207,A4,off,precision_ref,1.0,edge-vs-reference,rq3-ablation.json,oss
orchardcore,cs,target,GT-doc,34,207,A4,off,recall_ref,1.0,edge-vs-reference,rq3-ablation.json,oss
orchardcore,cs,target,GT-doc,34,207,A4,on,edge_f1,1.0,edge-vs-full,rq3-ablation.json,oss
orchardcore,cs,target,GT-doc,34,207,A4,on,edges,72,edge-vs-full,rq3-ablation.json,oss
orchardcore,cs,target,GT-doc,34,207,A4,on,edges_ref,105,edge-vs-reference,rq3-ablation.json,oss
orchardcore,cs,target,GT-doc,34,207,A4,on,f1_ref,1.0,edge-vs-reference,rq3-ablation.json,oss
orchardcore,cs,target,GT-doc,34,207,A4,on,precision_ref,1.0,edge-vs-reference,rq3-ablation.json,oss
orchardcore,cs,target,GT-doc,34,207,A4,on,recall_ref,1.0,edge-vs-reference,rq3-ablation.json,oss
abseil,cpp,file,GT-exp,21,809,A5,t0,edge_f1,1.0,edge-vs-full,rq3-ablation.json,oss
abseil,cpp,file,GT-exp,21,809,A5,t0,edges,102,edge-vs-full,rq3-ablation.json,oss
abseil,cpp,file,GT-exp,21,809,A5,t0,edges_saved,0,edge-vs-full,rq3-ablation.json,oss
abseil,cpp,file,GT-exp,21,809,A5,t1,edge_f1,1.0,edge-vs-full,rq3-ablation.json,oss
abseil,cpp,file,GT-exp,21,809,A5,t1,edges,102,edge-vs-full,rq3-ablation.json,oss
abseil,cpp,file,GT-exp,21,809,A5,t1,edges_saved,0,edge-vs-full,rq3-ablation.json,oss
abseil,cpp,file,GT-exp,21,809,A5,t3,edge_f1,1.0,edge-vs-full,rq3-ablation.json,oss
abseil,cpp,file,GT-exp,21,809,A5,t3,edges,83,edge-vs-full,rq3-ablation.json,oss
abseil,cpp,file,GT-exp,21,809,A5,t3,edges_saved,0,edge-vs-full,rq3-ablation.json,oss
abseil,cpp,file,GT-exp,21,809,A5,t5,edge_f1,1.0,edge-vs-full,rq3-ablation.json,oss
abseil,cpp,file,GT-exp,21,809,A5,t5,edges,80,edge-vs-full,rq3-ablation.json,oss
abseil,cpp,file,GT-exp,21,809,A5,t5,edges_saved,0,edge-vs-full,rq3-ablation.json,oss
abseil,cpp,file,GT-exp,21,809,A5,t8,edge_f1,0.6018,edge-vs-full,rq3-ablation.json,oss
abseil,cpp,file,GT-exp,21,809,A5,t8,edges,34,edge-vs-full,rq3-ablation.json,oss
abseil,cpp,file,GT-exp,21,809,A5,t8,edges_saved,45,edge-vs-full,rq3-ablation.json,oss
bash,cpp,file,GT-pub,14,373,A5,t0,edge_f1,1.0,edge-vs-full,rq3-ablation.json,oss
bash,cpp,file,GT-pub,14,373,A5,t0,edges,26,edge-vs-full,rq3-ablation.json,oss
bash,cpp,file,GT-pub,14,373,A5,t0,edges_saved,0,edge-vs-full,rq3-ablation.json,oss
bash,cpp,file,GT-pub,14,373,A5,t1,edge_f1,1.0,edge-vs-full,rq3-ablation.json,oss
bash,cpp,file,GT-pub,14,373,A5,t1,edges,26,edge-vs-full,rq3-ablation.json,oss
bash,cpp,file,GT-pub,14,373,A5,t1,edges_saved,0,edge-vs-full,rq3-ablation.json,oss
bash,cpp,file,GT-pub,14,373,A5,t3,edge_f1,1.0,edge-vs-full,rq3-ablation.json,oss
bash,cpp,file,GT-pub,14,373,A5,t3,edges,17,edge-vs-full,rq3-ablation.json,oss
bash,cpp,file,GT-pub,14,373,A5,t3,edges_saved,0,edge-vs-full,rq3-ablation.json,oss
bash,cpp,file,GT-pub,14,373,A5,t5,edge_f1,1.0,edge-vs-full,rq3-ablation.json,oss
bash,cpp,file,GT-pub,14,373,A5,t5,edges,15,edge-vs-full,rq3-ablation.json,oss
bash,cpp,file,GT-pub,14,373,A5,t5,edges_saved,0,edge-vs-full,rq3-ablation.json,oss
bash,cpp,file,GT-pub,14,373,A5,t8,edge_f1,0.8,edge-vs-full,rq3-ablation.json,oss
bash,cpp,file,GT-pub,14,373,A5,t8,edges,10,edge-vs-full,rq3-ablation.json,oss
bash,cpp,file,GT-pub,14,373,A5,t8,edges_saved,5,edge-vs-full,rq3-ablation.json,oss
eshop,cs,target,GT-doc,9,19,A5,t0,edge_f1,1.0,edge-vs-full,rq3-ablation.json,oss
eshop,cs,target,GT-doc,9,19,A5,t0,edges,30,edge-vs-full,rq3-ablation.json,oss
eshop,cs,target,GT-doc,9,19,A5,t0,edges_saved,0,edge-vs-full,rq3-ablation.json,oss
eshop,cs,target,GT-doc,9,19,A5,t0,f1_ref_off,1.0,edge-vs-reference,rq3-ablation.json,oss
eshop,cs,target,GT-doc,9,19,A5,t0,f1_ref_on,1.0,edge-vs-reference,rq3-ablation.json,oss
eshop,cs,target,GT-doc,9,19,A5,t0,recall_ref_off,1.0,edge-vs-reference,rq3-ablation.json,oss
eshop,cs,target,GT-doc,9,19,A5,t0,recall_ref_on,1.0,edge-vs-reference,rq3-ablation.json,oss
eshop,cs,target,GT-doc,9,19,A5,t1,edge_f1,1.0,edge-vs-full,rq3-ablation.json,oss
eshop,cs,target,GT-doc,9,19,A5,t1,edges,30,edge-vs-full,rq3-ablation.json,oss
eshop,cs,target,GT-doc,9,19,A5,t1,edges_saved,0,edge-vs-full,rq3-ablation.json,oss
eshop,cs,target,GT-doc,9,19,A5,t1,f1_ref_off,1.0,edge-vs-reference,rq3-ablation.json,oss
eshop,cs,target,GT-doc,9,19,A5,t1,f1_ref_on,1.0,edge-vs-reference,rq3-ablation.json,oss
eshop,cs,target,GT-doc,9,19,A5,t1,recall_ref_off,1.0,edge-vs-reference,rq3-ablation.json,oss
eshop,cs,target,GT-doc,9,19,A5,t1,recall_ref_on,1.0,edge-vs-reference,rq3-ablation.json,oss
eshop,cs,target,GT-doc,9,19,A5,t3,edge_f1,1.0,edge-vs-full,rq3-ablation.json,oss
eshop,cs,target,GT-doc,9,19,A5,t3,edges,30,edge-vs-full,rq3-ablation.json,oss
eshop,cs,target,GT-doc,9,19,A5,t3,edges_saved,0,edge-vs-full,rq3-ablation.json,oss
eshop,cs,target,GT-doc,9,19,A5,t3,f1_ref_off,1.0,edge-vs-reference,rq3-ablation.json,oss
eshop,cs,target,GT-doc,9,19,A5,t3,f1_ref_on,1.0,edge-vs-reference,rq3-ablation.json,oss
eshop,cs,target,GT-doc,9,19,A5,t3,recall_ref_off,1.0,edge-vs-reference,rq3-ablation.json,oss
eshop,cs,target,GT-doc,9,19,A5,t3,recall_ref_on,1.0,edge-vs-reference,rq3-ablation.json,oss
eshop,cs,target,GT-doc,9,19,A5,t5,edge_f1,1.0,edge-vs-full,rq3-ablation.json,oss
eshop,cs,target,GT-doc,9,19,A5,t5,edges,30,edge-vs-full,rq3-ablation.json,oss
eshop,cs,target,GT-doc,9,19,A5,t5,edges_saved,0,edge-vs-full,rq3-ablation.json,oss
eshop,cs,target,GT-doc,9,19,A5,t5,f1_ref_off,1.0,edge-vs-reference,rq3-ablation.json,oss
eshop,cs,target,GT-doc,9,19,A5,t5,f1_ref_on,1.0,edge-vs-reference,rq3-ablation.json,oss
eshop,cs,target,GT-doc,9,19,A5,t5,recall_ref_off,1.0,edge-vs-reference,rq3-ablation.json,oss
eshop,cs,target,GT-doc,9,19,A5,t5,recall_ref_on,1.0,edge-vs-reference,rq3-ablation.json,oss
eshop,cs,target,GT-doc,9,19,A5,t8,edge_f1,0.0,edge-vs-full,rq3-ablation.json,oss
eshop,cs,target,GT-doc,9,19,A5,t8,edges,0,edge-vs-full,rq3-ablation.json,oss
eshop,cs,target,GT-doc,9,19,A5,t8,edges_saved,30,edge-vs-full,rq3-ablation.json,oss
eshop,cs,target,GT-doc,9,19,A5,t8,f1_ref_off,0.0,edge-vs-reference,rq3-ablation.json,oss
eshop,cs,target,GT-doc,9,19,A5,t8,f1_ref_on,1.0,edge-vs-reference,rq3-ablation.json,oss
eshop,cs,target,GT-doc,9,19,A5,t8,recall_ref_off,0.0,edge-vs-reference,rq3-ablation.json,oss
eshop,cs,target,GT-doc,9,19,A5,t8,recall_ref_on,1.0,edge-vs-reference,rq3-ablation.json,oss
itk,cpp,file,GT-pub,13,7657,A5,t0,edge_f1,1.0,edge-vs-full,rq3-ablation.json,oss
itk,cpp,file,GT-pub,13,7657,A5,t0,edges,24,edge-vs-full,rq3-ablation.json,oss
itk,cpp,file,GT-pub,13,7657,A5,t0,edges_saved,0,edge-vs-full,rq3-ablation.json,oss
itk,cpp,file,GT-pub,13,7657,A5,t1,edge_f1,1.0,edge-vs-full,rq3-ablation.json,oss
itk,cpp,file,GT-pub,13,7657,A5,t1,edges,24,edge-vs-full,rq3-ablation.json,oss
itk,cpp,file,GT-pub,13,7657,A5,t1,edges_saved,0,edge-vs-full,rq3-ablation.json,oss
itk,cpp,file,GT-pub,13,7657,A5,t3,edge_f1,1.0,edge-vs-full,rq3-ablation.json,oss
itk,cpp,file,GT-pub,13,7657,A5,t3,edges,23,edge-vs-full,rq3-ablation.json,oss
itk,cpp,file,GT-pub,13,7657,A5,t3,edges_saved,0,edge-vs-full,rq3-ablation.json,oss
itk,cpp,file,GT-pub,13,7657,A5,t5,edge_f1,1.0,edge-vs-full,rq3-ablation.json,oss
itk,cpp,file,GT-pub,13,7657,A5,t5,edges,18,edge-vs-full,rq3-ablation.json,oss
itk,cpp,file,GT-pub,13,7657,A5,t5,edges_saved,0,edge-vs-full,rq3-ablation.json,oss
itk,cpp,file,GT-pub,13,7657,A5,t8,edge_f1,0.8387,edge-vs-full,rq3-ablation.json,oss
itk,cpp,file,GT-pub,13,7657,A5,t8,edges,13,edge-vs-full,rq3-ablation.json,oss
itk,cpp,file,GT-pub,13,7657,A5,t8,edges_saved,5,edge-vs-full,rq3-ablation.json,oss
libxml2,cpp,file,GT-pub,18,82,A5,t0,edge_f1,1.0,edge-vs-full,rq3-ablation.json,oss
libxml2,cpp,file,GT-pub,18,82,A5,t0,edges,3,edge-vs-full,rq3-ablation.json,oss
libxml2,cpp,file,GT-pub,18,82,A5,t0,edges_saved,0,edge-vs-full,rq3-ablation.json,oss
libxml2,cpp,file,GT-pub,18,82,A5,t1,edge_f1,1.0,edge-vs-full,rq3-ablation.json,oss
libxml2,cpp,file,GT-pub,18,82,A5,t1,edges,3,edge-vs-full,rq3-ablation.json,oss
libxml2,cpp,file,GT-pub,18,82,A5,t1,edges_saved,0,edge-vs-full,rq3-ablation.json,oss
libxml2,cpp,file,GT-pub,18,82,A5,t3,edge_f1,1.0,edge-vs-full,rq3-ablation.json,oss
libxml2,cpp,file,GT-pub,18,82,A5,t3,edges,3,edge-vs-full,rq3-ablation.json,oss
libxml2,cpp,file,GT-pub,18,82,A5,t3,edges_saved,0,edge-vs-full,rq3-ablation.json,oss
libxml2,cpp,file,GT-pub,18,82,A5,t5,edge_f1,1.0,edge-vs-full,rq3-ablation.json,oss
libxml2,cpp,file,GT-pub,18,82,A5,t5,edges,3,edge-vs-full,rq3-ablation.json,oss
libxml2,cpp,file,GT-pub,18,82,A5,t5,edges_saved,0,edge-vs-full,rq3-ablation.json,oss
libxml2,cpp,file,GT-pub,18,82,A5,t8,edge_f1,0.0,edge-vs-full,rq3-ablation.json,oss
libxml2,cpp,file,GT-pub,18,82,A5,t8,edges,0,edge-vs-full,rq3-ablation.json,oss
libxml2,cpp,file,GT-pub,18,82,A5,t8,edges_saved,3,edge-vs-full,rq3-ablation.json,oss
nopcommerce,cs,target,GT-doc,17,37,A5,t0,edge_f1,1.0,edge-vs-full,rq3-ablation.json,oss
nopcommerce,cs,target,GT-doc,17,37,A5,t0,edges,30,edge-vs-full,rq3-ablation.json,oss
nopcommerce,cs,target,GT-doc,17,37,A5,t0,edges_saved,0,edge-vs-full,rq3-ablation.json,oss
nopcommerce,cs,target,GT-doc,17,37,A5,t0,f1_ref_off,1.0,edge-vs-reference,rq3-ablation.json,oss
nopcommerce,cs,target,GT-doc,17,37,A5,t0,f1_ref_on,1.0,edge-vs-reference,rq3-ablation.json,oss
nopcommerce,cs,target,GT-doc,17,37,A5,t0,recall_ref_off,1.0,edge-vs-reference,rq3-ablation.json,oss
nopcommerce,cs,target,GT-doc,17,37,A5,t0,recall_ref_on,1.0,edge-vs-reference,rq3-ablation.json,oss
nopcommerce,cs,target,GT-doc,17,37,A5,t1,edge_f1,1.0,edge-vs-full,rq3-ablation.json,oss
nopcommerce,cs,target,GT-doc,17,37,A5,t1,edges,30,edge-vs-full,rq3-ablation.json,oss
nopcommerce,cs,target,GT-doc,17,37,A5,t1,edges_saved,0,edge-vs-full,rq3-ablation.json,oss
nopcommerce,cs,target,GT-doc,17,37,A5,t1,f1_ref_off,1.0,edge-vs-reference,rq3-ablation.json,oss
nopcommerce,cs,target,GT-doc,17,37,A5,t1,f1_ref_on,1.0,edge-vs-reference,rq3-ablation.json,oss
nopcommerce,cs,target,GT-doc,17,37,A5,t1,recall_ref_off,1.0,edge-vs-reference,rq3-ablation.json,oss
nopcommerce,cs,target,GT-doc,17,37,A5,t1,recall_ref_on,1.0,edge-vs-reference,rq3-ablation.json,oss
nopcommerce,cs,target,GT-doc,17,37,A5,t3,edge_f1,1.0,edge-vs-full,rq3-ablation.json,oss
nopcommerce,cs,target,GT-doc,17,37,A5,t3,edges,30,edge-vs-full,rq3-ablation.json,oss
nopcommerce,cs,target,GT-doc,17,37,A5,t3,edges_saved,0,edge-vs-full,rq3-ablation.json,oss
nopcommerce,cs,target,GT-doc,17,37,A5,t3,f1_ref_off,1.0,edge-vs-reference,rq3-ablation.json,oss
nopcommerce,cs,target,GT-doc,17,37,A5,t3,f1_ref_on,1.0,edge-vs-reference,rq3-ablation.json,oss
nopcommerce,cs,target,GT-doc,17,37,A5,t3,recall_ref_off,1.0,edge-vs-reference,rq3-ablation.json,oss
nopcommerce,cs,target,GT-doc,17,37,A5,t3,recall_ref_on,1.0,edge-vs-reference,rq3-ablation.json,oss
nopcommerce,cs,target,GT-doc,17,37,A5,t5,edge_f1,1.0,edge-vs-full,rq3-ablation.json,oss
nopcommerce,cs,target,GT-doc,17,37,A5,t5,edges,30,edge-vs-full,rq3-ablation.json,oss
nopcommerce,cs,target,GT-doc,17,37,A5,t5,edges_saved,0,edge-vs-full,rq3-ablation.json,oss
nopcommerce,cs,target,GT-doc,17,37,A5,t5,f1_ref_off,1.0,edge-vs-reference,rq3-ablation.json,oss
nopcommerce,cs,target,GT-doc,17,37,A5,t5,f1_ref_on,1.0,edge-vs-reference,rq3-ablation.json,oss
nopcommerce,cs,target,GT-doc,17,37,A5,t5,recall_ref_off,1.0,edge-vs-reference,rq3-ablation.json,oss
nopcommerce,cs,target,GT-doc,17,37,A5,t5,recall_ref_on,1.0,edge-vs-reference,rq3-ablation.json,oss
nopcommerce,cs,target,GT-doc,17,37,A5,t8,edge_f1,1.0,edge-vs-full,rq3-ablation.json,oss
nopcommerce,cs,target,GT-doc,17,37,A5,t8,edges,30,edge-vs-full,rq3-ablation.json,oss
nopcommerce,cs,target,GT-doc,17,37,A5,t8,edges_saved,0,edge-vs-full,rq3-ablation.json,oss
nopcommerce,cs,target,GT-doc,17,37,A5,t8,f1_ref_off,0.9828,edge-vs-reference,rq3-ablation.json,oss
nopcommerce,cs,target,GT-doc,17,37,A5,t8,f1_ref_on,0.9915,edge-vs-reference,rq3-ablation.json,oss
nopcommerce,cs,target,GT-doc,17,37,A5,t8,recall_ref_off,0.9661,edge-vs-reference,rq3-ablation.json,oss
nopcommerce,cs,target,GT-doc,17,37,A5,t8,recall_ref_on,0.9831,edge-vs-reference,rq3-ablation.json,oss
opencv,cpp,file,GT-doc,14,1087,A5,t0,edge_f1,1.0,edge-vs-full,rq3-ablation.json,oss
opencv,cpp,file,GT-doc,14,1087,A5,t0,edges,9,edge-vs-full,rq3-ablation.json,oss
opencv,cpp,file,GT-doc,14,1087,A5,t0,edges_saved,0,edge-vs-full,rq3-ablation.json,oss
opencv,cpp,file,GT-doc,14,1087,A5,t1,edge_f1,1.0,edge-vs-full,rq3-ablation.json,oss
opencv,cpp,file,GT-doc,14,1087,A5,t1,edges,9,edge-vs-full,rq3-ablation.json,oss
opencv,cpp,file,GT-doc,14,1087,A5,t1,edges_saved,0,edge-vs-full,rq3-ablation.json,oss
opencv,cpp,file,GT-doc,14,1087,A5,t3,edge_f1,1.0,edge-vs-full,rq3-ablation.json,oss
opencv,cpp,file,GT-doc,14,1087,A5,t3,edges,9,edge-vs-full,rq3-ablation.json,oss
opencv,cpp,file,GT-doc,14,1087,A5,t3,edges_saved,0,edge-vs-full,rq3-ablation.json,oss
opencv,cpp,file,GT-doc,14,1087,A5,t5,edge_f1,1.0,edge-vs-full,rq3-ablation.json,oss
opencv,cpp,file,GT-doc,14,1087,A5,t5,edges,9,edge-vs-full,rq3-ablation.json,oss
opencv,cpp,file,GT-doc,14,1087,A5,t5,edges_saved,0,edge-vs-full,rq3-ablation.json,oss
opencv,cpp,file,GT-doc,14,1087,A5,t8,edge_f1,0.6154,edge-vs-full,rq3-ablation.json,oss
opencv,cpp,file,GT-doc,14,1087,A5,t8,edges,4,edge-vs-full,rq3-ablation.json,oss
opencv,cpp,file,GT-doc,14,1087,A5,t8,edges_saved,5,edge-vs-full,rq3-ablation.json,oss
orchardcore,cs,target,GT-doc,34,207,A5,t0,edge_f1,1.0,edge-vs-full,rq3-ablation.json,oss
orchardcore,cs,target,GT-doc,34,207,A5,t0,edges,72,edge-vs-full,rq3-ablation.json,oss
orchardcore,cs,target,GT-doc,34,207,A5,t0,edges_saved,0,edge-vs-full,rq3-ablation.json,oss
orchardcore,cs,target,GT-doc,34,207,A5,t0,f1_ref_off,1.0,edge-vs-reference,rq3-ablation.json,oss
orchardcore,cs,target,GT-doc,34,207,A5,t0,f1_ref_on,1.0,edge-vs-reference,rq3-ablation.json,oss
orchardcore,cs,target,GT-doc,34,207,A5,t0,recall_ref_off,1.0,edge-vs-reference,rq3-ablation.json,oss
orchardcore,cs,target,GT-doc,34,207,A5,t0,recall_ref_on,1.0,edge-vs-reference,rq3-ablation.json,oss
orchardcore,cs,target,GT-doc,34,207,A5,t1,edge_f1,1.0,edge-vs-full,rq3-ablation.json,oss
orchardcore,cs,target,GT-doc,34,207,A5,t1,edges,72,edge-vs-full,rq3-ablation.json,oss
orchardcore,cs,target,GT-doc,34,207,A5,t1,edges_saved,0,edge-vs-full,rq3-ablation.json,oss
orchardcore,cs,target,GT-doc,34,207,A5,t1,f1_ref_off,1.0,edge-vs-reference,rq3-ablation.json,oss
orchardcore,cs,target,GT-doc,34,207,A5,t1,f1_ref_on,1.0,edge-vs-reference,rq3-ablation.json,oss
orchardcore,cs,target,GT-doc,34,207,A5,t1,recall_ref_off,1.0,edge-vs-reference,rq3-ablation.json,oss
orchardcore,cs,target,GT-doc,34,207,A5,t1,recall_ref_on,1.0,edge-vs-reference,rq3-ablation.json,oss
orchardcore,cs,target,GT-doc,34,207,A5,t3,edge_f1,1.0,edge-vs-full,rq3-ablation.json,oss
orchardcore,cs,target,GT-doc,34,207,A5,t3,edges,72,edge-vs-full,rq3-ablation.json,oss
orchardcore,cs,target,GT-doc,34,207,A5,t3,edges_saved,0,edge-vs-full,rq3-ablation.json,oss
orchardcore,cs,target,GT-doc,34,207,A5,t3,f1_ref_off,1.0,edge-vs-reference,rq3-ablation.json,oss
orchardcore,cs,target,GT-doc,34,207,A5,t3,f1_ref_on,1.0,edge-vs-reference,rq3-ablation.json,oss
orchardcore,cs,target,GT-doc,34,207,A5,t3,recall_ref_off,1.0,edge-vs-reference,rq3-ablation.json,oss
orchardcore,cs,target,GT-doc,34,207,A5,t3,recall_ref_on,1.0,edge-vs-reference,rq3-ablation.json,oss
orchardcore,cs,target,GT-doc,34,207,A5,t5,edge_f1,1.0,edge-vs-full,rq3-ablation.json,oss
orchardcore,cs,target,GT-doc,34,207,A5,t5,edges,72,edge-vs-full,rq3-ablation.json,oss
orchardcore,cs,target,GT-doc,34,207,A5,t5,edges_saved,0,edge-vs-full,rq3-ablation.json,oss
orchardcore,cs,target,GT-doc,34,207,A5,t5,f1_ref_off,1.0,edge-vs-reference,rq3-ablation.json,oss
orchardcore,cs,target,GT-doc,34,207,A5,t5,f1_ref_on,1.0,edge-vs-reference,rq3-ablation.json,oss
orchardcore,cs,target,GT-doc,34,207,A5,t5,recall_ref_off,1.0,edge-vs-reference,rq3-ablation.json,oss
orchardcore,cs,target,GT-doc,34,207,A5,t5,recall_ref_on,1.0,edge-vs-reference,rq3-ablation.json,oss
orchardcore,cs,target,GT-doc,34,207,A5,t8,edge_f1,0.7759,edge-vs-full,rq3-ablation.json,oss
orchardcore,cs,target,GT-doc,34,207,A5,t8,edges,45,edge-vs-full,rq3-ablation.json,oss
orchardcore,cs,target,GT-doc,34,207,A5,t8,edges_saved,26,edge-vs-full,rq3-ablation.json,oss
orchardcore,cs,target,GT-doc,34,207,A5,t8,f1_ref_off,0.7425,edge-vs-reference,rq3-ablation.json,oss
orchardcore,cs,target,GT-doc,34,207,A5,t8,f1_ref_on,1.0,edge-vs-reference,rq3-ablation.json,oss
orchardcore,cs,target,GT-doc,34,207,A5,t8,recall_ref_off,0.5905,edge-vs-reference,rq3-ablation.json,oss
orchardcore,cs,target,GT-doc,34,207,A5,t8,recall_ref_on,1.0,edge-vs-reference,rq3-ablation.json,oss
abseil,cpp,file,GT-exp,21,809,A7,enrichment,names_changed,190,structural-invariant,rq3-a7.json,oss
abseil,cpp,file,GT-exp,21,809,A7,enrichment,structural_delta,0,structural-invariant,rq3-a7.json,oss
bash,cpp,file,GT-pub,14,373,A7,enrichment,names_changed,49,structural-invariant,rq3-a7.json,oss
bash,cpp,file,GT-pub,14,373,A7,enrichment,structural_delta,0,structural-invariant,rq3-a7.json,oss
eshop,cs,target,GT-doc,9,19,A7,enrichment,names_changed,20,structural-invariant,rq3-a7.json,oss
eshop,cs,target,GT-doc,9,19,A7,enrichment,structural_delta,0,structural-invariant,rq3-a7.json,oss
itk,cpp,file,GT-pub,13,7657,A7,enrichment,names_changed,79,structural-invariant,rq3-a7.json,oss
itk,cpp,file,GT-pub,13,7657,A7,enrichment,structural_delta,0,structural-invariant,rq3-a7.json,oss
libxml2,cpp,file,GT-pub,18,82,A7,enrichment,names_changed,14,structural-invariant,rq3-a7.json,oss
libxml2,cpp,file,GT-pub,18,82,A7,enrichment,structural_delta,0,structural-invariant,rq3-a7.json,oss
nopcommerce,cs,target,GT-doc,17,37,A7,enrichment,names_changed,37,structural-invariant,rq3-a7.json,oss
nopcommerce,cs,target,GT-doc,17,37,A7,enrichment,structural_delta,0,structural-invariant,rq3-a7.json,oss
opencv,cpp,file,GT-doc,14,1087,A7,enrichment,names_changed,24,structural-invariant,rq3-a7.json,oss
opencv,cpp,file,GT-doc,14,1087,A7,enrichment,structural_delta,0,structural-invariant,rq3-a7.json,oss
orchardcore,cs,target,GT-doc,34,207,A7,enrichment,names_changed,207,structural-invariant,rq3-a7.json,oss
orchardcore,cs,target,GT-doc,34,207,A7,enrichment,structural_delta,0,structural-invariant,rq3-a7.json,oss
abseil,cpp,file,GT-exp,21,809,A8,acdc@0.05,churn_mojofm,86.29,perturb,stability-churn.json,oss
abseil,cpp,file,GT-exp,21,809,A8,acdc@0.10,churn_mojofm,79.43,perturb,stability-churn.json,oss
abseil,cpp,file,GT-exp,21,809,A8,acdc@0.20,churn_mojofm,47.7,perturb,stability-churn.json,oss
abseil,cpp,file,GT-exp,21,809,A8,anon@0.05,churn_mojofm,100.0,perturb,stability-churn.json,oss
abseil,cpp,file,GT-exp,21,809,A8,anon@0.10,churn_mojofm,100.0,perturb,stability-churn.json,oss
abseil,cpp,file,GT-exp,21,809,A8,anon@0.20,churn_mojofm,100.0,perturb,stability-churn.json,oss
abseil,cpp,file,GT-exp,21,809,A8,cc@0.05,churn_mojofm,98.56,perturb,stability-churn.json,oss
abseil,cpp,file,GT-exp,21,809,A8,cc@0.10,churn_mojofm,98.35,perturb,stability-churn.json,oss
abseil,cpp,file,GT-exp,21,809,A8,cc@0.20,churn_mojofm,96.12,perturb,stability-churn.json,oss
abseil,cpp,file,GT-exp,21,809,A8,dir@0.05,churn_mojofm,100.0,perturb,stability-churn.json,oss
abseil,cpp,file,GT-exp,21,809,A8,dir@0.10,churn_mojofm,100.0,perturb,stability-churn.json,oss
abseil,cpp,file,GT-exp,21,809,A8,dir@0.20,churn_mojofm,100.0,perturb,stability-churn.json,oss
bash,cpp,file,GT-pub,14,373,A8,acdc@0.05,churn_mojofm,81.41,perturb,stability-churn.json,oss
bash,cpp,file,GT-pub,14,373,A8,acdc@0.10,churn_mojofm,83.46,perturb,stability-churn.json,oss
bash,cpp,file,GT-pub,14,373,A8,acdc@0.20,churn_mojofm,67.31,perturb,stability-churn.json,oss
bash,cpp,file,GT-pub,14,373,A8,anon@0.05,churn_mojofm,100.0,perturb,stability-churn.json,oss
bash,cpp,file,GT-pub,14,373,A8,anon@0.10,churn_mojofm,100.0,perturb,stability-churn.json,oss
bash,cpp,file,GT-pub,14,373,A8,anon@0.20,churn_mojofm,100.0,perturb,stability-churn.json,oss
bash,cpp,file,GT-pub,14,373,A8,cc@0.05,churn_mojofm,99.64,perturb,stability-churn.json,oss
bash,cpp,file,GT-pub,14,373,A8,cc@0.10,churn_mojofm,99.24,perturb,stability-churn.json,oss
bash,cpp,file,GT-pub,14,373,A8,cc@0.20,churn_mojofm,92.31,perturb,stability-churn.json,oss
bash,cpp,file,GT-pub,14,373,A8,dir@0.05,churn_mojofm,100.0,perturb,stability-churn.json,oss
bash,cpp,file,GT-pub,14,373,A8,dir@0.10,churn_mojofm,100.0,perturb,stability-churn.json,oss
bash,cpp,file,GT-pub,14,373,A8,dir@0.20,churn_mojofm,100.0,perturb,stability-churn.json,oss
eshop,cs,target,GT-doc,9,19,A8,acdc@0.05,churn_mojofm,100.0,perturb,stability-churn.json,oss
eshop,cs,target,GT-doc,9,19,A8,acdc@0.10,churn_mojofm,100.0,perturb,stability-churn.json,oss
eshop,cs,target,GT-doc,9,19,A8,acdc@0.20,churn_mojofm,86.67,perturb,stability-churn.json,oss
eshop,cs,target,GT-doc,9,19,A8,anon@0.05,churn_mojofm,100.0,perturb,stability-churn.json,oss
eshop,cs,target,GT-doc,9,19,A8,anon@0.10,churn_mojofm,100.0,perturb,stability-churn.json,oss
eshop,cs,target,GT-doc,9,19,A8,anon@0.20,churn_mojofm,100.0,perturb,stability-churn.json,oss
eshop,cs,target,GT-doc,9,19,A8,cc@0.05,churn_mojofm,94.74,perturb,stability-churn.json,oss
eshop,cs,target,GT-doc,9,19,A8,cc@0.10,churn_mojofm,94.44,perturb,stability-churn.json,oss
eshop,cs,target,GT-doc,9,19,A8,cc@0.20,churn_mojofm,93.75,perturb,stability-churn.json,oss
eshop,cs,target,GT-doc,9,19,A8,dir@0.05,churn_mojofm,100.0,perturb,stability-churn.json,oss
eshop,cs,target,GT-doc,9,19,A8,dir@0.10,churn_mojofm,100.0,perturb,stability-churn.json,oss
eshop,cs,target,GT-doc,9,19,A8,dir@0.20,churn_mojofm,100.0,perturb,stability-churn.json,oss
itk,cpp,file,GT-pub,13,7657,A8,acdc@0.05,churn_mojofm,93.45,perturb,stability-churn.json,oss
itk,cpp,file,GT-pub,13,7657,A8,acdc@0.10,churn_mojofm,88.28,perturb,stability-churn.json,oss
itk,cpp,file,GT-pub,13,7657,A8,acdc@0.20,churn_mojofm,77.05,perturb,stability-churn.json,oss
itk,cpp,file,GT-pub,13,7657,A8,anon@0.05,churn_mojofm,100.0,perturb,stability-churn.json,oss
itk,cpp,file,GT-pub,13,7657,A8,anon@0.10,churn_mojofm,100.0,perturb,stability-churn.json,oss
itk,cpp,file,GT-pub,13,7657,A8,anon@0.20,churn_mojofm,100.0,perturb,stability-churn.json,oss
itk,cpp,file,GT-pub,13,7657,A8,cc@0.05,churn_mojofm,98.83,perturb,stability-churn.json,oss
itk,cpp,file,GT-pub,13,7657,A8,cc@0.10,churn_mojofm,92.26,perturb,stability-churn.json,oss
itk,cpp,file,GT-pub,13,7657,A8,cc@0.20,churn_mojofm,79.54,perturb,stability-churn.json,oss
itk,cpp,file,GT-pub,13,7657,A8,dir@0.05,churn_mojofm,100.0,perturb,stability-churn.json,oss
itk,cpp,file,GT-pub,13,7657,A8,dir@0.10,churn_mojofm,100.0,perturb,stability-churn.json,oss
itk,cpp,file,GT-pub,13,7657,A8,dir@0.20,churn_mojofm,100.0,perturb,stability-churn.json,oss
libxml2,cpp,file,GT-pub,18,82,A8,acdc@0.05,churn_mojofm,100.0,perturb,stability-churn.json,oss
libxml2,cpp,file,GT-pub,18,82,A8,acdc@0.10,churn_mojofm,98.63,perturb,stability-churn.json,oss
libxml2,cpp,file,GT-pub,18,82,A8,acdc@0.20,churn_mojofm,96.88,perturb,stability-churn.json,oss
libxml2,cpp,file,GT-pub,18,82,A8,anon@0.05,churn_mojofm,100.0,perturb,stability-churn.json,oss
libxml2,cpp,file,GT-pub,18,82,A8,anon@0.10,churn_mojofm,100.0,perturb,stability-churn.json,oss
libxml2,cpp,file,GT-pub,18,82,A8,anon@0.20,churn_mojofm,100.0,perturb,stability-churn.json,oss
libxml2,cpp,file,GT-pub,18,82,A8,cc@0.05,churn_mojofm,100.0,perturb,stability-churn.json,oss
libxml2,cpp,file,GT-pub,18,82,A8,cc@0.10,churn_mojofm,100.0,perturb,stability-churn.json,oss
libxml2,cpp,file,GT-pub,18,82,A8,cc@0.20,churn_mojofm,100.0,perturb,stability-churn.json,oss
libxml2,cpp,file,GT-pub,18,82,A8,dir@0.05,churn_mojofm,100.0,perturb,stability-churn.json,oss
libxml2,cpp,file,GT-pub,18,82,A8,dir@0.10,churn_mojofm,100.0,perturb,stability-churn.json,oss
libxml2,cpp,file,GT-pub,18,82,A8,dir@0.20,churn_mojofm,100.0,perturb,stability-churn.json,oss
nopcommerce,cs,target,GT-doc,17,37,A8,acdc@0.05,churn_mojofm,100.0,perturb,stability-churn.json,oss
nopcommerce,cs,target,GT-doc,17,37,A8,acdc@0.10,churn_mojofm,100.0,perturb,stability-churn.json,oss
nopcommerce,cs,target,GT-doc,17,37,A8,acdc@0.20,churn_mojofm,100.0,perturb,stability-churn.json,oss
nopcommerce,cs,target,GT-doc,17,37,A8,anon@0.05,churn_mojofm,100.0,perturb,stability-churn.json,oss
nopcommerce,cs,target,GT-doc,17,37,A8,anon@0.10,churn_mojofm,100.0,perturb,stability-churn.json,oss
nopcommerce,cs,target,GT-doc,17,37,A8,anon@0.20,churn_mojofm,100.0,perturb,stability-churn.json,oss
nopcommerce,cs,target,GT-doc,17,37,A8,cc@0.05,churn_mojofm,100.0,perturb,stability-churn.json,oss
nopcommerce,cs,target,GT-doc,17,37,A8,cc@0.10,churn_mojofm,100.0,perturb,stability-churn.json,oss
nopcommerce,cs,target,GT-doc,17,37,A8,cc@0.20,churn_mojofm,100.0,perturb,stability-churn.json,oss
nopcommerce,cs,target,GT-doc,17,37,A8,dir@0.05,churn_mojofm,100.0,perturb,stability-churn.json,oss
nopcommerce,cs,target,GT-doc,17,37,A8,dir@0.10,churn_mojofm,100.0,perturb,stability-churn.json,oss
nopcommerce,cs,target,GT-doc,17,37,A8,dir@0.20,churn_mojofm,100.0,perturb,stability-churn.json,oss
opencv,cpp,file,GT-doc,14,1087,A8,acdc@0.05,churn_mojofm,86.31,perturb,stability-churn.json,oss
opencv,cpp,file,GT-doc,14,1087,A8,acdc@0.10,churn_mojofm,82.22,perturb,stability-churn.json,oss
opencv,cpp,file,GT-doc,14,1087,A8,acdc@0.20,churn_mojofm,72.54,perturb,stability-churn.json,oss
opencv,cpp,file,GT-doc,14,1087,A8,anon@0.05,churn_mojofm,100.0,perturb,stability-churn.json,oss
opencv,cpp,file,GT-doc,14,1087,A8,anon@0.10,churn_mojofm,100.0,perturb,stability-churn.json,oss
opencv,cpp,file,GT-doc,14,1087,A8,anon@0.20,churn_mojofm,100.0,perturb,stability-churn.json,oss
opencv,cpp,file,GT-doc,14,1087,A8,cc@0.05,churn_mojofm,98.25,perturb,stability-churn.json,oss
opencv,cpp,file,GT-doc,14,1087,A8,cc@0.10,churn_mojofm,97.44,perturb,stability-churn.json,oss
opencv,cpp,file,GT-doc,14,1087,A8,cc@0.20,churn_mojofm,86.92,perturb,stability-churn.json,oss
opencv,cpp,file,GT-doc,14,1087,A8,dir@0.05,churn_mojofm,100.0,perturb,stability-churn.json,oss
opencv,cpp,file,GT-doc,14,1087,A8,dir@0.10,churn_mojofm,100.0,perturb,stability-churn.json,oss
opencv,cpp,file,GT-doc,14,1087,A8,dir@0.20,churn_mojofm,100.0,perturb,stability-churn.json,oss
orchardcore,cs,target,GT-doc,34,207,A8,acdc@0.05,churn_mojofm,99.51,perturb,stability-churn.json,oss
orchardcore,cs,target,GT-doc,34,207,A8,acdc@0.10,churn_mojofm,97.41,perturb,stability-churn.json,oss
orchardcore,cs,target,GT-doc,34,207,A8,acdc@0.20,churn_mojofm,70.59,perturb,stability-churn.json,oss
orchardcore,cs,target,GT-doc,34,207,A8,anon@0.05,churn_mojofm,100.0,perturb,stability-churn.json,oss
orchardcore,cs,target,GT-doc,34,207,A8,anon@0.10,churn_mojofm,100.0,perturb,stability-churn.json,oss
orchardcore,cs,target,GT-doc,34,207,A8,anon@0.20,churn_mojofm,100.0,perturb,stability-churn.json,oss
orchardcore,cs,target,GT-doc,34,207,A8,cc@0.05,churn_mojofm,99.06,perturb,stability-churn.json,oss
orchardcore,cs,target,GT-doc,34,207,A8,cc@0.10,churn_mojofm,99.0,perturb,stability-churn.json,oss
orchardcore,cs,target,GT-doc,34,207,A8,cc@0.20,churn_mojofm,98.88,perturb,stability-churn.json,oss
orchardcore,cs,target,GT-doc,34,207,A8,dir@0.05,churn_mojofm,100.0,perturb,stability-churn.json,oss
orchardcore,cs,target,GT-doc,34,207,A8,dir@0.10,churn_mojofm,100.0,perturb,stability-churn.json,oss
orchardcore,cs,target,GT-doc,34,207,A8,dir@0.20,churn_mojofm,100.0,perturb,stability-churn.json,oss
P-1,cpp,file,GT-diag,28,50-100,RQ5,pipeline,identical_rate,100.0,n/a,determinism.json,P
P-1,cpp,file,GT-diag,28,50-100,RQ5,pipeline,runs,2.0,n/a,determinism.json,P
bash,cpp,file,GT-pub,14,373,RQ6-comb,lose_l0,advisory,4,combined,mutation/combined.json,oss
bash,cpp,file,GT-pub,14,373,RQ6-comb,lose_l0,advisory,0,combined-prefix,mutation/combined-prefix.json,oss
bash,cpp,file,GT-pub,14,373,RQ6-comb,lose_l0,advisory_runs,8,combined,mutation/combined.json,oss
bash,cpp,file,GT-pub,14,373,RQ6-comb,lose_l0,advisory_runs,0,combined-prefix,mutation/combined-prefix.json,oss
bash,cpp,file,GT-pub,14,373,RQ6-comb,lose_l0,drift,0,combined,mutation/combined.json,oss
bash,cpp,file,GT-pub,14,373,RQ6-comb,lose_l0,drift,0,combined-prefix,mutation/combined-prefix.json,oss
bash,cpp,file,GT-pub,14,373,RQ6-comb,lose_l0,findings,12,combined,mutation/combined.json,oss
bash,cpp,file,GT-pub,14,373,RQ6-comb,lose_l0,findings,12,combined-prefix,mutation/combined-prefix.json,oss
bash,cpp,file,GT-pub,14,373,RQ6-comb,lose_l0,fp,0,combined,mutation/combined.json,oss
bash,cpp,file,GT-pub,14,373,RQ6-comb,lose_l0,fp,0,combined-prefix,mutation/combined-prefix.json,oss
bash,cpp,file,GT-pub,14,373,RQ6-comb,lose_l0,gap,8,combined,mutation/combined.json,oss
bash,cpp,file,GT-pub,14,373,RQ6-comb,lose_l0,gap,8,combined-prefix,mutation/combined-prefix.json,oss
bash,cpp,file,GT-pub,14,373,RQ6-comb,lose_l0,mutations_silent,0,combined,mutation/combined.json,oss
bash,cpp,file,GT-pub,14,373,RQ6-comb,lose_l0,mutations_silent,4,combined-prefix,mutation/combined-prefix.json,oss
bash,cpp,file,GT-pub,14,373,RQ6-comb,lose_l0,n,8,combined,mutation/combined.json,oss
bash,cpp,file,GT-pub,14,373,RQ6-comb,lose_l0,n,8,combined-prefix,mutation/combined-prefix.json,oss
bash,cpp,file,GT-pub,14,373,RQ6-comb,lose_l0,silent,0,combined,mutation/combined.json,oss
bash,cpp,file,GT-pub,14,373,RQ6-comb,lose_l0,silent,4,combined-prefix,mutation/combined-prefix.json,oss
bash,cpp,file,GT-pub,14,373,RQ6-comb,lose_l0:add_target,advisory,4,combined,mutation/combined.json,oss
bash,cpp,file,GT-pub,14,373,RQ6-comb,lose_l0:add_target,advisory,0,combined-prefix,mutation/combined-prefix.json,oss
bash,cpp,file,GT-pub,14,373,RQ6-comb,lose_l0:add_target,advisory_runs,4,combined,mutation/combined.json,oss
bash,cpp,file,GT-pub,14,373,RQ6-comb,lose_l0:add_target,advisory_runs,0,combined-prefix,mutation/combined-prefix.json,oss
bash,cpp,file,GT-pub,14,373,RQ6-comb,lose_l0:add_target,drift,0,combined,mutation/combined.json,oss
bash,cpp,file,GT-pub,14,373,RQ6-comb,lose_l0:add_target,drift,0,combined-prefix,mutation/combined-prefix.json,oss
bash,cpp,file,GT-pub,14,373,RQ6-comb,lose_l0:add_target,findings,4,combined,mutation/combined.json,oss
bash,cpp,file,GT-pub,14,373,RQ6-comb,lose_l0:add_target,findings,4,combined-prefix,mutation/combined-prefix.json,oss
bash,cpp,file,GT-pub,14,373,RQ6-comb,lose_l0:add_target,fp,0,combined,mutation/combined.json,oss
bash,cpp,file,GT-pub,14,373,RQ6-comb,lose_l0:add_target,fp,0,combined-prefix,mutation/combined-prefix.json,oss
bash,cpp,file,GT-pub,14,373,RQ6-comb,lose_l0:add_target,gap,0,combined,mutation/combined.json,oss
bash,cpp,file,GT-pub,14,373,RQ6-comb,lose_l0:add_target,gap,0,combined-prefix,mutation/combined-prefix.json,oss
bash,cpp,file,GT-pub,14,373,RQ6-comb,lose_l0:add_target,mutations_silent,0,combined,mutation/combined.json,oss
bash,cpp,file,GT-pub,14,373,RQ6-comb,lose_l0:add_target,mutations_silent,4,combined-prefix,mutation/combined-prefix.json,oss
bash,cpp,file,GT-pub,14,373,RQ6-comb,lose_l0:add_target,n,4,combined,mutation/combined.json,oss
bash,cpp,file,GT-pub,14,373,RQ6-comb,lose_l0:add_target,n,4,combined-prefix,mutation/combined-prefix.json,oss
bash,cpp,file,GT-pub,14,373,RQ6-comb,lose_l0:add_target,silent,0,combined,mutation/combined.json,oss
bash,cpp,file,GT-pub,14,373,RQ6-comb,lose_l0:add_target,silent,4,combined-prefix,mutation/combined-prefix.json,oss
bash,cpp,file,GT-pub,14,373,RQ6-comb,lose_l0:remove_target,advisory,0,combined,mutation/combined.json,oss
bash,cpp,file,GT-pub,14,373,RQ6-comb,lose_l0:remove_target,advisory,0,combined-prefix,mutation/combined-prefix.json,oss
bash,cpp,file,GT-pub,14,373,RQ6-comb,lose_l0:remove_target,advisory_runs,4,combined,mutation/combined.json,oss
bash,cpp,file,GT-pub,14,373,RQ6-comb,lose_l0:remove_target,advisory_runs,0,combined-prefix,mutation/combined-prefix.json,oss
bash,cpp,file,GT-pub,14,373,RQ6-comb,lose_l0:remove_target,drift,0,combined,mutation/combined.json,oss
bash,cpp,file,GT-pub,14,373,RQ6-comb,lose_l0:remove_target,drift,0,combined-prefix,mutation/combined-prefix.json,oss
bash,cpp,file,GT-pub,14,373,RQ6-comb,lose_l0:remove_target,findings,8,combined,mutation/combined.json,oss
bash,cpp,file,GT-pub,14,373,RQ6-comb,lose_l0:remove_target,findings,8,combined-prefix,mutation/combined-prefix.json,oss
bash,cpp,file,GT-pub,14,373,RQ6-comb,lose_l0:remove_target,fp,0,combined,mutation/combined.json,oss
bash,cpp,file,GT-pub,14,373,RQ6-comb,lose_l0:remove_target,fp,0,combined-prefix,mutation/combined-prefix.json,oss
bash,cpp,file,GT-pub,14,373,RQ6-comb,lose_l0:remove_target,gap,8,combined,mutation/combined.json,oss
bash,cpp,file,GT-pub,14,373,RQ6-comb,lose_l0:remove_target,gap,8,combined-prefix,mutation/combined-prefix.json,oss
bash,cpp,file,GT-pub,14,373,RQ6-comb,lose_l0:remove_target,mutations_silent,0,combined,mutation/combined.json,oss
bash,cpp,file,GT-pub,14,373,RQ6-comb,lose_l0:remove_target,mutations_silent,0,combined-prefix,mutation/combined-prefix.json,oss
bash,cpp,file,GT-pub,14,373,RQ6-comb,lose_l0:remove_target,n,4,combined,mutation/combined.json,oss
bash,cpp,file,GT-pub,14,373,RQ6-comb,lose_l0:remove_target,n,4,combined-prefix,mutation/combined-prefix.json,oss
bash,cpp,file,GT-pub,14,373,RQ6-comb,lose_l0:remove_target,silent,0,combined,mutation/combined.json,oss
bash,cpp,file,GT-pub,14,373,RQ6-comb,lose_l0:remove_target,silent,0,combined-prefix,mutation/combined-prefix.json,oss
bash,cpp,file,GT-pub,14,373,RQ6-comb,starve_l0_10,advisory,0,combined,mutation/combined.json,oss
bash,cpp,file,GT-pub,14,373,RQ6-comb,starve_l0_10,advisory,0,combined-prefix,mutation/combined-prefix.json,oss
bash,cpp,file,GT-pub,14,373,RQ6-comb,starve_l0_10,advisory_runs,8,combined,mutation/combined.json,oss
bash,cpp,file,GT-pub,14,373,RQ6-comb,starve_l0_10,advisory_runs,8,combined-prefix,mutation/combined-prefix.json,oss
bash,cpp,file,GT-pub,14,373,RQ6-comb,starve_l0_10,drift,12,combined,mutation/combined.json,oss
bash,cpp,file,GT-pub,14,373,RQ6-comb,starve_l0_10,drift,12,combined-prefix,mutation/combined-prefix.json,oss
bash,cpp,file,GT-pub,14,373,RQ6-comb,starve_l0_10,findings,12,combined,mutation/combined.json,oss
bash,cpp,file,GT-pub,14,373,RQ6-comb,starve_l0_10,findings,12,combined-prefix,mutation/combined-prefix.json,oss
bash,cpp,file,GT-pub,14,373,RQ6-comb,starve_l0_10,fp,0,combined,mutation/combined.json,oss
bash,cpp,file,GT-pub,14,373,RQ6-comb,starve_l0_10,fp,0,combined-prefix,mutation/combined-prefix.json,oss
bash,cpp,file,GT-pub,14,373,RQ6-comb,starve_l0_10,gap,0,combined,mutation/combined.json,oss
bash,cpp,file,GT-pub,14,373,RQ6-comb,starve_l0_10,gap,0,combined-prefix,mutation/combined-prefix.json,oss
bash,cpp,file,GT-pub,14,373,RQ6-comb,starve_l0_10,mutations_silent,0,combined,mutation/combined.json,oss
bash,cpp,file,GT-pub,14,373,RQ6-comb,starve_l0_10,mutations_silent,0,combined-prefix,mutation/combined-prefix.json,oss
bash,cpp,file,GT-pub,14,373,RQ6-comb,starve_l0_10,n,8,combined,mutation/combined.json,oss
bash,cpp,file,GT-pub,14,373,RQ6-comb,starve_l0_10,n,8,combined-prefix,mutation/combined-prefix.json,oss
bash,cpp,file,GT-pub,14,373,RQ6-comb,starve_l0_10,silent,0,combined,mutation/combined.json,oss
bash,cpp,file,GT-pub,14,373,RQ6-comb,starve_l0_10,silent,0,combined-prefix,mutation/combined-prefix.json,oss
bash,cpp,file,GT-pub,14,373,RQ6-comb,starve_l0_10:add_target,advisory,0,combined,mutation/combined.json,oss
bash,cpp,file,GT-pub,14,373,RQ6-comb,starve_l0_10:add_target,advisory,0,combined-prefix,mutation/combined-prefix.json,oss
bash,cpp,file,GT-pub,14,373,RQ6-comb,starve_l0_10:add_target,advisory_runs,4,combined,mutation/combined.json,oss
bash,cpp,file,GT-pub,14,373,RQ6-comb,starve_l0_10:add_target,advisory_runs,4,combined-prefix,mutation/combined-prefix.json,oss
bash,cpp,file,GT-pub,14,373,RQ6-comb,starve_l0_10:add_target,drift,4,combined,mutation/combined.json,oss
bash,cpp,file,GT-pub,14,373,RQ6-comb,starve_l0_10:add_target,drift,4,combined-prefix,mutation/combined-prefix.json,oss
bash,cpp,file,GT-pub,14,373,RQ6-comb,starve_l0_10:add_target,findings,4,combined,mutation/combined.json,oss
bash,cpp,file,GT-pub,14,373,RQ6-comb,starve_l0_10:add_target,findings,4,combined-prefix,mutation/combined-prefix.json,oss
bash,cpp,file,GT-pub,14,373,RQ6-comb,starve_l0_10:add_target,fp,0,combined,mutation/combined.json,oss
bash,cpp,file,GT-pub,14,373,RQ6-comb,starve_l0_10:add_target,fp,0,combined-prefix,mutation/combined-prefix.json,oss
bash,cpp,file,GT-pub,14,373,RQ6-comb,starve_l0_10:add_target,gap,0,combined,mutation/combined.json,oss
bash,cpp,file,GT-pub,14,373,RQ6-comb,starve_l0_10:add_target,gap,0,combined-prefix,mutation/combined-prefix.json,oss
bash,cpp,file,GT-pub,14,373,RQ6-comb,starve_l0_10:add_target,mutations_silent,0,combined,mutation/combined.json,oss
bash,cpp,file,GT-pub,14,373,RQ6-comb,starve_l0_10:add_target,mutations_silent,0,combined-prefix,mutation/combined-prefix.json,oss
bash,cpp,file,GT-pub,14,373,RQ6-comb,starve_l0_10:add_target,n,4,combined,mutation/combined.json,oss
bash,cpp,file,GT-pub,14,373,RQ6-comb,starve_l0_10:add_target,n,4,combined-prefix,mutation/combined-prefix.json,oss
bash,cpp,file,GT-pub,14,373,RQ6-comb,starve_l0_10:add_target,silent,0,combined,mutation/combined.json,oss
bash,cpp,file,GT-pub,14,373,RQ6-comb,starve_l0_10:add_target,silent,0,combined-prefix,mutation/combined-prefix.json,oss
bash,cpp,file,GT-pub,14,373,RQ6-comb,starve_l0_10:remove_target,advisory,0,combined,mutation/combined.json,oss
bash,cpp,file,GT-pub,14,373,RQ6-comb,starve_l0_10:remove_target,advisory,0,combined-prefix,mutation/combined-prefix.json,oss
bash,cpp,file,GT-pub,14,373,RQ6-comb,starve_l0_10:remove_target,advisory_runs,4,combined,mutation/combined.json,oss
bash,cpp,file,GT-pub,14,373,RQ6-comb,starve_l0_10:remove_target,advisory_runs,4,combined-prefix,mutation/combined-prefix.json,oss
bash,cpp,file,GT-pub,14,373,RQ6-comb,starve_l0_10:remove_target,drift,8,combined,mutation/combined.json,oss
bash,cpp,file,GT-pub,14,373,RQ6-comb,starve_l0_10:remove_target,drift,8,combined-prefix,mutation/combined-prefix.json,oss
bash,cpp,file,GT-pub,14,373,RQ6-comb,starve_l0_10:remove_target,findings,8,combined,mutation/combined.json,oss
bash,cpp,file,GT-pub,14,373,RQ6-comb,starve_l0_10:remove_target,findings,8,combined-prefix,mutation/combined-prefix.json,oss
bash,cpp,file,GT-pub,14,373,RQ6-comb,starve_l0_10:remove_target,fp,0,combined,mutation/combined.json,oss
bash,cpp,file,GT-pub,14,373,RQ6-comb,starve_l0_10:remove_target,fp,0,combined-prefix,mutation/combined-prefix.json,oss
bash,cpp,file,GT-pub,14,373,RQ6-comb,starve_l0_10:remove_target,gap,0,combined,mutation/combined.json,oss
bash,cpp,file,GT-pub,14,373,RQ6-comb,starve_l0_10:remove_target,gap,0,combined-prefix,mutation/combined-prefix.json,oss
bash,cpp,file,GT-pub,14,373,RQ6-comb,starve_l0_10:remove_target,mutations_silent,0,combined,mutation/combined.json,oss
bash,cpp,file,GT-pub,14,373,RQ6-comb,starve_l0_10:remove_target,mutations_silent,0,combined-prefix,mutation/combined-prefix.json,oss
bash,cpp,file,GT-pub,14,373,RQ6-comb,starve_l0_10:remove_target,n,4,combined,mutation/combined.json,oss
bash,cpp,file,GT-pub,14,373,RQ6-comb,starve_l0_10:remove_target,n,4,combined-prefix,mutation/combined-prefix.json,oss
bash,cpp,file,GT-pub,14,373,RQ6-comb,starve_l0_10:remove_target,silent,0,combined,mutation/combined.json,oss
bash,cpp,file,GT-pub,14,373,RQ6-comb,starve_l0_10:remove_target,silent,0,combined-prefix,mutation/combined-prefix.json,oss
bash,cpp,file,GT-pub,14,373,RQ6-comb,starve_l0_30,advisory,0,combined,mutation/combined.json,oss
bash,cpp,file,GT-pub,14,373,RQ6-comb,starve_l0_30,advisory,0,combined-prefix,mutation/combined-prefix.json,oss
bash,cpp,file,GT-pub,14,373,RQ6-comb,starve_l0_30,advisory_runs,8,combined,mutation/combined.json,oss
bash,cpp,file,GT-pub,14,373,RQ6-comb,starve_l0_30,advisory_runs,8,combined-prefix,mutation/combined-prefix.json,oss
bash,cpp,file,GT-pub,14,373,RQ6-comb,starve_l0_30,drift,12,combined,mutation/combined.json,oss
bash,cpp,file,GT-pub,14,373,RQ6-comb,starve_l0_30,drift,12,combined-prefix,mutation/combined-prefix.json,oss
bash,cpp,file,GT-pub,14,373,RQ6-comb,starve_l0_30,findings,12,combined,mutation/combined.json,oss
bash,cpp,file,GT-pub,14,373,RQ6-comb,starve_l0_30,findings,12,combined-prefix,mutation/combined-prefix.json,oss
bash,cpp,file,GT-pub,14,373,RQ6-comb,starve_l0_30,fp,0,combined,mutation/combined.json,oss
bash,cpp,file,GT-pub,14,373,RQ6-comb,starve_l0_30,fp,0,combined-prefix,mutation/combined-prefix.json,oss
bash,cpp,file,GT-pub,14,373,RQ6-comb,starve_l0_30,gap,0,combined,mutation/combined.json,oss
bash,cpp,file,GT-pub,14,373,RQ6-comb,starve_l0_30,gap,0,combined-prefix,mutation/combined-prefix.json,oss
bash,cpp,file,GT-pub,14,373,RQ6-comb,starve_l0_30,mutations_silent,0,combined,mutation/combined.json,oss
bash,cpp,file,GT-pub,14,373,RQ6-comb,starve_l0_30,mutations_silent,0,combined-prefix,mutation/combined-prefix.json,oss
bash,cpp,file,GT-pub,14,373,RQ6-comb,starve_l0_30,n,8,combined,mutation/combined.json,oss
bash,cpp,file,GT-pub,14,373,RQ6-comb,starve_l0_30,n,8,combined-prefix,mutation/combined-prefix.json,oss
bash,cpp,file,GT-pub,14,373,RQ6-comb,starve_l0_30,silent,0,combined,mutation/combined.json,oss
bash,cpp,file,GT-pub,14,373,RQ6-comb,starve_l0_30,silent,0,combined-prefix,mutation/combined-prefix.json,oss
bash,cpp,file,GT-pub,14,373,RQ6-comb,starve_l0_30:add_target,advisory,0,combined,mutation/combined.json,oss
bash,cpp,file,GT-pub,14,373,RQ6-comb,starve_l0_30:add_target,advisory,0,combined-prefix,mutation/combined-prefix.json,oss
bash,cpp,file,GT-pub,14,373,RQ6-comb,starve_l0_30:add_target,advisory_runs,4,combined,mutation/combined.json,oss
bash,cpp,file,GT-pub,14,373,RQ6-comb,starve_l0_30:add_target,advisory_runs,4,combined-prefix,mutation/combined-prefix.json,oss
bash,cpp,file,GT-pub,14,373,RQ6-comb,starve_l0_30:add_target,drift,4,combined,mutation/combined.json,oss
bash,cpp,file,GT-pub,14,373,RQ6-comb,starve_l0_30:add_target,drift,4,combined-prefix,mutation/combined-prefix.json,oss
bash,cpp,file,GT-pub,14,373,RQ6-comb,starve_l0_30:add_target,findings,4,combined,mutation/combined.json,oss
bash,cpp,file,GT-pub,14,373,RQ6-comb,starve_l0_30:add_target,findings,4,combined-prefix,mutation/combined-prefix.json,oss
bash,cpp,file,GT-pub,14,373,RQ6-comb,starve_l0_30:add_target,fp,0,combined,mutation/combined.json,oss
bash,cpp,file,GT-pub,14,373,RQ6-comb,starve_l0_30:add_target,fp,0,combined-prefix,mutation/combined-prefix.json,oss
bash,cpp,file,GT-pub,14,373,RQ6-comb,starve_l0_30:add_target,gap,0,combined,mutation/combined.json,oss
bash,cpp,file,GT-pub,14,373,RQ6-comb,starve_l0_30:add_target,gap,0,combined-prefix,mutation/combined-prefix.json,oss
bash,cpp,file,GT-pub,14,373,RQ6-comb,starve_l0_30:add_target,mutations_silent,0,combined,mutation/combined.json,oss
bash,cpp,file,GT-pub,14,373,RQ6-comb,starve_l0_30:add_target,mutations_silent,0,combined-prefix,mutation/combined-prefix.json,oss
bash,cpp,file,GT-pub,14,373,RQ6-comb,starve_l0_30:add_target,n,4,combined,mutation/combined.json,oss
bash,cpp,file,GT-pub,14,373,RQ6-comb,starve_l0_30:add_target,n,4,combined-prefix,mutation/combined-prefix.json,oss
bash,cpp,file,GT-pub,14,373,RQ6-comb,starve_l0_30:add_target,silent,0,combined,mutation/combined.json,oss
bash,cpp,file,GT-pub,14,373,RQ6-comb,starve_l0_30:add_target,silent,0,combined-prefix,mutation/combined-prefix.json,oss
bash,cpp,file,GT-pub,14,373,RQ6-comb,starve_l0_30:remove_target,advisory,0,combined,mutation/combined.json,oss
bash,cpp,file,GT-pub,14,373,RQ6-comb,starve_l0_30:remove_target,advisory,0,combined-prefix,mutation/combined-prefix.json,oss
bash,cpp,file,GT-pub,14,373,RQ6-comb,starve_l0_30:remove_target,advisory_runs,4,combined,mutation/combined.json,oss
bash,cpp,file,GT-pub,14,373,RQ6-comb,starve_l0_30:remove_target,advisory_runs,4,combined-prefix,mutation/combined-prefix.json,oss
bash,cpp,file,GT-pub,14,373,RQ6-comb,starve_l0_30:remove_target,drift,8,combined,mutation/combined.json,oss
bash,cpp,file,GT-pub,14,373,RQ6-comb,starve_l0_30:remove_target,drift,8,combined-prefix,mutation/combined-prefix.json,oss
bash,cpp,file,GT-pub,14,373,RQ6-comb,starve_l0_30:remove_target,findings,8,combined,mutation/combined.json,oss
bash,cpp,file,GT-pub,14,373,RQ6-comb,starve_l0_30:remove_target,findings,8,combined-prefix,mutation/combined-prefix.json,oss
bash,cpp,file,GT-pub,14,373,RQ6-comb,starve_l0_30:remove_target,fp,0,combined,mutation/combined.json,oss
bash,cpp,file,GT-pub,14,373,RQ6-comb,starve_l0_30:remove_target,fp,0,combined-prefix,mutation/combined-prefix.json,oss
bash,cpp,file,GT-pub,14,373,RQ6-comb,starve_l0_30:remove_target,gap,0,combined,mutation/combined.json,oss
bash,cpp,file,GT-pub,14,373,RQ6-comb,starve_l0_30:remove_target,gap,0,combined-prefix,mutation/combined-prefix.json,oss
bash,cpp,file,GT-pub,14,373,RQ6-comb,starve_l0_30:remove_target,mutations_silent,0,combined,mutation/combined.json,oss
bash,cpp,file,GT-pub,14,373,RQ6-comb,starve_l0_30:remove_target,mutations_silent,0,combined-prefix,mutation/combined-prefix.json,oss
bash,cpp,file,GT-pub,14,373,RQ6-comb,starve_l0_30:remove_target,n,4,combined,mutation/combined.json,oss
bash,cpp,file,GT-pub,14,373,RQ6-comb,starve_l0_30:remove_target,n,4,combined-prefix,mutation/combined-prefix.json,oss
bash,cpp,file,GT-pub,14,373,RQ6-comb,starve_l0_30:remove_target,silent,0,combined,mutation/combined.json,oss
bash,cpp,file,GT-pub,14,373,RQ6-comb,starve_l0_30:remove_target,silent,0,combined-prefix,mutation/combined-prefix.json,oss
bash,cpp,file,GT-pub,14,373,RQ6-comb,starve_mutated,advisory,0,combined,mutation/combined.json,oss
bash,cpp,file,GT-pub,14,373,RQ6-comb,starve_mutated,advisory,0,combined-prefix,mutation/combined-prefix.json,oss
bash,cpp,file,GT-pub,14,373,RQ6-comb,starve_mutated,advisory_runs,8,combined,mutation/combined.json,oss
bash,cpp,file,GT-pub,14,373,RQ6-comb,starve_mutated,advisory_runs,8,combined-prefix,mutation/combined-prefix.json,oss
bash,cpp,file,GT-pub,14,373,RQ6-comb,starve_mutated,drift,8,combined,mutation/combined.json,oss
bash,cpp,file,GT-pub,14,373,RQ6-comb,starve_mutated,drift,8,combined-prefix,mutation/combined-prefix.json,oss
bash,cpp,file,GT-pub,14,373,RQ6-comb,starve_mutated,findings,12,combined,mutation/combined.json,oss
bash,cpp,file,GT-pub,14,373,RQ6-comb,starve_mutated,findings,12,combined-prefix,mutation/combined-prefix.json,oss
bash,cpp,file,GT-pub,14,373,RQ6-comb,starve_mutated,fp,0,combined,mutation/combined.json,oss
bash,cpp,file,GT-pub,14,373,RQ6-comb,starve_mutated,fp,0,combined-prefix,mutation/combined-prefix.json,oss
bash,cpp,file,GT-pub,14,373,RQ6-comb,starve_mutated,gap,4,combined,mutation/combined.json,oss
bash,cpp,file,GT-pub,14,373,RQ6-comb,starve_mutated,gap,4,combined-prefix,mutation/combined-prefix.json,oss
bash,cpp,file,GT-pub,14,373,RQ6-comb,starve_mutated,mutations_silent,0,combined,mutation/combined.json,oss
bash,cpp,file,GT-pub,14,373,RQ6-comb,starve_mutated,mutations_silent,0,combined-prefix,mutation/combined-prefix.json,oss
bash,cpp,file,GT-pub,14,373,RQ6-comb,starve_mutated,n,8,combined,mutation/combined.json,oss
bash,cpp,file,GT-pub,14,373,RQ6-comb,starve_mutated,n,8,combined-prefix,mutation/combined-prefix.json,oss
bash,cpp,file,GT-pub,14,373,RQ6-comb,starve_mutated,silent,0,combined,mutation/combined.json,oss
bash,cpp,file,GT-pub,14,373,RQ6-comb,starve_mutated,silent,0,combined-prefix,mutation/combined-prefix.json,oss
bash,cpp,file,GT-pub,14,373,RQ6-comb,starve_mutated:add_target,advisory,0,combined,mutation/combined.json,oss
bash,cpp,file,GT-pub,14,373,RQ6-comb,starve_mutated:add_target,advisory,0,combined-prefix,mutation/combined-prefix.json,oss
bash,cpp,file,GT-pub,14,373,RQ6-comb,starve_mutated:add_target,advisory_runs,4,combined,mutation/combined.json,oss
bash,cpp,file,GT-pub,14,373,RQ6-comb,starve_mutated:add_target,advisory_runs,4,combined-prefix,mutation/combined-prefix.json,oss
bash,cpp,file,GT-pub,14,373,RQ6-comb,starve_mutated:add_target,drift,4,combined,mutation/combined.json,oss
bash,cpp,file,GT-pub,14,373,RQ6-comb,starve_mutated:add_target,drift,4,combined-prefix,mutation/combined-prefix.json,oss
bash,cpp,file,GT-pub,14,373,RQ6-comb,starve_mutated:add_target,findings,4,combined,mutation/combined.json,oss
bash,cpp,file,GT-pub,14,373,RQ6-comb,starve_mutated:add_target,findings,4,combined-prefix,mutation/combined-prefix.json,oss
bash,cpp,file,GT-pub,14,373,RQ6-comb,starve_mutated:add_target,fp,0,combined,mutation/combined.json,oss
bash,cpp,file,GT-pub,14,373,RQ6-comb,starve_mutated:add_target,fp,0,combined-prefix,mutation/combined-prefix.json,oss
bash,cpp,file,GT-pub,14,373,RQ6-comb,starve_mutated:add_target,gap,0,combined,mutation/combined.json,oss
bash,cpp,file,GT-pub,14,373,RQ6-comb,starve_mutated:add_target,gap,0,combined-prefix,mutation/combined-prefix.json,oss
bash,cpp,file,GT-pub,14,373,RQ6-comb,starve_mutated:add_target,mutations_silent,0,combined,mutation/combined.json,oss
bash,cpp,file,GT-pub,14,373,RQ6-comb,starve_mutated:add_target,mutations_silent,0,combined-prefix,mutation/combined-prefix.json,oss
bash,cpp,file,GT-pub,14,373,RQ6-comb,starve_mutated:add_target,n,4,combined,mutation/combined.json,oss
bash,cpp,file,GT-pub,14,373,RQ6-comb,starve_mutated:add_target,n,4,combined-prefix,mutation/combined-prefix.json,oss
bash,cpp,file,GT-pub,14,373,RQ6-comb,starve_mutated:add_target,silent,0,combined,mutation/combined.json,oss
bash,cpp,file,GT-pub,14,373,RQ6-comb,starve_mutated:add_target,silent,0,combined-prefix,mutation/combined-prefix.json,oss
bash,cpp,file,GT-pub,14,373,RQ6-comb,starve_mutated:remove_target,advisory,0,combined,mutation/combined.json,oss
bash,cpp,file,GT-pub,14,373,RQ6-comb,starve_mutated:remove_target,advisory,0,combined-prefix,mutation/combined-prefix.json,oss
bash,cpp,file,GT-pub,14,373,RQ6-comb,starve_mutated:remove_target,advisory_runs,4,combined,mutation/combined.json,oss
bash,cpp,file,GT-pub,14,373,RQ6-comb,starve_mutated:remove_target,advisory_runs,4,combined-prefix,mutation/combined-prefix.json,oss
bash,cpp,file,GT-pub,14,373,RQ6-comb,starve_mutated:remove_target,drift,4,combined,mutation/combined.json,oss
bash,cpp,file,GT-pub,14,373,RQ6-comb,starve_mutated:remove_target,drift,4,combined-prefix,mutation/combined-prefix.json,oss
bash,cpp,file,GT-pub,14,373,RQ6-comb,starve_mutated:remove_target,findings,8,combined,mutation/combined.json,oss
bash,cpp,file,GT-pub,14,373,RQ6-comb,starve_mutated:remove_target,findings,8,combined-prefix,mutation/combined-prefix.json,oss
bash,cpp,file,GT-pub,14,373,RQ6-comb,starve_mutated:remove_target,fp,0,combined,mutation/combined.json,oss
bash,cpp,file,GT-pub,14,373,RQ6-comb,starve_mutated:remove_target,fp,0,combined-prefix,mutation/combined-prefix.json,oss
bash,cpp,file,GT-pub,14,373,RQ6-comb,starve_mutated:remove_target,gap,4,combined,mutation/combined.json,oss
bash,cpp,file,GT-pub,14,373,RQ6-comb,starve_mutated:remove_target,gap,4,combined-prefix,mutation/combined-prefix.json,oss
bash,cpp,file,GT-pub,14,373,RQ6-comb,starve_mutated:remove_target,mutations_silent,0,combined,mutation/combined.json,oss
bash,cpp,file,GT-pub,14,373,RQ6-comb,starve_mutated:remove_target,mutations_silent,0,combined-prefix,mutation/combined-prefix.json,oss
bash,cpp,file,GT-pub,14,373,RQ6-comb,starve_mutated:remove_target,n,4,combined,mutation/combined.json,oss
bash,cpp,file,GT-pub,14,373,RQ6-comb,starve_mutated:remove_target,n,4,combined-prefix,mutation/combined-prefix.json,oss
bash,cpp,file,GT-pub,14,373,RQ6-comb,starve_mutated:remove_target,silent,0,combined,mutation/combined.json,oss
bash,cpp,file,GT-pub,14,373,RQ6-comb,starve_mutated:remove_target,silent,0,combined-prefix,mutation/combined-prefix.json,oss
eshop,cs,target,GT-doc,9,19,RQ6-comb,lose_l0,advisory,8,combined,mutation/combined.json,oss
eshop,cs,target,GT-doc,9,19,RQ6-comb,lose_l0,advisory,0,combined-prefix,mutation/combined-prefix.json,oss
eshop,cs,target,GT-doc,9,19,RQ6-comb,lose_l0,advisory_runs,24,combined,mutation/combined.json,oss
eshop,cs,target,GT-doc,9,19,RQ6-comb,lose_l0,advisory_runs,0,combined-prefix,mutation/combined-prefix.json,oss
eshop,cs,target,GT-doc,9,19,RQ6-comb,lose_l0,drift,0,combined,mutation/combined.json,oss
eshop,cs,target,GT-doc,9,19,RQ6-comb,lose_l0,drift,0,combined-prefix,mutation/combined-prefix.json,oss
eshop,cs,target,GT-doc,9,19,RQ6-comb,lose_l0,findings,73,combined,mutation/combined.json,oss
eshop,cs,target,GT-doc,9,19,RQ6-comb,lose_l0,findings,73,combined-prefix,mutation/combined-prefix.json,oss
eshop,cs,target,GT-doc,9,19,RQ6-comb,lose_l0,fp,0,combined,mutation/combined.json,oss
eshop,cs,target,GT-doc,9,19,RQ6-comb,lose_l0,fp,0,combined-prefix,mutation/combined-prefix.json,oss
eshop,cs,target,GT-doc,9,19,RQ6-comb,lose_l0,gap,65,combined,mutation/combined.json,oss
eshop,cs,target,GT-doc,9,19,RQ6-comb,lose_l0,gap,65,combined-prefix,mutation/combined-prefix.json,oss
eshop,cs,target,GT-doc,9,19,RQ6-comb,lose_l0,mutations_silent,0,combined,mutation/combined.json,oss
eshop,cs,target,GT-doc,9,19,RQ6-comb,lose_l0,mutations_silent,8,combined-prefix,mutation/combined-prefix.json,oss
eshop,cs,target,GT-doc,9,19,RQ6-comb,lose_l0,n,24,combined,mutation/combined.json,oss
eshop,cs,target,GT-doc,9,19,RQ6-comb,lose_l0,n,24,combined-prefix,mutation/combined-prefix.json,oss
eshop,cs,target,GT-doc,9,19,RQ6-comb,lose_l0,silent,0,combined,mutation/combined.json,oss
eshop,cs,target,GT-doc,9,19,RQ6-comb,lose_l0,silent,8,combined-prefix,mutation/combined-prefix.json,oss
eshop,cs,target,GT-doc,9,19,RQ6-comb,lose_l0:add_forbidden_dep,advisory,0,combined,mutation/combined.json,oss
eshop,cs,target,GT-doc,9,19,RQ6-comb,lose_l0:add_forbidden_dep,advisory,0,combined-prefix,mutation/combined-prefix.json,oss
eshop,cs,target,GT-doc,9,19,RQ6-comb,lose_l0:add_forbidden_dep,advisory_runs,4,combined,mutation/combined.json,oss
eshop,cs,target,GT-doc,9,19,RQ6-comb,lose_l0:add_forbidden_dep,advisory_runs,0,combined-prefix,mutation/combined-prefix.json,oss
eshop,cs,target,GT-doc,9,19,RQ6-comb,lose_l0:add_forbidden_dep,drift,0,combined,mutation/combined.json,oss
eshop,cs,target,GT-doc,9,19,RQ6-comb,lose_l0:add_forbidden_dep,drift,0,combined-prefix,mutation/combined-prefix.json,oss
eshop,cs,target,GT-doc,9,19,RQ6-comb,lose_l0:add_forbidden_dep,findings,8,combined,mutation/combined.json,oss
eshop,cs,target,GT-doc,9,19,RQ6-comb,lose_l0:add_forbidden_dep,findings,8,combined-prefix,mutation/combined-prefix.json,oss
eshop,cs,target,GT-doc,9,19,RQ6-comb,lose_l0:add_forbidden_dep,fp,0,combined,mutation/combined.json,oss
eshop,cs,target,GT-doc,9,19,RQ6-comb,lose_l0:add_forbidden_dep,fp,0,combined-prefix,mutation/combined-prefix.json,oss
eshop,cs,target,GT-doc,9,19,RQ6-comb,lose_l0:add_forbidden_dep,gap,8,combined,mutation/combined.json,oss
eshop,cs,target,GT-doc,9,19,RQ6-comb,lose_l0:add_forbidden_dep,gap,8,combined-prefix,mutation/combined-prefix.json,oss
eshop,cs,target,GT-doc,9,19,RQ6-comb,lose_l0:add_forbidden_dep,mutations_silent,0,combined,mutation/combined.json,oss
eshop,cs,target,GT-doc,9,19,RQ6-comb,lose_l0:add_forbidden_dep,mutations_silent,0,combined-prefix,mutation/combined-prefix.json,oss
eshop,cs,target,GT-doc,9,19,RQ6-comb,lose_l0:add_forbidden_dep,n,4,combined,mutation/combined.json,oss
eshop,cs,target,GT-doc,9,19,RQ6-comb,lose_l0:add_forbidden_dep,n,4,combined-prefix,mutation/combined-prefix.json,oss
eshop,cs,target,GT-doc,9,19,RQ6-comb,lose_l0:add_forbidden_dep,silent,0,combined,mutation/combined.json,oss
eshop,cs,target,GT-doc,9,19,RQ6-comb,lose_l0:add_forbidden_dep,silent,0,combined-prefix,mutation/combined-prefix.json,oss
eshop,cs,target,GT-doc,9,19,RQ6-comb,lose_l0:add_target,advisory,4,combined,mutation/combined.json,oss
eshop,cs,target,GT-doc,9,19,RQ6-comb,lose_l0:add_target,advisory,0,combined-prefix,mutation/combined-prefix.json,oss
eshop,cs,target,GT-doc,9,19,RQ6-comb,lose_l0:add_target,advisory_runs,4,combined,mutation/combined.json,oss
eshop,cs,target,GT-doc,9,19,RQ6-comb,lose_l0:add_target,advisory_runs,0,combined-prefix,mutation/combined-prefix.json,oss
eshop,cs,target,GT-doc,9,19,RQ6-comb,lose_l0:add_target,drift,0,combined,mutation/combined.json,oss
eshop,cs,target,GT-doc,9,19,RQ6-comb,lose_l0:add_target,drift,0,combined-prefix,mutation/combined-prefix.json,oss
eshop,cs,target,GT-doc,9,19,RQ6-comb,lose_l0:add_target,findings,4,combined,mutation/combined.json,oss
eshop,cs,target,GT-doc,9,19,RQ6-comb,lose_l0:add_target,findings,4,combined-prefix,mutation/combined-prefix.json,oss
eshop,cs,target,GT-doc,9,19,RQ6-comb,lose_l0:add_target,fp,0,combined,mutation/combined.json,oss
eshop,cs,target,GT-doc,9,19,RQ6-comb,lose_l0:add_target,fp,0,combined-prefix,mutation/combined-prefix.json,oss
eshop,cs,target,GT-doc,9,19,RQ6-comb,lose_l0:add_target,gap,0,combined,mutation/combined.json,oss
eshop,cs,target,GT-doc,9,19,RQ6-comb,lose_l0:add_target,gap,0,combined-prefix,mutation/combined-prefix.json,oss
eshop,cs,target,GT-doc,9,19,RQ6-comb,lose_l0:add_target,mutations_silent,0,combined,mutation/combined.json,oss
eshop,cs,target,GT-doc,9,19,RQ6-comb,lose_l0:add_target,mutations_silent,4,combined-prefix,mutation/combined-prefix.json,oss
eshop,cs,target,GT-doc,9,19,RQ6-comb,lose_l0:add_target,n,4,combined,mutation/combined.json,oss
eshop,cs,target,GT-doc,9,19,RQ6-comb,lose_l0:add_target,n,4,combined-prefix,mutation/combined-prefix.json,oss
eshop,cs,target,GT-doc,9,19,RQ6-comb,lose_l0:add_target,silent,0,combined,mutation/combined.json,oss
eshop,cs,target,GT-doc,9,19,RQ6-comb,lose_l0:add_target,silent,4,combined-prefix,mutation/combined-prefix.json,oss
eshop,cs,target,GT-doc,9,19,RQ6-comb,lose_l0:merge_targets,advisory,0,combined,mutation/combined.json,oss
eshop,cs,target,GT-doc,9,19,RQ6-comb,lose_l0:merge_targets,advisory,0,combined-prefix,mutation/combined-prefix.json,oss
eshop,cs,target,GT-doc,9,19,RQ6-comb,lose_l0:merge_targets,advisory_runs,4,combined,mutation/combined.json,oss
eshop,cs,target,GT-doc,9,19,RQ6-comb,lose_l0:merge_targets,advisory_runs,0,combined-prefix,mutation/combined-prefix.json,oss
eshop,cs,target,GT-doc,9,19,RQ6-comb,lose_l0:merge_targets,drift,0,combined,mutation/combined.json,oss
eshop,cs,target,GT-doc,9,19,RQ6-comb,lose_l0:merge_targets,drift,0,combined-prefix,mutation/combined-prefix.json,oss
eshop,cs,target,GT-doc,9,19,RQ6-comb,lose_l0:merge_targets,findings,17,combined,mutation/combined.json,oss
eshop,cs,target,GT-doc,9,19,RQ6-comb,lose_l0:merge_targets,findings,17,combined-prefix,mutation/combined-prefix.json,oss
eshop,cs,target,GT-doc,9,19,RQ6-comb,lose_l0:merge_targets,fp,0,combined,mutation/combined.json,oss
eshop,cs,target,GT-doc,9,19,RQ6-comb,lose_l0:merge_targets,fp,0,combined-prefix,mutation/combined-prefix.json,oss
eshop,cs,target,GT-doc,9,19,RQ6-comb,lose_l0:merge_targets,gap,17,combined,mutation/combined.json,oss
eshop,cs,target,GT-doc,9,19,RQ6-comb,lose_l0:merge_targets,gap,17,combined-prefix,mutation/combined-prefix.json,oss
eshop,cs,target,GT-doc,9,19,RQ6-comb,lose_l0:merge_targets,mutations_silent,0,combined,mutation/combined.json,oss
eshop,cs,target,GT-doc,9,19,RQ6-comb,lose_l0:merge_targets,mutations_silent,0,combined-prefix,mutation/combined-prefix.json,oss
eshop,cs,target,GT-doc,9,19,RQ6-comb,lose_l0:merge_targets,n,4,combined,mutation/combined.json,oss
eshop,cs,target,GT-doc,9,19,RQ6-comb,lose_l0:merge_targets,n,4,combined-prefix,mutation/combined-prefix.json,oss
eshop,cs,target,GT-doc,9,19,RQ6-comb,lose_l0:merge_targets,silent,0,combined,mutation/combined.json,oss
eshop,cs,target,GT-doc,9,19,RQ6-comb,lose_l0:merge_targets,silent,0,combined-prefix,mutation/combined-prefix.json,oss
eshop,cs,target,GT-doc,9,19,RQ6-comb,lose_l0:remove_dep,advisory,0,combined,mutation/combined.json,oss
eshop,cs,target,GT-doc,9,19,RQ6-comb,lose_l0:remove_dep,advisory,0,combined-prefix,mutation/combined-prefix.json,oss
eshop,cs,target,GT-doc,9,19,RQ6-comb,lose_l0:remove_dep,advisory_runs,4,combined,mutation/combined.json,oss
eshop,cs,target,GT-doc,9,19,RQ6-comb,lose_l0:remove_dep,advisory_runs,0,combined-prefix,mutation/combined-prefix.json,oss
eshop,cs,target,GT-doc,9,19,RQ6-comb,lose_l0:remove_dep,drift,0,combined,mutation/combined.json,oss
eshop,cs,target,GT-doc,9,19,RQ6-comb,lose_l0:remove_dep,drift,0,combined-prefix,mutation/combined-prefix.json,oss
eshop,cs,target,GT-doc,9,19,RQ6-comb,lose_l0:remove_dep,findings,4,combined,mutation/combined.json,oss
eshop,cs,target,GT-doc,9,19,RQ6-comb,lose_l0:remove_dep,findings,4,combined-prefix,mutation/combined-prefix.json,oss
eshop,cs,target,GT-doc,9,19,RQ6-comb,lose_l0:remove_dep,fp,0,combined,mutation/combined.json,oss
eshop,cs,target,GT-doc,9,19,RQ6-comb,lose_l0:remove_dep,fp,0,combined-prefix,mutation/combined-prefix.json,oss
eshop,cs,target,GT-doc,9,19,RQ6-comb,lose_l0:remove_dep,gap,4,combined,mutation/combined.json,oss
eshop,cs,target,GT-doc,9,19,RQ6-comb,lose_l0:remove_dep,gap,4,combined-prefix,mutation/combined-prefix.json,oss
eshop,cs,target,GT-doc,9,19,RQ6-comb,lose_l0:remove_dep,mutations_silent,0,combined,mutation/combined.json,oss
eshop,cs,target,GT-doc,9,19,RQ6-comb,lose_l0:remove_dep,mutations_silent,0,combined-prefix,mutation/combined-prefix.json,oss
eshop,cs,target,GT-doc,9,19,RQ6-comb,lose_l0:remove_dep,n,4,combined,mutation/combined.json,oss
eshop,cs,target,GT-doc,9,19,RQ6-comb,lose_l0:remove_dep,n,4,combined-prefix,mutation/combined-prefix.json,oss
eshop,cs,target,GT-doc,9,19,RQ6-comb,lose_l0:remove_dep,silent,0,combined,mutation/combined.json,oss
eshop,cs,target,GT-doc,9,19,RQ6-comb,lose_l0:remove_dep,silent,0,combined-prefix,mutation/combined-prefix.json,oss
eshop,cs,target,GT-doc,9,19,RQ6-comb,lose_l0:remove_target,advisory,0,combined,mutation/combined.json,oss
eshop,cs,target,GT-doc,9,19,RQ6-comb,lose_l0:remove_target,advisory,0,combined-prefix,mutation/combined-prefix.json,oss
eshop,cs,target,GT-doc,9,19,RQ6-comb,lose_l0:remove_target,advisory_runs,4,combined,mutation/combined.json,oss
eshop,cs,target,GT-doc,9,19,RQ6-comb,lose_l0:remove_target,advisory_runs,0,combined-prefix,mutation/combined-prefix.json,oss
eshop,cs,target,GT-doc,9,19,RQ6-comb,lose_l0:remove_target,drift,0,combined,mutation/combined.json,oss
eshop,cs,target,GT-doc,9,19,RQ6-comb,lose_l0:remove_target,drift,0,combined-prefix,mutation/combined-prefix.json,oss
eshop,cs,target,GT-doc,9,19,RQ6-comb,lose_l0:remove_target,findings,12,combined,mutation/combined.json,oss
eshop,cs,target,GT-doc,9,19,RQ6-comb,lose_l0:remove_target,findings,12,combined-prefix,mutation/combined-prefix.json,oss
eshop,cs,target,GT-doc,9,19,RQ6-comb,lose_l0:remove_target,fp,0,combined,mutation/combined.json,oss
eshop,cs,target,GT-doc,9,19,RQ6-comb,lose_l0:remove_target,fp,0,combined-prefix,mutation/combined-prefix.json,oss
eshop,cs,target,GT-doc,9,19,RQ6-comb,lose_l0:remove_target,gap,12,combined,mutation/combined.json,oss
eshop,cs,target,GT-doc,9,19,RQ6-comb,lose_l0:remove_target,gap,12,combined-prefix,mutation/combined-prefix.json,oss
eshop,cs,target,GT-doc,9,19,RQ6-comb,lose_l0:remove_target,mutations_silent,0,combined,mutation/combined.json,oss
eshop,cs,target,GT-doc,9,19,RQ6-comb,lose_l0:remove_target,mutations_silent,0,combined-prefix,mutation/combined-prefix.json,oss
eshop,cs,target,GT-doc,9,19,RQ6-comb,lose_l0:remove_target,n,4,combined,mutation/combined.json,oss
eshop,cs,target,GT-doc,9,19,RQ6-comb,lose_l0:remove_target,n,4,combined-prefix,mutation/combined-prefix.json,oss
eshop,cs,target,GT-doc,9,19,RQ6-comb,lose_l0:remove_target,silent,0,combined,mutation/combined.json,oss
eshop,cs,target,GT-doc,9,19,RQ6-comb,lose_l0:remove_target,silent,0,combined-prefix,mutation/combined-prefix.json,oss
eshop,cs,target,GT-doc,9,19,RQ6-comb,lose_l0:rename_target,advisory,4,combined,mutation/combined.json,oss
eshop,cs,target,GT-doc,9,19,RQ6-comb,lose_l0:rename_target,advisory,0,combined-prefix,mutation/combined-prefix.json,oss
eshop,cs,target,GT-doc,9,19,RQ6-comb,lose_l0:rename_target,advisory_runs,4,combined,mutation/combined.json,oss
eshop,cs,target,GT-doc,9,19,RQ6-comb,lose_l0:rename_target,advisory_runs,0,combined-prefix,mutation/combined-prefix.json,oss
eshop,cs,target,GT-doc,9,19,RQ6-comb,lose_l0:rename_target,drift,0,combined,mutation/combined.json,oss
eshop,cs,target,GT-doc,9,19,RQ6-comb,lose_l0:rename_target,drift,0,combined-prefix,mutation/combined-prefix.json,oss
eshop,cs,target,GT-doc,9,19,RQ6-comb,lose_l0:rename_target,findings,28,combined,mutation/combined.json,oss
eshop,cs,target,GT-doc,9,19,RQ6-comb,lose_l0:rename_target,findings,28,combined-prefix,mutation/combined-prefix.json,oss
eshop,cs,target,GT-doc,9,19,RQ6-comb,lose_l0:rename_target,fp,0,combined,mutation/combined.json,oss
eshop,cs,target,GT-doc,9,19,RQ6-comb,lose_l0:rename_target,fp,0,combined-prefix,mutation/combined-prefix.json,oss
eshop,cs,target,GT-doc,9,19,RQ6-comb,lose_l0:rename_target,gap,24,combined,mutation/combined.json,oss
eshop,cs,target,GT-doc,9,19,RQ6-comb,lose_l0:rename_target,gap,24,combined-prefix,mutation/combined-prefix.json,oss
eshop,cs,target,GT-doc,9,19,RQ6-comb,lose_l0:rename_target,mutations_silent,0,combined,mutation/combined.json,oss
eshop,cs,target,GT-doc,9,19,RQ6-comb,lose_l0:rename_target,mutations_silent,4,combined-prefix,mutation/combined-prefix.json,oss
eshop,cs,target,GT-doc,9,19,RQ6-comb,lose_l0:rename_target,n,4,combined,mutation/combined.json,oss
eshop,cs,target,GT-doc,9,19,RQ6-comb,lose_l0:rename_target,n,4,combined-prefix,mutation/combined-prefix.json,oss
eshop,cs,target,GT-doc,9,19,RQ6-comb,lose_l0:rename_target,silent,0,combined,mutation/combined.json,oss
eshop,cs,target,GT-doc,9,19,RQ6-comb,lose_l0:rename_target,silent,4,combined-prefix,mutation/combined-prefix.json,oss
eshop,cs,target,GT-doc,9,19,RQ6-comb,starve_l0_10,advisory,8,combined,mutation/combined.json,oss
eshop,cs,target,GT-doc,9,19,RQ6-comb,starve_l0_10,advisory,8,combined-prefix,mutation/combined-prefix.json,oss
eshop,cs,target,GT-doc,9,19,RQ6-comb,starve_l0_10,advisory_runs,24,combined,mutation/combined.json,oss
eshop,cs,target,GT-doc,9,19,RQ6-comb,starve_l0_10,advisory_runs,24,combined-prefix,mutation/combined-prefix.json,oss
eshop,cs,target,GT-doc,9,19,RQ6-comb,starve_l0_10,drift,60,combined,mutation/combined.json,oss
eshop,cs,target,GT-doc,9,19,RQ6-comb,starve_l0_10,drift,60,combined-prefix,mutation/combined-prefix.json,oss
eshop,cs,target,GT-doc,9,19,RQ6-comb,starve_l0_10,findings,73,combined,mutation/combined.json,oss
eshop,cs,target,GT-doc,9,19,RQ6-comb,starve_l0_10,findings,73,combined-prefix,mutation/combined-prefix.json,oss
eshop,cs,target,GT-doc,9,19,RQ6-comb,starve_l0_10,fp,0,combined,mutation/combined.json,oss
eshop,cs,target,GT-doc,9,19,RQ6-comb,starve_l0_10,fp,0,combined-prefix,mutation/combined-prefix.json,oss
eshop,cs,target,GT-doc,9,19,RQ6-comb,starve_l0_10,gap,5,combined,mutation/combined.json,oss
eshop,cs,target,GT-doc,9,19,RQ6-comb,starve_l0_10,gap,5,combined-prefix,mutation/combined-prefix.json,oss
eshop,cs,target,GT-doc,9,19,RQ6-comb,starve_l0_10,mutations_silent,0,combined,mutation/combined.json,oss
eshop,cs,target,GT-doc,9,19,RQ6-comb,starve_l0_10,mutations_silent,0,combined-prefix,mutation/combined-prefix.json,oss
eshop,cs,target,GT-doc,9,19,RQ6-comb,starve_l0_10,n,24,combined,mutation/combined.json,oss
eshop,cs,target,GT-doc,9,19,RQ6-comb,starve_l0_10,n,24,combined-prefix,mutation/combined-prefix.json,oss
eshop,cs,target,GT-doc,9,19,RQ6-comb,starve_l0_10,silent,0,combined,mutation/combined.json,oss
eshop,cs,target,GT-doc,9,19,RQ6-comb,starve_l0_10,silent,0,combined-prefix,mutation/combined-prefix.json,oss
eshop,cs,target,GT-doc,9,19,RQ6-comb,starve_l0_10:add_forbidden_dep,advisory,4,combined,mutation/combined.json,oss
eshop,cs,target,GT-doc,9,19,RQ6-comb,starve_l0_10:add_forbidden_dep,advisory,4,combined-prefix,mutation/combined-prefix.json,oss
eshop,cs,target,GT-doc,9,19,RQ6-comb,starve_l0_10:add_forbidden_dep,advisory_runs,4,combined,mutation/combined.json,oss
eshop,cs,target,GT-doc,9,19,RQ6-comb,starve_l0_10:add_forbidden_dep,advisory_runs,4,combined-prefix,mutation/combined-prefix.json,oss
eshop,cs,target,GT-doc,9,19,RQ6-comb,starve_l0_10:add_forbidden_dep,drift,4,combined,mutation/combined.json,oss
eshop,cs,target,GT-doc,9,19,RQ6-comb,starve_l0_10:add_forbidden_dep,drift,4,combined-prefix,mutation/combined-prefix.json,oss
eshop,cs,target,GT-doc,9,19,RQ6-comb,starve_l0_10:add_forbidden_dep,findings,8,combined,mutation/combined.json,oss
eshop,cs,target,GT-doc,9,19,RQ6-comb,starve_l0_10:add_forbidden_dep,findings,8,combined-prefix,mutation/combined-prefix.json,oss
eshop,cs,target,GT-doc,9,19,RQ6-comb,starve_l0_10:add_forbidden_dep,fp,0,combined,mutation/combined.json,oss
eshop,cs,target,GT-doc,9,19,RQ6-comb,starve_l0_10:add_forbidden_dep,fp,0,combined-prefix,mutation/combined-prefix.json,oss
eshop,cs,target,GT-doc,9,19,RQ6-comb,starve_l0_10:add_forbidden_dep,gap,0,combined,mutation/combined.json,oss
eshop,cs,target,GT-doc,9,19,RQ6-comb,starve_l0_10:add_forbidden_dep,gap,0,combined-prefix,mutation/combined-prefix.json,oss
eshop,cs,target,GT-doc,9,19,RQ6-comb,starve_l0_10:add_forbidden_dep,mutations_silent,0,combined,mutation/combined.json,oss
eshop,cs,target,GT-doc,9,19,RQ6-comb,starve_l0_10:add_forbidden_dep,mutations_silent,0,combined-prefix,mutation/combined-prefix.json,oss
eshop,cs,target,GT-doc,9,19,RQ6-comb,starve_l0_10:add_forbidden_dep,n,4,combined,mutation/combined.json,oss
eshop,cs,target,GT-doc,9,19,RQ6-comb,starve_l0_10:add_forbidden_dep,n,4,combined-prefix,mutation/combined-prefix.json,oss
eshop,cs,target,GT-doc,9,19,RQ6-comb,starve_l0_10:add_forbidden_dep,silent,0,combined,mutation/combined.json,oss
eshop,cs,target,GT-doc,9,19,RQ6-comb,starve_l0_10:add_forbidden_dep,silent,0,combined-prefix,mutation/combined-prefix.json,oss
eshop,cs,target,GT-doc,9,19,RQ6-comb,starve_l0_10:add_target,advisory,0,combined,mutation/combined.json,oss
eshop,cs,target,GT-doc,9,19,RQ6-comb,starve_l0_10:add_target,advisory,0,combined-prefix,mutation/combined-prefix.json,oss
eshop,cs,target,GT-doc,9,19,RQ6-comb,starve_l0_10:add_target,advisory_runs,4,combined,mutation/combined.json,oss
eshop,cs,target,GT-doc,9,19,RQ6-comb,starve_l0_10:add_target,advisory_runs,4,combined-prefix,mutation/combined-prefix.json,oss
eshop,cs,target,GT-doc,9,19,RQ6-comb,starve_l0_10:add_target,drift,4,combined,mutation/combined.json,oss
eshop,cs,target,GT-doc,9,19,RQ6-comb,starve_l0_10:add_target,drift,4,combined-prefix,mutation/combined-prefix.json,oss
eshop,cs,target,GT-doc,9,19,RQ6-comb,starve_l0_10:add_target,findings,4,combined,mutation/combined.json,oss
eshop,cs,target,GT-doc,9,19,RQ6-comb,starve_l0_10:add_target,findings,4,combined-prefix,mutation/combined-prefix.json,oss
eshop,cs,target,GT-doc,9,19,RQ6-comb,starve_l0_10:add_target,fp,0,combined,mutation/combined.json,oss
eshop,cs,target,GT-doc,9,19,RQ6-comb,starve_l0_10:add_target,fp,0,combined-prefix,mutation/combined-prefix.json,oss
eshop,cs,target,GT-doc,9,19,RQ6-comb,starve_l0_10:add_target,gap,0,combined,mutation/combined.json,oss
eshop,cs,target,GT-doc,9,19,RQ6-comb,starve_l0_10:add_target,gap,0,combined-prefix,mutation/combined-prefix.json,oss
eshop,cs,target,GT-doc,9,19,RQ6-comb,starve_l0_10:add_target,mutations_silent,0,combined,mutation/combined.json,oss
eshop,cs,target,GT-doc,9,19,RQ6-comb,starve_l0_10:add_target,mutations_silent,0,combined-prefix,mutation/combined-prefix.json,oss
eshop,cs,target,GT-doc,9,19,RQ6-comb,starve_l0_10:add_target,n,4,combined,mutation/combined.json,oss
eshop,cs,target,GT-doc,9,19,RQ6-comb,starve_l0_10:add_target,n,4,combined-prefix,mutation/combined-prefix.json,oss
eshop,cs,target,GT-doc,9,19,RQ6-comb,starve_l0_10:add_target,silent,0,combined,mutation/combined.json,oss
eshop,cs,target,GT-doc,9,19,RQ6-comb,starve_l0_10:add_target,silent,0,combined-prefix,mutation/combined-prefix.json,oss
eshop,cs,target,GT-doc,9,19,RQ6-comb,starve_l0_10:merge_targets,advisory,0,combined,mutation/combined.json,oss
eshop,cs,target,GT-doc,9,19,RQ6-comb,starve_l0_10:merge_targets,advisory,0,combined-prefix,mutation/combined-prefix.json,oss
eshop,cs,target,GT-doc,9,19,RQ6-comb,starve_l0_10:merge_targets,advisory_runs,4,combined,mutation/combined.json,oss
eshop,cs,target,GT-doc,9,19,RQ6-comb,starve_l0_10:merge_targets,advisory_runs,4,combined-prefix,mutation/combined-prefix.json,oss
eshop,cs,target,GT-doc,9,19,RQ6-comb,starve_l0_10:merge_targets,drift,16,combined,mutation/combined.json,oss
eshop,cs,target,GT-doc,9,19,RQ6-comb,starve_l0_10:merge_targets,drift,16,combined-prefix,mutation/combined-prefix.json,oss
eshop,cs,target,GT-doc,9,19,RQ6-comb,starve_l0_10:merge_targets,findings,17,combined,mutation/combined.json,oss
eshop,cs,target,GT-doc,9,19,RQ6-comb,starve_l0_10:merge_targets,findings,17,combined-prefix,mutation/combined-prefix.json,oss
eshop,cs,target,GT-doc,9,19,RQ6-comb,starve_l0_10:merge_targets,fp,0,combined,mutation/combined.json,oss
eshop,cs,target,GT-doc,9,19,RQ6-comb,starve_l0_10:merge_targets,fp,0,combined-prefix,mutation/combined-prefix.json,oss
eshop,cs,target,GT-doc,9,19,RQ6-comb,starve_l0_10:merge_targets,gap,1,combined,mutation/combined.json,oss
eshop,cs,target,GT-doc,9,19,RQ6-comb,starve_l0_10:merge_targets,gap,1,combined-prefix,mutation/combined-prefix.json,oss
eshop,cs,target,GT-doc,9,19,RQ6-comb,starve_l0_10:merge_targets,mutations_silent,0,combined,mutation/combined.json,oss
eshop,cs,target,GT-doc,9,19,RQ6-comb,starve_l0_10:merge_targets,mutations_silent,0,combined-prefix,mutation/combined-prefix.json,oss
eshop,cs,target,GT-doc,9,19,RQ6-comb,starve_l0_10:merge_targets,n,4,combined,mutation/combined.json,oss
eshop,cs,target,GT-doc,9,19,RQ6-comb,starve_l0_10:merge_targets,n,4,combined-prefix,mutation/combined-prefix.json,oss
eshop,cs,target,GT-doc,9,19,RQ6-comb,starve_l0_10:merge_targets,silent,0,combined,mutation/combined.json,oss
eshop,cs,target,GT-doc,9,19,RQ6-comb,starve_l0_10:merge_targets,silent,0,combined-prefix,mutation/combined-prefix.json,oss
eshop,cs,target,GT-doc,9,19,RQ6-comb,starve_l0_10:remove_dep,advisory,0,combined,mutation/combined.json,oss
eshop,cs,target,GT-doc,9,19,RQ6-comb,starve_l0_10:remove_dep,advisory,0,combined-prefix,mutation/combined-prefix.json,oss
eshop,cs,target,GT-doc,9,19,RQ6-comb,starve_l0_10:remove_dep,advisory_runs,4,combined,mutation/combined.json,oss
eshop,cs,target,GT-doc,9,19,RQ6-comb,starve_l0_10:remove_dep,advisory_runs,4,combined-prefix,mutation/combined-prefix.json,oss
eshop,cs,target,GT-doc,9,19,RQ6-comb,starve_l0_10:remove_dep,drift,2,combined,mutation/combined.json,oss
eshop,cs,target,GT-doc,9,19,RQ6-comb,starve_l0_10:remove_dep,drift,2,combined-prefix,mutation/combined-prefix.json,oss
eshop,cs,target,GT-doc,9,19,RQ6-comb,starve_l0_10:remove_dep,findings,4,combined,mutation/combined.json,oss
eshop,cs,target,GT-doc,9,19,RQ6-comb,starve_l0_10:remove_dep,findings,4,combined-prefix,mutation/combined-prefix.json,oss
eshop,cs,target,GT-doc,9,19,RQ6-comb,starve_l0_10:remove_dep,fp,0,combined,mutation/combined.json,oss
eshop,cs,target,GT-doc,9,19,RQ6-comb,starve_l0_10:remove_dep,fp,0,combined-prefix,mutation/combined-prefix.json,oss
eshop,cs,target,GT-doc,9,19,RQ6-comb,starve_l0_10:remove_dep,gap,2,combined,mutation/combined.json,oss
eshop,cs,target,GT-doc,9,19,RQ6-comb,starve_l0_10:remove_dep,gap,2,combined-prefix,mutation/combined-prefix.json,oss
eshop,cs,target,GT-doc,9,19,RQ6-comb,starve_l0_10:remove_dep,mutations_silent,0,combined,mutation/combined.json,oss
eshop,cs,target,GT-doc,9,19,RQ6-comb,starve_l0_10:remove_dep,mutations_silent,0,combined-prefix,mutation/combined-prefix.json,oss
eshop,cs,target,GT-doc,9,19,RQ6-comb,starve_l0_10:remove_dep,n,4,combined,mutation/combined.json,oss
eshop,cs,target,GT-doc,9,19,RQ6-comb,starve_l0_10:remove_dep,n,4,combined-prefix,mutation/combined-prefix.json,oss
eshop,cs,target,GT-doc,9,19,RQ6-comb,starve_l0_10:remove_dep,silent,0,combined,mutation/combined.json,oss
eshop,cs,target,GT-doc,9,19,RQ6-comb,starve_l0_10:remove_dep,silent,0,combined-prefix,mutation/combined-prefix.json,oss
eshop,cs,target,GT-doc,9,19,RQ6-comb,starve_l0_10:remove_target,advisory,0,combined,mutation/combined.json,oss
eshop,cs,target,GT-doc,9,19,RQ6-comb,starve_l0_10:remove_target,advisory,0,combined-prefix,mutation/combined-prefix.json,oss
eshop,cs,target,GT-doc,9,19,RQ6-comb,starve_l0_10:remove_target,advisory_runs,4,combined,mutation/combined.json,oss
eshop,cs,target,GT-doc,9,19,RQ6-comb,starve_l0_10:remove_target,advisory_runs,4,combined-prefix,mutation/combined-prefix.json,oss
eshop,cs,target,GT-doc,9,19,RQ6-comb,starve_l0_10:remove_target,drift,11,combined,mutation/combined.json,oss
eshop,cs,target,GT-doc,9,19,RQ6-comb,starve_l0_10:remove_target,drift,11,combined-prefix,mutation/combined-prefix.json,oss
eshop,cs,target,GT-doc,9,19,RQ6-comb,starve_l0_10:remove_target,findings,12,combined,mutation/combined.json,oss
eshop,cs,target,GT-doc,9,19,RQ6-comb,starve_l0_10:remove_target,findings,12,combined-prefix,mutation/combined-prefix.json,oss
eshop,cs,target,GT-doc,9,19,RQ6-comb,starve_l0_10:remove_target,fp,0,combined,mutation/combined.json,oss
eshop,cs,target,GT-doc,9,19,RQ6-comb,starve_l0_10:remove_target,fp,0,combined-prefix,mutation/combined-prefix.json,oss
eshop,cs,target,GT-doc,9,19,RQ6-comb,starve_l0_10:remove_target,gap,1,combined,mutation/combined.json,oss
eshop,cs,target,GT-doc,9,19,RQ6-comb,starve_l0_10:remove_target,gap,1,combined-prefix,mutation/combined-prefix.json,oss
eshop,cs,target,GT-doc,9,19,RQ6-comb,starve_l0_10:remove_target,mutations_silent,0,combined,mutation/combined.json,oss
eshop,cs,target,GT-doc,9,19,RQ6-comb,starve_l0_10:remove_target,mutations_silent,0,combined-prefix,mutation/combined-prefix.json,oss
eshop,cs,target,GT-doc,9,19,RQ6-comb,starve_l0_10:remove_target,n,4,combined,mutation/combined.json,oss
eshop,cs,target,GT-doc,9,19,RQ6-comb,starve_l0_10:remove_target,n,4,combined-prefix,mutation/combined-prefix.json,oss
eshop,cs,target,GT-doc,9,19,RQ6-comb,starve_l0_10:remove_target,silent,0,combined,mutation/combined.json,oss
eshop,cs,target,GT-doc,9,19,RQ6-comb,starve_l0_10:remove_target,silent,0,combined-prefix,mutation/combined-prefix.json,oss
eshop,cs,target,GT-doc,9,19,RQ6-comb,starve_l0_10:rename_target,advisory,4,combined,mutation/combined.json,oss
eshop,cs,target,GT-doc,9,19,RQ6-comb,starve_l0_10:rename_target,advisory,4,combined-prefix,mutation/combined-prefix.json,oss
eshop,cs,target,GT-doc,9,19,RQ6-comb,starve_l0_10:rename_target,advisory_runs,4,combined,mutation/combined.json,oss
eshop,cs,target,GT-doc,9,19,RQ6-comb,starve_l0_10:rename_target,advisory_runs,4,combined-prefix,mutation/combined-prefix.json,oss
eshop,cs,target,GT-doc,9,19,RQ6-comb,starve_l0_10:rename_target,drift,23,combined,mutation/combined.json,oss
eshop,cs,target,GT-doc,9,19,RQ6-comb,starve_l0_10:rename_target,drift,23,combined-prefix,mutation/combined-prefix.json,oss
eshop,cs,target,GT-doc,9,19,RQ6-comb,starve_l0_10:rename_target,findings,28,combined,mutation/combined.json,oss
eshop,cs,target,GT-doc,9,19,RQ6-comb,starve_l0_10:rename_target,findings,28,combined-prefix,mutation/combined-prefix.json,oss
eshop,cs,target,GT-doc,9,19,RQ6-comb,starve_l0_10:rename_target,fp,0,combined,mutation/combined.json,oss
eshop,cs,target,GT-doc,9,19,RQ6-comb,starve_l0_10:rename_target,fp,0,combined-prefix,mutation/combined-prefix.json,oss
eshop,cs,target,GT-doc,9,19,RQ6-comb,starve_l0_10:rename_target,gap,1,combined,mutation/combined.json,oss
eshop,cs,target,GT-doc,9,19,RQ6-comb,starve_l0_10:rename_target,gap,1,combined-prefix,mutation/combined-prefix.json,oss
eshop,cs,target,GT-doc,9,19,RQ6-comb,starve_l0_10:rename_target,mutations_silent,0,combined,mutation/combined.json,oss
eshop,cs,target,GT-doc,9,19,RQ6-comb,starve_l0_10:rename_target,mutations_silent,0,combined-prefix,mutation/combined-prefix.json,oss
eshop,cs,target,GT-doc,9,19,RQ6-comb,starve_l0_10:rename_target,n,4,combined,mutation/combined.json,oss
eshop,cs,target,GT-doc,9,19,RQ6-comb,starve_l0_10:rename_target,n,4,combined-prefix,mutation/combined-prefix.json,oss
eshop,cs,target,GT-doc,9,19,RQ6-comb,starve_l0_10:rename_target,silent,0,combined,mutation/combined.json,oss
eshop,cs,target,GT-doc,9,19,RQ6-comb,starve_l0_10:rename_target,silent,0,combined-prefix,mutation/combined-prefix.json,oss
eshop,cs,target,GT-doc,9,19,RQ6-comb,starve_l0_30,advisory,9,combined,mutation/combined.json,oss
eshop,cs,target,GT-doc,9,19,RQ6-comb,starve_l0_30,advisory,9,combined-prefix,mutation/combined-prefix.json,oss
eshop,cs,target,GT-doc,9,19,RQ6-comb,starve_l0_30,advisory_runs,24,combined,mutation/combined.json,oss
eshop,cs,target,GT-doc,9,19,RQ6-comb,starve_l0_30,advisory_runs,24,combined-prefix,mutation/combined-prefix.json,oss
eshop,cs,target,GT-doc,9,19,RQ6-comb,starve_l0_30,drift,56,combined,mutation/combined.json,oss
eshop,cs,target,GT-doc,9,19,RQ6-comb,starve_l0_30,drift,56,combined-prefix,mutation/combined-prefix.json,oss
eshop,cs,target,GT-doc,9,19,RQ6-comb,starve_l0_30,findings,73,combined,mutation/combined.json,oss
eshop,cs,target,GT-doc,9,19,RQ6-comb,starve_l0_30,findings,73,combined-prefix,mutation/combined-prefix.json,oss
eshop,cs,target,GT-doc,9,19,RQ6-comb,starve_l0_30,fp,0,combined,mutation/combined.json,oss
eshop,cs,target,GT-doc,9,19,RQ6-comb,starve_l0_30,fp,0,combined-prefix,mutation/combined-prefix.json,oss
eshop,cs,target,GT-doc,9,19,RQ6-comb,starve_l0_30,gap,8,combined,mutation/combined.json,oss
eshop,cs,target,GT-doc,9,19,RQ6-comb,starve_l0_30,gap,8,combined-prefix,mutation/combined-prefix.json,oss
eshop,cs,target,GT-doc,9,19,RQ6-comb,starve_l0_30,mutations_silent,0,combined,mutation/combined.json,oss
eshop,cs,target,GT-doc,9,19,RQ6-comb,starve_l0_30,mutations_silent,0,combined-prefix,mutation/combined-prefix.json,oss
eshop,cs,target,GT-doc,9,19,RQ6-comb,starve_l0_30,n,24,combined,mutation/combined.json,oss
eshop,cs,target,GT-doc,9,19,RQ6-comb,starve_l0_30,n,24,combined-prefix,mutation/combined-prefix.json,oss
eshop,cs,target,GT-doc,9,19,RQ6-comb,starve_l0_30,silent,0,combined,mutation/combined.json,oss
eshop,cs,target,GT-doc,9,19,RQ6-comb,starve_l0_30,silent,0,combined-prefix,mutation/combined-prefix.json,oss
eshop,cs,target,GT-doc,9,19,RQ6-comb,starve_l0_30:add_forbidden_dep,advisory,4,combined,mutation/combined.json,oss
eshop,cs,target,GT-doc,9,19,RQ6-comb,starve_l0_30:add_forbidden_dep,advisory,4,combined-prefix,mutation/combined-prefix.json,oss
eshop,cs,target,GT-doc,9,19,RQ6-comb,starve_l0_30:add_forbidden_dep,advisory_runs,4,combined,mutation/combined.json,oss
eshop,cs,target,GT-doc,9,19,RQ6-comb,starve_l0_30:add_forbidden_dep,advisory_runs,4,combined-prefix,mutation/combined-prefix.json,oss
eshop,cs,target,GT-doc,9,19,RQ6-comb,starve_l0_30:add_forbidden_dep,drift,4,combined,mutation/combined.json,oss
eshop,cs,target,GT-doc,9,19,RQ6-comb,starve_l0_30:add_forbidden_dep,drift,4,combined-prefix,mutation/combined-prefix.json,oss
eshop,cs,target,GT-doc,9,19,RQ6-comb,starve_l0_30:add_forbidden_dep,findings,8,combined,mutation/combined.json,oss
eshop,cs,target,GT-doc,9,19,RQ6-comb,starve_l0_30:add_forbidden_dep,findings,8,combined-prefix,mutation/combined-prefix.json,oss
eshop,cs,target,GT-doc,9,19,RQ6-comb,starve_l0_30:add_forbidden_dep,fp,0,combined,mutation/combined.json,oss
eshop,cs,target,GT-doc,9,19,RQ6-comb,starve_l0_30:add_forbidden_dep,fp,0,combined-prefix,mutation/combined-prefix.json,oss
eshop,cs,target,GT-doc,9,19,RQ6-comb,starve_l0_30:add_forbidden_dep,gap,0,combined,mutation/combined.json,oss
eshop,cs,target,GT-doc,9,19,RQ6-comb,starve_l0_30:add_forbidden_dep,gap,0,combined-prefix,mutation/combined-prefix.json,oss
eshop,cs,target,GT-doc,9,19,RQ6-comb,starve_l0_30:add_forbidden_dep,mutations_silent,0,combined,mutation/combined.json,oss
eshop,cs,target,GT-doc,9,19,RQ6-comb,starve_l0_30:add_forbidden_dep,mutations_silent,0,combined-prefix,mutation/combined-prefix.json,oss
eshop,cs,target,GT-doc,9,19,RQ6-comb,starve_l0_30:add_forbidden_dep,n,4,combined,mutation/combined.json,oss
eshop,cs,target,GT-doc,9,19,RQ6-comb,starve_l0_30:add_forbidden_dep,n,4,combined-prefix,mutation/combined-prefix.json,oss
eshop,cs,target,GT-doc,9,19,RQ6-comb,starve_l0_30:add_forbidden_dep,silent,0,combined,mutation/combined.json,oss
eshop,cs,target,GT-doc,9,19,RQ6-comb,starve_l0_30:add_forbidden_dep,silent,0,combined-prefix,mutation/combined-prefix.json,oss
eshop,cs,target,GT-doc,9,19,RQ6-comb,starve_l0_30:add_target,advisory,0,combined,mutation/combined.json,oss
eshop,cs,target,GT-doc,9,19,RQ6-comb,starve_l0_30:add_target,advisory,0,combined-prefix,mutation/combined-prefix.json,oss
eshop,cs,target,GT-doc,9,19,RQ6-comb,starve_l0_30:add_target,advisory_runs,4,combined,mutation/combined.json,oss
eshop,cs,target,GT-doc,9,19,RQ6-comb,starve_l0_30:add_target,advisory_runs,4,combined-prefix,mutation/combined-prefix.json,oss
eshop,cs,target,GT-doc,9,19,RQ6-comb,starve_l0_30:add_target,drift,4,combined,mutation/combined.json,oss
eshop,cs,target,GT-doc,9,19,RQ6-comb,starve_l0_30:add_target,drift,4,combined-prefix,mutation/combined-prefix.json,oss
eshop,cs,target,GT-doc,9,19,RQ6-comb,starve_l0_30:add_target,findings,4,combined,mutation/combined.json,oss
eshop,cs,target,GT-doc,9,19,RQ6-comb,starve_l0_30:add_target,findings,4,combined-prefix,mutation/combined-prefix.json,oss
eshop,cs,target,GT-doc,9,19,RQ6-comb,starve_l0_30:add_target,fp,0,combined,mutation/combined.json,oss
eshop,cs,target,GT-doc,9,19,RQ6-comb,starve_l0_30:add_target,fp,0,combined-prefix,mutation/combined-prefix.json,oss
eshop,cs,target,GT-doc,9,19,RQ6-comb,starve_l0_30:add_target,gap,0,combined,mutation/combined.json,oss
eshop,cs,target,GT-doc,9,19,RQ6-comb,starve_l0_30:add_target,gap,0,combined-prefix,mutation/combined-prefix.json,oss
eshop,cs,target,GT-doc,9,19,RQ6-comb,starve_l0_30:add_target,mutations_silent,0,combined,mutation/combined.json,oss
eshop,cs,target,GT-doc,9,19,RQ6-comb,starve_l0_30:add_target,mutations_silent,0,combined-prefix,mutation/combined-prefix.json,oss
eshop,cs,target,GT-doc,9,19,RQ6-comb,starve_l0_30:add_target,n,4,combined,mutation/combined.json,oss
eshop,cs,target,GT-doc,9,19,RQ6-comb,starve_l0_30:add_target,n,4,combined-prefix,mutation/combined-prefix.json,oss
eshop,cs,target,GT-doc,9,19,RQ6-comb,starve_l0_30:add_target,silent,0,combined,mutation/combined.json,oss
eshop,cs,target,GT-doc,9,19,RQ6-comb,starve_l0_30:add_target,silent,0,combined-prefix,mutation/combined-prefix.json,oss
eshop,cs,target,GT-doc,9,19,RQ6-comb,starve_l0_30:merge_targets,advisory,1,combined,mutation/combined.json,oss
eshop,cs,target,GT-doc,9,19,RQ6-comb,starve_l0_30:merge_targets,advisory,1,combined-prefix,mutation/combined-prefix.json,oss
eshop,cs,target,GT-doc,9,19,RQ6-comb,starve_l0_30:merge_targets,advisory_runs,4,combined,mutation/combined.json,oss
eshop,cs,target,GT-doc,9,19,RQ6-comb,starve_l0_30:merge_targets,advisory_runs,4,combined-prefix,mutation/combined-prefix.json,oss
eshop,cs,target,GT-doc,9,19,RQ6-comb,starve_l0_30:merge_targets,drift,14,combined,mutation/combined.json,oss
eshop,cs,target,GT-doc,9,19,RQ6-comb,starve_l0_30:merge_targets,drift,14,combined-prefix,mutation/combined-prefix.json,oss
eshop,cs,target,GT-doc,9,19,RQ6-comb,starve_l0_30:merge_targets,findings,17,combined,mutation/combined.json,oss
eshop,cs,target,GT-doc,9,19,RQ6-comb,starve_l0_30:merge_targets,findings,17,combined-prefix,mutation/combined-prefix.json,oss
eshop,cs,target,GT-doc,9,19,RQ6-comb,starve_l0_30:merge_targets,fp,0,combined,mutation/combined.json,oss
eshop,cs,target,GT-doc,9,19,RQ6-comb,starve_l0_30:merge_targets,fp,0,combined-prefix,mutation/combined-prefix.json,oss
eshop,cs,target,GT-doc,9,19,RQ6-comb,starve_l0_30:merge_targets,gap,2,combined,mutation/combined.json,oss
eshop,cs,target,GT-doc,9,19,RQ6-comb,starve_l0_30:merge_targets,gap,2,combined-prefix,mutation/combined-prefix.json,oss
eshop,cs,target,GT-doc,9,19,RQ6-comb,starve_l0_30:merge_targets,mutations_silent,0,combined,mutation/combined.json,oss
eshop,cs,target,GT-doc,9,19,RQ6-comb,starve_l0_30:merge_targets,mutations_silent,0,combined-prefix,mutation/combined-prefix.json,oss
eshop,cs,target,GT-doc,9,19,RQ6-comb,starve_l0_30:merge_targets,n,4,combined,mutation/combined.json,oss
eshop,cs,target,GT-doc,9,19,RQ6-comb,starve_l0_30:merge_targets,n,4,combined-prefix,mutation/combined-prefix.json,oss
eshop,cs,target,GT-doc,9,19,RQ6-comb,starve_l0_30:merge_targets,silent,0,combined,mutation/combined.json,oss
eshop,cs,target,GT-doc,9,19,RQ6-comb,starve_l0_30:merge_targets,silent,0,combined-prefix,mutation/combined-prefix.json,oss
eshop,cs,target,GT-doc,9,19,RQ6-comb,starve_l0_30:remove_dep,advisory,0,combined,mutation/combined.json,oss
eshop,cs,target,GT-doc,9,19,RQ6-comb,starve_l0_30:remove_dep,advisory,0,combined-prefix,mutation/combined-prefix.json,oss
eshop,cs,target,GT-doc,9,19,RQ6-comb,starve_l0_30:remove_dep,advisory_runs,4,combined,mutation/combined.json,oss
eshop,cs,target,GT-doc,9,19,RQ6-comb,starve_l0_30:remove_dep,advisory_runs,4,combined-prefix,mutation/combined-prefix.json,oss
eshop,cs,target,GT-doc,9,19,RQ6-comb,starve_l0_30:remove_dep,drift,1,combined,mutation/combined.json,oss
eshop,cs,target,GT-doc,9,19,RQ6-comb,starve_l0_30:remove_dep,drift,1,combined-prefix,mutation/combined-prefix.json,oss
eshop,cs,target,GT-doc,9,19,RQ6-comb,starve_l0_30:remove_dep,findings,4,combined,mutation/combined.json,oss
eshop,cs,target,GT-doc,9,19,RQ6-comb,starve_l0_30:remove_dep,findings,4,combined-prefix,mutation/combined-prefix.json,oss
eshop,cs,target,GT-doc,9,19,RQ6-comb,starve_l0_30:remove_dep,fp,0,combined,mutation/combined.json,oss
eshop,cs,target,GT-doc,9,19,RQ6-comb,starve_l0_30:remove_dep,fp,0,combined-prefix,mutation/combined-prefix.json,oss
eshop,cs,target,GT-doc,9,19,RQ6-comb,starve_l0_30:remove_dep,gap,3,combined,mutation/combined.json,oss
eshop,cs,target,GT-doc,9,19,RQ6-comb,starve_l0_30:remove_dep,gap,3,combined-prefix,mutation/combined-prefix.json,oss
eshop,cs,target,GT-doc,9,19,RQ6-comb,starve_l0_30:remove_dep,mutations_silent,0,combined,mutation/combined.json,oss
eshop,cs,target,GT-doc,9,19,RQ6-comb,starve_l0_30:remove_dep,mutations_silent,0,combined-prefix,mutation/combined-prefix.json,oss
eshop,cs,target,GT-doc,9,19,RQ6-comb,starve_l0_30:remove_dep,n,4,combined,mutation/combined.json,oss
eshop,cs,target,GT-doc,9,19,RQ6-comb,starve_l0_30:remove_dep,n,4,combined-prefix,mutation/combined-prefix.json,oss
eshop,cs,target,GT-doc,9,19,RQ6-comb,starve_l0_30:remove_dep,silent,0,combined,mutation/combined.json,oss
eshop,cs,target,GT-doc,9,19,RQ6-comb,starve_l0_30:remove_dep,silent,0,combined-prefix,mutation/combined-prefix.json,oss
eshop,cs,target,GT-doc,9,19,RQ6-comb,starve_l0_30:remove_target,advisory,0,combined,mutation/combined.json,oss
eshop,cs,target,GT-doc,9,19,RQ6-comb,starve_l0_30:remove_target,advisory,0,combined-prefix,mutation/combined-prefix.json,oss
eshop,cs,target,GT-doc,9,19,RQ6-comb,starve_l0_30:remove_target,advisory_runs,4,combined,mutation/combined.json,oss
eshop,cs,target,GT-doc,9,19,RQ6-comb,starve_l0_30:remove_target,advisory_runs,4,combined-prefix,mutation/combined-prefix.json,oss
eshop,cs,target,GT-doc,9,19,RQ6-comb,starve_l0_30:remove_target,drift,10,combined,mutation/combined.json,oss
eshop,cs,target,GT-doc,9,19,RQ6-comb,starve_l0_30:remove_target,drift,10,combined-prefix,mutation/combined-prefix.json,oss
eshop,cs,target,GT-doc,9,19,RQ6-comb,starve_l0_30:remove_target,findings,12,combined,mutation/combined.json,oss
eshop,cs,target,GT-doc,9,19,RQ6-comb,starve_l0_30:remove_target,findings,12,combined-prefix,mutation/combined-prefix.json,oss
eshop,cs,target,GT-doc,9,19,RQ6-comb,starve_l0_30:remove_target,fp,0,combined,mutation/combined.json,oss
eshop,cs,target,GT-doc,9,19,RQ6-comb,starve_l0_30:remove_target,fp,0,combined-prefix,mutation/combined-prefix.json,oss
eshop,cs,target,GT-doc,9,19,RQ6-comb,starve_l0_30:remove_target,gap,2,combined,mutation/combined.json,oss
eshop,cs,target,GT-doc,9,19,RQ6-comb,starve_l0_30:remove_target,gap,2,combined-prefix,mutation/combined-prefix.json,oss
eshop,cs,target,GT-doc,9,19,RQ6-comb,starve_l0_30:remove_target,mutations_silent,0,combined,mutation/combined.json,oss
eshop,cs,target,GT-doc,9,19,RQ6-comb,starve_l0_30:remove_target,mutations_silent,0,combined-prefix,mutation/combined-prefix.json,oss
eshop,cs,target,GT-doc,9,19,RQ6-comb,starve_l0_30:remove_target,n,4,combined,mutation/combined.json,oss
eshop,cs,target,GT-doc,9,19,RQ6-comb,starve_l0_30:remove_target,n,4,combined-prefix,mutation/combined-prefix.json,oss
eshop,cs,target,GT-doc,9,19,RQ6-comb,starve_l0_30:remove_target,silent,0,combined,mutation/combined.json,oss
eshop,cs,target,GT-doc,9,19,RQ6-comb,starve_l0_30:remove_target,silent,0,combined-prefix,mutation/combined-prefix.json,oss
eshop,cs,target,GT-doc,9,19,RQ6-comb,starve_l0_30:rename_target,advisory,4,combined,mutation/combined.json,oss
eshop,cs,target,GT-doc,9,19,RQ6-comb,starve_l0_30:rename_target,advisory,4,combined-prefix,mutation/combined-prefix.json,oss
eshop,cs,target,GT-doc,9,19,RQ6-comb,starve_l0_30:rename_target,advisory_runs,4,combined,mutation/combined.json,oss
eshop,cs,target,GT-doc,9,19,RQ6-comb,starve_l0_30:rename_target,advisory_runs,4,combined-prefix,mutation/combined-prefix.json,oss
eshop,cs,target,GT-doc,9,19,RQ6-comb,starve_l0_30:rename_target,drift,23,combined,mutation/combined.json,oss
eshop,cs,target,GT-doc,9,19,RQ6-comb,starve_l0_30:rename_target,drift,23,combined-prefix,mutation/combined-prefix.json,oss
eshop,cs,target,GT-doc,9,19,RQ6-comb,starve_l0_30:rename_target,findings,28,combined,mutation/combined.json,oss
eshop,cs,target,GT-doc,9,19,RQ6-comb,starve_l0_30:rename_target,findings,28,combined-prefix,mutation/combined-prefix.json,oss
eshop,cs,target,GT-doc,9,19,RQ6-comb,starve_l0_30:rename_target,fp,0,combined,mutation/combined.json,oss
eshop,cs,target,GT-doc,9,19,RQ6-comb,starve_l0_30:rename_target,fp,0,combined-prefix,mutation/combined-prefix.json,oss
eshop,cs,target,GT-doc,9,19,RQ6-comb,starve_l0_30:rename_target,gap,1,combined,mutation/combined.json,oss
eshop,cs,target,GT-doc,9,19,RQ6-comb,starve_l0_30:rename_target,gap,1,combined-prefix,mutation/combined-prefix.json,oss
eshop,cs,target,GT-doc,9,19,RQ6-comb,starve_l0_30:rename_target,mutations_silent,0,combined,mutation/combined.json,oss
eshop,cs,target,GT-doc,9,19,RQ6-comb,starve_l0_30:rename_target,mutations_silent,0,combined-prefix,mutation/combined-prefix.json,oss
eshop,cs,target,GT-doc,9,19,RQ6-comb,starve_l0_30:rename_target,n,4,combined,mutation/combined.json,oss
eshop,cs,target,GT-doc,9,19,RQ6-comb,starve_l0_30:rename_target,n,4,combined-prefix,mutation/combined-prefix.json,oss
eshop,cs,target,GT-doc,9,19,RQ6-comb,starve_l0_30:rename_target,silent,0,combined,mutation/combined.json,oss
eshop,cs,target,GT-doc,9,19,RQ6-comb,starve_l0_30:rename_target,silent,0,combined-prefix,mutation/combined-prefix.json,oss
eshop,cs,target,GT-doc,9,19,RQ6-comb,starve_mutated,advisory,20,combined,mutation/combined.json,oss
eshop,cs,target,GT-doc,9,19,RQ6-comb,starve_mutated,advisory,20,combined-prefix,mutation/combined-prefix.json,oss
eshop,cs,target,GT-doc,9,19,RQ6-comb,starve_mutated,advisory_runs,24,combined,mutation/combined.json,oss
eshop,cs,target,GT-doc,9,19,RQ6-comb,starve_mutated,advisory_runs,24,combined-prefix,mutation/combined-prefix.json,oss
eshop,cs,target,GT-doc,9,19,RQ6-comb,starve_mutated,drift,24,combined,mutation/combined.json,oss
eshop,cs,target,GT-doc,9,19,RQ6-comb,starve_mutated,drift,24,combined-prefix,mutation/combined-prefix.json,oss
eshop,cs,target,GT-doc,9,19,RQ6-comb,starve_mutated,findings,73,combined,mutation/combined.json,oss
eshop,cs,target,GT-doc,9,19,RQ6-comb,starve_mutated,findings,73,combined-prefix,mutation/combined-prefix.json,oss
eshop,cs,target,GT-doc,9,19,RQ6-comb,starve_mutated,fp,0,combined,mutation/combined.json,oss
eshop,cs,target,GT-doc,9,19,RQ6-comb,starve_mutated,fp,0,combined-prefix,mutation/combined-prefix.json,oss
eshop,cs,target,GT-doc,9,19,RQ6-comb,starve_mutated,gap,29,combined,mutation/combined.json,oss
eshop,cs,target,GT-doc,9,19,RQ6-comb,starve_mutated,gap,29,combined-prefix,mutation/combined-prefix.json,oss
eshop,cs,target,GT-doc,9,19,RQ6-comb,starve_mutated,mutations_silent,0,combined,mutation/combined.json,oss
eshop,cs,target,GT-doc,9,19,RQ6-comb,starve_mutated,mutations_silent,0,combined-prefix,mutation/combined-prefix.json,oss
eshop,cs,target,GT-doc,9,19,RQ6-comb,starve_mutated,n,24,combined,mutation/combined.json,oss
eshop,cs,target,GT-doc,9,19,RQ6-comb,starve_mutated,n,24,combined-prefix,mutation/combined-prefix.json,oss
eshop,cs,target,GT-doc,9,19,RQ6-comb,starve_mutated,silent,0,combined,mutation/combined.json,oss
eshop,cs,target,GT-doc,9,19,RQ6-comb,starve_mutated,silent,0,combined-prefix,mutation/combined-prefix.json,oss
eshop,cs,target,GT-doc,9,19,RQ6-comb,starve_mutated:add_forbidden_dep,advisory,8,combined,mutation/combined.json,oss
eshop,cs,target,GT-doc,9,19,RQ6-comb,starve_mutated:add_forbidden_dep,advisory,8,combined-prefix,mutation/combined-prefix.json,oss
eshop,cs,target,GT-doc,9,19,RQ6-comb,starve_mutated:add_forbidden_dep,advisory_runs,4,combined,mutation/combined.json,oss
eshop,cs,target,GT-doc,9,19,RQ6-comb,starve_mutated:add_forbidden_dep,advisory_runs,4,combined-prefix,mutation/combined-prefix.json,oss
eshop,cs,target,GT-doc,9,19,RQ6-comb,starve_mutated:add_forbidden_dep,drift,0,combined,mutation/combined.json,oss
eshop,cs,target,GT-doc,9,19,RQ6-comb,starve_mutated:add_forbidden_dep,drift,0,combined-prefix,mutation/combined-prefix.json,oss
eshop,cs,target,GT-doc,9,19,RQ6-comb,starve_mutated:add_forbidden_dep,findings,8,combined,mutation/combined.json,oss
eshop,cs,target,GT-doc,9,19,RQ6-comb,starve_mutated:add_forbidden_dep,findings,8,combined-prefix,mutation/combined-prefix.json,oss
eshop,cs,target,GT-doc,9,19,RQ6-comb,starve_mutated:add_forbidden_dep,fp,0,combined,mutation/combined.json,oss
eshop,cs,target,GT-doc,9,19,RQ6-comb,starve_mutated:add_forbidden_dep,fp,0,combined-prefix,mutation/combined-prefix.json,oss
eshop,cs,target,GT-doc,9,19,RQ6-comb,starve_mutated:add_forbidden_dep,gap,0,combined,mutation/combined.json,oss
eshop,cs,target,GT-doc,9,19,RQ6-comb,starve_mutated:add_forbidden_dep,gap,0,combined-prefix,mutation/combined-prefix.json,oss
eshop,cs,target,GT-doc,9,19,RQ6-comb,starve_mutated:add_forbidden_dep,mutations_silent,0,combined,mutation/combined.json,oss
eshop,cs,target,GT-doc,9,19,RQ6-comb,starve_mutated:add_forbidden_dep,mutations_silent,0,combined-prefix,mutation/combined-prefix.json,oss
eshop,cs,target,GT-doc,9,19,RQ6-comb,starve_mutated:add_forbidden_dep,n,4,combined,mutation/combined.json,oss
eshop,cs,target,GT-doc,9,19,RQ6-comb,starve_mutated:add_forbidden_dep,n,4,combined-prefix,mutation/combined-prefix.json,oss
eshop,cs,target,GT-doc,9,19,RQ6-comb,starve_mutated:add_forbidden_dep,silent,0,combined,mutation/combined.json,oss
eshop,cs,target,GT-doc,9,19,RQ6-comb,starve_mutated:add_forbidden_dep,silent,0,combined-prefix,mutation/combined-prefix.json,oss
eshop,cs,target,GT-doc,9,19,RQ6-comb,starve_mutated:add_target,advisory,0,combined,mutation/combined.json,oss
eshop,cs,target,GT-doc,9,19,RQ6-comb,starve_mutated:add_target,advisory,0,combined-prefix,mutation/combined-prefix.json,oss
eshop,cs,target,GT-doc,9,19,RQ6-comb,starve_mutated:add_target,advisory_runs,4,combined,mutation/combined.json,oss
eshop,cs,target,GT-doc,9,19,RQ6-comb,starve_mutated:add_target,advisory_runs,4,combined-prefix,mutation/combined-prefix.json,oss
eshop,cs,target,GT-doc,9,19,RQ6-comb,starve_mutated:add_target,drift,4,combined,mutation/combined.json,oss
eshop,cs,target,GT-doc,9,19,RQ6-comb,starve_mutated:add_target,drift,4,combined-prefix,mutation/combined-prefix.json,oss
eshop,cs,target,GT-doc,9,19,RQ6-comb,starve_mutated:add_target,findings,4,combined,mutation/combined.json,oss
eshop,cs,target,GT-doc,9,19,RQ6-comb,starve_mutated:add_target,findings,4,combined-prefix,mutation/combined-prefix.json,oss
eshop,cs,target,GT-doc,9,19,RQ6-comb,starve_mutated:add_target,fp,0,combined,mutation/combined.json,oss
eshop,cs,target,GT-doc,9,19,RQ6-comb,starve_mutated:add_target,fp,0,combined-prefix,mutation/combined-prefix.json,oss
eshop,cs,target,GT-doc,9,19,RQ6-comb,starve_mutated:add_target,gap,0,combined,mutation/combined.json,oss
eshop,cs,target,GT-doc,9,19,RQ6-comb,starve_mutated:add_target,gap,0,combined-prefix,mutation/combined-prefix.json,oss
eshop,cs,target,GT-doc,9,19,RQ6-comb,starve_mutated:add_target,mutations_silent,0,combined,mutation/combined.json,oss
eshop,cs,target,GT-doc,9,19,RQ6-comb,starve_mutated:add_target,mutations_silent,0,combined-prefix,mutation/combined-prefix.json,oss
eshop,cs,target,GT-doc,9,19,RQ6-comb,starve_mutated:add_target,n,4,combined,mutation/combined.json,oss
eshop,cs,target,GT-doc,9,19,RQ6-comb,starve_mutated:add_target,n,4,combined-prefix,mutation/combined-prefix.json,oss
eshop,cs,target,GT-doc,9,19,RQ6-comb,starve_mutated:add_target,silent,0,combined,mutation/combined.json,oss
eshop,cs,target,GT-doc,9,19,RQ6-comb,starve_mutated:add_target,silent,0,combined-prefix,mutation/combined-prefix.json,oss
eshop,cs,target,GT-doc,9,19,RQ6-comb,starve_mutated:merge_targets,advisory,4,combined,mutation/combined.json,oss
eshop,cs,target,GT-doc,9,19,RQ6-comb,starve_mutated:merge_targets,advisory,4,combined-prefix,mutation/combined-prefix.json,oss
eshop,cs,target,GT-doc,9,19,RQ6-comb,starve_mutated:merge_targets,advisory_runs,4,combined,mutation/combined.json,oss
eshop,cs,target,GT-doc,9,19,RQ6-comb,starve_mutated:merge_targets,advisory_runs,4,combined-prefix,mutation/combined-prefix.json,oss
eshop,cs,target,GT-doc,9,19,RQ6-comb,starve_mutated:merge_targets,drift,4,combined,mutation/combined.json,oss
eshop,cs,target,GT-doc,9,19,RQ6-comb,starve_mutated:merge_targets,drift,4,combined-prefix,mutation/combined-prefix.json,oss
eshop,cs,target,GT-doc,9,19,RQ6-comb,starve_mutated:merge_targets,findings,17,combined,mutation/combined.json,oss
eshop,cs,target,GT-doc,9,19,RQ6-comb,starve_mutated:merge_targets,findings,17,combined-prefix,mutation/combined-prefix.json,oss
eshop,cs,target,GT-doc,9,19,RQ6-comb,starve_mutated:merge_targets,fp,0,combined,mutation/combined.json,oss
eshop,cs,target,GT-doc,9,19,RQ6-comb,starve_mutated:merge_targets,fp,0,combined-prefix,mutation/combined-prefix.json,oss
eshop,cs,target,GT-doc,9,19,RQ6-comb,starve_mutated:merge_targets,gap,9,combined,mutation/combined.json,oss
eshop,cs,target,GT-doc,9,19,RQ6-comb,starve_mutated:merge_targets,gap,9,combined-prefix,mutation/combined-prefix.json,oss
eshop,cs,target,GT-doc,9,19,RQ6-comb,starve_mutated:merge_targets,mutations_silent,0,combined,mutation/combined.json,oss
eshop,cs,target,GT-doc,9,19,RQ6-comb,starve_mutated:merge_targets,mutations_silent,0,combined-prefix,mutation/combined-prefix.json,oss
eshop,cs,target,GT-doc,9,19,RQ6-comb,starve_mutated:merge_targets,n,4,combined,mutation/combined.json,oss
eshop,cs,target,GT-doc,9,19,RQ6-comb,starve_mutated:merge_targets,n,4,combined-prefix,mutation/combined-prefix.json,oss
eshop,cs,target,GT-doc,9,19,RQ6-comb,starve_mutated:merge_targets,silent,0,combined,mutation/combined.json,oss
eshop,cs,target,GT-doc,9,19,RQ6-comb,starve_mutated:merge_targets,silent,0,combined-prefix,mutation/combined-prefix.json,oss
eshop,cs,target,GT-doc,9,19,RQ6-comb,starve_mutated:remove_dep,advisory,0,combined,mutation/combined.json,oss
eshop,cs,target,GT-doc,9,19,RQ6-comb,starve_mutated:remove_dep,advisory,0,combined-prefix,mutation/combined-prefix.json,oss
eshop,cs,target,GT-doc,9,19,RQ6-comb,starve_mutated:remove_dep,advisory_runs,4,combined,mutation/combined.json,oss
eshop,cs,target,GT-doc,9,19,RQ6-comb,starve_mutated:remove_dep,advisory_runs,4,combined-prefix,mutation/combined-prefix.json,oss
eshop,cs,target,GT-doc,9,19,RQ6-comb,starve_mutated:remove_dep,drift,0,combined,mutation/combined.json,oss
eshop,cs,target,GT-doc,9,19,RQ6-comb,starve_mutated:remove_dep,drift,0,combined-prefix,mutation/combined-prefix.json,oss
eshop,cs,target,GT-doc,9,19,RQ6-comb,starve_mutated:remove_dep,findings,4,combined,mutation/combined.json,oss
eshop,cs,target,GT-doc,9,19,RQ6-comb,starve_mutated:remove_dep,findings,4,combined-prefix,mutation/combined-prefix.json,oss
eshop,cs,target,GT-doc,9,19,RQ6-comb,starve_mutated:remove_dep,fp,0,combined,mutation/combined.json,oss
eshop,cs,target,GT-doc,9,19,RQ6-comb,starve_mutated:remove_dep,fp,0,combined-prefix,mutation/combined-prefix.json,oss
eshop,cs,target,GT-doc,9,19,RQ6-comb,starve_mutated:remove_dep,gap,4,combined,mutation/combined.json,oss
eshop,cs,target,GT-doc,9,19,RQ6-comb,starve_mutated:remove_dep,gap,4,combined-prefix,mutation/combined-prefix.json,oss
eshop,cs,target,GT-doc,9,19,RQ6-comb,starve_mutated:remove_dep,mutations_silent,0,combined,mutation/combined.json,oss
eshop,cs,target,GT-doc,9,19,RQ6-comb,starve_mutated:remove_dep,mutations_silent,0,combined-prefix,mutation/combined-prefix.json,oss
eshop,cs,target,GT-doc,9,19,RQ6-comb,starve_mutated:remove_dep,n,4,combined,mutation/combined.json,oss
eshop,cs,target,GT-doc,9,19,RQ6-comb,starve_mutated:remove_dep,n,4,combined-prefix,mutation/combined-prefix.json,oss
eshop,cs,target,GT-doc,9,19,RQ6-comb,starve_mutated:remove_dep,silent,0,combined,mutation/combined.json,oss
eshop,cs,target,GT-doc,9,19,RQ6-comb,starve_mutated:remove_dep,silent,0,combined-prefix,mutation/combined-prefix.json,oss
eshop,cs,target,GT-doc,9,19,RQ6-comb,starve_mutated:remove_target,advisory,0,combined,mutation/combined.json,oss
eshop,cs,target,GT-doc,9,19,RQ6-comb,starve_mutated:remove_target,advisory,0,combined-prefix,mutation/combined-prefix.json,oss
eshop,cs,target,GT-doc,9,19,RQ6-comb,starve_mutated:remove_target,advisory_runs,4,combined,mutation/combined.json,oss
eshop,cs,target,GT-doc,9,19,RQ6-comb,starve_mutated:remove_target,advisory_runs,4,combined-prefix,mutation/combined-prefix.json,oss
eshop,cs,target,GT-doc,9,19,RQ6-comb,starve_mutated:remove_target,drift,4,combined,mutation/combined.json,oss
eshop,cs,target,GT-doc,9,19,RQ6-comb,starve_mutated:remove_target,drift,4,combined-prefix,mutation/combined-prefix.json,oss
eshop,cs,target,GT-doc,9,19,RQ6-comb,starve_mutated:remove_target,findings,12,combined,mutation/combined.json,oss
eshop,cs,target,GT-doc,9,19,RQ6-comb,starve_mutated:remove_target,findings,12,combined-prefix,mutation/combined-prefix.json,oss
eshop,cs,target,GT-doc,9,19,RQ6-comb,starve_mutated:remove_target,fp,0,combined,mutation/combined.json,oss
eshop,cs,target,GT-doc,9,19,RQ6-comb,starve_mutated:remove_target,fp,0,combined-prefix,mutation/combined-prefix.json,oss
eshop,cs,target,GT-doc,9,19,RQ6-comb,starve_mutated:remove_target,gap,8,combined,mutation/combined.json,oss
eshop,cs,target,GT-doc,9,19,RQ6-comb,starve_mutated:remove_target,gap,8,combined-prefix,mutation/combined-prefix.json,oss
eshop,cs,target,GT-doc,9,19,RQ6-comb,starve_mutated:remove_target,mutations_silent,0,combined,mutation/combined.json,oss
eshop,cs,target,GT-doc,9,19,RQ6-comb,starve_mutated:remove_target,mutations_silent,0,combined-prefix,mutation/combined-prefix.json,oss
eshop,cs,target,GT-doc,9,19,RQ6-comb,starve_mutated:remove_target,n,4,combined,mutation/combined.json,oss
eshop,cs,target,GT-doc,9,19,RQ6-comb,starve_mutated:remove_target,n,4,combined-prefix,mutation/combined-prefix.json,oss
eshop,cs,target,GT-doc,9,19,RQ6-comb,starve_mutated:remove_target,silent,0,combined,mutation/combined.json,oss
eshop,cs,target,GT-doc,9,19,RQ6-comb,starve_mutated:remove_target,silent,0,combined-prefix,mutation/combined-prefix.json,oss
eshop,cs,target,GT-doc,9,19,RQ6-comb,starve_mutated:rename_target,advisory,8,combined,mutation/combined.json,oss
eshop,cs,target,GT-doc,9,19,RQ6-comb,starve_mutated:rename_target,advisory,8,combined-prefix,mutation/combined-prefix.json,oss
eshop,cs,target,GT-doc,9,19,RQ6-comb,starve_mutated:rename_target,advisory_runs,4,combined,mutation/combined.json,oss
eshop,cs,target,GT-doc,9,19,RQ6-comb,starve_mutated:rename_target,advisory_runs,4,combined-prefix,mutation/combined-prefix.json,oss
eshop,cs,target,GT-doc,9,19,RQ6-comb,starve_mutated:rename_target,drift,12,combined,mutation/combined.json,oss
eshop,cs,target,GT-doc,9,19,RQ6-comb,starve_mutated:rename_target,drift,12,combined-prefix,mutation/combined-prefix.json,oss
eshop,cs,target,GT-doc,9,19,RQ6-comb,starve_mutated:rename_target,findings,28,combined,mutation/combined.json,oss
eshop,cs,target,GT-doc,9,19,RQ6-comb,starve_mutated:rename_target,findings,28,combined-prefix,mutation/combined-prefix.json,oss
eshop,cs,target,GT-doc,9,19,RQ6-comb,starve_mutated:rename_target,fp,0,combined,mutation/combined.json,oss
eshop,cs,target,GT-doc,9,19,RQ6-comb,starve_mutated:rename_target,fp,0,combined-prefix,mutation/combined-prefix.json,oss
eshop,cs,target,GT-doc,9,19,RQ6-comb,starve_mutated:rename_target,gap,8,combined,mutation/combined.json,oss
eshop,cs,target,GT-doc,9,19,RQ6-comb,starve_mutated:rename_target,gap,8,combined-prefix,mutation/combined-prefix.json,oss
eshop,cs,target,GT-doc,9,19,RQ6-comb,starve_mutated:rename_target,mutations_silent,0,combined,mutation/combined.json,oss
eshop,cs,target,GT-doc,9,19,RQ6-comb,starve_mutated:rename_target,mutations_silent,0,combined-prefix,mutation/combined-prefix.json,oss
eshop,cs,target,GT-doc,9,19,RQ6-comb,starve_mutated:rename_target,n,4,combined,mutation/combined.json,oss
eshop,cs,target,GT-doc,9,19,RQ6-comb,starve_mutated:rename_target,n,4,combined-prefix,mutation/combined-prefix.json,oss
eshop,cs,target,GT-doc,9,19,RQ6-comb,starve_mutated:rename_target,silent,0,combined,mutation/combined.json,oss
eshop,cs,target,GT-doc,9,19,RQ6-comb,starve_mutated:rename_target,silent,0,combined-prefix,mutation/combined-prefix.json,oss
libxml2,cpp,file,GT-pub,18,82,RQ6-comb,lose_l0,advisory,8,combined,mutation/combined.json,oss
libxml2,cpp,file,GT-pub,18,82,RQ6-comb,lose_l0,advisory,0,combined-prefix,mutation/combined-prefix.json,oss
libxml2,cpp,file,GT-pub,18,82,RQ6-comb,lose_l0,advisory_runs,16,combined,mutation/combined.json,oss
libxml2,cpp,file,GT-pub,18,82,RQ6-comb,lose_l0,advisory_runs,0,combined-prefix,mutation/combined-prefix.json,oss
libxml2,cpp,file,GT-pub,18,82,RQ6-comb,lose_l0,drift,0,combined,mutation/combined.json,oss
libxml2,cpp,file,GT-pub,18,82,RQ6-comb,lose_l0,drift,0,combined-prefix,mutation/combined-prefix.json,oss
libxml2,cpp,file,GT-pub,18,82,RQ6-comb,lose_l0,findings,36,combined,mutation/combined.json,oss
libxml2,cpp,file,GT-pub,18,82,RQ6-comb,lose_l0,findings,36,combined-prefix,mutation/combined-prefix.json,oss
libxml2,cpp,file,GT-pub,18,82,RQ6-comb,lose_l0,fp,0,combined,mutation/combined.json,oss
libxml2,cpp,file,GT-pub,18,82,RQ6-comb,lose_l0,fp,0,combined-prefix,mutation/combined-prefix.json,oss
libxml2,cpp,file,GT-pub,18,82,RQ6-comb,lose_l0,gap,28,combined,mutation/combined.json,oss
libxml2,cpp,file,GT-pub,18,82,RQ6-comb,lose_l0,gap,28,combined-prefix,mutation/combined-prefix.json,oss
libxml2,cpp,file,GT-pub,18,82,RQ6-comb,lose_l0,mutations_silent,0,combined,mutation/combined.json,oss
libxml2,cpp,file,GT-pub,18,82,RQ6-comb,lose_l0,mutations_silent,8,combined-prefix,mutation/combined-prefix.json,oss
libxml2,cpp,file,GT-pub,18,82,RQ6-comb,lose_l0,n,16,combined,mutation/combined.json,oss
libxml2,cpp,file,GT-pub,18,82,RQ6-comb,lose_l0,n,16,combined-prefix,mutation/combined-prefix.json,oss
libxml2,cpp,file,GT-pub,18,82,RQ6-comb,lose_l0,silent,0,combined,mutation/combined.json,oss
libxml2,cpp,file,GT-pub,18,82,RQ6-comb,lose_l0,silent,8,combined-prefix,mutation/combined-prefix.json,oss
libxml2,cpp,file,GT-pub,18,82,RQ6-comb,lose_l0:add_target,advisory,4,combined,mutation/combined.json,oss
libxml2,cpp,file,GT-pub,18,82,RQ6-comb,lose_l0:add_target,advisory,0,combined-prefix,mutation/combined-prefix.json,oss
libxml2,cpp,file,GT-pub,18,82,RQ6-comb,lose_l0:add_target,advisory_runs,4,combined,mutation/combined.json,oss
libxml2,cpp,file,GT-pub,18,82,RQ6-comb,lose_l0:add_target,advisory_runs,0,combined-prefix,mutation/combined-prefix.json,oss
libxml2,cpp,file,GT-pub,18,82,RQ6-comb,lose_l0:add_target,drift,0,combined,mutation/combined.json,oss
libxml2,cpp,file,GT-pub,18,82,RQ6-comb,lose_l0:add_target,drift,0,combined-prefix,mutation/combined-prefix.json,oss
libxml2,cpp,file,GT-pub,18,82,RQ6-comb,lose_l0:add_target,findings,4,combined,mutation/combined.json,oss
libxml2,cpp,file,GT-pub,18,82,RQ6-comb,lose_l0:add_target,findings,4,combined-prefix,mutation/combined-prefix.json,oss
libxml2,cpp,file,GT-pub,18,82,RQ6-comb,lose_l0:add_target,fp,0,combined,mutation/combined.json,oss
libxml2,cpp,file,GT-pub,18,82,RQ6-comb,lose_l0:add_target,fp,0,combined-prefix,mutation/combined-prefix.json,oss
libxml2,cpp,file,GT-pub,18,82,RQ6-comb,lose_l0:add_target,gap,0,combined,mutation/combined.json,oss
libxml2,cpp,file,GT-pub,18,82,RQ6-comb,lose_l0:add_target,gap,0,combined-prefix,mutation/combined-prefix.json,oss
libxml2,cpp,file,GT-pub,18,82,RQ6-comb,lose_l0:add_target,mutations_silent,0,combined,mutation/combined.json,oss
libxml2,cpp,file,GT-pub,18,82,RQ6-comb,lose_l0:add_target,mutations_silent,4,combined-prefix,mutation/combined-prefix.json,oss
libxml2,cpp,file,GT-pub,18,82,RQ6-comb,lose_l0:add_target,n,4,combined,mutation/combined.json,oss
libxml2,cpp,file,GT-pub,18,82,RQ6-comb,lose_l0:add_target,n,4,combined-prefix,mutation/combined-prefix.json,oss
libxml2,cpp,file,GT-pub,18,82,RQ6-comb,lose_l0:add_target,silent,0,combined,mutation/combined.json,oss
libxml2,cpp,file,GT-pub,18,82,RQ6-comb,lose_l0:add_target,silent,4,combined-prefix,mutation/combined-prefix.json,oss
libxml2,cpp,file,GT-pub,18,82,RQ6-comb,lose_l0:remove_dep,advisory,0,combined,mutation/combined.json,oss
libxml2,cpp,file,GT-pub,18,82,RQ6-comb,lose_l0:remove_dep,advisory,0,combined-prefix,mutation/combined-prefix.json,oss
libxml2,cpp,file,GT-pub,18,82,RQ6-comb,lose_l0:remove_dep,advisory_runs,4,combined,mutation/combined.json,oss
libxml2,cpp,file,GT-pub,18,82,RQ6-comb,lose_l0:remove_dep,advisory_runs,0,combined-prefix,mutation/combined-prefix.json,oss
libxml2,cpp,file,GT-pub,18,82,RQ6-comb,lose_l0:remove_dep,drift,0,combined,mutation/combined.json,oss
libxml2,cpp,file,GT-pub,18,82,RQ6-comb,lose_l0:remove_dep,drift,0,combined-prefix,mutation/combined-prefix.json,oss
libxml2,cpp,file,GT-pub,18,82,RQ6-comb,lose_l0:remove_dep,findings,4,combined,mutation/combined.json,oss
libxml2,cpp,file,GT-pub,18,82,RQ6-comb,lose_l0:remove_dep,findings,4,combined-prefix,mutation/combined-prefix.json,oss
libxml2,cpp,file,GT-pub,18,82,RQ6-comb,lose_l0:remove_dep,fp,0,combined,mutation/combined.json,oss
libxml2,cpp,file,GT-pub,18,82,RQ6-comb,lose_l0:remove_dep,fp,0,combined-prefix,mutation/combined-prefix.json,oss
libxml2,cpp,file,GT-pub,18,82,RQ6-comb,lose_l0:remove_dep,gap,4,combined,mutation/combined.json,oss
libxml2,cpp,file,GT-pub,18,82,RQ6-comb,lose_l0:remove_dep,gap,4,combined-prefix,mutation/combined-prefix.json,oss
libxml2,cpp,file,GT-pub,18,82,RQ6-comb,lose_l0:remove_dep,mutations_silent,0,combined,mutation/combined.json,oss
libxml2,cpp,file,GT-pub,18,82,RQ6-comb,lose_l0:remove_dep,mutations_silent,0,combined-prefix,mutation/combined-prefix.json,oss
libxml2,cpp,file,GT-pub,18,82,RQ6-comb,lose_l0:remove_dep,n,4,combined,mutation/combined.json,oss
libxml2,cpp,file,GT-pub,18,82,RQ6-comb,lose_l0:remove_dep,n,4,combined-prefix,mutation/combined-prefix.json,oss
libxml2,cpp,file,GT-pub,18,82,RQ6-comb,lose_l0:remove_dep,silent,0,combined,mutation/combined.json,oss
libxml2,cpp,file,GT-pub,18,82,RQ6-comb,lose_l0:remove_dep,silent,0,combined-prefix,mutation/combined-prefix.json,oss
libxml2,cpp,file,GT-pub,18,82,RQ6-comb,lose_l0:remove_target,advisory,0,combined,mutation/combined.json,oss
libxml2,cpp,file,GT-pub,18,82,RQ6-comb,lose_l0:remove_target,advisory,0,combined-prefix,mutation/combined-prefix.json,oss
libxml2,cpp,file,GT-pub,18,82,RQ6-comb,lose_l0:remove_target,advisory_runs,4,combined,mutation/combined.json,oss
libxml2,cpp,file,GT-pub,18,82,RQ6-comb,lose_l0:remove_target,advisory_runs,0,combined-prefix,mutation/combined-prefix.json,oss
libxml2,cpp,file,GT-pub,18,82,RQ6-comb,lose_l0:remove_target,drift,0,combined,mutation/combined.json,oss
libxml2,cpp,file,GT-pub,18,82,RQ6-comb,lose_l0:remove_target,drift,0,combined-prefix,mutation/combined-prefix.json,oss
libxml2,cpp,file,GT-pub,18,82,RQ6-comb,lose_l0:remove_target,findings,8,combined,mutation/combined.json,oss
libxml2,cpp,file,GT-pub,18,82,RQ6-comb,lose_l0:remove_target,findings,8,combined-prefix,mutation/combined-prefix.json,oss
libxml2,cpp,file,GT-pub,18,82,RQ6-comb,lose_l0:remove_target,fp,0,combined,mutation/combined.json,oss
libxml2,cpp,file,GT-pub,18,82,RQ6-comb,lose_l0:remove_target,fp,0,combined-prefix,mutation/combined-prefix.json,oss
libxml2,cpp,file,GT-pub,18,82,RQ6-comb,lose_l0:remove_target,gap,8,combined,mutation/combined.json,oss
libxml2,cpp,file,GT-pub,18,82,RQ6-comb,lose_l0:remove_target,gap,8,combined-prefix,mutation/combined-prefix.json,oss
libxml2,cpp,file,GT-pub,18,82,RQ6-comb,lose_l0:remove_target,mutations_silent,0,combined,mutation/combined.json,oss
libxml2,cpp,file,GT-pub,18,82,RQ6-comb,lose_l0:remove_target,mutations_silent,0,combined-prefix,mutation/combined-prefix.json,oss
libxml2,cpp,file,GT-pub,18,82,RQ6-comb,lose_l0:remove_target,n,4,combined,mutation/combined.json,oss
libxml2,cpp,file,GT-pub,18,82,RQ6-comb,lose_l0:remove_target,n,4,combined-prefix,mutation/combined-prefix.json,oss
libxml2,cpp,file,GT-pub,18,82,RQ6-comb,lose_l0:remove_target,silent,0,combined,mutation/combined.json,oss
libxml2,cpp,file,GT-pub,18,82,RQ6-comb,lose_l0:remove_target,silent,0,combined-prefix,mutation/combined-prefix.json,oss
libxml2,cpp,file,GT-pub,18,82,RQ6-comb,lose_l0:rename_target,advisory,4,combined,mutation/combined.json,oss
libxml2,cpp,file,GT-pub,18,82,RQ6-comb,lose_l0:rename_target,advisory,0,combined-prefix,mutation/combined-prefix.json,oss
libxml2,cpp,file,GT-pub,18,82,RQ6-comb,lose_l0:rename_target,advisory_runs,4,combined,mutation/combined.json,oss
libxml2,cpp,file,GT-pub,18,82,RQ6-comb,lose_l0:rename_target,advisory_runs,0,combined-prefix,mutation/combined-prefix.json,oss
libxml2,cpp,file,GT-pub,18,82,RQ6-comb,lose_l0:rename_target,drift,0,combined,mutation/combined.json,oss
libxml2,cpp,file,GT-pub,18,82,RQ6-comb,lose_l0:rename_target,drift,0,combined-prefix,mutation/combined-prefix.json,oss
libxml2,cpp,file,GT-pub,18,82,RQ6-comb,lose_l0:rename_target,findings,20,combined,mutation/combined.json,oss
libxml2,cpp,file,GT-pub,18,82,RQ6-comb,lose_l0:rename_target,findings,20,combined-prefix,mutation/combined-prefix.json,oss
libxml2,cpp,file,GT-pub,18,82,RQ6-comb,lose_l0:rename_target,fp,0,combined,mutation/combined.json,oss
libxml2,cpp,file,GT-pub,18,82,RQ6-comb,lose_l0:rename_target,fp,0,combined-prefix,mutation/combined-prefix.json,oss
libxml2,cpp,file,GT-pub,18,82,RQ6-comb,lose_l0:rename_target,gap,16,combined,mutation/combined.json,oss
libxml2,cpp,file,GT-pub,18,82,RQ6-comb,lose_l0:rename_target,gap,16,combined-prefix,mutation/combined-prefix.json,oss
libxml2,cpp,file,GT-pub,18,82,RQ6-comb,lose_l0:rename_target,mutations_silent,0,combined,mutation/combined.json,oss
libxml2,cpp,file,GT-pub,18,82,RQ6-comb,lose_l0:rename_target,mutations_silent,4,combined-prefix,mutation/combined-prefix.json,oss
libxml2,cpp,file,GT-pub,18,82,RQ6-comb,lose_l0:rename_target,n,4,combined,mutation/combined.json,oss
libxml2,cpp,file,GT-pub,18,82,RQ6-comb,lose_l0:rename_target,n,4,combined-prefix,mutation/combined-prefix.json,oss
libxml2,cpp,file,GT-pub,18,82,RQ6-comb,lose_l0:rename_target,silent,0,combined,mutation/combined.json,oss
libxml2,cpp,file,GT-pub,18,82,RQ6-comb,lose_l0:rename_target,silent,4,combined-prefix,mutation/combined-prefix.json,oss
libxml2,cpp,file,GT-pub,18,82,RQ6-comb,starve_l0_10,advisory,0,combined,mutation/combined.json,oss
libxml2,cpp,file,GT-pub,18,82,RQ6-comb,starve_l0_10,advisory,0,combined-prefix,mutation/combined-prefix.json,oss
libxml2,cpp,file,GT-pub,18,82,RQ6-comb,starve_l0_10,advisory_runs,16,combined,mutation/combined.json,oss
libxml2,cpp,file,GT-pub,18,82,RQ6-comb,starve_l0_10,advisory_runs,16,combined-prefix,mutation/combined-prefix.json,oss
libxml2,cpp,file,GT-pub,18,82,RQ6-comb,starve_l0_10,drift,36,combined,mutation/combined.json,oss
libxml2,cpp,file,GT-pub,18,82,RQ6-comb,starve_l0_10,drift,36,combined-prefix,mutation/combined-prefix.json,oss
libxml2,cpp,file,GT-pub,18,82,RQ6-comb,starve_l0_10,findings,36,combined,mutation/combined.json,oss
libxml2,cpp,file,GT-pub,18,82,RQ6-comb,starve_l0_10,findings,36,combined-prefix,mutation/combined-prefix.json,oss
libxml2,cpp,file,GT-pub,18,82,RQ6-comb,starve_l0_10,fp,0,combined,mutation/combined.json,oss
libxml2,cpp,file,GT-pub,18,82,RQ6-comb,starve_l0_10,fp,0,combined-prefix,mutation/combined-prefix.json,oss
libxml2,cpp,file,GT-pub,18,82,RQ6-comb,starve_l0_10,gap,0,combined,mutation/combined.json,oss
libxml2,cpp,file,GT-pub,18,82,RQ6-comb,starve_l0_10,gap,0,combined-prefix,mutation/combined-prefix.json,oss
libxml2,cpp,file,GT-pub,18,82,RQ6-comb,starve_l0_10,mutations_silent,0,combined,mutation/combined.json,oss
libxml2,cpp,file,GT-pub,18,82,RQ6-comb,starve_l0_10,mutations_silent,0,combined-prefix,mutation/combined-prefix.json,oss
libxml2,cpp,file,GT-pub,18,82,RQ6-comb,starve_l0_10,n,16,combined,mutation/combined.json,oss
libxml2,cpp,file,GT-pub,18,82,RQ6-comb,starve_l0_10,n,16,combined-prefix,mutation/combined-prefix.json,oss
libxml2,cpp,file,GT-pub,18,82,RQ6-comb,starve_l0_10,silent,0,combined,mutation/combined.json,oss
libxml2,cpp,file,GT-pub,18,82,RQ6-comb,starve_l0_10,silent,0,combined-prefix,mutation/combined-prefix.json,oss
libxml2,cpp,file,GT-pub,18,82,RQ6-comb,starve_l0_10:add_target,advisory,0,combined,mutation/combined.json,oss
libxml2,cpp,file,GT-pub,18,82,RQ6-comb,starve_l0_10:add_target,advisory,0,combined-prefix,mutation/combined-prefix.json,oss
libxml2,cpp,file,GT-pub,18,82,RQ6-comb,starve_l0_10:add_target,advisory_runs,4,combined,mutation/combined.json,oss
libxml2,cpp,file,GT-pub,18,82,RQ6-comb,starve_l0_10:add_target,advisory_runs,4,combined-prefix,mutation/combined-prefix.json,oss
libxml2,cpp,file,GT-pub,18,82,RQ6-comb,starve_l0_10:add_target,drift,4,combined,mutation/combined.json,oss
libxml2,cpp,file,GT-pub,18,82,RQ6-comb,starve_l0_10:add_target,drift,4,combined-prefix,mutation/combined-prefix.json,oss
libxml2,cpp,file,GT-pub,18,82,RQ6-comb,starve_l0_10:add_target,findings,4,combined,mutation/combined.json,oss
libxml2,cpp,file,GT-pub,18,82,RQ6-comb,starve_l0_10:add_target,findings,4,combined-prefix,mutation/combined-prefix.json,oss
libxml2,cpp,file,GT-pub,18,82,RQ6-comb,starve_l0_10:add_target,fp,0,combined,mutation/combined.json,oss
libxml2,cpp,file,GT-pub,18,82,RQ6-comb,starve_l0_10:add_target,fp,0,combined-prefix,mutation/combined-prefix.json,oss
libxml2,cpp,file,GT-pub,18,82,RQ6-comb,starve_l0_10:add_target,gap,0,combined,mutation/combined.json,oss
libxml2,cpp,file,GT-pub,18,82,RQ6-comb,starve_l0_10:add_target,gap,0,combined-prefix,mutation/combined-prefix.json,oss
libxml2,cpp,file,GT-pub,18,82,RQ6-comb,starve_l0_10:add_target,mutations_silent,0,combined,mutation/combined.json,oss
libxml2,cpp,file,GT-pub,18,82,RQ6-comb,starve_l0_10:add_target,mutations_silent,0,combined-prefix,mutation/combined-prefix.json,oss
libxml2,cpp,file,GT-pub,18,82,RQ6-comb,starve_l0_10:add_target,n,4,combined,mutation/combined.json,oss
libxml2,cpp,file,GT-pub,18,82,RQ6-comb,starve_l0_10:add_target,n,4,combined-prefix,mutation/combined-prefix.json,oss
libxml2,cpp,file,GT-pub,18,82,RQ6-comb,starve_l0_10:add_target,silent,0,combined,mutation/combined.json,oss
libxml2,cpp,file,GT-pub,18,82,RQ6-comb,starve_l0_10:add_target,silent,0,combined-prefix,mutation/combined-prefix.json,oss
libxml2,cpp,file,GT-pub,18,82,RQ6-comb,starve_l0_10:remove_dep,advisory,0,combined,mutation/combined.json,oss
libxml2,cpp,file,GT-pub,18,82,RQ6-comb,starve_l0_10:remove_dep,advisory,0,combined-prefix,mutation/combined-prefix.json,oss
libxml2,cpp,file,GT-pub,18,82,RQ6-comb,starve_l0_10:remove_dep,advisory_runs,4,combined,mutation/combined.json,oss
libxml2,cpp,file,GT-pub,18,82,RQ6-comb,starve_l0_10:remove_dep,advisory_runs,4,combined-prefix,mutation/combined-prefix.json,oss
libxml2,cpp,file,GT-pub,18,82,RQ6-comb,starve_l0_10:remove_dep,drift,4,combined,mutation/combined.json,oss
libxml2,cpp,file,GT-pub,18,82,RQ6-comb,starve_l0_10:remove_dep,drift,4,combined-prefix,mutation/combined-prefix.json,oss
libxml2,cpp,file,GT-pub,18,82,RQ6-comb,starve_l0_10:remove_dep,findings,4,combined,mutation/combined.json,oss
libxml2,cpp,file,GT-pub,18,82,RQ6-comb,starve_l0_10:remove_dep,findings,4,combined-prefix,mutation/combined-prefix.json,oss
libxml2,cpp,file,GT-pub,18,82,RQ6-comb,starve_l0_10:remove_dep,fp,0,combined,mutation/combined.json,oss
libxml2,cpp,file,GT-pub,18,82,RQ6-comb,starve_l0_10:remove_dep,fp,0,combined-prefix,mutation/combined-prefix.json,oss
libxml2,cpp,file,GT-pub,18,82,RQ6-comb,starve_l0_10:remove_dep,gap,0,combined,mutation/combined.json,oss
libxml2,cpp,file,GT-pub,18,82,RQ6-comb,starve_l0_10:remove_dep,gap,0,combined-prefix,mutation/combined-prefix.json,oss
libxml2,cpp,file,GT-pub,18,82,RQ6-comb,starve_l0_10:remove_dep,mutations_silent,0,combined,mutation/combined.json,oss
libxml2,cpp,file,GT-pub,18,82,RQ6-comb,starve_l0_10:remove_dep,mutations_silent,0,combined-prefix,mutation/combined-prefix.json,oss
libxml2,cpp,file,GT-pub,18,82,RQ6-comb,starve_l0_10:remove_dep,n,4,combined,mutation/combined.json,oss
libxml2,cpp,file,GT-pub,18,82,RQ6-comb,starve_l0_10:remove_dep,n,4,combined-prefix,mutation/combined-prefix.json,oss
libxml2,cpp,file,GT-pub,18,82,RQ6-comb,starve_l0_10:remove_dep,silent,0,combined,mutation/combined.json,oss
libxml2,cpp,file,GT-pub,18,82,RQ6-comb,starve_l0_10:remove_dep,silent,0,combined-prefix,mutation/combined-prefix.json,oss
libxml2,cpp,file,GT-pub,18,82,RQ6-comb,starve_l0_10:remove_target,advisory,0,combined,mutation/combined.json,oss
libxml2,cpp,file,GT-pub,18,82,RQ6-comb,starve_l0_10:remove_target,advisory,0,combined-prefix,mutation/combined-prefix.json,oss
libxml2,cpp,file,GT-pub,18,82,RQ6-comb,starve_l0_10:remove_target,advisory_runs,4,combined,mutation/combined.json,oss
libxml2,cpp,file,GT-pub,18,82,RQ6-comb,starve_l0_10:remove_target,advisory_runs,4,combined-prefix,mutation/combined-prefix.json,oss
libxml2,cpp,file,GT-pub,18,82,RQ6-comb,starve_l0_10:remove_target,drift,8,combined,mutation/combined.json,oss
libxml2,cpp,file,GT-pub,18,82,RQ6-comb,starve_l0_10:remove_target,drift,8,combined-prefix,mutation/combined-prefix.json,oss
libxml2,cpp,file,GT-pub,18,82,RQ6-comb,starve_l0_10:remove_target,findings,8,combined,mutation/combined.json,oss
libxml2,cpp,file,GT-pub,18,82,RQ6-comb,starve_l0_10:remove_target,findings,8,combined-prefix,mutation/combined-prefix.json,oss
libxml2,cpp,file,GT-pub,18,82,RQ6-comb,starve_l0_10:remove_target,fp,0,combined,mutation/combined.json,oss
libxml2,cpp,file,GT-pub,18,82,RQ6-comb,starve_l0_10:remove_target,fp,0,combined-prefix,mutation/combined-prefix.json,oss
libxml2,cpp,file,GT-pub,18,82,RQ6-comb,starve_l0_10:remove_target,gap,0,combined,mutation/combined.json,oss
libxml2,cpp,file,GT-pub,18,82,RQ6-comb,starve_l0_10:remove_target,gap,0,combined-prefix,mutation/combined-prefix.json,oss
libxml2,cpp,file,GT-pub,18,82,RQ6-comb,starve_l0_10:remove_target,mutations_silent,0,combined,mutation/combined.json,oss
libxml2,cpp,file,GT-pub,18,82,RQ6-comb,starve_l0_10:remove_target,mutations_silent,0,combined-prefix,mutation/combined-prefix.json,oss
libxml2,cpp,file,GT-pub,18,82,RQ6-comb,starve_l0_10:remove_target,n,4,combined,mutation/combined.json,oss
libxml2,cpp,file,GT-pub,18,82,RQ6-comb,starve_l0_10:remove_target,n,4,combined-prefix,mutation/combined-prefix.json,oss
libxml2,cpp,file,GT-pub,18,82,RQ6-comb,starve_l0_10:remove_target,silent,0,combined,mutation/combined.json,oss
libxml2,cpp,file,GT-pub,18,82,RQ6-comb,starve_l0_10:remove_target,silent,0,combined-prefix,mutation/combined-prefix.json,oss
libxml2,cpp,file,GT-pub,18,82,RQ6-comb,starve_l0_10:rename_target,advisory,0,combined,mutation/combined.json,oss
libxml2,cpp,file,GT-pub,18,82,RQ6-comb,starve_l0_10:rename_target,advisory,0,combined-prefix,mutation/combined-prefix.json,oss
libxml2,cpp,file,GT-pub,18,82,RQ6-comb,starve_l0_10:rename_target,advisory_runs,4,combined,mutation/combined.json,oss
libxml2,cpp,file,GT-pub,18,82,RQ6-comb,starve_l0_10:rename_target,advisory_runs,4,combined-prefix,mutation/combined-prefix.json,oss
libxml2,cpp,file,GT-pub,18,82,RQ6-comb,starve_l0_10:rename_target,drift,20,combined,mutation/combined.json,oss
libxml2,cpp,file,GT-pub,18,82,RQ6-comb,starve_l0_10:rename_target,drift,20,combined-prefix,mutation/combined-prefix.json,oss
libxml2,cpp,file,GT-pub,18,82,RQ6-comb,starve_l0_10:rename_target,findings,20,combined,mutation/combined.json,oss
libxml2,cpp,file,GT-pub,18,82,RQ6-comb,starve_l0_10:rename_target,findings,20,combined-prefix,mutation/combined-prefix.json,oss
libxml2,cpp,file,GT-pub,18,82,RQ6-comb,starve_l0_10:rename_target,fp,0,combined,mutation/combined.json,oss
libxml2,cpp,file,GT-pub,18,82,RQ6-comb,starve_l0_10:rename_target,fp,0,combined-prefix,mutation/combined-prefix.json,oss
libxml2,cpp,file,GT-pub,18,82,RQ6-comb,starve_l0_10:rename_target,gap,0,combined,mutation/combined.json,oss
libxml2,cpp,file,GT-pub,18,82,RQ6-comb,starve_l0_10:rename_target,gap,0,combined-prefix,mutation/combined-prefix.json,oss
libxml2,cpp,file,GT-pub,18,82,RQ6-comb,starve_l0_10:rename_target,mutations_silent,0,combined,mutation/combined.json,oss
libxml2,cpp,file,GT-pub,18,82,RQ6-comb,starve_l0_10:rename_target,mutations_silent,0,combined-prefix,mutation/combined-prefix.json,oss
libxml2,cpp,file,GT-pub,18,82,RQ6-comb,starve_l0_10:rename_target,n,4,combined,mutation/combined.json,oss
libxml2,cpp,file,GT-pub,18,82,RQ6-comb,starve_l0_10:rename_target,n,4,combined-prefix,mutation/combined-prefix.json,oss
libxml2,cpp,file,GT-pub,18,82,RQ6-comb,starve_l0_10:rename_target,silent,0,combined,mutation/combined.json,oss
libxml2,cpp,file,GT-pub,18,82,RQ6-comb,starve_l0_10:rename_target,silent,0,combined-prefix,mutation/combined-prefix.json,oss
libxml2,cpp,file,GT-pub,18,82,RQ6-comb,starve_l0_30,advisory,0,combined,mutation/combined.json,oss
libxml2,cpp,file,GT-pub,18,82,RQ6-comb,starve_l0_30,advisory,0,combined-prefix,mutation/combined-prefix.json,oss
libxml2,cpp,file,GT-pub,18,82,RQ6-comb,starve_l0_30,advisory_runs,16,combined,mutation/combined.json,oss
libxml2,cpp,file,GT-pub,18,82,RQ6-comb,starve_l0_30,advisory_runs,16,combined-prefix,mutation/combined-prefix.json,oss
libxml2,cpp,file,GT-pub,18,82,RQ6-comb,starve_l0_30,drift,36,combined,mutation/combined.json,oss
libxml2,cpp,file,GT-pub,18,82,RQ6-comb,starve_l0_30,drift,36,combined-prefix,mutation/combined-prefix.json,oss
libxml2,cpp,file,GT-pub,18,82,RQ6-comb,starve_l0_30,findings,36,combined,mutation/combined.json,oss
libxml2,cpp,file,GT-pub,18,82,RQ6-comb,starve_l0_30,findings,36,combined-prefix,mutation/combined-prefix.json,oss
libxml2,cpp,file,GT-pub,18,82,RQ6-comb,starve_l0_30,fp,0,combined,mutation/combined.json,oss
libxml2,cpp,file,GT-pub,18,82,RQ6-comb,starve_l0_30,fp,0,combined-prefix,mutation/combined-prefix.json,oss
libxml2,cpp,file,GT-pub,18,82,RQ6-comb,starve_l0_30,gap,0,combined,mutation/combined.json,oss
libxml2,cpp,file,GT-pub,18,82,RQ6-comb,starve_l0_30,gap,0,combined-prefix,mutation/combined-prefix.json,oss
libxml2,cpp,file,GT-pub,18,82,RQ6-comb,starve_l0_30,mutations_silent,0,combined,mutation/combined.json,oss
libxml2,cpp,file,GT-pub,18,82,RQ6-comb,starve_l0_30,mutations_silent,0,combined-prefix,mutation/combined-prefix.json,oss
libxml2,cpp,file,GT-pub,18,82,RQ6-comb,starve_l0_30,n,16,combined,mutation/combined.json,oss
libxml2,cpp,file,GT-pub,18,82,RQ6-comb,starve_l0_30,n,16,combined-prefix,mutation/combined-prefix.json,oss
libxml2,cpp,file,GT-pub,18,82,RQ6-comb,starve_l0_30,silent,0,combined,mutation/combined.json,oss
libxml2,cpp,file,GT-pub,18,82,RQ6-comb,starve_l0_30,silent,0,combined-prefix,mutation/combined-prefix.json,oss
libxml2,cpp,file,GT-pub,18,82,RQ6-comb,starve_l0_30:add_target,advisory,0,combined,mutation/combined.json,oss
libxml2,cpp,file,GT-pub,18,82,RQ6-comb,starve_l0_30:add_target,advisory,0,combined-prefix,mutation/combined-prefix.json,oss
libxml2,cpp,file,GT-pub,18,82,RQ6-comb,starve_l0_30:add_target,advisory_runs,4,combined,mutation/combined.json,oss
libxml2,cpp,file,GT-pub,18,82,RQ6-comb,starve_l0_30:add_target,advisory_runs,4,combined-prefix,mutation/combined-prefix.json,oss
libxml2,cpp,file,GT-pub,18,82,RQ6-comb,starve_l0_30:add_target,drift,4,combined,mutation/combined.json,oss
libxml2,cpp,file,GT-pub,18,82,RQ6-comb,starve_l0_30:add_target,drift,4,combined-prefix,mutation/combined-prefix.json,oss
libxml2,cpp,file,GT-pub,18,82,RQ6-comb,starve_l0_30:add_target,findings,4,combined,mutation/combined.json,oss
libxml2,cpp,file,GT-pub,18,82,RQ6-comb,starve_l0_30:add_target,findings,4,combined-prefix,mutation/combined-prefix.json,oss
libxml2,cpp,file,GT-pub,18,82,RQ6-comb,starve_l0_30:add_target,fp,0,combined,mutation/combined.json,oss
libxml2,cpp,file,GT-pub,18,82,RQ6-comb,starve_l0_30:add_target,fp,0,combined-prefix,mutation/combined-prefix.json,oss
libxml2,cpp,file,GT-pub,18,82,RQ6-comb,starve_l0_30:add_target,gap,0,combined,mutation/combined.json,oss
libxml2,cpp,file,GT-pub,18,82,RQ6-comb,starve_l0_30:add_target,gap,0,combined-prefix,mutation/combined-prefix.json,oss
libxml2,cpp,file,GT-pub,18,82,RQ6-comb,starve_l0_30:add_target,mutations_silent,0,combined,mutation/combined.json,oss
libxml2,cpp,file,GT-pub,18,82,RQ6-comb,starve_l0_30:add_target,mutations_silent,0,combined-prefix,mutation/combined-prefix.json,oss
libxml2,cpp,file,GT-pub,18,82,RQ6-comb,starve_l0_30:add_target,n,4,combined,mutation/combined.json,oss
libxml2,cpp,file,GT-pub,18,82,RQ6-comb,starve_l0_30:add_target,n,4,combined-prefix,mutation/combined-prefix.json,oss
libxml2,cpp,file,GT-pub,18,82,RQ6-comb,starve_l0_30:add_target,silent,0,combined,mutation/combined.json,oss
libxml2,cpp,file,GT-pub,18,82,RQ6-comb,starve_l0_30:add_target,silent,0,combined-prefix,mutation/combined-prefix.json,oss
libxml2,cpp,file,GT-pub,18,82,RQ6-comb,starve_l0_30:remove_dep,advisory,0,combined,mutation/combined.json,oss
libxml2,cpp,file,GT-pub,18,82,RQ6-comb,starve_l0_30:remove_dep,advisory,0,combined-prefix,mutation/combined-prefix.json,oss
libxml2,cpp,file,GT-pub,18,82,RQ6-comb,starve_l0_30:remove_dep,advisory_runs,4,combined,mutation/combined.json,oss
libxml2,cpp,file,GT-pub,18,82,RQ6-comb,starve_l0_30:remove_dep,advisory_runs,4,combined-prefix,mutation/combined-prefix.json,oss
libxml2,cpp,file,GT-pub,18,82,RQ6-comb,starve_l0_30:remove_dep,drift,4,combined,mutation/combined.json,oss
libxml2,cpp,file,GT-pub,18,82,RQ6-comb,starve_l0_30:remove_dep,drift,4,combined-prefix,mutation/combined-prefix.json,oss
libxml2,cpp,file,GT-pub,18,82,RQ6-comb,starve_l0_30:remove_dep,findings,4,combined,mutation/combined.json,oss
libxml2,cpp,file,GT-pub,18,82,RQ6-comb,starve_l0_30:remove_dep,findings,4,combined-prefix,mutation/combined-prefix.json,oss
libxml2,cpp,file,GT-pub,18,82,RQ6-comb,starve_l0_30:remove_dep,fp,0,combined,mutation/combined.json,oss
libxml2,cpp,file,GT-pub,18,82,RQ6-comb,starve_l0_30:remove_dep,fp,0,combined-prefix,mutation/combined-prefix.json,oss
libxml2,cpp,file,GT-pub,18,82,RQ6-comb,starve_l0_30:remove_dep,gap,0,combined,mutation/combined.json,oss
libxml2,cpp,file,GT-pub,18,82,RQ6-comb,starve_l0_30:remove_dep,gap,0,combined-prefix,mutation/combined-prefix.json,oss
libxml2,cpp,file,GT-pub,18,82,RQ6-comb,starve_l0_30:remove_dep,mutations_silent,0,combined,mutation/combined.json,oss
libxml2,cpp,file,GT-pub,18,82,RQ6-comb,starve_l0_30:remove_dep,mutations_silent,0,combined-prefix,mutation/combined-prefix.json,oss
libxml2,cpp,file,GT-pub,18,82,RQ6-comb,starve_l0_30:remove_dep,n,4,combined,mutation/combined.json,oss
libxml2,cpp,file,GT-pub,18,82,RQ6-comb,starve_l0_30:remove_dep,n,4,combined-prefix,mutation/combined-prefix.json,oss
libxml2,cpp,file,GT-pub,18,82,RQ6-comb,starve_l0_30:remove_dep,silent,0,combined,mutation/combined.json,oss
libxml2,cpp,file,GT-pub,18,82,RQ6-comb,starve_l0_30:remove_dep,silent,0,combined-prefix,mutation/combined-prefix.json,oss
libxml2,cpp,file,GT-pub,18,82,RQ6-comb,starve_l0_30:remove_target,advisory,0,combined,mutation/combined.json,oss
libxml2,cpp,file,GT-pub,18,82,RQ6-comb,starve_l0_30:remove_target,advisory,0,combined-prefix,mutation/combined-prefix.json,oss
libxml2,cpp,file,GT-pub,18,82,RQ6-comb,starve_l0_30:remove_target,advisory_runs,4,combined,mutation/combined.json,oss
libxml2,cpp,file,GT-pub,18,82,RQ6-comb,starve_l0_30:remove_target,advisory_runs,4,combined-prefix,mutation/combined-prefix.json,oss
libxml2,cpp,file,GT-pub,18,82,RQ6-comb,starve_l0_30:remove_target,drift,8,combined,mutation/combined.json,oss
libxml2,cpp,file,GT-pub,18,82,RQ6-comb,starve_l0_30:remove_target,drift,8,combined-prefix,mutation/combined-prefix.json,oss
libxml2,cpp,file,GT-pub,18,82,RQ6-comb,starve_l0_30:remove_target,findings,8,combined,mutation/combined.json,oss
libxml2,cpp,file,GT-pub,18,82,RQ6-comb,starve_l0_30:remove_target,findings,8,combined-prefix,mutation/combined-prefix.json,oss
libxml2,cpp,file,GT-pub,18,82,RQ6-comb,starve_l0_30:remove_target,fp,0,combined,mutation/combined.json,oss
libxml2,cpp,file,GT-pub,18,82,RQ6-comb,starve_l0_30:remove_target,fp,0,combined-prefix,mutation/combined-prefix.json,oss
libxml2,cpp,file,GT-pub,18,82,RQ6-comb,starve_l0_30:remove_target,gap,0,combined,mutation/combined.json,oss
libxml2,cpp,file,GT-pub,18,82,RQ6-comb,starve_l0_30:remove_target,gap,0,combined-prefix,mutation/combined-prefix.json,oss
libxml2,cpp,file,GT-pub,18,82,RQ6-comb,starve_l0_30:remove_target,mutations_silent,0,combined,mutation/combined.json,oss
libxml2,cpp,file,GT-pub,18,82,RQ6-comb,starve_l0_30:remove_target,mutations_silent,0,combined-prefix,mutation/combined-prefix.json,oss
libxml2,cpp,file,GT-pub,18,82,RQ6-comb,starve_l0_30:remove_target,n,4,combined,mutation/combined.json,oss
libxml2,cpp,file,GT-pub,18,82,RQ6-comb,starve_l0_30:remove_target,n,4,combined-prefix,mutation/combined-prefix.json,oss
libxml2,cpp,file,GT-pub,18,82,RQ6-comb,starve_l0_30:remove_target,silent,0,combined,mutation/combined.json,oss
libxml2,cpp,file,GT-pub,18,82,RQ6-comb,starve_l0_30:remove_target,silent,0,combined-prefix,mutation/combined-prefix.json,oss
libxml2,cpp,file,GT-pub,18,82,RQ6-comb,starve_l0_30:rename_target,advisory,0,combined,mutation/combined.json,oss
libxml2,cpp,file,GT-pub,18,82,RQ6-comb,starve_l0_30:rename_target,advisory,0,combined-prefix,mutation/combined-prefix.json,oss
libxml2,cpp,file,GT-pub,18,82,RQ6-comb,starve_l0_30:rename_target,advisory_runs,4,combined,mutation/combined.json,oss
libxml2,cpp,file,GT-pub,18,82,RQ6-comb,starve_l0_30:rename_target,advisory_runs,4,combined-prefix,mutation/combined-prefix.json,oss
libxml2,cpp,file,GT-pub,18,82,RQ6-comb,starve_l0_30:rename_target,drift,20,combined,mutation/combined.json,oss
libxml2,cpp,file,GT-pub,18,82,RQ6-comb,starve_l0_30:rename_target,drift,20,combined-prefix,mutation/combined-prefix.json,oss
libxml2,cpp,file,GT-pub,18,82,RQ6-comb,starve_l0_30:rename_target,findings,20,combined,mutation/combined.json,oss
libxml2,cpp,file,GT-pub,18,82,RQ6-comb,starve_l0_30:rename_target,findings,20,combined-prefix,mutation/combined-prefix.json,oss
libxml2,cpp,file,GT-pub,18,82,RQ6-comb,starve_l0_30:rename_target,fp,0,combined,mutation/combined.json,oss
libxml2,cpp,file,GT-pub,18,82,RQ6-comb,starve_l0_30:rename_target,fp,0,combined-prefix,mutation/combined-prefix.json,oss
libxml2,cpp,file,GT-pub,18,82,RQ6-comb,starve_l0_30:rename_target,gap,0,combined,mutation/combined.json,oss
libxml2,cpp,file,GT-pub,18,82,RQ6-comb,starve_l0_30:rename_target,gap,0,combined-prefix,mutation/combined-prefix.json,oss
libxml2,cpp,file,GT-pub,18,82,RQ6-comb,starve_l0_30:rename_target,mutations_silent,0,combined,mutation/combined.json,oss
libxml2,cpp,file,GT-pub,18,82,RQ6-comb,starve_l0_30:rename_target,mutations_silent,0,combined-prefix,mutation/combined-prefix.json,oss
libxml2,cpp,file,GT-pub,18,82,RQ6-comb,starve_l0_30:rename_target,n,4,combined,mutation/combined.json,oss
libxml2,cpp,file,GT-pub,18,82,RQ6-comb,starve_l0_30:rename_target,n,4,combined-prefix,mutation/combined-prefix.json,oss
libxml2,cpp,file,GT-pub,18,82,RQ6-comb,starve_l0_30:rename_target,silent,0,combined,mutation/combined.json,oss
libxml2,cpp,file,GT-pub,18,82,RQ6-comb,starve_l0_30:rename_target,silent,0,combined-prefix,mutation/combined-prefix.json,oss
libxml2,cpp,file,GT-pub,18,82,RQ6-comb,starve_mutated,advisory,4,combined,mutation/combined.json,oss
libxml2,cpp,file,GT-pub,18,82,RQ6-comb,starve_mutated,advisory,4,combined-prefix,mutation/combined-prefix.json,oss
libxml2,cpp,file,GT-pub,18,82,RQ6-comb,starve_mutated,advisory_runs,16,combined,mutation/combined.json,oss
libxml2,cpp,file,GT-pub,18,82,RQ6-comb,starve_mutated,advisory_runs,16,combined-prefix,mutation/combined-prefix.json,oss
libxml2,cpp,file,GT-pub,18,82,RQ6-comb,starve_mutated,drift,20,combined,mutation/combined.json,oss
libxml2,cpp,file,GT-pub,18,82,RQ6-comb,starve_mutated,drift,20,combined-prefix,mutation/combined-prefix.json,oss
libxml2,cpp,file,GT-pub,18,82,RQ6-comb,starve_mutated,findings,36,combined,mutation/combined.json,oss
libxml2,cpp,file,GT-pub,18,82,RQ6-comb,starve_mutated,findings,36,combined-prefix,mutation/combined-prefix.json,oss
libxml2,cpp,file,GT-pub,18,82,RQ6-comb,starve_mutated,fp,0,combined,mutation/combined.json,oss
libxml2,cpp,file,GT-pub,18,82,RQ6-comb,starve_mutated,fp,0,combined-prefix,mutation/combined-prefix.json,oss
libxml2,cpp,file,GT-pub,18,82,RQ6-comb,starve_mutated,gap,12,combined,mutation/combined.json,oss
libxml2,cpp,file,GT-pub,18,82,RQ6-comb,starve_mutated,gap,12,combined-prefix,mutation/combined-prefix.json,oss
libxml2,cpp,file,GT-pub,18,82,RQ6-comb,starve_mutated,mutations_silent,0,combined,mutation/combined.json,oss
libxml2,cpp,file,GT-pub,18,82,RQ6-comb,starve_mutated,mutations_silent,0,combined-prefix,mutation/combined-prefix.json,oss
libxml2,cpp,file,GT-pub,18,82,RQ6-comb,starve_mutated,n,16,combined,mutation/combined.json,oss
libxml2,cpp,file,GT-pub,18,82,RQ6-comb,starve_mutated,n,16,combined-prefix,mutation/combined-prefix.json,oss
libxml2,cpp,file,GT-pub,18,82,RQ6-comb,starve_mutated,silent,0,combined,mutation/combined.json,oss
libxml2,cpp,file,GT-pub,18,82,RQ6-comb,starve_mutated,silent,0,combined-prefix,mutation/combined-prefix.json,oss
libxml2,cpp,file,GT-pub,18,82,RQ6-comb,starve_mutated:add_target,advisory,0,combined,mutation/combined.json,oss
libxml2,cpp,file,GT-pub,18,82,RQ6-comb,starve_mutated:add_target,advisory,0,combined-prefix,mutation/combined-prefix.json,oss
libxml2,cpp,file,GT-pub,18,82,RQ6-comb,starve_mutated:add_target,advisory_runs,4,combined,mutation/combined.json,oss
libxml2,cpp,file,GT-pub,18,82,RQ6-comb,starve_mutated:add_target,advisory_runs,4,combined-prefix,mutation/combined-prefix.json,oss
libxml2,cpp,file,GT-pub,18,82,RQ6-comb,starve_mutated:add_target,drift,4,combined,mutation/combined.json,oss
libxml2,cpp,file,GT-pub,18,82,RQ6-comb,starve_mutated:add_target,drift,4,combined-prefix,mutation/combined-prefix.json,oss
libxml2,cpp,file,GT-pub,18,82,RQ6-comb,starve_mutated:add_target,findings,4,combined,mutation/combined.json,oss
libxml2,cpp,file,GT-pub,18,82,RQ6-comb,starve_mutated:add_target,findings,4,combined-prefix,mutation/combined-prefix.json,oss
libxml2,cpp,file,GT-pub,18,82,RQ6-comb,starve_mutated:add_target,fp,0,combined,mutation/combined.json,oss
libxml2,cpp,file,GT-pub,18,82,RQ6-comb,starve_mutated:add_target,fp,0,combined-prefix,mutation/combined-prefix.json,oss
libxml2,cpp,file,GT-pub,18,82,RQ6-comb,starve_mutated:add_target,gap,0,combined,mutation/combined.json,oss
libxml2,cpp,file,GT-pub,18,82,RQ6-comb,starve_mutated:add_target,gap,0,combined-prefix,mutation/combined-prefix.json,oss
libxml2,cpp,file,GT-pub,18,82,RQ6-comb,starve_mutated:add_target,mutations_silent,0,combined,mutation/combined.json,oss
libxml2,cpp,file,GT-pub,18,82,RQ6-comb,starve_mutated:add_target,mutations_silent,0,combined-prefix,mutation/combined-prefix.json,oss
libxml2,cpp,file,GT-pub,18,82,RQ6-comb,starve_mutated:add_target,n,4,combined,mutation/combined.json,oss
libxml2,cpp,file,GT-pub,18,82,RQ6-comb,starve_mutated:add_target,n,4,combined-prefix,mutation/combined-prefix.json,oss
libxml2,cpp,file,GT-pub,18,82,RQ6-comb,starve_mutated:add_target,silent,0,combined,mutation/combined.json,oss
libxml2,cpp,file,GT-pub,18,82,RQ6-comb,starve_mutated:add_target,silent,0,combined-prefix,mutation/combined-prefix.json,oss
libxml2,cpp,file,GT-pub,18,82,RQ6-comb,starve_mutated:remove_dep,advisory,0,combined,mutation/combined.json,oss
libxml2,cpp,file,GT-pub,18,82,RQ6-comb,starve_mutated:remove_dep,advisory,0,combined-prefix,mutation/combined-prefix.json,oss
libxml2,cpp,file,GT-pub,18,82,RQ6-comb,starve_mutated:remove_dep,advisory_runs,4,combined,mutation/combined.json,oss
libxml2,cpp,file,GT-pub,18,82,RQ6-comb,starve_mutated:remove_dep,advisory_runs,4,combined-prefix,mutation/combined-prefix.json,oss
libxml2,cpp,file,GT-pub,18,82,RQ6-comb,starve_mutated:remove_dep,drift,0,combined,mutation/combined.json,oss
libxml2,cpp,file,GT-pub,18,82,RQ6-comb,starve_mutated:remove_dep,drift,0,combined-prefix,mutation/combined-prefix.json,oss
libxml2,cpp,file,GT-pub,18,82,RQ6-comb,starve_mutated:remove_dep,findings,4,combined,mutation/combined.json,oss
libxml2,cpp,file,GT-pub,18,82,RQ6-comb,starve_mutated:remove_dep,findings,4,combined-prefix,mutation/combined-prefix.json,oss
libxml2,cpp,file,GT-pub,18,82,RQ6-comb,starve_mutated:remove_dep,fp,0,combined,mutation/combined.json,oss
libxml2,cpp,file,GT-pub,18,82,RQ6-comb,starve_mutated:remove_dep,fp,0,combined-prefix,mutation/combined-prefix.json,oss
libxml2,cpp,file,GT-pub,18,82,RQ6-comb,starve_mutated:remove_dep,gap,4,combined,mutation/combined.json,oss
libxml2,cpp,file,GT-pub,18,82,RQ6-comb,starve_mutated:remove_dep,gap,4,combined-prefix,mutation/combined-prefix.json,oss
libxml2,cpp,file,GT-pub,18,82,RQ6-comb,starve_mutated:remove_dep,mutations_silent,0,combined,mutation/combined.json,oss
libxml2,cpp,file,GT-pub,18,82,RQ6-comb,starve_mutated:remove_dep,mutations_silent,0,combined-prefix,mutation/combined-prefix.json,oss
libxml2,cpp,file,GT-pub,18,82,RQ6-comb,starve_mutated:remove_dep,n,4,combined,mutation/combined.json,oss
libxml2,cpp,file,GT-pub,18,82,RQ6-comb,starve_mutated:remove_dep,n,4,combined-prefix,mutation/combined-prefix.json,oss
libxml2,cpp,file,GT-pub,18,82,RQ6-comb,starve_mutated:remove_dep,silent,0,combined,mutation/combined.json,oss
libxml2,cpp,file,GT-pub,18,82,RQ6-comb,starve_mutated:remove_dep,silent,0,combined-prefix,mutation/combined-prefix.json,oss
libxml2,cpp,file,GT-pub,18,82,RQ6-comb,starve_mutated:remove_target,advisory,0,combined,mutation/combined.json,oss
libxml2,cpp,file,GT-pub,18,82,RQ6-comb,starve_mutated:remove_target,advisory,0,combined-prefix,mutation/combined-prefix.json,oss
libxml2,cpp,file,GT-pub,18,82,RQ6-comb,starve_mutated:remove_target,advisory_runs,4,combined,mutation/combined.json,oss
libxml2,cpp,file,GT-pub,18,82,RQ6-comb,starve_mutated:remove_target,advisory_runs,4,combined-prefix,mutation/combined-prefix.json,oss
libxml2,cpp,file,GT-pub,18,82,RQ6-comb,starve_mutated:remove_target,drift,4,combined,mutation/combined.json,oss
libxml2,cpp,file,GT-pub,18,82,RQ6-comb,starve_mutated:remove_target,drift,4,combined-prefix,mutation/combined-prefix.json,oss
libxml2,cpp,file,GT-pub,18,82,RQ6-comb,starve_mutated:remove_target,findings,8,combined,mutation/combined.json,oss
libxml2,cpp,file,GT-pub,18,82,RQ6-comb,starve_mutated:remove_target,findings,8,combined-prefix,mutation/combined-prefix.json,oss
libxml2,cpp,file,GT-pub,18,82,RQ6-comb,starve_mutated:remove_target,fp,0,combined,mutation/combined.json,oss
libxml2,cpp,file,GT-pub,18,82,RQ6-comb,starve_mutated:remove_target,fp,0,combined-prefix,mutation/combined-prefix.json,oss
libxml2,cpp,file,GT-pub,18,82,RQ6-comb,starve_mutated:remove_target,gap,4,combined,mutation/combined.json,oss
libxml2,cpp,file,GT-pub,18,82,RQ6-comb,starve_mutated:remove_target,gap,4,combined-prefix,mutation/combined-prefix.json,oss
libxml2,cpp,file,GT-pub,18,82,RQ6-comb,starve_mutated:remove_target,mutations_silent,0,combined,mutation/combined.json,oss
libxml2,cpp,file,GT-pub,18,82,RQ6-comb,starve_mutated:remove_target,mutations_silent,0,combined-prefix,mutation/combined-prefix.json,oss
libxml2,cpp,file,GT-pub,18,82,RQ6-comb,starve_mutated:remove_target,n,4,combined,mutation/combined.json,oss
libxml2,cpp,file,GT-pub,18,82,RQ6-comb,starve_mutated:remove_target,n,4,combined-prefix,mutation/combined-prefix.json,oss
libxml2,cpp,file,GT-pub,18,82,RQ6-comb,starve_mutated:remove_target,silent,0,combined,mutation/combined.json,oss
libxml2,cpp,file,GT-pub,18,82,RQ6-comb,starve_mutated:remove_target,silent,0,combined-prefix,mutation/combined-prefix.json,oss
libxml2,cpp,file,GT-pub,18,82,RQ6-comb,starve_mutated:rename_target,advisory,4,combined,mutation/combined.json,oss
libxml2,cpp,file,GT-pub,18,82,RQ6-comb,starve_mutated:rename_target,advisory,4,combined-prefix,mutation/combined-prefix.json,oss
libxml2,cpp,file,GT-pub,18,82,RQ6-comb,starve_mutated:rename_target,advisory_runs,4,combined,mutation/combined.json,oss
libxml2,cpp,file,GT-pub,18,82,RQ6-comb,starve_mutated:rename_target,advisory_runs,4,combined-prefix,mutation/combined-prefix.json,oss
libxml2,cpp,file,GT-pub,18,82,RQ6-comb,starve_mutated:rename_target,drift,12,combined,mutation/combined.json,oss
libxml2,cpp,file,GT-pub,18,82,RQ6-comb,starve_mutated:rename_target,drift,12,combined-prefix,mutation/combined-prefix.json,oss
libxml2,cpp,file,GT-pub,18,82,RQ6-comb,starve_mutated:rename_target,findings,20,combined,mutation/combined.json,oss
libxml2,cpp,file,GT-pub,18,82,RQ6-comb,starve_mutated:rename_target,findings,20,combined-prefix,mutation/combined-prefix.json,oss
libxml2,cpp,file,GT-pub,18,82,RQ6-comb,starve_mutated:rename_target,fp,0,combined,mutation/combined.json,oss
libxml2,cpp,file,GT-pub,18,82,RQ6-comb,starve_mutated:rename_target,fp,0,combined-prefix,mutation/combined-prefix.json,oss
libxml2,cpp,file,GT-pub,18,82,RQ6-comb,starve_mutated:rename_target,gap,4,combined,mutation/combined.json,oss
libxml2,cpp,file,GT-pub,18,82,RQ6-comb,starve_mutated:rename_target,gap,4,combined-prefix,mutation/combined-prefix.json,oss
libxml2,cpp,file,GT-pub,18,82,RQ6-comb,starve_mutated:rename_target,mutations_silent,0,combined,mutation/combined.json,oss
libxml2,cpp,file,GT-pub,18,82,RQ6-comb,starve_mutated:rename_target,mutations_silent,0,combined-prefix,mutation/combined-prefix.json,oss
libxml2,cpp,file,GT-pub,18,82,RQ6-comb,starve_mutated:rename_target,n,4,combined,mutation/combined.json,oss
libxml2,cpp,file,GT-pub,18,82,RQ6-comb,starve_mutated:rename_target,n,4,combined-prefix,mutation/combined-prefix.json,oss
libxml2,cpp,file,GT-pub,18,82,RQ6-comb,starve_mutated:rename_target,silent,0,combined,mutation/combined.json,oss
libxml2,cpp,file,GT-pub,18,82,RQ6-comb,starve_mutated:rename_target,silent,0,combined-prefix,mutation/combined-prefix.json,oss
nopcommerce,cs,target,GT-doc,17,37,RQ6-comb,lose_l0,advisory,8,combined,mutation/combined.json,oss
nopcommerce,cs,target,GT-doc,17,37,RQ6-comb,lose_l0,advisory,0,combined-prefix,mutation/combined-prefix.json,oss
nopcommerce,cs,target,GT-doc,17,37,RQ6-comb,lose_l0,advisory_runs,23,combined,mutation/combined.json,oss
nopcommerce,cs,target,GT-doc,17,37,RQ6-comb,lose_l0,advisory_runs,0,combined-prefix,mutation/combined-prefix.json,oss
nopcommerce,cs,target,GT-doc,17,37,RQ6-comb,lose_l0,drift,0,combined,mutation/combined.json,oss
nopcommerce,cs,target,GT-doc,17,37,RQ6-comb,lose_l0,drift,0,combined-prefix,mutation/combined-prefix.json,oss
nopcommerce,cs,target,GT-doc,17,37,RQ6-comb,lose_l0,findings,74,combined,mutation/combined.json,oss
nopcommerce,cs,target,GT-doc,17,37,RQ6-comb,lose_l0,findings,74,combined-prefix,mutation/combined-prefix.json,oss
nopcommerce,cs,target,GT-doc,17,37,RQ6-comb,lose_l0,fp,0,combined,mutation/combined.json,oss
nopcommerce,cs,target,GT-doc,17,37,RQ6-comb,lose_l0,fp,0,combined-prefix,mutation/combined-prefix.json,oss
nopcommerce,cs,target,GT-doc,17,37,RQ6-comb,lose_l0,gap,66,combined,mutation/combined.json,oss
nopcommerce,cs,target,GT-doc,17,37,RQ6-comb,lose_l0,gap,66,combined-prefix,mutation/combined-prefix.json,oss
nopcommerce,cs,target,GT-doc,17,37,RQ6-comb,lose_l0,mutations_silent,0,combined,mutation/combined.json,oss
nopcommerce,cs,target,GT-doc,17,37,RQ6-comb,lose_l0,mutations_silent,8,combined-prefix,mutation/combined-prefix.json,oss
nopcommerce,cs,target,GT-doc,17,37,RQ6-comb,lose_l0,n,23,combined,mutation/combined.json,oss
nopcommerce,cs,target,GT-doc,17,37,RQ6-comb,lose_l0,n,23,combined-prefix,mutation/combined-prefix.json,oss
nopcommerce,cs,target,GT-doc,17,37,RQ6-comb,lose_l0,silent,0,combined,mutation/combined.json,oss
nopcommerce,cs,target,GT-doc,17,37,RQ6-comb,lose_l0,silent,8,combined-prefix,mutation/combined-prefix.json,oss
nopcommerce,cs,target,GT-doc,17,37,RQ6-comb,lose_l0:add_forbidden_dep,advisory,0,combined,mutation/combined.json,oss
nopcommerce,cs,target,GT-doc,17,37,RQ6-comb,lose_l0:add_forbidden_dep,advisory,0,combined-prefix,mutation/combined-prefix.json,oss
nopcommerce,cs,target,GT-doc,17,37,RQ6-comb,lose_l0:add_forbidden_dep,advisory_runs,4,combined,mutation/combined.json,oss
nopcommerce,cs,target,GT-doc,17,37,RQ6-comb,lose_l0:add_forbidden_dep,advisory_runs,0,combined-prefix,mutation/combined-prefix.json,oss
nopcommerce,cs,target,GT-doc,17,37,RQ6-comb,lose_l0:add_forbidden_dep,drift,0,combined,mutation/combined.json,oss
nopcommerce,cs,target,GT-doc,17,37,RQ6-comb,lose_l0:add_forbidden_dep,drift,0,combined-prefix,mutation/combined-prefix.json,oss
nopcommerce,cs,target,GT-doc,17,37,RQ6-comb,lose_l0:add_forbidden_dep,findings,8,combined,mutation/combined.json,oss
nopcommerce,cs,target,GT-doc,17,37,RQ6-comb,lose_l0:add_forbidden_dep,findings,8,combined-prefix,mutation/combined-prefix.json,oss
nopcommerce,cs,target,GT-doc,17,37,RQ6-comb,lose_l0:add_forbidden_dep,fp,0,combined,mutation/combined.json,oss
nopcommerce,cs,target,GT-doc,17,37,RQ6-comb,lose_l0:add_forbidden_dep,fp,0,combined-prefix,mutation/combined-prefix.json,oss
nopcommerce,cs,target,GT-doc,17,37,RQ6-comb,lose_l0:add_forbidden_dep,gap,8,combined,mutation/combined.json,oss
nopcommerce,cs,target,GT-doc,17,37,RQ6-comb,lose_l0:add_forbidden_dep,gap,8,combined-prefix,mutation/combined-prefix.json,oss
nopcommerce,cs,target,GT-doc,17,37,RQ6-comb,lose_l0:add_forbidden_dep,mutations_silent,0,combined,mutation/combined.json,oss
nopcommerce,cs,target,GT-doc,17,37,RQ6-comb,lose_l0:add_forbidden_dep,mutations_silent,0,combined-prefix,mutation/combined-prefix.json,oss
nopcommerce,cs,target,GT-doc,17,37,RQ6-comb,lose_l0:add_forbidden_dep,n,4,combined,mutation/combined.json,oss
nopcommerce,cs,target,GT-doc,17,37,RQ6-comb,lose_l0:add_forbidden_dep,n,4,combined-prefix,mutation/combined-prefix.json,oss
nopcommerce,cs,target,GT-doc,17,37,RQ6-comb,lose_l0:add_forbidden_dep,silent,0,combined,mutation/combined.json,oss
nopcommerce,cs,target,GT-doc,17,37,RQ6-comb,lose_l0:add_forbidden_dep,silent,0,combined-prefix,mutation/combined-prefix.json,oss
nopcommerce,cs,target,GT-doc,17,37,RQ6-comb,lose_l0:add_target,advisory,4,combined,mutation/combined.json,oss
nopcommerce,cs,target,GT-doc,17,37,RQ6-comb,lose_l0:add_target,advisory,0,combined-prefix,mutation/combined-prefix.json,oss
nopcommerce,cs,target,GT-doc,17,37,RQ6-comb,lose_l0:add_target,advisory_runs,4,combined,mutation/combined.json,oss
nopcommerce,cs,target,GT-doc,17,37,RQ6-comb,lose_l0:add_target,advisory_runs,0,combined-prefix,mutation/combined-prefix.json,oss
nopcommerce,cs,target,GT-doc,17,37,RQ6-comb,lose_l0:add_target,drift,0,combined,mutation/combined.json,oss
nopcommerce,cs,target,GT-doc,17,37,RQ6-comb,lose_l0:add_target,drift,0,combined-prefix,mutation/combined-prefix.json,oss
nopcommerce,cs,target,GT-doc,17,37,RQ6-comb,lose_l0:add_target,findings,4,combined,mutation/combined.json,oss
nopcommerce,cs,target,GT-doc,17,37,RQ6-comb,lose_l0:add_target,findings,4,combined-prefix,mutation/combined-prefix.json,oss
nopcommerce,cs,target,GT-doc,17,37,RQ6-comb,lose_l0:add_target,fp,0,combined,mutation/combined.json,oss
nopcommerce,cs,target,GT-doc,17,37,RQ6-comb,lose_l0:add_target,fp,0,combined-prefix,mutation/combined-prefix.json,oss
nopcommerce,cs,target,GT-doc,17,37,RQ6-comb,lose_l0:add_target,gap,0,combined,mutation/combined.json,oss
nopcommerce,cs,target,GT-doc,17,37,RQ6-comb,lose_l0:add_target,gap,0,combined-prefix,mutation/combined-prefix.json,oss
nopcommerce,cs,target,GT-doc,17,37,RQ6-comb,lose_l0:add_target,mutations_silent,0,combined,mutation/combined.json,oss
nopcommerce,cs,target,GT-doc,17,37,RQ6-comb,lose_l0:add_target,mutations_silent,4,combined-prefix,mutation/combined-prefix.json,oss
nopcommerce,cs,target,GT-doc,17,37,RQ6-comb,lose_l0:add_target,n,4,combined,mutation/combined.json,oss
nopcommerce,cs,target,GT-doc,17,37,RQ6-comb,lose_l0:add_target,n,4,combined-prefix,mutation/combined-prefix.json,oss
nopcommerce,cs,target,GT-doc,17,37,RQ6-comb,lose_l0:add_target,silent,0,combined,mutation/combined.json,oss
nopcommerce,cs,target,GT-doc,17,37,RQ6-comb,lose_l0:add_target,silent,4,combined-prefix,mutation/combined-prefix.json,oss
nopcommerce,cs,target,GT-doc,17,37,RQ6-comb,lose_l0:merge_targets,advisory,0,combined,mutation/combined.json,oss
nopcommerce,cs,target,GT-doc,17,37,RQ6-comb,lose_l0:merge_targets,advisory,0,combined-prefix,mutation/combined-prefix.json,oss
nopcommerce,cs,target,GT-doc,17,37,RQ6-comb,lose_l0:merge_targets,advisory_runs,3,combined,mutation/combined.json,oss
nopcommerce,cs,target,GT-doc,17,37,RQ6-comb,lose_l0:merge_targets,advisory_runs,0,combined-prefix,mutation/combined-prefix.json,oss
nopcommerce,cs,target,GT-doc,17,37,RQ6-comb,lose_l0:merge_targets,drift,0,combined,mutation/combined.json,oss
nopcommerce,cs,target,GT-doc,17,37,RQ6-comb,lose_l0:merge_targets,drift,0,combined-prefix,mutation/combined-prefix.json,oss
nopcommerce,cs,target,GT-doc,17,37,RQ6-comb,lose_l0:merge_targets,findings,21,combined,mutation/combined.json,oss
nopcommerce,cs,target,GT-doc,17,37,RQ6-comb,lose_l0:merge_targets,findings,21,combined-prefix,mutation/combined-prefix.json,oss
nopcommerce,cs,target,GT-doc,17,37,RQ6-comb,lose_l0:merge_targets,fp,0,combined,mutation/combined.json,oss
nopcommerce,cs,target,GT-doc,17,37,RQ6-comb,lose_l0:merge_targets,fp,0,combined-prefix,mutation/combined-prefix.json,oss
nopcommerce,cs,target,GT-doc,17,37,RQ6-comb,lose_l0:merge_targets,gap,21,combined,mutation/combined.json,oss
nopcommerce,cs,target,GT-doc,17,37,RQ6-comb,lose_l0:merge_targets,gap,21,combined-prefix,mutation/combined-prefix.json,oss
nopcommerce,cs,target,GT-doc,17,37,RQ6-comb,lose_l0:merge_targets,mutations_silent,0,combined,mutation/combined.json,oss
nopcommerce,cs,target,GT-doc,17,37,RQ6-comb,lose_l0:merge_targets,mutations_silent,0,combined-prefix,mutation/combined-prefix.json,oss
nopcommerce,cs,target,GT-doc,17,37,RQ6-comb,lose_l0:merge_targets,n,3,combined,mutation/combined.json,oss
nopcommerce,cs,target,GT-doc,17,37,RQ6-comb,lose_l0:merge_targets,n,3,combined-prefix,mutation/combined-prefix.json,oss
nopcommerce,cs,target,GT-doc,17,37,RQ6-comb,lose_l0:merge_targets,silent,0,combined,mutation/combined.json,oss
nopcommerce,cs,target,GT-doc,17,37,RQ6-comb,lose_l0:merge_targets,silent,0,combined-prefix,mutation/combined-prefix.json,oss
nopcommerce,cs,target,GT-doc,17,37,RQ6-comb,lose_l0:remove_dep,advisory,0,combined,mutation/combined.json,oss
nopcommerce,cs,target,GT-doc,17,37,RQ6-comb,lose_l0:remove_dep,advisory,0,combined-prefix,mutation/combined-prefix.json,oss
nopcommerce,cs,target,GT-doc,17,37,RQ6-comb,lose_l0:remove_dep,advisory_runs,4,combined,mutation/combined.json,oss
nopcommerce,cs,target,GT-doc,17,37,RQ6-comb,lose_l0:remove_dep,advisory_runs,0,combined-prefix,mutation/combined-prefix.json,oss
nopcommerce,cs,target,GT-doc,17,37,RQ6-comb,lose_l0:remove_dep,drift,0,combined,mutation/combined.json,oss
nopcommerce,cs,target,GT-doc,17,37,RQ6-comb,lose_l0:remove_dep,drift,0,combined-prefix,mutation/combined-prefix.json,oss
nopcommerce,cs,target,GT-doc,17,37,RQ6-comb,lose_l0:remove_dep,findings,4,combined,mutation/combined.json,oss
nopcommerce,cs,target,GT-doc,17,37,RQ6-comb,lose_l0:remove_dep,findings,4,combined-prefix,mutation/combined-prefix.json,oss
nopcommerce,cs,target,GT-doc,17,37,RQ6-comb,lose_l0:remove_dep,fp,0,combined,mutation/combined.json,oss
nopcommerce,cs,target,GT-doc,17,37,RQ6-comb,lose_l0:remove_dep,fp,0,combined-prefix,mutation/combined-prefix.json,oss
nopcommerce,cs,target,GT-doc,17,37,RQ6-comb,lose_l0:remove_dep,gap,4,combined,mutation/combined.json,oss
nopcommerce,cs,target,GT-doc,17,37,RQ6-comb,lose_l0:remove_dep,gap,4,combined-prefix,mutation/combined-prefix.json,oss
nopcommerce,cs,target,GT-doc,17,37,RQ6-comb,lose_l0:remove_dep,mutations_silent,0,combined,mutation/combined.json,oss
nopcommerce,cs,target,GT-doc,17,37,RQ6-comb,lose_l0:remove_dep,mutations_silent,0,combined-prefix,mutation/combined-prefix.json,oss
nopcommerce,cs,target,GT-doc,17,37,RQ6-comb,lose_l0:remove_dep,n,4,combined,mutation/combined.json,oss
nopcommerce,cs,target,GT-doc,17,37,RQ6-comb,lose_l0:remove_dep,n,4,combined-prefix,mutation/combined-prefix.json,oss
nopcommerce,cs,target,GT-doc,17,37,RQ6-comb,lose_l0:remove_dep,silent,0,combined,mutation/combined.json,oss
nopcommerce,cs,target,GT-doc,17,37,RQ6-comb,lose_l0:remove_dep,silent,0,combined-prefix,mutation/combined-prefix.json,oss
nopcommerce,cs,target,GT-doc,17,37,RQ6-comb,lose_l0:remove_target,advisory,0,combined,mutation/combined.json,oss
nopcommerce,cs,target,GT-doc,17,37,RQ6-comb,lose_l0:remove_target,advisory,0,combined-prefix,mutation/combined-prefix.json,oss
nopcommerce,cs,target,GT-doc,17,37,RQ6-comb,lose_l0:remove_target,advisory_runs,4,combined,mutation/combined.json,oss
nopcommerce,cs,target,GT-doc,17,37,RQ6-comb,lose_l0:remove_target,advisory_runs,0,combined-prefix,mutation/combined-prefix.json,oss
nopcommerce,cs,target,GT-doc,17,37,RQ6-comb,lose_l0:remove_target,drift,0,combined,mutation/combined.json,oss
nopcommerce,cs,target,GT-doc,17,37,RQ6-comb,lose_l0:remove_target,drift,0,combined-prefix,mutation/combined-prefix.json,oss
nopcommerce,cs,target,GT-doc,17,37,RQ6-comb,lose_l0:remove_target,findings,11,combined,mutation/combined.json,oss
nopcommerce,cs,target,GT-doc,17,37,RQ6-comb,lose_l0:remove_target,findings,11,combined-prefix,mutation/combined-prefix.json,oss
nopcommerce,cs,target,GT-doc,17,37,RQ6-comb,lose_l0:remove_target,fp,0,combined,mutation/combined.json,oss
nopcommerce,cs,target,GT-doc,17,37,RQ6-comb,lose_l0:remove_target,fp,0,combined-prefix,mutation/combined-prefix.json,oss
nopcommerce,cs,target,GT-doc,17,37,RQ6-comb,lose_l0:remove_target,gap,11,combined,mutation/combined.json,oss
nopcommerce,cs,target,GT-doc,17,37,RQ6-comb,lose_l0:remove_target,gap,11,combined-prefix,mutation/combined-prefix.json,oss
nopcommerce,cs,target,GT-doc,17,37,RQ6-comb,lose_l0:remove_target,mutations_silent,0,combined,mutation/combined.json,oss
nopcommerce,cs,target,GT-doc,17,37,RQ6-comb,lose_l0:remove_target,mutations_silent,0,combined-prefix,mutation/combined-prefix.json,oss
nopcommerce,cs,target,GT-doc,17,37,RQ6-comb,lose_l0:remove_target,n,4,combined,mutation/combined.json,oss
nopcommerce,cs,target,GT-doc,17,37,RQ6-comb,lose_l0:remove_target,n,4,combined-prefix,mutation/combined-prefix.json,oss
nopcommerce,cs,target,GT-doc,17,37,RQ6-comb,lose_l0:remove_target,silent,0,combined,mutation/combined.json,oss
nopcommerce,cs,target,GT-doc,17,37,RQ6-comb,lose_l0:remove_target,silent,0,combined-prefix,mutation/combined-prefix.json,oss
nopcommerce,cs,target,GT-doc,17,37,RQ6-comb,lose_l0:rename_target,advisory,4,combined,mutation/combined.json,oss
nopcommerce,cs,target,GT-doc,17,37,RQ6-comb,lose_l0:rename_target,advisory,0,combined-prefix,mutation/combined-prefix.json,oss
nopcommerce,cs,target,GT-doc,17,37,RQ6-comb,lose_l0:rename_target,advisory_runs,4,combined,mutation/combined.json,oss
nopcommerce,cs,target,GT-doc,17,37,RQ6-comb,lose_l0:rename_target,advisory_runs,0,combined-prefix,mutation/combined-prefix.json,oss
nopcommerce,cs,target,GT-doc,17,37,RQ6-comb,lose_l0:rename_target,drift,0,combined,mutation/combined.json,oss
nopcommerce,cs,target,GT-doc,17,37,RQ6-comb,lose_l0:rename_target,drift,0,combined-prefix,mutation/combined-prefix.json,oss
nopcommerce,cs,target,GT-doc,17,37,RQ6-comb,lose_l0:rename_target,findings,26,combined,mutation/combined.json,oss
nopcommerce,cs,target,GT-doc,17,37,RQ6-comb,lose_l0:rename_target,findings,26,combined-prefix,mutation/combined-prefix.json,oss
nopcommerce,cs,target,GT-doc,17,37,RQ6-comb,lose_l0:rename_target,fp,0,combined,mutation/combined.json,oss
nopcommerce,cs,target,GT-doc,17,37,RQ6-comb,lose_l0:rename_target,fp,0,combined-prefix,mutation/combined-prefix.json,oss
nopcommerce,cs,target,GT-doc,17,37,RQ6-comb,lose_l0:rename_target,gap,22,combined,mutation/combined.json,oss
nopcommerce,cs,target,GT-doc,17,37,RQ6-comb,lose_l0:rename_target,gap,22,combined-prefix,mutation/combined-prefix.json,oss
nopcommerce,cs,target,GT-doc,17,37,RQ6-comb,lose_l0:rename_target,mutations_silent,0,combined,mutation/combined.json,oss
nopcommerce,cs,target,GT-doc,17,37,RQ6-comb,lose_l0:rename_target,mutations_silent,4,combined-prefix,mutation/combined-prefix.json,oss
nopcommerce,cs,target,GT-doc,17,37,RQ6-comb,lose_l0:rename_target,n,4,combined,mutation/combined.json,oss
nopcommerce,cs,target,GT-doc,17,37,RQ6-comb,lose_l0:rename_target,n,4,combined-prefix,mutation/combined-prefix.json,oss
nopcommerce,cs,target,GT-doc,17,37,RQ6-comb,lose_l0:rename_target,silent,0,combined,mutation/combined.json,oss
nopcommerce,cs,target,GT-doc,17,37,RQ6-comb,lose_l0:rename_target,silent,4,combined-prefix,mutation/combined-prefix.json,oss
nopcommerce,cs,target,GT-doc,17,37,RQ6-comb,starve_l0_10,advisory,13,combined,mutation/combined.json,oss
nopcommerce,cs,target,GT-doc,17,37,RQ6-comb,starve_l0_10,advisory,13,combined-prefix,mutation/combined-prefix.json,oss
nopcommerce,cs,target,GT-doc,17,37,RQ6-comb,starve_l0_10,advisory_runs,23,combined,mutation/combined.json,oss
nopcommerce,cs,target,GT-doc,17,37,RQ6-comb,starve_l0_10,advisory_runs,23,combined-prefix,mutation/combined-prefix.json,oss
nopcommerce,cs,target,GT-doc,17,37,RQ6-comb,starve_l0_10,drift,56,combined,mutation/combined.json,oss
nopcommerce,cs,target,GT-doc,17,37,RQ6-comb,starve_l0_10,drift,56,combined-prefix,mutation/combined-prefix.json,oss
nopcommerce,cs,target,GT-doc,17,37,RQ6-comb,starve_l0_10,findings,74,combined,mutation/combined.json,oss
nopcommerce,cs,target,GT-doc,17,37,RQ6-comb,starve_l0_10,findings,74,combined-prefix,mutation/combined-prefix.json,oss
nopcommerce,cs,target,GT-doc,17,37,RQ6-comb,starve_l0_10,fp,0,combined,mutation/combined.json,oss
nopcommerce,cs,target,GT-doc,17,37,RQ6-comb,starve_l0_10,fp,0,combined-prefix,mutation/combined-prefix.json,oss
nopcommerce,cs,target,GT-doc,17,37,RQ6-comb,starve_l0_10,gap,5,combined,mutation/combined.json,oss
nopcommerce,cs,target,GT-doc,17,37,RQ6-comb,starve_l0_10,gap,5,combined-prefix,mutation/combined-prefix.json,oss
nopcommerce,cs,target,GT-doc,17,37,RQ6-comb,starve_l0_10,mutations_silent,0,combined,mutation/combined.json,oss
nopcommerce,cs,target,GT-doc,17,37,RQ6-comb,starve_l0_10,mutations_silent,0,combined-prefix,mutation/combined-prefix.json,oss
nopcommerce,cs,target,GT-doc,17,37,RQ6-comb,starve_l0_10,n,23,combined,mutation/combined.json,oss
nopcommerce,cs,target,GT-doc,17,37,RQ6-comb,starve_l0_10,n,23,combined-prefix,mutation/combined-prefix.json,oss
nopcommerce,cs,target,GT-doc,17,37,RQ6-comb,starve_l0_10,silent,0,combined,mutation/combined.json,oss
nopcommerce,cs,target,GT-doc,17,37,RQ6-comb,starve_l0_10,silent,0,combined-prefix,mutation/combined-prefix.json,oss
nopcommerce,cs,target,GT-doc,17,37,RQ6-comb,starve_l0_10:add_forbidden_dep,advisory,8,combined,mutation/combined.json,oss
nopcommerce,cs,target,GT-doc,17,37,RQ6-comb,starve_l0_10:add_forbidden_dep,advisory,8,combined-prefix,mutation/combined-prefix.json,oss
nopcommerce,cs,target,GT-doc,17,37,RQ6-comb,starve_l0_10:add_forbidden_dep,advisory_runs,4,combined,mutation/combined.json,oss
nopcommerce,cs,target,GT-doc,17,37,RQ6-comb,starve_l0_10:add_forbidden_dep,advisory_runs,4,combined-prefix,mutation/combined-prefix.json,oss
nopcommerce,cs,target,GT-doc,17,37,RQ6-comb,starve_l0_10:add_forbidden_dep,drift,0,combined,mutation/combined.json,oss
nopcommerce,cs,target,GT-doc,17,37,RQ6-comb,starve_l0_10:add_forbidden_dep,drift,0,combined-prefix,mutation/combined-prefix.json,oss
nopcommerce,cs,target,GT-doc,17,37,RQ6-comb,starve_l0_10:add_forbidden_dep,findings,8,combined,mutation/combined.json,oss
nopcommerce,cs,target,GT-doc,17,37,RQ6-comb,starve_l0_10:add_forbidden_dep,findings,8,combined-prefix,mutation/combined-prefix.json,oss
nopcommerce,cs,target,GT-doc,17,37,RQ6-comb,starve_l0_10:add_forbidden_dep,fp,0,combined,mutation/combined.json,oss
nopcommerce,cs,target,GT-doc,17,37,RQ6-comb,starve_l0_10:add_forbidden_dep,fp,0,combined-prefix,mutation/combined-prefix.json,oss
nopcommerce,cs,target,GT-doc,17,37,RQ6-comb,starve_l0_10:add_forbidden_dep,gap,0,combined,mutation/combined.json,oss
nopcommerce,cs,target,GT-doc,17,37,RQ6-comb,starve_l0_10:add_forbidden_dep,gap,0,combined-prefix,mutation/combined-prefix.json,oss
nopcommerce,cs,target,GT-doc,17,37,RQ6-comb,starve_l0_10:add_forbidden_dep,mutations_silent,0,combined,mutation/combined.json,oss
nopcommerce,cs,target,GT-doc,17,37,RQ6-comb,starve_l0_10:add_forbidden_dep,mutations_silent,0,combined-prefix,mutation/combined-prefix.json,oss
nopcommerce,cs,target,GT-doc,17,37,RQ6-comb,starve_l0_10:add_forbidden_dep,n,4,combined,mutation/combined.json,oss
nopcommerce,cs,target,GT-doc,17,37,RQ6-comb,starve_l0_10:add_forbidden_dep,n,4,combined-prefix,mutation/combined-prefix.json,oss
nopcommerce,cs,target,GT-doc,17,37,RQ6-comb,starve_l0_10:add_forbidden_dep,silent,0,combined,mutation/combined.json,oss
nopcommerce,cs,target,GT-doc,17,37,RQ6-comb,starve_l0_10:add_forbidden_dep,silent,0,combined-prefix,mutation/combined-prefix.json,oss
nopcommerce,cs,target,GT-doc,17,37,RQ6-comb,starve_l0_10:add_target,advisory,0,combined,mutation/combined.json,oss
nopcommerce,cs,target,GT-doc,17,37,RQ6-comb,starve_l0_10:add_target,advisory,0,combined-prefix,mutation/combined-prefix.json,oss
nopcommerce,cs,target,GT-doc,17,37,RQ6-comb,starve_l0_10:add_target,advisory_runs,4,combined,mutation/combined.json,oss
nopcommerce,cs,target,GT-doc,17,37,RQ6-comb,starve_l0_10:add_target,advisory_runs,4,combined-prefix,mutation/combined-prefix.json,oss
nopcommerce,cs,target,GT-doc,17,37,RQ6-comb,starve_l0_10:add_target,drift,4,combined,mutation/combined.json,oss
nopcommerce,cs,target,GT-doc,17,37,RQ6-comb,starve_l0_10:add_target,drift,4,combined-prefix,mutation/combined-prefix.json,oss
nopcommerce,cs,target,GT-doc,17,37,RQ6-comb,starve_l0_10:add_target,findings,4,combined,mutation/combined.json,oss
nopcommerce,cs,target,GT-doc,17,37,RQ6-comb,starve_l0_10:add_target,findings,4,combined-prefix,mutation/combined-prefix.json,oss
nopcommerce,cs,target,GT-doc,17,37,RQ6-comb,starve_l0_10:add_target,fp,0,combined,mutation/combined.json,oss
nopcommerce,cs,target,GT-doc,17,37,RQ6-comb,starve_l0_10:add_target,fp,0,combined-prefix,mutation/combined-prefix.json,oss
nopcommerce,cs,target,GT-doc,17,37,RQ6-comb,starve_l0_10:add_target,gap,0,combined,mutation/combined.json,oss
nopcommerce,cs,target,GT-doc,17,37,RQ6-comb,starve_l0_10:add_target,gap,0,combined-prefix,mutation/combined-prefix.json,oss
nopcommerce,cs,target,GT-doc,17,37,RQ6-comb,starve_l0_10:add_target,mutations_silent,0,combined,mutation/combined.json,oss
nopcommerce,cs,target,GT-doc,17,37,RQ6-comb,starve_l0_10:add_target,mutations_silent,0,combined-prefix,mutation/combined-prefix.json,oss
nopcommerce,cs,target,GT-doc,17,37,RQ6-comb,starve_l0_10:add_target,n,4,combined,mutation/combined.json,oss
nopcommerce,cs,target,GT-doc,17,37,RQ6-comb,starve_l0_10:add_target,n,4,combined-prefix,mutation/combined-prefix.json,oss
nopcommerce,cs,target,GT-doc,17,37,RQ6-comb,starve_l0_10:add_target,silent,0,combined,mutation/combined.json,oss
nopcommerce,cs,target,GT-doc,17,37,RQ6-comb,starve_l0_10:add_target,silent,0,combined-prefix,mutation/combined-prefix.json,oss
nopcommerce,cs,target,GT-doc,17,37,RQ6-comb,starve_l0_10:merge_targets,advisory,1,combined,mutation/combined.json,oss
nopcommerce,cs,target,GT-doc,17,37,RQ6-comb,starve_l0_10:merge_targets,advisory,1,combined-prefix,mutation/combined-prefix.json,oss
nopcommerce,cs,target,GT-doc,17,37,RQ6-comb,starve_l0_10:merge_targets,advisory_runs,3,combined,mutation/combined.json,oss
nopcommerce,cs,target,GT-doc,17,37,RQ6-comb,starve_l0_10:merge_targets,advisory_runs,3,combined-prefix,mutation/combined-prefix.json,oss
nopcommerce,cs,target,GT-doc,17,37,RQ6-comb,starve_l0_10:merge_targets,drift,17,combined,mutation/combined.json,oss
nopcommerce,cs,target,GT-doc,17,37,RQ6-comb,starve_l0_10:merge_targets,drift,17,combined-prefix,mutation/combined-prefix.json,oss
nopcommerce,cs,target,GT-doc,17,37,RQ6-comb,starve_l0_10:merge_targets,findings,21,combined,mutation/combined.json,oss
nopcommerce,cs,target,GT-doc,17,37,RQ6-comb,starve_l0_10:merge_targets,findings,21,combined-prefix,mutation/combined-prefix.json,oss
nopcommerce,cs,target,GT-doc,17,37,RQ6-comb,starve_l0_10:merge_targets,fp,0,combined,mutation/combined.json,oss
nopcommerce,cs,target,GT-doc,17,37,RQ6-comb,starve_l0_10:merge_targets,fp,0,combined-prefix,mutation/combined-prefix.json,oss
nopcommerce,cs,target,GT-doc,17,37,RQ6-comb,starve_l0_10:merge_targets,gap,3,combined,mutation/combined.json,oss
nopcommerce,cs,target,GT-doc,17,37,RQ6-comb,starve_l0_10:merge_targets,gap,3,combined-prefix,mutation/combined-prefix.json,oss
nopcommerce,cs,target,GT-doc,17,37,RQ6-comb,starve_l0_10:merge_targets,mutations_silent,0,combined,mutation/combined.json,oss
nopcommerce,cs,target,GT-doc,17,37,RQ6-comb,starve_l0_10:merge_targets,mutations_silent,0,combined-prefix,mutation/combined-prefix.json,oss
nopcommerce,cs,target,GT-doc,17,37,RQ6-comb,starve_l0_10:merge_targets,n,3,combined,mutation/combined.json,oss
nopcommerce,cs,target,GT-doc,17,37,RQ6-comb,starve_l0_10:merge_targets,n,3,combined-prefix,mutation/combined-prefix.json,oss
nopcommerce,cs,target,GT-doc,17,37,RQ6-comb,starve_l0_10:merge_targets,silent,0,combined,mutation/combined.json,oss
nopcommerce,cs,target,GT-doc,17,37,RQ6-comb,starve_l0_10:merge_targets,silent,0,combined-prefix,mutation/combined-prefix.json,oss
nopcommerce,cs,target,GT-doc,17,37,RQ6-comb,starve_l0_10:remove_dep,advisory,0,combined,mutation/combined.json,oss
nopcommerce,cs,target,GT-doc,17,37,RQ6-comb,starve_l0_10:remove_dep,advisory,0,combined-prefix,mutation/combined-prefix.json,oss
nopcommerce,cs,target,GT-doc,17,37,RQ6-comb,starve_l0_10:remove_dep,advisory_runs,4,combined,mutation/combined.json,oss
nopcommerce,cs,target,GT-doc,17,37,RQ6-comb,starve_l0_10:remove_dep,advisory_runs,4,combined-prefix,mutation/combined-prefix.json,oss
nopcommerce,cs,target,GT-doc,17,37,RQ6-comb,starve_l0_10:remove_dep,drift,3,combined,mutation/combined.json,oss
nopcommerce,cs,target,GT-doc,17,37,RQ6-comb,starve_l0_10:remove_dep,drift,3,combined-prefix,mutation/combined-prefix.json,oss
nopcommerce,cs,target,GT-doc,17,37,RQ6-comb,starve_l0_10:remove_dep,findings,4,combined,mutation/combined.json,oss
nopcommerce,cs,target,GT-doc,17,37,RQ6-comb,starve_l0_10:remove_dep,findings,4,combined-prefix,mutation/combined-prefix.json,oss
nopcommerce,cs,target,GT-doc,17,37,RQ6-comb,starve_l0_10:remove_dep,fp,0,combined,mutation/combined.json,oss
nopcommerce,cs,target,GT-doc,17,37,RQ6-comb,starve_l0_10:remove_dep,fp,0,combined-prefix,mutation/combined-prefix.json,oss
nopcommerce,cs,target,GT-doc,17,37,RQ6-comb,starve_l0_10:remove_dep,gap,1,combined,mutation/combined.json,oss
nopcommerce,cs,target,GT-doc,17,37,RQ6-comb,starve_l0_10:remove_dep,gap,1,combined-prefix,mutation/combined-prefix.json,oss
nopcommerce,cs,target,GT-doc,17,37,RQ6-comb,starve_l0_10:remove_dep,mutations_silent,0,combined,mutation/combined.json,oss
nopcommerce,cs,target,GT-doc,17,37,RQ6-comb,starve_l0_10:remove_dep,mutations_silent,0,combined-prefix,mutation/combined-prefix.json,oss
nopcommerce,cs,target,GT-doc,17,37,RQ6-comb,starve_l0_10:remove_dep,n,4,combined,mutation/combined.json,oss
nopcommerce,cs,target,GT-doc,17,37,RQ6-comb,starve_l0_10:remove_dep,n,4,combined-prefix,mutation/combined-prefix.json,oss
nopcommerce,cs,target,GT-doc,17,37,RQ6-comb,starve_l0_10:remove_dep,silent,0,combined,mutation/combined.json,oss
nopcommerce,cs,target,GT-doc,17,37,RQ6-comb,starve_l0_10:remove_dep,silent,0,combined-prefix,mutation/combined-prefix.json,oss
nopcommerce,cs,target,GT-doc,17,37,RQ6-comb,starve_l0_10:remove_target,advisory,0,combined,mutation/combined.json,oss
nopcommerce,cs,target,GT-doc,17,37,RQ6-comb,starve_l0_10:remove_target,advisory,0,combined-prefix,mutation/combined-prefix.json,oss
nopcommerce,cs,target,GT-doc,17,37,RQ6-comb,starve_l0_10:remove_target,advisory_runs,4,combined,mutation/combined.json,oss
nopcommerce,cs,target,GT-doc,17,37,RQ6-comb,starve_l0_10:remove_target,advisory_runs,4,combined-prefix,mutation/combined-prefix.json,oss
nopcommerce,cs,target,GT-doc,17,37,RQ6-comb,starve_l0_10:remove_target,drift,10,combined,mutation/combined.json,oss
nopcommerce,cs,target,GT-doc,17,37,RQ6-comb,starve_l0_10:remove_target,drift,10,combined-prefix,mutation/combined-prefix.json,oss
nopcommerce,cs,target,GT-doc,17,37,RQ6-comb,starve_l0_10:remove_target,findings,11,combined,mutation/combined.json,oss
nopcommerce,cs,target,GT-doc,17,37,RQ6-comb,starve_l0_10:remove_target,findings,11,combined-prefix,mutation/combined-prefix.json,oss
nopcommerce,cs,target,GT-doc,17,37,RQ6-comb,starve_l0_10:remove_target,fp,0,combined,mutation/combined.json,oss
nopcommerce,cs,target,GT-doc,17,37,RQ6-comb,starve_l0_10:remove_target,fp,0,combined-prefix,mutation/combined-prefix.json,oss
nopcommerce,cs,target,GT-doc,17,37,RQ6-comb,starve_l0_10:remove_target,gap,1,combined,mutation/combined.json,oss
nopcommerce,cs,target,GT-doc,17,37,RQ6-comb,starve_l0_10:remove_target,gap,1,combined-prefix,mutation/combined-prefix.json,oss
nopcommerce,cs,target,GT-doc,17,37,RQ6-comb,starve_l0_10:remove_target,mutations_silent,0,combined,mutation/combined.json,oss
nopcommerce,cs,target,GT-doc,17,37,RQ6-comb,starve_l0_10:remove_target,mutations_silent,0,combined-prefix,mutation/combined-prefix.json,oss
nopcommerce,cs,target,GT-doc,17,37,RQ6-comb,starve_l0_10:remove_target,n,4,combined,mutation/combined.json,oss
nopcommerce,cs,target,GT-doc,17,37,RQ6-comb,starve_l0_10:remove_target,n,4,combined-prefix,mutation/combined-prefix.json,oss
nopcommerce,cs,target,GT-doc,17,37,RQ6-comb,starve_l0_10:remove_target,silent,0,combined,mutation/combined.json,oss
nopcommerce,cs,target,GT-doc,17,37,RQ6-comb,starve_l0_10:remove_target,silent,0,combined-prefix,mutation/combined-prefix.json,oss
nopcommerce,cs,target,GT-doc,17,37,RQ6-comb,starve_l0_10:rename_target,advisory,4,combined,mutation/combined.json,oss
nopcommerce,cs,target,GT-doc,17,37,RQ6-comb,starve_l0_10:rename_target,advisory,4,combined-prefix,mutation/combined-prefix.json,oss
nopcommerce,cs,target,GT-doc,17,37,RQ6-comb,starve_l0_10:rename_target,advisory_runs,4,combined,mutation/combined.json,oss
nopcommerce,cs,target,GT-doc,17,37,RQ6-comb,starve_l0_10:rename_target,advisory_runs,4,combined-prefix,mutation/combined-prefix.json,oss
nopcommerce,cs,target,GT-doc,17,37,RQ6-comb,starve_l0_10:rename_target,drift,22,combined,mutation/combined.json,oss
nopcommerce,cs,target,GT-doc,17,37,RQ6-comb,starve_l0_10:rename_target,drift,22,combined-prefix,mutation/combined-prefix.json,oss
nopcommerce,cs,target,GT-doc,17,37,RQ6-comb,starve_l0_10:rename_target,findings,26,combined,mutation/combined.json,oss
nopcommerce,cs,target,GT-doc,17,37,RQ6-comb,starve_l0_10:rename_target,findings,26,combined-prefix,mutation/combined-prefix.json,oss
nopcommerce,cs,target,GT-doc,17,37,RQ6-comb,starve_l0_10:rename_target,fp,0,combined,mutation/combined.json,oss
nopcommerce,cs,target,GT-doc,17,37,RQ6-comb,starve_l0_10:rename_target,fp,0,combined-prefix,mutation/combined-prefix.json,oss
nopcommerce,cs,target,GT-doc,17,37,RQ6-comb,starve_l0_10:rename_target,gap,0,combined,mutation/combined.json,oss
nopcommerce,cs,target,GT-doc,17,37,RQ6-comb,starve_l0_10:rename_target,gap,0,combined-prefix,mutation/combined-prefix.json,oss
nopcommerce,cs,target,GT-doc,17,37,RQ6-comb,starve_l0_10:rename_target,mutations_silent,0,combined,mutation/combined.json,oss
nopcommerce,cs,target,GT-doc,17,37,RQ6-comb,starve_l0_10:rename_target,mutations_silent,0,combined-prefix,mutation/combined-prefix.json,oss
nopcommerce,cs,target,GT-doc,17,37,RQ6-comb,starve_l0_10:rename_target,n,4,combined,mutation/combined.json,oss
nopcommerce,cs,target,GT-doc,17,37,RQ6-comb,starve_l0_10:rename_target,n,4,combined-prefix,mutation/combined-prefix.json,oss
nopcommerce,cs,target,GT-doc,17,37,RQ6-comb,starve_l0_10:rename_target,silent,0,combined,mutation/combined.json,oss
nopcommerce,cs,target,GT-doc,17,37,RQ6-comb,starve_l0_10:rename_target,silent,0,combined-prefix,mutation/combined-prefix.json,oss
nopcommerce,cs,target,GT-doc,17,37,RQ6-comb,starve_l0_30,advisory,14,combined,mutation/combined.json,oss
nopcommerce,cs,target,GT-doc,17,37,RQ6-comb,starve_l0_30,advisory,14,combined-prefix,mutation/combined-prefix.json,oss
nopcommerce,cs,target,GT-doc,17,37,RQ6-comb,starve_l0_30,advisory_runs,23,combined,mutation/combined.json,oss
nopcommerce,cs,target,GT-doc,17,37,RQ6-comb,starve_l0_30,advisory_runs,23,combined-prefix,mutation/combined-prefix.json,oss
nopcommerce,cs,target,GT-doc,17,37,RQ6-comb,starve_l0_30,drift,55,combined,mutation/combined.json,oss
nopcommerce,cs,target,GT-doc,17,37,RQ6-comb,starve_l0_30,drift,55,combined-prefix,mutation/combined-prefix.json,oss
nopcommerce,cs,target,GT-doc,17,37,RQ6-comb,starve_l0_30,findings,74,combined,mutation/combined.json,oss
nopcommerce,cs,target,GT-doc,17,37,RQ6-comb,starve_l0_30,findings,74,combined-prefix,mutation/combined-prefix.json,oss
nopcommerce,cs,target,GT-doc,17,37,RQ6-comb,starve_l0_30,fp,0,combined,mutation/combined.json,oss
nopcommerce,cs,target,GT-doc,17,37,RQ6-comb,starve_l0_30,fp,0,combined-prefix,mutation/combined-prefix.json,oss
nopcommerce,cs,target,GT-doc,17,37,RQ6-comb,starve_l0_30,gap,5,combined,mutation/combined.json,oss
nopcommerce,cs,target,GT-doc,17,37,RQ6-comb,starve_l0_30,gap,5,combined-prefix,mutation/combined-prefix.json,oss
nopcommerce,cs,target,GT-doc,17,37,RQ6-comb,starve_l0_30,mutations_silent,0,combined,mutation/combined.json,oss
nopcommerce,cs,target,GT-doc,17,37,RQ6-comb,starve_l0_30,mutations_silent,0,combined-prefix,mutation/combined-prefix.json,oss
nopcommerce,cs,target,GT-doc,17,37,RQ6-comb,starve_l0_30,n,23,combined,mutation/combined.json,oss
nopcommerce,cs,target,GT-doc,17,37,RQ6-comb,starve_l0_30,n,23,combined-prefix,mutation/combined-prefix.json,oss
nopcommerce,cs,target,GT-doc,17,37,RQ6-comb,starve_l0_30,silent,0,combined,mutation/combined.json,oss
nopcommerce,cs,target,GT-doc,17,37,RQ6-comb,starve_l0_30,silent,0,combined-prefix,mutation/combined-prefix.json,oss
nopcommerce,cs,target,GT-doc,17,37,RQ6-comb,starve_l0_30:add_forbidden_dep,advisory,8,combined,mutation/combined.json,oss
nopcommerce,cs,target,GT-doc,17,37,RQ6-comb,starve_l0_30:add_forbidden_dep,advisory,8,combined-prefix,mutation/combined-prefix.json,oss
nopcommerce,cs,target,GT-doc,17,37,RQ6-comb,starve_l0_30:add_forbidden_dep,advisory_runs,4,combined,mutation/combined.json,oss
nopcommerce,cs,target,GT-doc,17,37,RQ6-comb,starve_l0_30:add_forbidden_dep,advisory_runs,4,combined-prefix,mutation/combined-prefix.json,oss
nopcommerce,cs,target,GT-doc,17,37,RQ6-comb,starve_l0_30:add_forbidden_dep,drift,0,combined,mutation/combined.json,oss
nopcommerce,cs,target,GT-doc,17,37,RQ6-comb,starve_l0_30:add_forbidden_dep,drift,0,combined-prefix,mutation/combined-prefix.json,oss
nopcommerce,cs,target,GT-doc,17,37,RQ6-comb,starve_l0_30:add_forbidden_dep,findings,8,combined,mutation/combined.json,oss
nopcommerce,cs,target,GT-doc,17,37,RQ6-comb,starve_l0_30:add_forbidden_dep,findings,8,combined-prefix,mutation/combined-prefix.json,oss
nopcommerce,cs,target,GT-doc,17,37,RQ6-comb,starve_l0_30:add_forbidden_dep,fp,0,combined,mutation/combined.json,oss
nopcommerce,cs,target,GT-doc,17,37,RQ6-comb,starve_l0_30:add_forbidden_dep,fp,0,combined-prefix,mutation/combined-prefix.json,oss
nopcommerce,cs,target,GT-doc,17,37,RQ6-comb,starve_l0_30:add_forbidden_dep,gap,0,combined,mutation/combined.json,oss
nopcommerce,cs,target,GT-doc,17,37,RQ6-comb,starve_l0_30:add_forbidden_dep,gap,0,combined-prefix,mutation/combined-prefix.json,oss
nopcommerce,cs,target,GT-doc,17,37,RQ6-comb,starve_l0_30:add_forbidden_dep,mutations_silent,0,combined,mutation/combined.json,oss
nopcommerce,cs,target,GT-doc,17,37,RQ6-comb,starve_l0_30:add_forbidden_dep,mutations_silent,0,combined-prefix,mutation/combined-prefix.json,oss
nopcommerce,cs,target,GT-doc,17,37,RQ6-comb,starve_l0_30:add_forbidden_dep,n,4,combined,mutation/combined.json,oss
nopcommerce,cs,target,GT-doc,17,37,RQ6-comb,starve_l0_30:add_forbidden_dep,n,4,combined-prefix,mutation/combined-prefix.json,oss
nopcommerce,cs,target,GT-doc,17,37,RQ6-comb,starve_l0_30:add_forbidden_dep,silent,0,combined,mutation/combined.json,oss
nopcommerce,cs,target,GT-doc,17,37,RQ6-comb,starve_l0_30:add_forbidden_dep,silent,0,combined-prefix,mutation/combined-prefix.json,oss
nopcommerce,cs,target,GT-doc,17,37,RQ6-comb,starve_l0_30:add_target,advisory,0,combined,mutation/combined.json,oss
nopcommerce,cs,target,GT-doc,17,37,RQ6-comb,starve_l0_30:add_target,advisory,0,combined-prefix,mutation/combined-prefix.json,oss
nopcommerce,cs,target,GT-doc,17,37,RQ6-comb,starve_l0_30:add_target,advisory_runs,4,combined,mutation/combined.json,oss
nopcommerce,cs,target,GT-doc,17,37,RQ6-comb,starve_l0_30:add_target,advisory_runs,4,combined-prefix,mutation/combined-prefix.json,oss
nopcommerce,cs,target,GT-doc,17,37,RQ6-comb,starve_l0_30:add_target,drift,4,combined,mutation/combined.json,oss
nopcommerce,cs,target,GT-doc,17,37,RQ6-comb,starve_l0_30:add_target,drift,4,combined-prefix,mutation/combined-prefix.json,oss
nopcommerce,cs,target,GT-doc,17,37,RQ6-comb,starve_l0_30:add_target,findings,4,combined,mutation/combined.json,oss
nopcommerce,cs,target,GT-doc,17,37,RQ6-comb,starve_l0_30:add_target,findings,4,combined-prefix,mutation/combined-prefix.json,oss
nopcommerce,cs,target,GT-doc,17,37,RQ6-comb,starve_l0_30:add_target,fp,0,combined,mutation/combined.json,oss
nopcommerce,cs,target,GT-doc,17,37,RQ6-comb,starve_l0_30:add_target,fp,0,combined-prefix,mutation/combined-prefix.json,oss
nopcommerce,cs,target,GT-doc,17,37,RQ6-comb,starve_l0_30:add_target,gap,0,combined,mutation/combined.json,oss
nopcommerce,cs,target,GT-doc,17,37,RQ6-comb,starve_l0_30:add_target,gap,0,combined-prefix,mutation/combined-prefix.json,oss
nopcommerce,cs,target,GT-doc,17,37,RQ6-comb,starve_l0_30:add_target,mutations_silent,0,combined,mutation/combined.json,oss
nopcommerce,cs,target,GT-doc,17,37,RQ6-comb,starve_l0_30:add_target,mutations_silent,0,combined-prefix,mutation/combined-prefix.json,oss
nopcommerce,cs,target,GT-doc,17,37,RQ6-comb,starve_l0_30:add_target,n,4,combined,mutation/combined.json,oss
nopcommerce,cs,target,GT-doc,17,37,RQ6-comb,starve_l0_30:add_target,n,4,combined-prefix,mutation/combined-prefix.json,oss
nopcommerce,cs,target,GT-doc,17,37,RQ6-comb,starve_l0_30:add_target,silent,0,combined,mutation/combined.json,oss
nopcommerce,cs,target,GT-doc,17,37,RQ6-comb,starve_l0_30:add_target,silent,0,combined-prefix,mutation/combined-prefix.json,oss
nopcommerce,cs,target,GT-doc,17,37,RQ6-comb,starve_l0_30:merge_targets,advisory,1,combined,mutation/combined.json,oss
nopcommerce,cs,target,GT-doc,17,37,RQ6-comb,starve_l0_30:merge_targets,advisory,1,combined-prefix,mutation/combined-prefix.json,oss
nopcommerce,cs,target,GT-doc,17,37,RQ6-comb,starve_l0_30:merge_targets,advisory_runs,3,combined,mutation/combined.json,oss
nopcommerce,cs,target,GT-doc,17,37,RQ6-comb,starve_l0_30:merge_targets,advisory_runs,3,combined-prefix,mutation/combined-prefix.json,oss
nopcommerce,cs,target,GT-doc,17,37,RQ6-comb,starve_l0_30:merge_targets,drift,17,combined,mutation/combined.json,oss
nopcommerce,cs,target,GT-doc,17,37,RQ6-comb,starve_l0_30:merge_targets,drift,17,combined-prefix,mutation/combined-prefix.json,oss
nopcommerce,cs,target,GT-doc,17,37,RQ6-comb,starve_l0_30:merge_targets,findings,21,combined,mutation/combined.json,oss
nopcommerce,cs,target,GT-doc,17,37,RQ6-comb,starve_l0_30:merge_targets,findings,21,combined-prefix,mutation/combined-prefix.json,oss
nopcommerce,cs,target,GT-doc,17,37,RQ6-comb,starve_l0_30:merge_targets,fp,0,combined,mutation/combined.json,oss
nopcommerce,cs,target,GT-doc,17,37,RQ6-comb,starve_l0_30:merge_targets,fp,0,combined-prefix,mutation/combined-prefix.json,oss
nopcommerce,cs,target,GT-doc,17,37,RQ6-comb,starve_l0_30:merge_targets,gap,3,combined,mutation/combined.json,oss
nopcommerce,cs,target,GT-doc,17,37,RQ6-comb,starve_l0_30:merge_targets,gap,3,combined-prefix,mutation/combined-prefix.json,oss
nopcommerce,cs,target,GT-doc,17,37,RQ6-comb,starve_l0_30:merge_targets,mutations_silent,0,combined,mutation/combined.json,oss
nopcommerce,cs,target,GT-doc,17,37,RQ6-comb,starve_l0_30:merge_targets,mutations_silent,0,combined-prefix,mutation/combined-prefix.json,oss
nopcommerce,cs,target,GT-doc,17,37,RQ6-comb,starve_l0_30:merge_targets,n,3,combined,mutation/combined.json,oss
nopcommerce,cs,target,GT-doc,17,37,RQ6-comb,starve_l0_30:merge_targets,n,3,combined-prefix,mutation/combined-prefix.json,oss
nopcommerce,cs,target,GT-doc,17,37,RQ6-comb,starve_l0_30:merge_targets,silent,0,combined,mutation/combined.json,oss
nopcommerce,cs,target,GT-doc,17,37,RQ6-comb,starve_l0_30:merge_targets,silent,0,combined-prefix,mutation/combined-prefix.json,oss
nopcommerce,cs,target,GT-doc,17,37,RQ6-comb,starve_l0_30:remove_dep,advisory,0,combined,mutation/combined.json,oss
nopcommerce,cs,target,GT-doc,17,37,RQ6-comb,starve_l0_30:remove_dep,advisory,0,combined-prefix,mutation/combined-prefix.json,oss
nopcommerce,cs,target,GT-doc,17,37,RQ6-comb,starve_l0_30:remove_dep,advisory_runs,4,combined,mutation/combined.json,oss
nopcommerce,cs,target,GT-doc,17,37,RQ6-comb,starve_l0_30:remove_dep,advisory_runs,4,combined-prefix,mutation/combined-prefix.json,oss
nopcommerce,cs,target,GT-doc,17,37,RQ6-comb,starve_l0_30:remove_dep,drift,3,combined,mutation/combined.json,oss
nopcommerce,cs,target,GT-doc,17,37,RQ6-comb,starve_l0_30:remove_dep,drift,3,combined-prefix,mutation/combined-prefix.json,oss
nopcommerce,cs,target,GT-doc,17,37,RQ6-comb,starve_l0_30:remove_dep,findings,4,combined,mutation/combined.json,oss
nopcommerce,cs,target,GT-doc,17,37,RQ6-comb,starve_l0_30:remove_dep,findings,4,combined-prefix,mutation/combined-prefix.json,oss
nopcommerce,cs,target,GT-doc,17,37,RQ6-comb,starve_l0_30:remove_dep,fp,0,combined,mutation/combined.json,oss
nopcommerce,cs,target,GT-doc,17,37,RQ6-comb,starve_l0_30:remove_dep,fp,0,combined-prefix,mutation/combined-prefix.json,oss
nopcommerce,cs,target,GT-doc,17,37,RQ6-comb,starve_l0_30:remove_dep,gap,1,combined,mutation/combined.json,oss
nopcommerce,cs,target,GT-doc,17,37,RQ6-comb,starve_l0_30:remove_dep,gap,1,combined-prefix,mutation/combined-prefix.json,oss
nopcommerce,cs,target,GT-doc,17,37,RQ6-comb,starve_l0_30:remove_dep,mutations_silent,0,combined,mutation/combined.json,oss
nopcommerce,cs,target,GT-doc,17,37,RQ6-comb,starve_l0_30:remove_dep,mutations_silent,0,combined-prefix,mutation/combined-prefix.json,oss
nopcommerce,cs,target,GT-doc,17,37,RQ6-comb,starve_l0_30:remove_dep,n,4,combined,mutation/combined.json,oss
nopcommerce,cs,target,GT-doc,17,37,RQ6-comb,starve_l0_30:remove_dep,n,4,combined-prefix,mutation/combined-prefix.json,oss
nopcommerce,cs,target,GT-doc,17,37,RQ6-comb,starve_l0_30:remove_dep,silent,0,combined,mutation/combined.json,oss
nopcommerce,cs,target,GT-doc,17,37,RQ6-comb,starve_l0_30:remove_dep,silent,0,combined-prefix,mutation/combined-prefix.json,oss
nopcommerce,cs,target,GT-doc,17,37,RQ6-comb,starve_l0_30:remove_target,advisory,0,combined,mutation/combined.json,oss
nopcommerce,cs,target,GT-doc,17,37,RQ6-comb,starve_l0_30:remove_target,advisory,0,combined-prefix,mutation/combined-prefix.json,oss
nopcommerce,cs,target,GT-doc,17,37,RQ6-comb,starve_l0_30:remove_target,advisory_runs,4,combined,mutation/combined.json,oss
nopcommerce,cs,target,GT-doc,17,37,RQ6-comb,starve_l0_30:remove_target,advisory_runs,4,combined-prefix,mutation/combined-prefix.json,oss
nopcommerce,cs,target,GT-doc,17,37,RQ6-comb,starve_l0_30:remove_target,drift,10,combined,mutation/combined.json,oss
nopcommerce,cs,target,GT-doc,17,37,RQ6-comb,starve_l0_30:remove_target,drift,10,combined-prefix,mutation/combined-prefix.json,oss
nopcommerce,cs,target,GT-doc,17,37,RQ6-comb,starve_l0_30:remove_target,findings,11,combined,mutation/combined.json,oss
nopcommerce,cs,target,GT-doc,17,37,RQ6-comb,starve_l0_30:remove_target,findings,11,combined-prefix,mutation/combined-prefix.json,oss
nopcommerce,cs,target,GT-doc,17,37,RQ6-comb,starve_l0_30:remove_target,fp,0,combined,mutation/combined.json,oss
nopcommerce,cs,target,GT-doc,17,37,RQ6-comb,starve_l0_30:remove_target,fp,0,combined-prefix,mutation/combined-prefix.json,oss
nopcommerce,cs,target,GT-doc,17,37,RQ6-comb,starve_l0_30:remove_target,gap,1,combined,mutation/combined.json,oss
nopcommerce,cs,target,GT-doc,17,37,RQ6-comb,starve_l0_30:remove_target,gap,1,combined-prefix,mutation/combined-prefix.json,oss
nopcommerce,cs,target,GT-doc,17,37,RQ6-comb,starve_l0_30:remove_target,mutations_silent,0,combined,mutation/combined.json,oss
nopcommerce,cs,target,GT-doc,17,37,RQ6-comb,starve_l0_30:remove_target,mutations_silent,0,combined-prefix,mutation/combined-prefix.json,oss
nopcommerce,cs,target,GT-doc,17,37,RQ6-comb,starve_l0_30:remove_target,n,4,combined,mutation/combined.json,oss
nopcommerce,cs,target,GT-doc,17,37,RQ6-comb,starve_l0_30:remove_target,n,4,combined-prefix,mutation/combined-prefix.json,oss
nopcommerce,cs,target,GT-doc,17,37,RQ6-comb,starve_l0_30:remove_target,silent,0,combined,mutation/combined.json,oss
nopcommerce,cs,target,GT-doc,17,37,RQ6-comb,starve_l0_30:remove_target,silent,0,combined-prefix,mutation/combined-prefix.json,oss
nopcommerce,cs,target,GT-doc,17,37,RQ6-comb,starve_l0_30:rename_target,advisory,5,combined,mutation/combined.json,oss
nopcommerce,cs,target,GT-doc,17,37,RQ6-comb,starve_l0_30:rename_target,advisory,5,combined-prefix,mutation/combined-prefix.json,oss
nopcommerce,cs,target,GT-doc,17,37,RQ6-comb,starve_l0_30:rename_target,advisory_runs,4,combined,mutation/combined.json,oss
nopcommerce,cs,target,GT-doc,17,37,RQ6-comb,starve_l0_30:rename_target,advisory_runs,4,combined-prefix,mutation/combined-prefix.json,oss
nopcommerce,cs,target,GT-doc,17,37,RQ6-comb,starve_l0_30:rename_target,drift,21,combined,mutation/combined.json,oss
nopcommerce,cs,target,GT-doc,17,37,RQ6-comb,starve_l0_30:rename_target,drift,21,combined-prefix,mutation/combined-prefix.json,oss
nopcommerce,cs,target,GT-doc,17,37,RQ6-comb,starve_l0_30:rename_target,findings,26,combined,mutation/combined.json,oss
nopcommerce,cs,target,GT-doc,17,37,RQ6-comb,starve_l0_30:rename_target,findings,26,combined-prefix,mutation/combined-prefix.json,oss
nopcommerce,cs,target,GT-doc,17,37,RQ6-comb,starve_l0_30:rename_target,fp,0,combined,mutation/combined.json,oss
nopcommerce,cs,target,GT-doc,17,37,RQ6-comb,starve_l0_30:rename_target,fp,0,combined-prefix,mutation/combined-prefix.json,oss
nopcommerce,cs,target,GT-doc,17,37,RQ6-comb,starve_l0_30:rename_target,gap,0,combined,mutation/combined.json,oss
nopcommerce,cs,target,GT-doc,17,37,RQ6-comb,starve_l0_30:rename_target,gap,0,combined-prefix,mutation/combined-prefix.json,oss
nopcommerce,cs,target,GT-doc,17,37,RQ6-comb,starve_l0_30:rename_target,mutations_silent,0,combined,mutation/combined.json,oss
nopcommerce,cs,target,GT-doc,17,37,RQ6-comb,starve_l0_30:rename_target,mutations_silent,0,combined-prefix,mutation/combined-prefix.json,oss
nopcommerce,cs,target,GT-doc,17,37,RQ6-comb,starve_l0_30:rename_target,n,4,combined,mutation/combined.json,oss
nopcommerce,cs,target,GT-doc,17,37,RQ6-comb,starve_l0_30:rename_target,n,4,combined-prefix,mutation/combined-prefix.json,oss
nopcommerce,cs,target,GT-doc,17,37,RQ6-comb,starve_l0_30:rename_target,silent,0,combined,mutation/combined.json,oss
nopcommerce,cs,target,GT-doc,17,37,RQ6-comb,starve_l0_30:rename_target,silent,0,combined-prefix,mutation/combined-prefix.json,oss
nopcommerce,cs,target,GT-doc,17,37,RQ6-comb,starve_mutated,advisory,21,combined,mutation/combined.json,oss
nopcommerce,cs,target,GT-doc,17,37,RQ6-comb,starve_mutated,advisory,21,combined-prefix,mutation/combined-prefix.json,oss
nopcommerce,cs,target,GT-doc,17,37,RQ6-comb,starve_mutated,advisory_runs,23,combined,mutation/combined.json,oss
nopcommerce,cs,target,GT-doc,17,37,RQ6-comb,starve_mutated,advisory_runs,23,combined-prefix,mutation/combined-prefix.json,oss
nopcommerce,cs,target,GT-doc,17,37,RQ6-comb,starve_mutated,drift,23,combined,mutation/combined.json,oss
nopcommerce,cs,target,GT-doc,17,37,RQ6-comb,starve_mutated,drift,23,combined-prefix,mutation/combined-prefix.json,oss
nopcommerce,cs,target,GT-doc,17,37,RQ6-comb,starve_mutated,findings,74,combined,mutation/combined.json,oss
nopcommerce,cs,target,GT-doc,17,37,RQ6-comb,starve_mutated,findings,74,combined-prefix,mutation/combined-prefix.json,oss
nopcommerce,cs,target,GT-doc,17,37,RQ6-comb,starve_mutated,fp,0,combined,mutation/combined.json,oss
nopcommerce,cs,target,GT-doc,17,37,RQ6-comb,starve_mutated,fp,0,combined-prefix,mutation/combined-prefix.json,oss
nopcommerce,cs,target,GT-doc,17,37,RQ6-comb,starve_mutated,gap,30,combined,mutation/combined.json,oss
nopcommerce,cs,target,GT-doc,17,37,RQ6-comb,starve_mutated,gap,30,combined-prefix,mutation/combined-prefix.json,oss
nopcommerce,cs,target,GT-doc,17,37,RQ6-comb,starve_mutated,mutations_silent,0,combined,mutation/combined.json,oss
nopcommerce,cs,target,GT-doc,17,37,RQ6-comb,starve_mutated,mutations_silent,0,combined-prefix,mutation/combined-prefix.json,oss
nopcommerce,cs,target,GT-doc,17,37,RQ6-comb,starve_mutated,n,23,combined,mutation/combined.json,oss
nopcommerce,cs,target,GT-doc,17,37,RQ6-comb,starve_mutated,n,23,combined-prefix,mutation/combined-prefix.json,oss
nopcommerce,cs,target,GT-doc,17,37,RQ6-comb,starve_mutated,silent,0,combined,mutation/combined.json,oss
nopcommerce,cs,target,GT-doc,17,37,RQ6-comb,starve_mutated,silent,0,combined-prefix,mutation/combined-prefix.json,oss
nopcommerce,cs,target,GT-doc,17,37,RQ6-comb,starve_mutated:add_forbidden_dep,advisory,8,combined,mutation/combined.json,oss
nopcommerce,cs,target,GT-doc,17,37,RQ6-comb,starve_mutated:add_forbidden_dep,advisory,8,combined-prefix,mutation/combined-prefix.json,oss
nopcommerce,cs,target,GT-doc,17,37,RQ6-comb,starve_mutated:add_forbidden_dep,advisory_runs,4,combined,mutation/combined.json,oss
nopcommerce,cs,target,GT-doc,17,37,RQ6-comb,starve_mutated:add_forbidden_dep,advisory_runs,4,combined-prefix,mutation/combined-prefix.json,oss
nopcommerce,cs,target,GT-doc,17,37,RQ6-comb,starve_mutated:add_forbidden_dep,drift,0,combined,mutation/combined.json,oss
nopcommerce,cs,target,GT-doc,17,37,RQ6-comb,starve_mutated:add_forbidden_dep,drift,0,combined-prefix,mutation/combined-prefix.json,oss
nopcommerce,cs,target,GT-doc,17,37,RQ6-comb,starve_mutated:add_forbidden_dep,findings,8,combined,mutation/combined.json,oss
nopcommerce,cs,target,GT-doc,17,37,RQ6-comb,starve_mutated:add_forbidden_dep,findings,8,combined-prefix,mutation/combined-prefix.json,oss
nopcommerce,cs,target,GT-doc,17,37,RQ6-comb,starve_mutated:add_forbidden_dep,fp,0,combined,mutation/combined.json,oss
nopcommerce,cs,target,GT-doc,17,37,RQ6-comb,starve_mutated:add_forbidden_dep,fp,0,combined-prefix,mutation/combined-prefix.json,oss
nopcommerce,cs,target,GT-doc,17,37,RQ6-comb,starve_mutated:add_forbidden_dep,gap,0,combined,mutation/combined.json,oss
nopcommerce,cs,target,GT-doc,17,37,RQ6-comb,starve_mutated:add_forbidden_dep,gap,0,combined-prefix,mutation/combined-prefix.json,oss
nopcommerce,cs,target,GT-doc,17,37,RQ6-comb,starve_mutated:add_forbidden_dep,mutations_silent,0,combined,mutation/combined.json,oss
nopcommerce,cs,target,GT-doc,17,37,RQ6-comb,starve_mutated:add_forbidden_dep,mutations_silent,0,combined-prefix,mutation/combined-prefix.json,oss
nopcommerce,cs,target,GT-doc,17,37,RQ6-comb,starve_mutated:add_forbidden_dep,n,4,combined,mutation/combined.json,oss
nopcommerce,cs,target,GT-doc,17,37,RQ6-comb,starve_mutated:add_forbidden_dep,n,4,combined-prefix,mutation/combined-prefix.json,oss
nopcommerce,cs,target,GT-doc,17,37,RQ6-comb,starve_mutated:add_forbidden_dep,silent,0,combined,mutation/combined.json,oss
nopcommerce,cs,target,GT-doc,17,37,RQ6-comb,starve_mutated:add_forbidden_dep,silent,0,combined-prefix,mutation/combined-prefix.json,oss
nopcommerce,cs,target,GT-doc,17,37,RQ6-comb,starve_mutated:add_target,advisory,0,combined,mutation/combined.json,oss
nopcommerce,cs,target,GT-doc,17,37,RQ6-comb,starve_mutated:add_target,advisory,0,combined-prefix,mutation/combined-prefix.json,oss
nopcommerce,cs,target,GT-doc,17,37,RQ6-comb,starve_mutated:add_target,advisory_runs,4,combined,mutation/combined.json,oss
nopcommerce,cs,target,GT-doc,17,37,RQ6-comb,starve_mutated:add_target,advisory_runs,4,combined-prefix,mutation/combined-prefix.json,oss
nopcommerce,cs,target,GT-doc,17,37,RQ6-comb,starve_mutated:add_target,drift,4,combined,mutation/combined.json,oss
nopcommerce,cs,target,GT-doc,17,37,RQ6-comb,starve_mutated:add_target,drift,4,combined-prefix,mutation/combined-prefix.json,oss
nopcommerce,cs,target,GT-doc,17,37,RQ6-comb,starve_mutated:add_target,findings,4,combined,mutation/combined.json,oss
nopcommerce,cs,target,GT-doc,17,37,RQ6-comb,starve_mutated:add_target,findings,4,combined-prefix,mutation/combined-prefix.json,oss
nopcommerce,cs,target,GT-doc,17,37,RQ6-comb,starve_mutated:add_target,fp,0,combined,mutation/combined.json,oss
nopcommerce,cs,target,GT-doc,17,37,RQ6-comb,starve_mutated:add_target,fp,0,combined-prefix,mutation/combined-prefix.json,oss
nopcommerce,cs,target,GT-doc,17,37,RQ6-comb,starve_mutated:add_target,gap,0,combined,mutation/combined.json,oss
nopcommerce,cs,target,GT-doc,17,37,RQ6-comb,starve_mutated:add_target,gap,0,combined-prefix,mutation/combined-prefix.json,oss
nopcommerce,cs,target,GT-doc,17,37,RQ6-comb,starve_mutated:add_target,mutations_silent,0,combined,mutation/combined.json,oss
nopcommerce,cs,target,GT-doc,17,37,RQ6-comb,starve_mutated:add_target,mutations_silent,0,combined-prefix,mutation/combined-prefix.json,oss
nopcommerce,cs,target,GT-doc,17,37,RQ6-comb,starve_mutated:add_target,n,4,combined,mutation/combined.json,oss
nopcommerce,cs,target,GT-doc,17,37,RQ6-comb,starve_mutated:add_target,n,4,combined-prefix,mutation/combined-prefix.json,oss
nopcommerce,cs,target,GT-doc,17,37,RQ6-comb,starve_mutated:add_target,silent,0,combined,mutation/combined.json,oss
nopcommerce,cs,target,GT-doc,17,37,RQ6-comb,starve_mutated:add_target,silent,0,combined-prefix,mutation/combined-prefix.json,oss
nopcommerce,cs,target,GT-doc,17,37,RQ6-comb,starve_mutated:merge_targets,advisory,6,combined,mutation/combined.json,oss
nopcommerce,cs,target,GT-doc,17,37,RQ6-comb,starve_mutated:merge_targets,advisory,6,combined-prefix,mutation/combined-prefix.json,oss
nopcommerce,cs,target,GT-doc,17,37,RQ6-comb,starve_mutated:merge_targets,advisory_runs,3,combined,mutation/combined.json,oss
nopcommerce,cs,target,GT-doc,17,37,RQ6-comb,starve_mutated:merge_targets,advisory_runs,3,combined-prefix,mutation/combined-prefix.json,oss
nopcommerce,cs,target,GT-doc,17,37,RQ6-comb,starve_mutated:merge_targets,drift,3,combined,mutation/combined.json,oss
nopcommerce,cs,target,GT-doc,17,37,RQ6-comb,starve_mutated:merge_targets,drift,3,combined-prefix,mutation/combined-prefix.json,oss
nopcommerce,cs,target,GT-doc,17,37,RQ6-comb,starve_mutated:merge_targets,findings,21,combined,mutation/combined.json,oss
nopcommerce,cs,target,GT-doc,17,37,RQ6-comb,starve_mutated:merge_targets,findings,21,combined-prefix,mutation/combined-prefix.json,oss
nopcommerce,cs,target,GT-doc,17,37,RQ6-comb,starve_mutated:merge_targets,fp,0,combined,mutation/combined.json,oss
nopcommerce,cs,target,GT-doc,17,37,RQ6-comb,starve_mutated:merge_targets,fp,0,combined-prefix,mutation/combined-prefix.json,oss
nopcommerce,cs,target,GT-doc,17,37,RQ6-comb,starve_mutated:merge_targets,gap,12,combined,mutation/combined.json,oss
nopcommerce,cs,target,GT-doc,17,37,RQ6-comb,starve_mutated:merge_targets,gap,12,combined-prefix,mutation/combined-prefix.json,oss
nopcommerce,cs,target,GT-doc,17,37,RQ6-comb,starve_mutated:merge_targets,mutations_silent,0,combined,mutation/combined.json,oss
nopcommerce,cs,target,GT-doc,17,37,RQ6-comb,starve_mutated:merge_targets,mutations_silent,0,combined-prefix,mutation/combined-prefix.json,oss
nopcommerce,cs,target,GT-doc,17,37,RQ6-comb,starve_mutated:merge_targets,n,3,combined,mutation/combined.json,oss
nopcommerce,cs,target,GT-doc,17,37,RQ6-comb,starve_mutated:merge_targets,n,3,combined-prefix,mutation/combined-prefix.json,oss
nopcommerce,cs,target,GT-doc,17,37,RQ6-comb,starve_mutated:merge_targets,silent,0,combined,mutation/combined.json,oss
nopcommerce,cs,target,GT-doc,17,37,RQ6-comb,starve_mutated:merge_targets,silent,0,combined-prefix,mutation/combined-prefix.json,oss
nopcommerce,cs,target,GT-doc,17,37,RQ6-comb,starve_mutated:remove_dep,advisory,0,combined,mutation/combined.json,oss
nopcommerce,cs,target,GT-doc,17,37,RQ6-comb,starve_mutated:remove_dep,advisory,0,combined-prefix,mutation/combined-prefix.json,oss
nopcommerce,cs,target,GT-doc,17,37,RQ6-comb,starve_mutated:remove_dep,advisory_runs,4,combined,mutation/combined.json,oss
nopcommerce,cs,target,GT-doc,17,37,RQ6-comb,starve_mutated:remove_dep,advisory_runs,4,combined-prefix,mutation/combined-prefix.json,oss
nopcommerce,cs,target,GT-doc,17,37,RQ6-comb,starve_mutated:remove_dep,drift,0,combined,mutation/combined.json,oss
nopcommerce,cs,target,GT-doc,17,37,RQ6-comb,starve_mutated:remove_dep,drift,0,combined-prefix,mutation/combined-prefix.json,oss
nopcommerce,cs,target,GT-doc,17,37,RQ6-comb,starve_mutated:remove_dep,findings,4,combined,mutation/combined.json,oss
nopcommerce,cs,target,GT-doc,17,37,RQ6-comb,starve_mutated:remove_dep,findings,4,combined-prefix,mutation/combined-prefix.json,oss
nopcommerce,cs,target,GT-doc,17,37,RQ6-comb,starve_mutated:remove_dep,fp,0,combined,mutation/combined.json,oss
nopcommerce,cs,target,GT-doc,17,37,RQ6-comb,starve_mutated:remove_dep,fp,0,combined-prefix,mutation/combined-prefix.json,oss
nopcommerce,cs,target,GT-doc,17,37,RQ6-comb,starve_mutated:remove_dep,gap,4,combined,mutation/combined.json,oss
nopcommerce,cs,target,GT-doc,17,37,RQ6-comb,starve_mutated:remove_dep,gap,4,combined-prefix,mutation/combined-prefix.json,oss
nopcommerce,cs,target,GT-doc,17,37,RQ6-comb,starve_mutated:remove_dep,mutations_silent,0,combined,mutation/combined.json,oss
nopcommerce,cs,target,GT-doc,17,37,RQ6-comb,starve_mutated:remove_dep,mutations_silent,0,combined-prefix,mutation/combined-prefix.json,oss
nopcommerce,cs,target,GT-doc,17,37,RQ6-comb,starve_mutated:remove_dep,n,4,combined,mutation/combined.json,oss
nopcommerce,cs,target,GT-doc,17,37,RQ6-comb,starve_mutated:remove_dep,n,4,combined-prefix,mutation/combined-prefix.json,oss
nopcommerce,cs,target,GT-doc,17,37,RQ6-comb,starve_mutated:remove_dep,silent,0,combined,mutation/combined.json,oss
nopcommerce,cs,target,GT-doc,17,37,RQ6-comb,starve_mutated:remove_dep,silent,0,combined-prefix,mutation/combined-prefix.json,oss
nopcommerce,cs,target,GT-doc,17,37,RQ6-comb,starve_mutated:remove_target,advisory,0,combined,mutation/combined.json,oss
nopcommerce,cs,target,GT-doc,17,37,RQ6-comb,starve_mutated:remove_target,advisory,0,combined-prefix,mutation/combined-prefix.json,oss
nopcommerce,cs,target,GT-doc,17,37,RQ6-comb,starve_mutated:remove_target,advisory_runs,4,combined,mutation/combined.json,oss
nopcommerce,cs,target,GT-doc,17,37,RQ6-comb,starve_mutated:remove_target,advisory_runs,4,combined-prefix,mutation/combined-prefix.json,oss
nopcommerce,cs,target,GT-doc,17,37,RQ6-comb,starve_mutated:remove_target,drift,4,combined,mutation/combined.json,oss
nopcommerce,cs,target,GT-doc,17,37,RQ6-comb,starve_mutated:remove_target,drift,4,combined-prefix,mutation/combined-prefix.json,oss
nopcommerce,cs,target,GT-doc,17,37,RQ6-comb,starve_mutated:remove_target,findings,11,combined,mutation/combined.json,oss
nopcommerce,cs,target,GT-doc,17,37,RQ6-comb,starve_mutated:remove_target,findings,11,combined-prefix,mutation/combined-prefix.json,oss
nopcommerce,cs,target,GT-doc,17,37,RQ6-comb,starve_mutated:remove_target,fp,0,combined,mutation/combined.json,oss
nopcommerce,cs,target,GT-doc,17,37,RQ6-comb,starve_mutated:remove_target,fp,0,combined-prefix,mutation/combined-prefix.json,oss
nopcommerce,cs,target,GT-doc,17,37,RQ6-comb,starve_mutated:remove_target,gap,7,combined,mutation/combined.json,oss
nopcommerce,cs,target,GT-doc,17,37,RQ6-comb,starve_mutated:remove_target,gap,7,combined-prefix,mutation/combined-prefix.json,oss
nopcommerce,cs,target,GT-doc,17,37,RQ6-comb,starve_mutated:remove_target,mutations_silent,0,combined,mutation/combined.json,oss
nopcommerce,cs,target,GT-doc,17,37,RQ6-comb,starve_mutated:remove_target,mutations_silent,0,combined-prefix,mutation/combined-prefix.json,oss
nopcommerce,cs,target,GT-doc,17,37,RQ6-comb,starve_mutated:remove_target,n,4,combined,mutation/combined.json,oss
nopcommerce,cs,target,GT-doc,17,37,RQ6-comb,starve_mutated:remove_target,n,4,combined-prefix,mutation/combined-prefix.json,oss
nopcommerce,cs,target,GT-doc,17,37,RQ6-comb,starve_mutated:remove_target,silent,0,combined,mutation/combined.json,oss
nopcommerce,cs,target,GT-doc,17,37,RQ6-comb,starve_mutated:remove_target,silent,0,combined-prefix,mutation/combined-prefix.json,oss
nopcommerce,cs,target,GT-doc,17,37,RQ6-comb,starve_mutated:rename_target,advisory,7,combined,mutation/combined.json,oss
nopcommerce,cs,target,GT-doc,17,37,RQ6-comb,starve_mutated:rename_target,advisory,7,combined-prefix,mutation/combined-prefix.json,oss
nopcommerce,cs,target,GT-doc,17,37,RQ6-comb,starve_mutated:rename_target,advisory_runs,4,combined,mutation/combined.json,oss
nopcommerce,cs,target,GT-doc,17,37,RQ6-comb,starve_mutated:rename_target,advisory_runs,4,combined-prefix,mutation/combined-prefix.json,oss
nopcommerce,cs,target,GT-doc,17,37,RQ6-comb,starve_mutated:rename_target,drift,12,combined,mutation/combined.json,oss
nopcommerce,cs,target,GT-doc,17,37,RQ6-comb,starve_mutated:rename_target,drift,12,combined-prefix,mutation/combined-prefix.json,oss
nopcommerce,cs,target,GT-doc,17,37,RQ6-comb,starve_mutated:rename_target,findings,26,combined,mutation/combined.json,oss
nopcommerce,cs,target,GT-doc,17,37,RQ6-comb,starve_mutated:rename_target,findings,26,combined-prefix,mutation/combined-prefix.json,oss
nopcommerce,cs,target,GT-doc,17,37,RQ6-comb,starve_mutated:rename_target,fp,0,combined,mutation/combined.json,oss
nopcommerce,cs,target,GT-doc,17,37,RQ6-comb,starve_mutated:rename_target,fp,0,combined-prefix,mutation/combined-prefix.json,oss
nopcommerce,cs,target,GT-doc,17,37,RQ6-comb,starve_mutated:rename_target,gap,7,combined,mutation/combined.json,oss
nopcommerce,cs,target,GT-doc,17,37,RQ6-comb,starve_mutated:rename_target,gap,7,combined-prefix,mutation/combined-prefix.json,oss
nopcommerce,cs,target,GT-doc,17,37,RQ6-comb,starve_mutated:rename_target,mutations_silent,0,combined,mutation/combined.json,oss
nopcommerce,cs,target,GT-doc,17,37,RQ6-comb,starve_mutated:rename_target,mutations_silent,0,combined-prefix,mutation/combined-prefix.json,oss
nopcommerce,cs,target,GT-doc,17,37,RQ6-comb,starve_mutated:rename_target,n,4,combined,mutation/combined.json,oss
nopcommerce,cs,target,GT-doc,17,37,RQ6-comb,starve_mutated:rename_target,n,4,combined-prefix,mutation/combined-prefix.json,oss
nopcommerce,cs,target,GT-doc,17,37,RQ6-comb,starve_mutated:rename_target,silent,0,combined,mutation/combined.json,oss
nopcommerce,cs,target,GT-doc,17,37,RQ6-comb,starve_mutated:rename_target,silent,0,combined-prefix,mutation/combined-prefix.json,oss
orchardcore,cs,target,GT-doc,34,207,RQ6-comb,lose_l0,advisory,8,combined,mutation/combined.json,oss
orchardcore,cs,target,GT-doc,34,207,RQ6-comb,lose_l0,advisory,0,combined-prefix,mutation/combined-prefix.json,oss
orchardcore,cs,target,GT-doc,34,207,RQ6-comb,lose_l0,advisory_runs,24,combined,mutation/combined.json,oss
orchardcore,cs,target,GT-doc,34,207,RQ6-comb,lose_l0,advisory_runs,0,combined-prefix,mutation/combined-prefix.json,oss
orchardcore,cs,target,GT-doc,34,207,RQ6-comb,lose_l0,drift,0,combined,mutation/combined.json,oss
orchardcore,cs,target,GT-doc,34,207,RQ6-comb,lose_l0,drift,0,combined-prefix,mutation/combined-prefix.json,oss
orchardcore,cs,target,GT-doc,34,207,RQ6-comb,lose_l0,findings,263,combined,mutation/combined.json,oss
orchardcore,cs,target,GT-doc,34,207,RQ6-comb,lose_l0,findings,263,combined-prefix,mutation/combined-prefix.json,oss
orchardcore,cs,target,GT-doc,34,207,RQ6-comb,lose_l0,fp,0,combined,mutation/combined.json,oss
orchardcore,cs,target,GT-doc,34,207,RQ6-comb,lose_l0,fp,0,combined-prefix,mutation/combined-prefix.json,oss
orchardcore,cs,target,GT-doc,34,207,RQ6-comb,lose_l0,gap,255,combined,mutation/combined.json,oss
orchardcore,cs,target,GT-doc,34,207,RQ6-comb,lose_l0,gap,255,combined-prefix,mutation/combined-prefix.json,oss
orchardcore,cs,target,GT-doc,34,207,RQ6-comb,lose_l0,mutations_silent,0,combined,mutation/combined.json,oss
orchardcore,cs,target,GT-doc,34,207,RQ6-comb,lose_l0,mutations_silent,8,combined-prefix,mutation/combined-prefix.json,oss
orchardcore,cs,target,GT-doc,34,207,RQ6-comb,lose_l0,n,24,combined,mutation/combined.json,oss
orchardcore,cs,target,GT-doc,34,207,RQ6-comb,lose_l0,n,24,combined-prefix,mutation/combined-prefix.json,oss
orchardcore,cs,target,GT-doc,34,207,RQ6-comb,lose_l0,silent,0,combined,mutation/combined.json,oss
orchardcore,cs,target,GT-doc,34,207,RQ6-comb,lose_l0,silent,8,combined-prefix,mutation/combined-prefix.json,oss
orchardcore,cs,target,GT-doc,34,207,RQ6-comb,lose_l0:add_forbidden_dep,advisory,0,combined,mutation/combined.json,oss
orchardcore,cs,target,GT-doc,34,207,RQ6-comb,lose_l0:add_forbidden_dep,advisory,0,combined-prefix,mutation/combined-prefix.json,oss
orchardcore,cs,target,GT-doc,34,207,RQ6-comb,lose_l0:add_forbidden_dep,advisory_runs,4,combined,mutation/combined.json,oss
orchardcore,cs,target,GT-doc,34,207,RQ6-comb,lose_l0:add_forbidden_dep,advisory_runs,0,combined-prefix,mutation/combined-prefix.json,oss
orchardcore,cs,target,GT-doc,34,207,RQ6-comb,lose_l0:add_forbidden_dep,drift,0,combined,mutation/combined.json,oss
orchardcore,cs,target,GT-doc,34,207,RQ6-comb,lose_l0:add_forbidden_dep,drift,0,combined-prefix,mutation/combined-prefix.json,oss
orchardcore,cs,target,GT-doc,34,207,RQ6-comb,lose_l0:add_forbidden_dep,findings,8,combined,mutation/combined.json,oss
orchardcore,cs,target,GT-doc,34,207,RQ6-comb,lose_l0:add_forbidden_dep,findings,8,combined-prefix,mutation/combined-prefix.json,oss
orchardcore,cs,target,GT-doc,34,207,RQ6-comb,lose_l0:add_forbidden_dep,fp,0,combined,mutation/combined.json,oss
orchardcore,cs,target,GT-doc,34,207,RQ6-comb,lose_l0:add_forbidden_dep,fp,0,combined-prefix,mutation/combined-prefix.json,oss
orchardcore,cs,target,GT-doc,34,207,RQ6-comb,lose_l0:add_forbidden_dep,gap,8,combined,mutation/combined.json,oss
orchardcore,cs,target,GT-doc,34,207,RQ6-comb,lose_l0:add_forbidden_dep,gap,8,combined-prefix,mutation/combined-prefix.json,oss
orchardcore,cs,target,GT-doc,34,207,RQ6-comb,lose_l0:add_forbidden_dep,mutations_silent,0,combined,mutation/combined.json,oss
orchardcore,cs,target,GT-doc,34,207,RQ6-comb,lose_l0:add_forbidden_dep,mutations_silent,0,combined-prefix,mutation/combined-prefix.json,oss
orchardcore,cs,target,GT-doc,34,207,RQ6-comb,lose_l0:add_forbidden_dep,n,4,combined,mutation/combined.json,oss
orchardcore,cs,target,GT-doc,34,207,RQ6-comb,lose_l0:add_forbidden_dep,n,4,combined-prefix,mutation/combined-prefix.json,oss
orchardcore,cs,target,GT-doc,34,207,RQ6-comb,lose_l0:add_forbidden_dep,silent,0,combined,mutation/combined.json,oss
orchardcore,cs,target,GT-doc,34,207,RQ6-comb,lose_l0:add_forbidden_dep,silent,0,combined-prefix,mutation/combined-prefix.json,oss
orchardcore,cs,target,GT-doc,34,207,RQ6-comb,lose_l0:add_target,advisory,4,combined,mutation/combined.json,oss
orchardcore,cs,target,GT-doc,34,207,RQ6-comb,lose_l0:add_target,advisory,0,combined-prefix,mutation/combined-prefix.json,oss
orchardcore,cs,target,GT-doc,34,207,RQ6-comb,lose_l0:add_target,advisory_runs,4,combined,mutation/combined.json,oss
orchardcore,cs,target,GT-doc,34,207,RQ6-comb,lose_l0:add_target,advisory_runs,0,combined-prefix,mutation/combined-prefix.json,oss
orchardcore,cs,target,GT-doc,34,207,RQ6-comb,lose_l0:add_target,drift,0,combined,mutation/combined.json,oss
orchardcore,cs,target,GT-doc,34,207,RQ6-comb,lose_l0:add_target,drift,0,combined-prefix,mutation/combined-prefix.json,oss
orchardcore,cs,target,GT-doc,34,207,RQ6-comb,lose_l0:add_target,findings,4,combined,mutation/combined.json,oss
orchardcore,cs,target,GT-doc,34,207,RQ6-comb,lose_l0:add_target,findings,4,combined-prefix,mutation/combined-prefix.json,oss
orchardcore,cs,target,GT-doc,34,207,RQ6-comb,lose_l0:add_target,fp,0,combined,mutation/combined.json,oss
orchardcore,cs,target,GT-doc,34,207,RQ6-comb,lose_l0:add_target,fp,0,combined-prefix,mutation/combined-prefix.json,oss
orchardcore,cs,target,GT-doc,34,207,RQ6-comb,lose_l0:add_target,gap,0,combined,mutation/combined.json,oss
orchardcore,cs,target,GT-doc,34,207,RQ6-comb,lose_l0:add_target,gap,0,combined-prefix,mutation/combined-prefix.json,oss
orchardcore,cs,target,GT-doc,34,207,RQ6-comb,lose_l0:add_target,mutations_silent,0,combined,mutation/combined.json,oss
orchardcore,cs,target,GT-doc,34,207,RQ6-comb,lose_l0:add_target,mutations_silent,4,combined-prefix,mutation/combined-prefix.json,oss
orchardcore,cs,target,GT-doc,34,207,RQ6-comb,lose_l0:add_target,n,4,combined,mutation/combined.json,oss
orchardcore,cs,target,GT-doc,34,207,RQ6-comb,lose_l0:add_target,n,4,combined-prefix,mutation/combined-prefix.json,oss
orchardcore,cs,target,GT-doc,34,207,RQ6-comb,lose_l0:add_target,silent,0,combined,mutation/combined.json,oss
orchardcore,cs,target,GT-doc,34,207,RQ6-comb,lose_l0:add_target,silent,4,combined-prefix,mutation/combined-prefix.json,oss
orchardcore,cs,target,GT-doc,34,207,RQ6-comb,lose_l0:merge_targets,advisory,0,combined,mutation/combined.json,oss
orchardcore,cs,target,GT-doc,34,207,RQ6-comb,lose_l0:merge_targets,advisory,0,combined-prefix,mutation/combined-prefix.json,oss
orchardcore,cs,target,GT-doc,34,207,RQ6-comb,lose_l0:merge_targets,advisory_runs,4,combined,mutation/combined.json,oss
orchardcore,cs,target,GT-doc,34,207,RQ6-comb,lose_l0:merge_targets,advisory_runs,0,combined-prefix,mutation/combined-prefix.json,oss
orchardcore,cs,target,GT-doc,34,207,RQ6-comb,lose_l0:merge_targets,drift,0,combined,mutation/combined.json,oss
orchardcore,cs,target,GT-doc,34,207,RQ6-comb,lose_l0:merge_targets,drift,0,combined-prefix,mutation/combined-prefix.json,oss
orchardcore,cs,target,GT-doc,34,207,RQ6-comb,lose_l0:merge_targets,findings,66,combined,mutation/combined.json,oss
orchardcore,cs,target,GT-doc,34,207,RQ6-comb,lose_l0:merge_targets,findings,66,combined-prefix,mutation/combined-prefix.json,oss
orchardcore,cs,target,GT-doc,34,207,RQ6-comb,lose_l0:merge_targets,fp,0,combined,mutation/combined.json,oss
orchardcore,cs,target,GT-doc,34,207,RQ6-comb,lose_l0:merge_targets,fp,0,combined-prefix,mutation/combined-prefix.json,oss
orchardcore,cs,target,GT-doc,34,207,RQ6-comb,lose_l0:merge_targets,gap,66,combined,mutation/combined.json,oss
orchardcore,cs,target,GT-doc,34,207,RQ6-comb,lose_l0:merge_targets,gap,66,combined-prefix,mutation/combined-prefix.json,oss
orchardcore,cs,target,GT-doc,34,207,RQ6-comb,lose_l0:merge_targets,mutations_silent,0,combined,mutation/combined.json,oss
orchardcore,cs,target,GT-doc,34,207,RQ6-comb,lose_l0:merge_targets,mutations_silent,0,combined-prefix,mutation/combined-prefix.json,oss
orchardcore,cs,target,GT-doc,34,207,RQ6-comb,lose_l0:merge_targets,n,4,combined,mutation/combined.json,oss
orchardcore,cs,target,GT-doc,34,207,RQ6-comb,lose_l0:merge_targets,n,4,combined-prefix,mutation/combined-prefix.json,oss
orchardcore,cs,target,GT-doc,34,207,RQ6-comb,lose_l0:merge_targets,silent,0,combined,mutation/combined.json,oss
orchardcore,cs,target,GT-doc,34,207,RQ6-comb,lose_l0:merge_targets,silent,0,combined-prefix,mutation/combined-prefix.json,oss
orchardcore,cs,target,GT-doc,34,207,RQ6-comb,lose_l0:remove_dep,advisory,0,combined,mutation/combined.json,oss
orchardcore,cs,target,GT-doc,34,207,RQ6-comb,lose_l0:remove_dep,advisory,0,combined-prefix,mutation/combined-prefix.json,oss
orchardcore,cs,target,GT-doc,34,207,RQ6-comb,lose_l0:remove_dep,advisory_runs,4,combined,mutation/combined.json,oss
orchardcore,cs,target,GT-doc,34,207,RQ6-comb,lose_l0:remove_dep,advisory_runs,0,combined-prefix,mutation/combined-prefix.json,oss
orchardcore,cs,target,GT-doc,34,207,RQ6-comb,lose_l0:remove_dep,drift,0,combined,mutation/combined.json,oss
orchardcore,cs,target,GT-doc,34,207,RQ6-comb,lose_l0:remove_dep,drift,0,combined-prefix,mutation/combined-prefix.json,oss
orchardcore,cs,target,GT-doc,34,207,RQ6-comb,lose_l0:remove_dep,findings,4,combined,mutation/combined.json,oss
orchardcore,cs,target,GT-doc,34,207,RQ6-comb,lose_l0:remove_dep,findings,4,combined-prefix,mutation/combined-prefix.json,oss
orchardcore,cs,target,GT-doc,34,207,RQ6-comb,lose_l0:remove_dep,fp,0,combined,mutation/combined.json,oss
orchardcore,cs,target,GT-doc,34,207,RQ6-comb,lose_l0:remove_dep,fp,0,combined-prefix,mutation/combined-prefix.json,oss
orchardcore,cs,target,GT-doc,34,207,RQ6-comb,lose_l0:remove_dep,gap,4,combined,mutation/combined.json,oss
orchardcore,cs,target,GT-doc,34,207,RQ6-comb,lose_l0:remove_dep,gap,4,combined-prefix,mutation/combined-prefix.json,oss
orchardcore,cs,target,GT-doc,34,207,RQ6-comb,lose_l0:remove_dep,mutations_silent,0,combined,mutation/combined.json,oss
orchardcore,cs,target,GT-doc,34,207,RQ6-comb,lose_l0:remove_dep,mutations_silent,0,combined-prefix,mutation/combined-prefix.json,oss
orchardcore,cs,target,GT-doc,34,207,RQ6-comb,lose_l0:remove_dep,n,4,combined,mutation/combined.json,oss
orchardcore,cs,target,GT-doc,34,207,RQ6-comb,lose_l0:remove_dep,n,4,combined-prefix,mutation/combined-prefix.json,oss
orchardcore,cs,target,GT-doc,34,207,RQ6-comb,lose_l0:remove_dep,silent,0,combined,mutation/combined.json,oss
orchardcore,cs,target,GT-doc,34,207,RQ6-comb,lose_l0:remove_dep,silent,0,combined-prefix,mutation/combined-prefix.json,oss
orchardcore,cs,target,GT-doc,34,207,RQ6-comb,lose_l0:remove_target,advisory,0,combined,mutation/combined.json,oss
orchardcore,cs,target,GT-doc,34,207,RQ6-comb,lose_l0:remove_target,advisory,0,combined-prefix,mutation/combined-prefix.json,oss
orchardcore,cs,target,GT-doc,34,207,RQ6-comb,lose_l0:remove_target,advisory_runs,4,combined,mutation/combined.json,oss
orchardcore,cs,target,GT-doc,34,207,RQ6-comb,lose_l0:remove_target,advisory_runs,0,combined-prefix,mutation/combined-prefix.json,oss
orchardcore,cs,target,GT-doc,34,207,RQ6-comb,lose_l0:remove_target,drift,0,combined,mutation/combined.json,oss
orchardcore,cs,target,GT-doc,34,207,RQ6-comb,lose_l0:remove_target,drift,0,combined-prefix,mutation/combined-prefix.json,oss
orchardcore,cs,target,GT-doc,34,207,RQ6-comb,lose_l0:remove_target,findings,59,combined,mutation/combined.json,oss
orchardcore,cs,target,GT-doc,34,207,RQ6-comb,lose_l0:remove_target,findings,59,combined-prefix,mutation/combined-prefix.json,oss
orchardcore,cs,target,GT-doc,34,207,RQ6-comb,lose_l0:remove_target,fp,0,combined,mutation/combined.json,oss
orchardcore,cs,target,GT-doc,34,207,RQ6-comb,lose_l0:remove_target,fp,0,combined-prefix,mutation/combined-prefix.json,oss
orchardcore,cs,target,GT-doc,34,207,RQ6-comb,lose_l0:remove_target,gap,59,combined,mutation/combined.json,oss
orchardcore,cs,target,GT-doc,34,207,RQ6-comb,lose_l0:remove_target,gap,59,combined-prefix,mutation/combined-prefix.json,oss
orchardcore,cs,target,GT-doc,34,207,RQ6-comb,lose_l0:remove_target,mutations_silent,0,combined,mutation/combined.json,oss
orchardcore,cs,target,GT-doc,34,207,RQ6-comb,lose_l0:remove_target,mutations_silent,0,combined-prefix,mutation/combined-prefix.json,oss
orchardcore,cs,target,GT-doc,34,207,RQ6-comb,lose_l0:remove_target,n,4,combined,mutation/combined.json,oss
orchardcore,cs,target,GT-doc,34,207,RQ6-comb,lose_l0:remove_target,n,4,combined-prefix,mutation/combined-prefix.json,oss
orchardcore,cs,target,GT-doc,34,207,RQ6-comb,lose_l0:remove_target,silent,0,combined,mutation/combined.json,oss
orchardcore,cs,target,GT-doc,34,207,RQ6-comb,lose_l0:remove_target,silent,0,combined-prefix,mutation/combined-prefix.json,oss
orchardcore,cs,target,GT-doc,34,207,RQ6-comb,lose_l0:rename_target,advisory,4,combined,mutation/combined.json,oss
orchardcore,cs,target,GT-doc,34,207,RQ6-comb,lose_l0:rename_target,advisory,0,combined-prefix,mutation/combined-prefix.json,oss
orchardcore,cs,target,GT-doc,34,207,RQ6-comb,lose_l0:rename_target,advisory_runs,4,combined,mutation/combined.json,oss
orchardcore,cs,target,GT-doc,34,207,RQ6-comb,lose_l0:rename_target,advisory_runs,0,combined-prefix,mutation/combined-prefix.json,oss
orchardcore,cs,target,GT-doc,34,207,RQ6-comb,lose_l0:rename_target,drift,0,combined,mutation/combined.json,oss
orchardcore,cs,target,GT-doc,34,207,RQ6-comb,lose_l0:rename_target,drift,0,combined-prefix,mutation/combined-prefix.json,oss
orchardcore,cs,target,GT-doc,34,207,RQ6-comb,lose_l0:rename_target,findings,122,combined,mutation/combined.json,oss
orchardcore,cs,target,GT-doc,34,207,RQ6-comb,lose_l0:rename_target,findings,122,combined-prefix,mutation/combined-prefix.json,oss
orchardcore,cs,target,GT-doc,34,207,RQ6-comb,lose_l0:rename_target,fp,0,combined,mutation/combined.json,oss
orchardcore,cs,target,GT-doc,34,207,RQ6-comb,lose_l0:rename_target,fp,0,combined-prefix,mutation/combined-prefix.json,oss
orchardcore,cs,target,GT-doc,34,207,RQ6-comb,lose_l0:rename_target,gap,118,combined,mutation/combined.json,oss
orchardcore,cs,target,GT-doc,34,207,RQ6-comb,lose_l0:rename_target,gap,118,combined-prefix,mutation/combined-prefix.json,oss
orchardcore,cs,target,GT-doc,34,207,RQ6-comb,lose_l0:rename_target,mutations_silent,0,combined,mutation/combined.json,oss
orchardcore,cs,target,GT-doc,34,207,RQ6-comb,lose_l0:rename_target,mutations_silent,4,combined-prefix,mutation/combined-prefix.json,oss
orchardcore,cs,target,GT-doc,34,207,RQ6-comb,lose_l0:rename_target,n,4,combined,mutation/combined.json,oss
orchardcore,cs,target,GT-doc,34,207,RQ6-comb,lose_l0:rename_target,n,4,combined-prefix,mutation/combined-prefix.json,oss
orchardcore,cs,target,GT-doc,34,207,RQ6-comb,lose_l0:rename_target,silent,0,combined,mutation/combined.json,oss
orchardcore,cs,target,GT-doc,34,207,RQ6-comb,lose_l0:rename_target,silent,4,combined-prefix,mutation/combined-prefix.json,oss
orchardcore,cs,target,GT-doc,34,207,RQ6-comb,starve_l0_10,advisory,10,combined,mutation/combined.json,oss
orchardcore,cs,target,GT-doc,34,207,RQ6-comb,starve_l0_10,advisory,10,combined-prefix,mutation/combined-prefix.json,oss
orchardcore,cs,target,GT-doc,34,207,RQ6-comb,starve_l0_10,advisory_runs,24,combined,mutation/combined.json,oss
orchardcore,cs,target,GT-doc,34,207,RQ6-comb,starve_l0_10,advisory_runs,24,combined-prefix,mutation/combined-prefix.json,oss
orchardcore,cs,target,GT-doc,34,207,RQ6-comb,starve_l0_10,drift,240,combined,mutation/combined.json,oss
orchardcore,cs,target,GT-doc,34,207,RQ6-comb,starve_l0_10,drift,240,combined-prefix,mutation/combined-prefix.json,oss
orchardcore,cs,target,GT-doc,34,207,RQ6-comb,starve_l0_10,findings,263,combined,mutation/combined.json,oss
orchardcore,cs,target,GT-doc,34,207,RQ6-comb,starve_l0_10,findings,263,combined-prefix,mutation/combined-prefix.json,oss
orchardcore,cs,target,GT-doc,34,207,RQ6-comb,starve_l0_10,fp,0,combined,mutation/combined.json,oss
orchardcore,cs,target,GT-doc,34,207,RQ6-comb,starve_l0_10,fp,0,combined-prefix,mutation/combined-prefix.json,oss
orchardcore,cs,target,GT-doc,34,207,RQ6-comb,starve_l0_10,gap,13,combined,mutation/combined.json,oss
orchardcore,cs,target,GT-doc,34,207,RQ6-comb,starve_l0_10,gap,13,combined-prefix,mutation/combined-prefix.json,oss
orchardcore,cs,target,GT-doc,34,207,RQ6-comb,starve_l0_10,mutations_silent,0,combined,mutation/combined.json,oss
orchardcore,cs,target,GT-doc,34,207,RQ6-comb,starve_l0_10,mutations_silent,0,combined-prefix,mutation/combined-prefix.json,oss
orchardcore,cs,target,GT-doc,34,207,RQ6-comb,starve_l0_10,n,24,combined,mutation/combined.json,oss
orchardcore,cs,target,GT-doc,34,207,RQ6-comb,starve_l0_10,n,24,combined-prefix,mutation/combined-prefix.json,oss
orchardcore,cs,target,GT-doc,34,207,RQ6-comb,starve_l0_10,silent,0,combined,mutation/combined.json,oss
orchardcore,cs,target,GT-doc,34,207,RQ6-comb,starve_l0_10,silent,0,combined-prefix,mutation/combined-prefix.json,oss
orchardcore,cs,target,GT-doc,34,207,RQ6-comb,starve_l0_10:add_forbidden_dep,advisory,4,combined,mutation/combined.json,oss
orchardcore,cs,target,GT-doc,34,207,RQ6-comb,starve_l0_10:add_forbidden_dep,advisory,4,combined-prefix,mutation/combined-prefix.json,oss
orchardcore,cs,target,GT-doc,34,207,RQ6-comb,starve_l0_10:add_forbidden_dep,advisory_runs,4,combined,mutation/combined.json,oss
orchardcore,cs,target,GT-doc,34,207,RQ6-comb,starve_l0_10:add_forbidden_dep,advisory_runs,4,combined-prefix,mutation/combined-prefix.json,oss
orchardcore,cs,target,GT-doc,34,207,RQ6-comb,starve_l0_10:add_forbidden_dep,drift,4,combined,mutation/combined.json,oss
orchardcore,cs,target,GT-doc,34,207,RQ6-comb,starve_l0_10:add_forbidden_dep,drift,4,combined-prefix,mutation/combined-prefix.json,oss
orchardcore,cs,target,GT-doc,34,207,RQ6-comb,starve_l0_10:add_forbidden_dep,findings,8,combined,mutation/combined.json,oss
orchardcore,cs,target,GT-doc,34,207,RQ6-comb,starve_l0_10:add_forbidden_dep,findings,8,combined-prefix,mutation/combined-prefix.json,oss
orchardcore,cs,target,GT-doc,34,207,RQ6-comb,starve_l0_10:add_forbidden_dep,fp,0,combined,mutation/combined.json,oss
orchardcore,cs,target,GT-doc,34,207,RQ6-comb,starve_l0_10:add_forbidden_dep,fp,0,combined-prefix,mutation/combined-prefix.json,oss
orchardcore,cs,target,GT-doc,34,207,RQ6-comb,starve_l0_10:add_forbidden_dep,gap,0,combined,mutation/combined.json,oss
orchardcore,cs,target,GT-doc,34,207,RQ6-comb,starve_l0_10:add_forbidden_dep,gap,0,combined-prefix,mutation/combined-prefix.json,oss
orchardcore,cs,target,GT-doc,34,207,RQ6-comb,starve_l0_10:add_forbidden_dep,mutations_silent,0,combined,mutation/combined.json,oss
orchardcore,cs,target,GT-doc,34,207,RQ6-comb,starve_l0_10:add_forbidden_dep,mutations_silent,0,combined-prefix,mutation/combined-prefix.json,oss
orchardcore,cs,target,GT-doc,34,207,RQ6-comb,starve_l0_10:add_forbidden_dep,n,4,combined,mutation/combined.json,oss
orchardcore,cs,target,GT-doc,34,207,RQ6-comb,starve_l0_10:add_forbidden_dep,n,4,combined-prefix,mutation/combined-prefix.json,oss
orchardcore,cs,target,GT-doc,34,207,RQ6-comb,starve_l0_10:add_forbidden_dep,silent,0,combined,mutation/combined.json,oss
orchardcore,cs,target,GT-doc,34,207,RQ6-comb,starve_l0_10:add_forbidden_dep,silent,0,combined-prefix,mutation/combined-prefix.json,oss
orchardcore,cs,target,GT-doc,34,207,RQ6-comb,starve_l0_10:add_target,advisory,0,combined,mutation/combined.json,oss
orchardcore,cs,target,GT-doc,34,207,RQ6-comb,starve_l0_10:add_target,advisory,0,combined-prefix,mutation/combined-prefix.json,oss
orchardcore,cs,target,GT-doc,34,207,RQ6-comb,starve_l0_10:add_target,advisory_runs,4,combined,mutation/combined.json,oss
orchardcore,cs,target,GT-doc,34,207,RQ6-comb,starve_l0_10:add_target,advisory_runs,4,combined-prefix,mutation/combined-prefix.json,oss
orchardcore,cs,target,GT-doc,34,207,RQ6-comb,starve_l0_10:add_target,drift,4,combined,mutation/combined.json,oss
orchardcore,cs,target,GT-doc,34,207,RQ6-comb,starve_l0_10:add_target,drift,4,combined-prefix,mutation/combined-prefix.json,oss
orchardcore,cs,target,GT-doc,34,207,RQ6-comb,starve_l0_10:add_target,findings,4,combined,mutation/combined.json,oss
orchardcore,cs,target,GT-doc,34,207,RQ6-comb,starve_l0_10:add_target,findings,4,combined-prefix,mutation/combined-prefix.json,oss
orchardcore,cs,target,GT-doc,34,207,RQ6-comb,starve_l0_10:add_target,fp,0,combined,mutation/combined.json,oss
orchardcore,cs,target,GT-doc,34,207,RQ6-comb,starve_l0_10:add_target,fp,0,combined-prefix,mutation/combined-prefix.json,oss
orchardcore,cs,target,GT-doc,34,207,RQ6-comb,starve_l0_10:add_target,gap,0,combined,mutation/combined.json,oss
orchardcore,cs,target,GT-doc,34,207,RQ6-comb,starve_l0_10:add_target,gap,0,combined-prefix,mutation/combined-prefix.json,oss
orchardcore,cs,target,GT-doc,34,207,RQ6-comb,starve_l0_10:add_target,mutations_silent,0,combined,mutation/combined.json,oss
orchardcore,cs,target,GT-doc,34,207,RQ6-comb,starve_l0_10:add_target,mutations_silent,0,combined-prefix,mutation/combined-prefix.json,oss
orchardcore,cs,target,GT-doc,34,207,RQ6-comb,starve_l0_10:add_target,n,4,combined,mutation/combined.json,oss
orchardcore,cs,target,GT-doc,34,207,RQ6-comb,starve_l0_10:add_target,n,4,combined-prefix,mutation/combined-prefix.json,oss
orchardcore,cs,target,GT-doc,34,207,RQ6-comb,starve_l0_10:add_target,silent,0,combined,mutation/combined.json,oss
orchardcore,cs,target,GT-doc,34,207,RQ6-comb,starve_l0_10:add_target,silent,0,combined-prefix,mutation/combined-prefix.json,oss
orchardcore,cs,target,GT-doc,34,207,RQ6-comb,starve_l0_10:merge_targets,advisory,0,combined,mutation/combined.json,oss
orchardcore,cs,target,GT-doc,34,207,RQ6-comb,starve_l0_10:merge_targets,advisory,0,combined-prefix,mutation/combined-prefix.json,oss
orchardcore,cs,target,GT-doc,34,207,RQ6-comb,starve_l0_10:merge_targets,advisory_runs,4,combined,mutation/combined.json,oss
orchardcore,cs,target,GT-doc,34,207,RQ6-comb,starve_l0_10:merge_targets,advisory_runs,4,combined-prefix,mutation/combined-prefix.json,oss
orchardcore,cs,target,GT-doc,34,207,RQ6-comb,starve_l0_10:merge_targets,drift,61,combined,mutation/combined.json,oss
orchardcore,cs,target,GT-doc,34,207,RQ6-comb,starve_l0_10:merge_targets,drift,61,combined-prefix,mutation/combined-prefix.json,oss
orchardcore,cs,target,GT-doc,34,207,RQ6-comb,starve_l0_10:merge_targets,findings,66,combined,mutation/combined.json,oss
orchardcore,cs,target,GT-doc,34,207,RQ6-comb,starve_l0_10:merge_targets,findings,66,combined-prefix,mutation/combined-prefix.json,oss
orchardcore,cs,target,GT-doc,34,207,RQ6-comb,starve_l0_10:merge_targets,fp,0,combined,mutation/combined.json,oss
orchardcore,cs,target,GT-doc,34,207,RQ6-comb,starve_l0_10:merge_targets,fp,0,combined-prefix,mutation/combined-prefix.json,oss
orchardcore,cs,target,GT-doc,34,207,RQ6-comb,starve_l0_10:merge_targets,gap,5,combined,mutation/combined.json,oss
orchardcore,cs,target,GT-doc,34,207,RQ6-comb,starve_l0_10:merge_targets,gap,5,combined-prefix,mutation/combined-prefix.json,oss
orchardcore,cs,target,GT-doc,34,207,RQ6-comb,starve_l0_10:merge_targets,mutations_silent,0,combined,mutation/combined.json,oss
orchardcore,cs,target,GT-doc,34,207,RQ6-comb,starve_l0_10:merge_targets,mutations_silent,0,combined-prefix,mutation/combined-prefix.json,oss
orchardcore,cs,target,GT-doc,34,207,RQ6-comb,starve_l0_10:merge_targets,n,4,combined,mutation/combined.json,oss
orchardcore,cs,target,GT-doc,34,207,RQ6-comb,starve_l0_10:merge_targets,n,4,combined-prefix,mutation/combined-prefix.json,oss
orchardcore,cs,target,GT-doc,34,207,RQ6-comb,starve_l0_10:merge_targets,silent,0,combined,mutation/combined.json,oss
orchardcore,cs,target,GT-doc,34,207,RQ6-comb,starve_l0_10:merge_targets,silent,0,combined-prefix,mutation/combined-prefix.json,oss
orchardcore,cs,target,GT-doc,34,207,RQ6-comb,starve_l0_10:remove_dep,advisory,0,combined,mutation/combined.json,oss
orchardcore,cs,target,GT-doc,34,207,RQ6-comb,starve_l0_10:remove_dep,advisory,0,combined-prefix,mutation/combined-prefix.json,oss
orchardcore,cs,target,GT-doc,34,207,RQ6-comb,starve_l0_10:remove_dep,advisory_runs,4,combined,mutation/combined.json,oss
orchardcore,cs,target,GT-doc,34,207,RQ6-comb,starve_l0_10:remove_dep,advisory_runs,4,combined-prefix,mutation/combined-prefix.json,oss
orchardcore,cs,target,GT-doc,34,207,RQ6-comb,starve_l0_10:remove_dep,drift,3,combined,mutation/combined.json,oss
orchardcore,cs,target,GT-doc,34,207,RQ6-comb,starve_l0_10:remove_dep,drift,3,combined-prefix,mutation/combined-prefix.json,oss
orchardcore,cs,target,GT-doc,34,207,RQ6-comb,starve_l0_10:remove_dep,findings,4,combined,mutation/combined.json,oss
orchardcore,cs,target,GT-doc,34,207,RQ6-comb,starve_l0_10:remove_dep,findings,4,combined-prefix,mutation/combined-prefix.json,oss
orchardcore,cs,target,GT-doc,34,207,RQ6-comb,starve_l0_10:remove_dep,fp,0,combined,mutation/combined.json,oss
orchardcore,cs,target,GT-doc,34,207,RQ6-comb,starve_l0_10:remove_dep,fp,0,combined-prefix,mutation/combined-prefix.json,oss
orchardcore,cs,target,GT-doc,34,207,RQ6-comb,starve_l0_10:remove_dep,gap,1,combined,mutation/combined.json,oss
orchardcore,cs,target,GT-doc,34,207,RQ6-comb,starve_l0_10:remove_dep,gap,1,combined-prefix,mutation/combined-prefix.json,oss
orchardcore,cs,target,GT-doc,34,207,RQ6-comb,starve_l0_10:remove_dep,mutations_silent,0,combined,mutation/combined.json,oss
orchardcore,cs,target,GT-doc,34,207,RQ6-comb,starve_l0_10:remove_dep,mutations_silent,0,combined-prefix,mutation/combined-prefix.json,oss
orchardcore,cs,target,GT-doc,34,207,RQ6-comb,starve_l0_10:remove_dep,n,4,combined,mutation/combined.json,oss
orchardcore,cs,target,GT-doc,34,207,RQ6-comb,starve_l0_10:remove_dep,n,4,combined-prefix,mutation/combined-prefix.json,oss
orchardcore,cs,target,GT-doc,34,207,RQ6-comb,starve_l0_10:remove_dep,silent,0,combined,mutation/combined.json,oss
orchardcore,cs,target,GT-doc,34,207,RQ6-comb,starve_l0_10:remove_dep,silent,0,combined-prefix,mutation/combined-prefix.json,oss
orchardcore,cs,target,GT-doc,34,207,RQ6-comb,starve_l0_10:remove_target,advisory,0,combined,mutation/combined.json,oss
orchardcore,cs,target,GT-doc,34,207,RQ6-comb,starve_l0_10:remove_target,advisory,0,combined-prefix,mutation/combined-prefix.json,oss
orchardcore,cs,target,GT-doc,34,207,RQ6-comb,starve_l0_10:remove_target,advisory_runs,4,combined,mutation/combined.json,oss
orchardcore,cs,target,GT-doc,34,207,RQ6-comb,starve_l0_10:remove_target,advisory_runs,4,combined-prefix,mutation/combined-prefix.json,oss
orchardcore,cs,target,GT-doc,34,207,RQ6-comb,starve_l0_10:remove_target,drift,56,combined,mutation/combined.json,oss
orchardcore,cs,target,GT-doc,34,207,RQ6-comb,starve_l0_10:remove_target,drift,56,combined-prefix,mutation/combined-prefix.json,oss
orchardcore,cs,target,GT-doc,34,207,RQ6-comb,starve_l0_10:remove_target,findings,59,combined,mutation/combined.json,oss
orchardcore,cs,target,GT-doc,34,207,RQ6-comb,starve_l0_10:remove_target,findings,59,combined-prefix,mutation/combined-prefix.json,oss
orchardcore,cs,target,GT-doc,34,207,RQ6-comb,starve_l0_10:remove_target,fp,0,combined,mutation/combined.json,oss
orchardcore,cs,target,GT-doc,34,207,RQ6-comb,starve_l0_10:remove_target,fp,0,combined-prefix,mutation/combined-prefix.json,oss
orchardcore,cs,target,GT-doc,34,207,RQ6-comb,starve_l0_10:remove_target,gap,3,combined,mutation/combined.json,oss
orchardcore,cs,target,GT-doc,34,207,RQ6-comb,starve_l0_10:remove_target,gap,3,combined-prefix,mutation/combined-prefix.json,oss
orchardcore,cs,target,GT-doc,34,207,RQ6-comb,starve_l0_10:remove_target,mutations_silent,0,combined,mutation/combined.json,oss
orchardcore,cs,target,GT-doc,34,207,RQ6-comb,starve_l0_10:remove_target,mutations_silent,0,combined-prefix,mutation/combined-prefix.json,oss
orchardcore,cs,target,GT-doc,34,207,RQ6-comb,starve_l0_10:remove_target,n,4,combined,mutation/combined.json,oss
orchardcore,cs,target,GT-doc,34,207,RQ6-comb,starve_l0_10:remove_target,n,4,combined-prefix,mutation/combined-prefix.json,oss
orchardcore,cs,target,GT-doc,34,207,RQ6-comb,starve_l0_10:remove_target,silent,0,combined,mutation/combined.json,oss
orchardcore,cs,target,GT-doc,34,207,RQ6-comb,starve_l0_10:remove_target,silent,0,combined-prefix,mutation/combined-prefix.json,oss
orchardcore,cs,target,GT-doc,34,207,RQ6-comb,starve_l0_10:rename_target,advisory,6,combined,mutation/combined.json,oss
orchardcore,cs,target,GT-doc,34,207,RQ6-comb,starve_l0_10:rename_target,advisory,6,combined-prefix,mutation/combined-prefix.json,oss
orchardcore,cs,target,GT-doc,34,207,RQ6-comb,starve_l0_10:rename_target,advisory_runs,4,combined,mutation/combined.json,oss
orchardcore,cs,target,GT-doc,34,207,RQ6-comb,starve_l0_10:rename_target,advisory_runs,4,combined-prefix,mutation/combined-prefix.json,oss
orchardcore,cs,target,GT-doc,34,207,RQ6-comb,starve_l0_10:rename_target,drift,112,combined,mutation/combined.json,oss
orchardcore,cs,target,GT-doc,34,207,RQ6-comb,starve_l0_10:rename_target,drift,112,combined-prefix,mutation/combined-prefix.json,oss
orchardcore,cs,target,GT-doc,34,207,RQ6-comb,starve_l0_10:rename_target,findings,122,combined,mutation/combined.json,oss
orchardcore,cs,target,GT-doc,34,207,RQ6-comb,starve_l0_10:rename_target,findings,122,combined-prefix,mutation/combined-prefix.json,oss
orchardcore,cs,target,GT-doc,34,207,RQ6-comb,starve_l0_10:rename_target,fp,0,combined,mutation/combined.json,oss
orchardcore,cs,target,GT-doc,34,207,RQ6-comb,starve_l0_10:rename_target,fp,0,combined-prefix,mutation/combined-prefix.json,oss
orchardcore,cs,target,GT-doc,34,207,RQ6-comb,starve_l0_10:rename_target,gap,4,combined,mutation/combined.json,oss
orchardcore,cs,target,GT-doc,34,207,RQ6-comb,starve_l0_10:rename_target,gap,4,combined-prefix,mutation/combined-prefix.json,oss
orchardcore,cs,target,GT-doc,34,207,RQ6-comb,starve_l0_10:rename_target,mutations_silent,0,combined,mutation/combined.json,oss
orchardcore,cs,target,GT-doc,34,207,RQ6-comb,starve_l0_10:rename_target,mutations_silent,0,combined-prefix,mutation/combined-prefix.json,oss
orchardcore,cs,target,GT-doc,34,207,RQ6-comb,starve_l0_10:rename_target,n,4,combined,mutation/combined.json,oss
orchardcore,cs,target,GT-doc,34,207,RQ6-comb,starve_l0_10:rename_target,n,4,combined-prefix,mutation/combined-prefix.json,oss
orchardcore,cs,target,GT-doc,34,207,RQ6-comb,starve_l0_10:rename_target,silent,0,combined,mutation/combined.json,oss
orchardcore,cs,target,GT-doc,34,207,RQ6-comb,starve_l0_10:rename_target,silent,0,combined-prefix,mutation/combined-prefix.json,oss
orchardcore,cs,target,GT-doc,34,207,RQ6-comb,starve_l0_30,advisory,57,combined,mutation/combined.json,oss
orchardcore,cs,target,GT-doc,34,207,RQ6-comb,starve_l0_30,advisory,57,combined-prefix,mutation/combined-prefix.json,oss
orchardcore,cs,target,GT-doc,34,207,RQ6-comb,starve_l0_30,advisory_runs,24,combined,mutation/combined.json,oss
orchardcore,cs,target,GT-doc,34,207,RQ6-comb,starve_l0_30,advisory_runs,24,combined-prefix,mutation/combined-prefix.json,oss
orchardcore,cs,target,GT-doc,34,207,RQ6-comb,starve_l0_30,drift,142,combined,mutation/combined.json,oss
orchardcore,cs,target,GT-doc,34,207,RQ6-comb,starve_l0_30,drift,142,combined-prefix,mutation/combined-prefix.json,oss
orchardcore,cs,target,GT-doc,34,207,RQ6-comb,starve_l0_30,findings,263,combined,mutation/combined.json,oss
orchardcore,cs,target,GT-doc,34,207,RQ6-comb,starve_l0_30,findings,263,combined-prefix,mutation/combined-prefix.json,oss
orchardcore,cs,target,GT-doc,34,207,RQ6-comb,starve_l0_30,fp,0,combined,mutation/combined.json,oss
orchardcore,cs,target,GT-doc,34,207,RQ6-comb,starve_l0_30,fp,0,combined-prefix,mutation/combined-prefix.json,oss
orchardcore,cs,target,GT-doc,34,207,RQ6-comb,starve_l0_30,gap,64,combined,mutation/combined.json,oss
orchardcore,cs,target,GT-doc,34,207,RQ6-comb,starve_l0_30,gap,64,combined-prefix,mutation/combined-prefix.json,oss
orchardcore,cs,target,GT-doc,34,207,RQ6-comb,starve_l0_30,mutations_silent,0,combined,mutation/combined.json,oss
orchardcore,cs,target,GT-doc,34,207,RQ6-comb,starve_l0_30,mutations_silent,0,combined-prefix,mutation/combined-prefix.json,oss
orchardcore,cs,target,GT-doc,34,207,RQ6-comb,starve_l0_30,n,24,combined,mutation/combined.json,oss
orchardcore,cs,target,GT-doc,34,207,RQ6-comb,starve_l0_30,n,24,combined-prefix,mutation/combined-prefix.json,oss
orchardcore,cs,target,GT-doc,34,207,RQ6-comb,starve_l0_30,silent,0,combined,mutation/combined.json,oss
orchardcore,cs,target,GT-doc,34,207,RQ6-comb,starve_l0_30,silent,0,combined-prefix,mutation/combined-prefix.json,oss
orchardcore,cs,target,GT-doc,34,207,RQ6-comb,starve_l0_30:add_forbidden_dep,advisory,2,combined,mutation/combined.json,oss
orchardcore,cs,target,GT-doc,34,207,RQ6-comb,starve_l0_30:add_forbidden_dep,advisory,2,combined-prefix,mutation/combined-prefix.json,oss
orchardcore,cs,target,GT-doc,34,207,RQ6-comb,starve_l0_30:add_forbidden_dep,advisory_runs,4,combined,mutation/combined.json,oss
orchardcore,cs,target,GT-doc,34,207,RQ6-comb,starve_l0_30:add_forbidden_dep,advisory_runs,4,combined-prefix,mutation/combined-prefix.json,oss
orchardcore,cs,target,GT-doc,34,207,RQ6-comb,starve_l0_30:add_forbidden_dep,drift,6,combined,mutation/combined.json,oss
orchardcore,cs,target,GT-doc,34,207,RQ6-comb,starve_l0_30:add_forbidden_dep,drift,6,combined-prefix,mutation/combined-prefix.json,oss
orchardcore,cs,target,GT-doc,34,207,RQ6-comb,starve_l0_30:add_forbidden_dep,findings,8,combined,mutation/combined.json,oss
orchardcore,cs,target,GT-doc,34,207,RQ6-comb,starve_l0_30:add_forbidden_dep,findings,8,combined-prefix,mutation/combined-prefix.json,oss
orchardcore,cs,target,GT-doc,34,207,RQ6-comb,starve_l0_30:add_forbidden_dep,fp,0,combined,mutation/combined.json,oss
orchardcore,cs,target,GT-doc,34,207,RQ6-comb,starve_l0_30:add_forbidden_dep,fp,0,combined-prefix,mutation/combined-prefix.json,oss
orchardcore,cs,target,GT-doc,34,207,RQ6-comb,starve_l0_30:add_forbidden_dep,gap,0,combined,mutation/combined.json,oss
orchardcore,cs,target,GT-doc,34,207,RQ6-comb,starve_l0_30:add_forbidden_dep,gap,0,combined-prefix,mutation/combined-prefix.json,oss
orchardcore,cs,target,GT-doc,34,207,RQ6-comb,starve_l0_30:add_forbidden_dep,mutations_silent,0,combined,mutation/combined.json,oss
orchardcore,cs,target,GT-doc,34,207,RQ6-comb,starve_l0_30:add_forbidden_dep,mutations_silent,0,combined-prefix,mutation/combined-prefix.json,oss
orchardcore,cs,target,GT-doc,34,207,RQ6-comb,starve_l0_30:add_forbidden_dep,n,4,combined,mutation/combined.json,oss
orchardcore,cs,target,GT-doc,34,207,RQ6-comb,starve_l0_30:add_forbidden_dep,n,4,combined-prefix,mutation/combined-prefix.json,oss
orchardcore,cs,target,GT-doc,34,207,RQ6-comb,starve_l0_30:add_forbidden_dep,silent,0,combined,mutation/combined.json,oss
orchardcore,cs,target,GT-doc,34,207,RQ6-comb,starve_l0_30:add_forbidden_dep,silent,0,combined-prefix,mutation/combined-prefix.json,oss
orchardcore,cs,target,GT-doc,34,207,RQ6-comb,starve_l0_30:add_target,advisory,0,combined,mutation/combined.json,oss
orchardcore,cs,target,GT-doc,34,207,RQ6-comb,starve_l0_30:add_target,advisory,0,combined-prefix,mutation/combined-prefix.json,oss
orchardcore,cs,target,GT-doc,34,207,RQ6-comb,starve_l0_30:add_target,advisory_runs,4,combined,mutation/combined.json,oss
orchardcore,cs,target,GT-doc,34,207,RQ6-comb,starve_l0_30:add_target,advisory_runs,4,combined-prefix,mutation/combined-prefix.json,oss
orchardcore,cs,target,GT-doc,34,207,RQ6-comb,starve_l0_30:add_target,drift,4,combined,mutation/combined.json,oss
orchardcore,cs,target,GT-doc,34,207,RQ6-comb,starve_l0_30:add_target,drift,4,combined-prefix,mutation/combined-prefix.json,oss
orchardcore,cs,target,GT-doc,34,207,RQ6-comb,starve_l0_30:add_target,findings,4,combined,mutation/combined.json,oss
orchardcore,cs,target,GT-doc,34,207,RQ6-comb,starve_l0_30:add_target,findings,4,combined-prefix,mutation/combined-prefix.json,oss
orchardcore,cs,target,GT-doc,34,207,RQ6-comb,starve_l0_30:add_target,fp,0,combined,mutation/combined.json,oss
orchardcore,cs,target,GT-doc,34,207,RQ6-comb,starve_l0_30:add_target,fp,0,combined-prefix,mutation/combined-prefix.json,oss
orchardcore,cs,target,GT-doc,34,207,RQ6-comb,starve_l0_30:add_target,gap,0,combined,mutation/combined.json,oss
orchardcore,cs,target,GT-doc,34,207,RQ6-comb,starve_l0_30:add_target,gap,0,combined-prefix,mutation/combined-prefix.json,oss
orchardcore,cs,target,GT-doc,34,207,RQ6-comb,starve_l0_30:add_target,mutations_silent,0,combined,mutation/combined.json,oss
orchardcore,cs,target,GT-doc,34,207,RQ6-comb,starve_l0_30:add_target,mutations_silent,0,combined-prefix,mutation/combined-prefix.json,oss
orchardcore,cs,target,GT-doc,34,207,RQ6-comb,starve_l0_30:add_target,n,4,combined,mutation/combined.json,oss
orchardcore,cs,target,GT-doc,34,207,RQ6-comb,starve_l0_30:add_target,n,4,combined-prefix,mutation/combined-prefix.json,oss
orchardcore,cs,target,GT-doc,34,207,RQ6-comb,starve_l0_30:add_target,silent,0,combined,mutation/combined.json,oss
orchardcore,cs,target,GT-doc,34,207,RQ6-comb,starve_l0_30:add_target,silent,0,combined-prefix,mutation/combined-prefix.json,oss
orchardcore,cs,target,GT-doc,34,207,RQ6-comb,starve_l0_30:merge_targets,advisory,0,combined,mutation/combined.json,oss
orchardcore,cs,target,GT-doc,34,207,RQ6-comb,starve_l0_30:merge_targets,advisory,0,combined-prefix,mutation/combined-prefix.json,oss
orchardcore,cs,target,GT-doc,34,207,RQ6-comb,starve_l0_30:merge_targets,advisory_runs,4,combined,mutation/combined.json,oss
orchardcore,cs,target,GT-doc,34,207,RQ6-comb,starve_l0_30:merge_targets,advisory_runs,4,combined-prefix,mutation/combined-prefix.json,oss
orchardcore,cs,target,GT-doc,34,207,RQ6-comb,starve_l0_30:merge_targets,drift,49,combined,mutation/combined.json,oss
orchardcore,cs,target,GT-doc,34,207,RQ6-comb,starve_l0_30:merge_targets,drift,49,combined-prefix,mutation/combined-prefix.json,oss
orchardcore,cs,target,GT-doc,34,207,RQ6-comb,starve_l0_30:merge_targets,findings,66,combined,mutation/combined.json,oss
orchardcore,cs,target,GT-doc,34,207,RQ6-comb,starve_l0_30:merge_targets,findings,66,combined-prefix,mutation/combined-prefix.json,oss
orchardcore,cs,target,GT-doc,34,207,RQ6-comb,starve_l0_30:merge_targets,fp,0,combined,mutation/combined.json,oss
orchardcore,cs,target,GT-doc,34,207,RQ6-comb,starve_l0_30:merge_targets,fp,0,combined-prefix,mutation/combined-prefix.json,oss
orchardcore,cs,target,GT-doc,34,207,RQ6-comb,starve_l0_30:merge_targets,gap,17,combined,mutation/combined.json,oss
orchardcore,cs,target,GT-doc,34,207,RQ6-comb,starve_l0_30:merge_targets,gap,17,combined-prefix,mutation/combined-prefix.json,oss
orchardcore,cs,target,GT-doc,34,207,RQ6-comb,starve_l0_30:merge_targets,mutations_silent,0,combined,mutation/combined.json,oss
orchardcore,cs,target,GT-doc,34,207,RQ6-comb,starve_l0_30:merge_targets,mutations_silent,0,combined-prefix,mutation/combined-prefix.json,oss
orchardcore,cs,target,GT-doc,34,207,RQ6-comb,starve_l0_30:merge_targets,n,4,combined,mutation/combined.json,oss
orchardcore,cs,target,GT-doc,34,207,RQ6-comb,starve_l0_30:merge_targets,n,4,combined-prefix,mutation/combined-prefix.json,oss
orchardcore,cs,target,GT-doc,34,207,RQ6-comb,starve_l0_30:merge_targets,silent,0,combined,mutation/combined.json,oss
orchardcore,cs,target,GT-doc,34,207,RQ6-comb,starve_l0_30:merge_targets,silent,0,combined-prefix,mutation/combined-prefix.json,oss
orchardcore,cs,target,GT-doc,34,207,RQ6-comb,starve_l0_30:remove_dep,advisory,0,combined,mutation/combined.json,oss
orchardcore,cs,target,GT-doc,34,207,RQ6-comb,starve_l0_30:remove_dep,advisory,0,combined-prefix,mutation/combined-prefix.json,oss
orchardcore,cs,target,GT-doc,34,207,RQ6-comb,starve_l0_30:remove_dep,advisory_runs,4,combined,mutation/combined.json,oss
orchardcore,cs,target,GT-doc,34,207,RQ6-comb,starve_l0_30:remove_dep,advisory_runs,4,combined-prefix,mutation/combined-prefix.json,oss
orchardcore,cs,target,GT-doc,34,207,RQ6-comb,starve_l0_30:remove_dep,drift,2,combined,mutation/combined.json,oss
orchardcore,cs,target,GT-doc,34,207,RQ6-comb,starve_l0_30:remove_dep,drift,2,combined-prefix,mutation/combined-prefix.json,oss
orchardcore,cs,target,GT-doc,34,207,RQ6-comb,starve_l0_30:remove_dep,findings,4,combined,mutation/combined.json,oss
orchardcore,cs,target,GT-doc,34,207,RQ6-comb,starve_l0_30:remove_dep,findings,4,combined-prefix,mutation/combined-prefix.json,oss
orchardcore,cs,target,GT-doc,34,207,RQ6-comb,starve_l0_30:remove_dep,fp,0,combined,mutation/combined.json,oss
orchardcore,cs,target,GT-doc,34,207,RQ6-comb,starve_l0_30:remove_dep,fp,0,combined-prefix,mutation/combined-prefix.json,oss
orchardcore,cs,target,GT-doc,34,207,RQ6-comb,starve_l0_30:remove_dep,gap,2,combined,mutation/combined.json,oss
orchardcore,cs,target,GT-doc,34,207,RQ6-comb,starve_l0_30:remove_dep,gap,2,combined-prefix,mutation/combined-prefix.json,oss
orchardcore,cs,target,GT-doc,34,207,RQ6-comb,starve_l0_30:remove_dep,mutations_silent,0,combined,mutation/combined.json,oss
orchardcore,cs,target,GT-doc,34,207,RQ6-comb,starve_l0_30:remove_dep,mutations_silent,0,combined-prefix,mutation/combined-prefix.json,oss
orchardcore,cs,target,GT-doc,34,207,RQ6-comb,starve_l0_30:remove_dep,n,4,combined,mutation/combined.json,oss
orchardcore,cs,target,GT-doc,34,207,RQ6-comb,starve_l0_30:remove_dep,n,4,combined-prefix,mutation/combined-prefix.json,oss
orchardcore,cs,target,GT-doc,34,207,RQ6-comb,starve_l0_30:remove_dep,silent,0,combined,mutation/combined.json,oss
orchardcore,cs,target,GT-doc,34,207,RQ6-comb,starve_l0_30:remove_dep,silent,0,combined-prefix,mutation/combined-prefix.json,oss
orchardcore,cs,target,GT-doc,34,207,RQ6-comb,starve_l0_30:remove_target,advisory,0,combined,mutation/combined.json,oss
orchardcore,cs,target,GT-doc,34,207,RQ6-comb,starve_l0_30:remove_target,advisory,0,combined-prefix,mutation/combined-prefix.json,oss
orchardcore,cs,target,GT-doc,34,207,RQ6-comb,starve_l0_30:remove_target,advisory_runs,4,combined,mutation/combined.json,oss
orchardcore,cs,target,GT-doc,34,207,RQ6-comb,starve_l0_30:remove_target,advisory_runs,4,combined-prefix,mutation/combined-prefix.json,oss
orchardcore,cs,target,GT-doc,34,207,RQ6-comb,starve_l0_30:remove_target,drift,38,combined,mutation/combined.json,oss
orchardcore,cs,target,GT-doc,34,207,RQ6-comb,starve_l0_30:remove_target,drift,38,combined-prefix,mutation/combined-prefix.json,oss
orchardcore,cs,target,GT-doc,34,207,RQ6-comb,starve_l0_30:remove_target,findings,59,combined,mutation/combined.json,oss
orchardcore,cs,target,GT-doc,34,207,RQ6-comb,starve_l0_30:remove_target,findings,59,combined-prefix,mutation/combined-prefix.json,oss
orchardcore,cs,target,GT-doc,34,207,RQ6-comb,starve_l0_30:remove_target,fp,0,combined,mutation/combined.json,oss
orchardcore,cs,target,GT-doc,34,207,RQ6-comb,starve_l0_30:remove_target,fp,0,combined-prefix,mutation/combined-prefix.json,oss
orchardcore,cs,target,GT-doc,34,207,RQ6-comb,starve_l0_30:remove_target,gap,21,combined,mutation/combined.json,oss
orchardcore,cs,target,GT-doc,34,207,RQ6-comb,starve_l0_30:remove_target,gap,21,combined-prefix,mutation/combined-prefix.json,oss
orchardcore,cs,target,GT-doc,34,207,RQ6-comb,starve_l0_30:remove_target,mutations_silent,0,combined,mutation/combined.json,oss
orchardcore,cs,target,GT-doc,34,207,RQ6-comb,starve_l0_30:remove_target,mutations_silent,0,combined-prefix,mutation/combined-prefix.json,oss
orchardcore,cs,target,GT-doc,34,207,RQ6-comb,starve_l0_30:remove_target,n,4,combined,mutation/combined.json,oss
orchardcore,cs,target,GT-doc,34,207,RQ6-comb,starve_l0_30:remove_target,n,4,combined-prefix,mutation/combined-prefix.json,oss
orchardcore,cs,target,GT-doc,34,207,RQ6-comb,starve_l0_30:remove_target,silent,0,combined,mutation/combined.json,oss
orchardcore,cs,target,GT-doc,34,207,RQ6-comb,starve_l0_30:remove_target,silent,0,combined-prefix,mutation/combined-prefix.json,oss
orchardcore,cs,target,GT-doc,34,207,RQ6-comb,starve_l0_30:rename_target,advisory,55,combined,mutation/combined.json,oss
orchardcore,cs,target,GT-doc,34,207,RQ6-comb,starve_l0_30:rename_target,advisory,55,combined-prefix,mutation/combined-prefix.json,oss
orchardcore,cs,target,GT-doc,34,207,RQ6-comb,starve_l0_30:rename_target,advisory_runs,4,combined,mutation/combined.json,oss
orchardcore,cs,target,GT-doc,34,207,RQ6-comb,starve_l0_30:rename_target,advisory_runs,4,combined-prefix,mutation/combined-prefix.json,oss
orchardcore,cs,target,GT-doc,34,207,RQ6-comb,starve_l0_30:rename_target,drift,43,combined,mutation/combined.json,oss
orchardcore,cs,target,GT-doc,34,207,RQ6-comb,starve_l0_30:rename_target,drift,43,combined-prefix,mutation/combined-prefix.json,oss
orchardcore,cs,target,GT-doc,34,207,RQ6-comb,starve_l0_30:rename_target,findings,122,combined,mutation/combined.json,oss
orchardcore,cs,target,GT-doc,34,207,RQ6-comb,starve_l0_30:rename_target,findings,122,combined-prefix,mutation/combined-prefix.json,oss
orchardcore,cs,target,GT-doc,34,207,RQ6-comb,starve_l0_30:rename_target,fp,0,combined,mutation/combined.json,oss
orchardcore,cs,target,GT-doc,34,207,RQ6-comb,starve_l0_30:rename_target,fp,0,combined-prefix,mutation/combined-prefix.json,oss
orchardcore,cs,target,GT-doc,34,207,RQ6-comb,starve_l0_30:rename_target,gap,24,combined,mutation/combined.json,oss
orchardcore,cs,target,GT-doc,34,207,RQ6-comb,starve_l0_30:rename_target,gap,24,combined-prefix,mutation/combined-prefix.json,oss
orchardcore,cs,target,GT-doc,34,207,RQ6-comb,starve_l0_30:rename_target,mutations_silent,0,combined,mutation/combined.json,oss
orchardcore,cs,target,GT-doc,34,207,RQ6-comb,starve_l0_30:rename_target,mutations_silent,0,combined-prefix,mutation/combined-prefix.json,oss
orchardcore,cs,target,GT-doc,34,207,RQ6-comb,starve_l0_30:rename_target,n,4,combined,mutation/combined.json,oss
orchardcore,cs,target,GT-doc,34,207,RQ6-comb,starve_l0_30:rename_target,n,4,combined-prefix,mutation/combined-prefix.json,oss
orchardcore,cs,target,GT-doc,34,207,RQ6-comb,starve_l0_30:rename_target,silent,0,combined,mutation/combined.json,oss
orchardcore,cs,target,GT-doc,34,207,RQ6-comb,starve_l0_30:rename_target,silent,0,combined-prefix,mutation/combined-prefix.json,oss
orchardcore,cs,target,GT-doc,34,207,RQ6-comb,starve_mutated,advisory,72,combined,mutation/combined.json,oss
orchardcore,cs,target,GT-doc,34,207,RQ6-comb,starve_mutated,advisory,72,combined-prefix,mutation/combined-prefix.json,oss
orchardcore,cs,target,GT-doc,34,207,RQ6-comb,starve_mutated,advisory_runs,24,combined,mutation/combined.json,oss
orchardcore,cs,target,GT-doc,34,207,RQ6-comb,starve_mutated,advisory_runs,24,combined-prefix,mutation/combined-prefix.json,oss
orchardcore,cs,target,GT-doc,34,207,RQ6-comb,starve_mutated,drift,24,combined,mutation/combined.json,oss
orchardcore,cs,target,GT-doc,34,207,RQ6-comb,starve_mutated,drift,24,combined-prefix,mutation/combined-prefix.json,oss
orchardcore,cs,target,GT-doc,34,207,RQ6-comb,starve_mutated,findings,263,combined,mutation/combined.json,oss
orchardcore,cs,target,GT-doc,34,207,RQ6-comb,starve_mutated,findings,263,combined-prefix,mutation/combined-prefix.json,oss
orchardcore,cs,target,GT-doc,34,207,RQ6-comb,starve_mutated,fp,0,combined,mutation/combined.json,oss
orchardcore,cs,target,GT-doc,34,207,RQ6-comb,starve_mutated,fp,0,combined-prefix,mutation/combined-prefix.json,oss
orchardcore,cs,target,GT-doc,34,207,RQ6-comb,starve_mutated,gap,167,combined,mutation/combined.json,oss
orchardcore,cs,target,GT-doc,34,207,RQ6-comb,starve_mutated,gap,167,combined-prefix,mutation/combined-prefix.json,oss
orchardcore,cs,target,GT-doc,34,207,RQ6-comb,starve_mutated,mutations_silent,0,combined,mutation/combined.json,oss
orchardcore,cs,target,GT-doc,34,207,RQ6-comb,starve_mutated,mutations_silent,0,combined-prefix,mutation/combined-prefix.json,oss
orchardcore,cs,target,GT-doc,34,207,RQ6-comb,starve_mutated,n,24,combined,mutation/combined.json,oss
orchardcore,cs,target,GT-doc,34,207,RQ6-comb,starve_mutated,n,24,combined-prefix,mutation/combined-prefix.json,oss
orchardcore,cs,target,GT-doc,34,207,RQ6-comb,starve_mutated,silent,0,combined,mutation/combined.json,oss
orchardcore,cs,target,GT-doc,34,207,RQ6-comb,starve_mutated,silent,0,combined-prefix,mutation/combined-prefix.json,oss
orchardcore,cs,target,GT-doc,34,207,RQ6-comb,starve_mutated:add_forbidden_dep,advisory,8,combined,mutation/combined.json,oss
orchardcore,cs,target,GT-doc,34,207,RQ6-comb,starve_mutated:add_forbidden_dep,advisory,8,combined-prefix,mutation/combined-prefix.json,oss
orchardcore,cs,target,GT-doc,34,207,RQ6-comb,starve_mutated:add_forbidden_dep,advisory_runs,4,combined,mutation/combined.json,oss
orchardcore,cs,target,GT-doc,34,207,RQ6-comb,starve_mutated:add_forbidden_dep,advisory_runs,4,combined-prefix,mutation/combined-prefix.json,oss
orchardcore,cs,target,GT-doc,34,207,RQ6-comb,starve_mutated:add_forbidden_dep,drift,0,combined,mutation/combined.json,oss
orchardcore,cs,target,GT-doc,34,207,RQ6-comb,starve_mutated:add_forbidden_dep,drift,0,combined-prefix,mutation/combined-prefix.json,oss
orchardcore,cs,target,GT-doc,34,207,RQ6-comb,starve_mutated:add_forbidden_dep,findings,8,combined,mutation/combined.json,oss
orchardcore,cs,target,GT-doc,34,207,RQ6-comb,starve_mutated:add_forbidden_dep,findings,8,combined-prefix,mutation/combined-prefix.json,oss
orchardcore,cs,target,GT-doc,34,207,RQ6-comb,starve_mutated:add_forbidden_dep,fp,0,combined,mutation/combined.json,oss
orchardcore,cs,target,GT-doc,34,207,RQ6-comb,starve_mutated:add_forbidden_dep,fp,0,combined-prefix,mutation/combined-prefix.json,oss
orchardcore,cs,target,GT-doc,34,207,RQ6-comb,starve_mutated:add_forbidden_dep,gap,0,combined,mutation/combined.json,oss
orchardcore,cs,target,GT-doc,34,207,RQ6-comb,starve_mutated:add_forbidden_dep,gap,0,combined-prefix,mutation/combined-prefix.json,oss
orchardcore,cs,target,GT-doc,34,207,RQ6-comb,starve_mutated:add_forbidden_dep,mutations_silent,0,combined,mutation/combined.json,oss
orchardcore,cs,target,GT-doc,34,207,RQ6-comb,starve_mutated:add_forbidden_dep,mutations_silent,0,combined-prefix,mutation/combined-prefix.json,oss
orchardcore,cs,target,GT-doc,34,207,RQ6-comb,starve_mutated:add_forbidden_dep,n,4,combined,mutation/combined.json,oss
orchardcore,cs,target,GT-doc,34,207,RQ6-comb,starve_mutated:add_forbidden_dep,n,4,combined-prefix,mutation/combined-prefix.json,oss
orchardcore,cs,target,GT-doc,34,207,RQ6-comb,starve_mutated:add_forbidden_dep,silent,0,combined,mutation/combined.json,oss
orchardcore,cs,target,GT-doc,34,207,RQ6-comb,starve_mutated:add_forbidden_dep,silent,0,combined-prefix,mutation/combined-prefix.json,oss
orchardcore,cs,target,GT-doc,34,207,RQ6-comb,starve_mutated:add_target,advisory,0,combined,mutation/combined.json,oss
orchardcore,cs,target,GT-doc,34,207,RQ6-comb,starve_mutated:add_target,advisory,0,combined-prefix,mutation/combined-prefix.json,oss
orchardcore,cs,target,GT-doc,34,207,RQ6-comb,starve_mutated:add_target,advisory_runs,4,combined,mutation/combined.json,oss
orchardcore,cs,target,GT-doc,34,207,RQ6-comb,starve_mutated:add_target,advisory_runs,4,combined-prefix,mutation/combined-prefix.json,oss
orchardcore,cs,target,GT-doc,34,207,RQ6-comb,starve_mutated:add_target,drift,4,combined,mutation/combined.json,oss
orchardcore,cs,target,GT-doc,34,207,RQ6-comb,starve_mutated:add_target,drift,4,combined-prefix,mutation/combined-prefix.json,oss
orchardcore,cs,target,GT-doc,34,207,RQ6-comb,starve_mutated:add_target,findings,4,combined,mutation/combined.json,oss
orchardcore,cs,target,GT-doc,34,207,RQ6-comb,starve_mutated:add_target,findings,4,combined-prefix,mutation/combined-prefix.json,oss
orchardcore,cs,target,GT-doc,34,207,RQ6-comb,starve_mutated:add_target,fp,0,combined,mutation/combined.json,oss
orchardcore,cs,target,GT-doc,34,207,RQ6-comb,starve_mutated:add_target,fp,0,combined-prefix,mutation/combined-prefix.json,oss
orchardcore,cs,target,GT-doc,34,207,RQ6-comb,starve_mutated:add_target,gap,0,combined,mutation/combined.json,oss
orchardcore,cs,target,GT-doc,34,207,RQ6-comb,starve_mutated:add_target,gap,0,combined-prefix,mutation/combined-prefix.json,oss
orchardcore,cs,target,GT-doc,34,207,RQ6-comb,starve_mutated:add_target,mutations_silent,0,combined,mutation/combined.json,oss
orchardcore,cs,target,GT-doc,34,207,RQ6-comb,starve_mutated:add_target,mutations_silent,0,combined-prefix,mutation/combined-prefix.json,oss
orchardcore,cs,target,GT-doc,34,207,RQ6-comb,starve_mutated:add_target,n,4,combined,mutation/combined.json,oss
orchardcore,cs,target,GT-doc,34,207,RQ6-comb,starve_mutated:add_target,n,4,combined-prefix,mutation/combined-prefix.json,oss
orchardcore,cs,target,GT-doc,34,207,RQ6-comb,starve_mutated:add_target,silent,0,combined,mutation/combined.json,oss
orchardcore,cs,target,GT-doc,34,207,RQ6-comb,starve_mutated:add_target,silent,0,combined-prefix,mutation/combined-prefix.json,oss
orchardcore,cs,target,GT-doc,34,207,RQ6-comb,starve_mutated:merge_targets,advisory,9,combined,mutation/combined.json,oss
orchardcore,cs,target,GT-doc,34,207,RQ6-comb,starve_mutated:merge_targets,advisory,9,combined-prefix,mutation/combined-prefix.json,oss
orchardcore,cs,target,GT-doc,34,207,RQ6-comb,starve_mutated:merge_targets,advisory_runs,4,combined,mutation/combined.json,oss
orchardcore,cs,target,GT-doc,34,207,RQ6-comb,starve_mutated:merge_targets,advisory_runs,4,combined-prefix,mutation/combined-prefix.json,oss
orchardcore,cs,target,GT-doc,34,207,RQ6-comb,starve_mutated:merge_targets,drift,4,combined,mutation/combined.json,oss
orchardcore,cs,target,GT-doc,34,207,RQ6-comb,starve_mutated:merge_targets,drift,4,combined-prefix,mutation/combined-prefix.json,oss
orchardcore,cs,target,GT-doc,34,207,RQ6-comb,starve_mutated:merge_targets,findings,66,combined,mutation/combined.json,oss
orchardcore,cs,target,GT-doc,34,207,RQ6-comb,starve_mutated:merge_targets,findings,66,combined-prefix,mutation/combined-prefix.json,oss
orchardcore,cs,target,GT-doc,34,207,RQ6-comb,starve_mutated:merge_targets,fp,0,combined,mutation/combined.json,oss
orchardcore,cs,target,GT-doc,34,207,RQ6-comb,starve_mutated:merge_targets,fp,0,combined-prefix,mutation/combined-prefix.json,oss
orchardcore,cs,target,GT-doc,34,207,RQ6-comb,starve_mutated:merge_targets,gap,53,combined,mutation/combined.json,oss
orchardcore,cs,target,GT-doc,34,207,RQ6-comb,starve_mutated:merge_targets,gap,53,combined-prefix,mutation/combined-prefix.json,oss
orchardcore,cs,target,GT-doc,34,207,RQ6-comb,starve_mutated:merge_targets,mutations_silent,0,combined,mutation/combined.json,oss
orchardcore,cs,target,GT-doc,34,207,RQ6-comb,starve_mutated:merge_targets,mutations_silent,0,combined-prefix,mutation/combined-prefix.json,oss
orchardcore,cs,target,GT-doc,34,207,RQ6-comb,starve_mutated:merge_targets,n,4,combined,mutation/combined.json,oss
orchardcore,cs,target,GT-doc,34,207,RQ6-comb,starve_mutated:merge_targets,n,4,combined-prefix,mutation/combined-prefix.json,oss
orchardcore,cs,target,GT-doc,34,207,RQ6-comb,starve_mutated:merge_targets,silent,0,combined,mutation/combined.json,oss
orchardcore,cs,target,GT-doc,34,207,RQ6-comb,starve_mutated:merge_targets,silent,0,combined-prefix,mutation/combined-prefix.json,oss
orchardcore,cs,target,GT-doc,34,207,RQ6-comb,starve_mutated:remove_dep,advisory,0,combined,mutation/combined.json,oss
orchardcore,cs,target,GT-doc,34,207,RQ6-comb,starve_mutated:remove_dep,advisory,0,combined-prefix,mutation/combined-prefix.json,oss
orchardcore,cs,target,GT-doc,34,207,RQ6-comb,starve_mutated:remove_dep,advisory_runs,4,combined,mutation/combined.json,oss
orchardcore,cs,target,GT-doc,34,207,RQ6-comb,starve_mutated:remove_dep,advisory_runs,4,combined-prefix,mutation/combined-prefix.json,oss
orchardcore,cs,target,GT-doc,34,207,RQ6-comb,starve_mutated:remove_dep,drift,0,combined,mutation/combined.json,oss
orchardcore,cs,target,GT-doc,34,207,RQ6-comb,starve_mutated:remove_dep,drift,0,combined-prefix,mutation/combined-prefix.json,oss
orchardcore,cs,target,GT-doc,34,207,RQ6-comb,starve_mutated:remove_dep,findings,4,combined,mutation/combined.json,oss
orchardcore,cs,target,GT-doc,34,207,RQ6-comb,starve_mutated:remove_dep,findings,4,combined-prefix,mutation/combined-prefix.json,oss
orchardcore,cs,target,GT-doc,34,207,RQ6-comb,starve_mutated:remove_dep,fp,0,combined,mutation/combined.json,oss
orchardcore,cs,target,GT-doc,34,207,RQ6-comb,starve_mutated:remove_dep,fp,0,combined-prefix,mutation/combined-prefix.json,oss
orchardcore,cs,target,GT-doc,34,207,RQ6-comb,starve_mutated:remove_dep,gap,4,combined,mutation/combined.json,oss
orchardcore,cs,target,GT-doc,34,207,RQ6-comb,starve_mutated:remove_dep,gap,4,combined-prefix,mutation/combined-prefix.json,oss
orchardcore,cs,target,GT-doc,34,207,RQ6-comb,starve_mutated:remove_dep,mutations_silent,0,combined,mutation/combined.json,oss
orchardcore,cs,target,GT-doc,34,207,RQ6-comb,starve_mutated:remove_dep,mutations_silent,0,combined-prefix,mutation/combined-prefix.json,oss
orchardcore,cs,target,GT-doc,34,207,RQ6-comb,starve_mutated:remove_dep,n,4,combined,mutation/combined.json,oss
orchardcore,cs,target,GT-doc,34,207,RQ6-comb,starve_mutated:remove_dep,n,4,combined-prefix,mutation/combined-prefix.json,oss
orchardcore,cs,target,GT-doc,34,207,RQ6-comb,starve_mutated:remove_dep,silent,0,combined,mutation/combined.json,oss
orchardcore,cs,target,GT-doc,34,207,RQ6-comb,starve_mutated:remove_dep,silent,0,combined-prefix,mutation/combined-prefix.json,oss
orchardcore,cs,target,GT-doc,34,207,RQ6-comb,starve_mutated:remove_target,advisory,0,combined,mutation/combined.json,oss
orchardcore,cs,target,GT-doc,34,207,RQ6-comb,starve_mutated:remove_target,advisory,0,combined-prefix,mutation/combined-prefix.json,oss
orchardcore,cs,target,GT-doc,34,207,RQ6-comb,starve_mutated:remove_target,advisory_runs,4,combined,mutation/combined.json,oss
orchardcore,cs,target,GT-doc,34,207,RQ6-comb,starve_mutated:remove_target,advisory_runs,4,combined-prefix,mutation/combined-prefix.json,oss
orchardcore,cs,target,GT-doc,34,207,RQ6-comb,starve_mutated:remove_target,drift,4,combined,mutation/combined.json,oss
orchardcore,cs,target,GT-doc,34,207,RQ6-comb,starve_mutated:remove_target,drift,4,combined-prefix,mutation/combined-prefix.json,oss
orchardcore,cs,target,GT-doc,34,207,RQ6-comb,starve_mutated:remove_target,findings,59,combined,mutation/combined.json,oss
orchardcore,cs,target,GT-doc,34,207,RQ6-comb,starve_mutated:remove_target,findings,59,combined-prefix,mutation/combined-prefix.json,oss
orchardcore,cs,target,GT-doc,34,207,RQ6-comb,starve_mutated:remove_target,fp,0,combined,mutation/combined.json,oss
orchardcore,cs,target,GT-doc,34,207,RQ6-comb,starve_mutated:remove_target,fp,0,combined-prefix,mutation/combined-prefix.json,oss
orchardcore,cs,target,GT-doc,34,207,RQ6-comb,starve_mutated:remove_target,gap,55,combined,mutation/combined.json,oss
orchardcore,cs,target,GT-doc,34,207,RQ6-comb,starve_mutated:remove_target,gap,55,combined-prefix,mutation/combined-prefix.json,oss
orchardcore,cs,target,GT-doc,34,207,RQ6-comb,starve_mutated:remove_target,mutations_silent,0,combined,mutation/combined.json,oss
orchardcore,cs,target,GT-doc,34,207,RQ6-comb,starve_mutated:remove_target,mutations_silent,0,combined-prefix,mutation/combined-prefix.json,oss
orchardcore,cs,target,GT-doc,34,207,RQ6-comb,starve_mutated:remove_target,n,4,combined,mutation/combined.json,oss
orchardcore,cs,target,GT-doc,34,207,RQ6-comb,starve_mutated:remove_target,n,4,combined-prefix,mutation/combined-prefix.json,oss
orchardcore,cs,target,GT-doc,34,207,RQ6-comb,starve_mutated:remove_target,silent,0,combined,mutation/combined.json,oss
orchardcore,cs,target,GT-doc,34,207,RQ6-comb,starve_mutated:remove_target,silent,0,combined-prefix,mutation/combined-prefix.json,oss
orchardcore,cs,target,GT-doc,34,207,RQ6-comb,starve_mutated:rename_target,advisory,55,combined,mutation/combined.json,oss
orchardcore,cs,target,GT-doc,34,207,RQ6-comb,starve_mutated:rename_target,advisory,55,combined-prefix,mutation/combined-prefix.json,oss
orchardcore,cs,target,GT-doc,34,207,RQ6-comb,starve_mutated:rename_target,advisory_runs,4,combined,mutation/combined.json,oss
orchardcore,cs,target,GT-doc,34,207,RQ6-comb,starve_mutated:rename_target,advisory_runs,4,combined-prefix,mutation/combined-prefix.json,oss
orchardcore,cs,target,GT-doc,34,207,RQ6-comb,starve_mutated:rename_target,drift,12,combined,mutation/combined.json,oss
orchardcore,cs,target,GT-doc,34,207,RQ6-comb,starve_mutated:rename_target,drift,12,combined-prefix,mutation/combined-prefix.json,oss
orchardcore,cs,target,GT-doc,34,207,RQ6-comb,starve_mutated:rename_target,findings,122,combined,mutation/combined.json,oss
orchardcore,cs,target,GT-doc,34,207,RQ6-comb,starve_mutated:rename_target,findings,122,combined-prefix,mutation/combined-prefix.json,oss
orchardcore,cs,target,GT-doc,34,207,RQ6-comb,starve_mutated:rename_target,fp,0,combined,mutation/combined.json,oss
orchardcore,cs,target,GT-doc,34,207,RQ6-comb,starve_mutated:rename_target,fp,0,combined-prefix,mutation/combined-prefix.json,oss
orchardcore,cs,target,GT-doc,34,207,RQ6-comb,starve_mutated:rename_target,gap,55,combined,mutation/combined.json,oss
orchardcore,cs,target,GT-doc,34,207,RQ6-comb,starve_mutated:rename_target,gap,55,combined-prefix,mutation/combined-prefix.json,oss
orchardcore,cs,target,GT-doc,34,207,RQ6-comb,starve_mutated:rename_target,mutations_silent,0,combined,mutation/combined.json,oss
orchardcore,cs,target,GT-doc,34,207,RQ6-comb,starve_mutated:rename_target,mutations_silent,0,combined-prefix,mutation/combined-prefix.json,oss
orchardcore,cs,target,GT-doc,34,207,RQ6-comb,starve_mutated:rename_target,n,4,combined,mutation/combined.json,oss
orchardcore,cs,target,GT-doc,34,207,RQ6-comb,starve_mutated:rename_target,n,4,combined-prefix,mutation/combined-prefix.json,oss
orchardcore,cs,target,GT-doc,34,207,RQ6-comb,starve_mutated:rename_target,silent,0,combined,mutation/combined.json,oss
orchardcore,cs,target,GT-doc,34,207,RQ6-comb,starve_mutated:rename_target,silent,0,combined-prefix,mutation/combined-prefix.json,oss
abseil,cpp,file,GT-exp,21,809,RQ6-deg,disable_l2,advisory,0,induced,mutation/degradation.json,oss
abseil,cpp,file,GT-exp,21,809,RQ6-deg,disable_l2,coverage_l0,1.0,induced,mutation/degradation.json,oss
abseil,cpp,file,GT-exp,21,809,RQ6-deg,disable_l2,erosion_visible,1,induced,mutation/degradation.json,oss
abseil,cpp,file,GT-exp,21,809,RQ6-deg,disable_l2,fp_suppression_rate,1.0,induced,mutation/degradation.json,oss
abseil,cpp,file,GT-exp,21,809,RQ6-deg,disable_l2,leaked,0,induced,mutation/degradation.json,oss
abseil,cpp,file,GT-exp,21,809,RQ6-deg,disable_l2,suppressed,132,induced,mutation/degradation.json,oss
abseil,cpp,file,GT-exp,21,809,RQ6-deg,disable_l2,would_be_false,132,induced,mutation/degradation.json,oss
abseil,cpp,file,GT-exp,21,809,RQ6-deg,lose_l0,advisory,1,induced,mutation/degradation.json,oss
abseil,cpp,file,GT-exp,21,809,RQ6-deg,lose_l0,coverage_l0,0.0,induced,mutation/degradation.json,oss
abseil,cpp,file,GT-exp,21,809,RQ6-deg,lose_l0,erosion_visible,1,induced,mutation/degradation.json,oss
abseil,cpp,file,GT-exp,21,809,RQ6-deg,lose_l0,fp_suppression_rate,1.0,induced,mutation/degradation.json,oss
abseil,cpp,file,GT-exp,21,809,RQ6-deg,lose_l0,leaked,0,induced,mutation/degradation.json,oss
abseil,cpp,file,GT-exp,21,809,RQ6-deg,lose_l0,suppressed,1215,induced,mutation/degradation.json,oss
abseil,cpp,file,GT-exp,21,809,RQ6-deg,lose_l0,would_be_false,1215,induced,mutation/degradation.json,oss
abseil,cpp,file,GT-exp,21,809,RQ6-deg,starve_l0_10,advisory,1,induced,mutation/degradation.json,oss
abseil,cpp,file,GT-exp,21,809,RQ6-deg,starve_l0_10,coverage_l0,0.9,induced,mutation/degradation.json,oss
abseil,cpp,file,GT-exp,21,809,RQ6-deg,starve_l0_10,erosion_visible,1,induced,mutation/degradation.json,oss
abseil,cpp,file,GT-exp,21,809,RQ6-deg,starve_l0_10,fp_suppression_rate,1.0,induced,mutation/degradation.json,oss
abseil,cpp,file,GT-exp,21,809,RQ6-deg,starve_l0_10,gating,0,induced,mutation/degradation.json,oss
abseil,cpp,file,GT-exp,21,809,RQ6-deg,starve_l0_10,intact_still_violation,1,induced,mutation/degradation.json,oss
abseil,cpp,file,GT-exp,21,809,RQ6-deg,starve_l0_10,leaked,0,induced,mutation/degradation.json,oss
abseil,cpp,file,GT-exp,21,809,RQ6-deg,starve_l0_10,starved_honest,1,induced,mutation/degradation.json,oss
abseil,cpp,file,GT-exp,21,809,RQ6-deg,starve_l0_10,suppressed,95,induced,mutation/degradation.json,oss
abseil,cpp,file,GT-exp,21,809,RQ6-deg,starve_l0_10,would_be_false,95,induced,mutation/degradation.json,oss
abseil,cpp,file,GT-exp,21,809,RQ6-deg,starve_l0_30,advisory,1,induced,mutation/degradation.json,oss
abseil,cpp,file,GT-exp,21,809,RQ6-deg,starve_l0_30,coverage_l0,0.7,induced,mutation/degradation.json,oss
abseil,cpp,file,GT-exp,21,809,RQ6-deg,starve_l0_30,erosion_visible,1,induced,mutation/degradation.json,oss
abseil,cpp,file,GT-exp,21,809,RQ6-deg,starve_l0_30,fp_suppression_rate,1.0,induced,mutation/degradation.json,oss
abseil,cpp,file,GT-exp,21,809,RQ6-deg,starve_l0_30,gating,0,induced,mutation/degradation.json,oss
abseil,cpp,file,GT-exp,21,809,RQ6-deg,starve_l0_30,intact_still_violation,1,induced,mutation/degradation.json,oss
abseil,cpp,file,GT-exp,21,809,RQ6-deg,starve_l0_30,leaked,0,induced,mutation/degradation.json,oss
abseil,cpp,file,GT-exp,21,809,RQ6-deg,starve_l0_30,starved_honest,1,induced,mutation/degradation.json,oss
abseil,cpp,file,GT-exp,21,809,RQ6-deg,starve_l0_30,suppressed,277,induced,mutation/degradation.json,oss
abseil,cpp,file,GT-exp,21,809,RQ6-deg,starve_l0_30,would_be_false,277,induced,mutation/degradation.json,oss
bash,cpp,file,GT-pub,14,373,RQ6-deg,disable_l2,advisory,0,induced,mutation/degradation.json,oss
bash,cpp,file,GT-pub,14,373,RQ6-deg,disable_l2,coverage_l0,1.0,induced,mutation/degradation.json,oss
bash,cpp,file,GT-pub,14,373,RQ6-deg,disable_l2,erosion_visible,1,induced,mutation/degradation.json,oss
bash,cpp,file,GT-pub,14,373,RQ6-deg,disable_l2,fp_suppression_rate,1.0,induced,mutation/degradation.json,oss
bash,cpp,file,GT-pub,14,373,RQ6-deg,disable_l2,leaked,0,induced,mutation/degradation.json,oss
bash,cpp,file,GT-pub,14,373,RQ6-deg,disable_l2,suppressed,26,induced,mutation/degradation.json,oss
bash,cpp,file,GT-pub,14,373,RQ6-deg,disable_l2,would_be_false,26,induced,mutation/degradation.json,oss
bash,cpp,file,GT-pub,14,373,RQ6-deg,lose_l0,advisory,1,induced,mutation/degradation.json,oss
bash,cpp,file,GT-pub,14,373,RQ6-deg,lose_l0,coverage_l0,0.0,induced,mutation/degradation.json,oss
bash,cpp,file,GT-pub,14,373,RQ6-deg,lose_l0,erosion_visible,1,induced,mutation/degradation.json,oss
bash,cpp,file,GT-pub,14,373,RQ6-deg,lose_l0,fp_suppression_rate,1.0,induced,mutation/degradation.json,oss
bash,cpp,file,GT-pub,14,373,RQ6-deg,lose_l0,leaked,0,induced,mutation/degradation.json,oss
bash,cpp,file,GT-pub,14,373,RQ6-deg,lose_l0,suppressed,83,induced,mutation/degradation.json,oss
bash,cpp,file,GT-pub,14,373,RQ6-deg,lose_l0,would_be_false,83,induced,mutation/degradation.json,oss
bash,cpp,file,GT-pub,14,373,RQ6-deg,starve_l0_10,advisory,1,induced,mutation/degradation.json,oss
bash,cpp,file,GT-pub,14,373,RQ6-deg,starve_l0_10,coverage_l0,0.898,induced,mutation/degradation.json,oss
bash,cpp,file,GT-pub,14,373,RQ6-deg,starve_l0_10,erosion_visible,1,induced,mutation/degradation.json,oss
bash,cpp,file,GT-pub,14,373,RQ6-deg,starve_l0_10,gating,0,induced,mutation/degradation.json,oss
bash,cpp,file,GT-pub,14,373,RQ6-deg,starve_l0_10,intact_still_violation,1,induced,mutation/degradation.json,oss
bash,cpp,file,GT-pub,14,373,RQ6-deg,starve_l0_10,leaked,0,induced,mutation/degradation.json,oss
bash,cpp,file,GT-pub,14,373,RQ6-deg,starve_l0_10,suppressed,0,induced,mutation/degradation.json,oss
bash,cpp,file,GT-pub,14,373,RQ6-deg,starve_l0_10,would_be_false,0,induced,mutation/degradation.json,oss
bash,cpp,file,GT-pub,14,373,RQ6-deg,starve_l0_30,advisory,1,induced,mutation/degradation.json,oss
bash,cpp,file,GT-pub,14,373,RQ6-deg,starve_l0_30,coverage_l0,0.6939,induced,mutation/degradation.json,oss
bash,cpp,file,GT-pub,14,373,RQ6-deg,starve_l0_30,erosion_visible,1,induced,mutation/degradation.json,oss
bash,cpp,file,GT-pub,14,373,RQ6-deg,starve_l0_30,fp_suppression_rate,1.0,induced,mutation/degradation.json,oss
bash,cpp,file,GT-pub,14,373,RQ6-deg,starve_l0_30,gating,0,induced,mutation/degradation.json,oss
bash,cpp,file,GT-pub,14,373,RQ6-deg,starve_l0_30,intact_still_violation,1,induced,mutation/degradation.json,oss
bash,cpp,file,GT-pub,14,373,RQ6-deg,starve_l0_30,leaked,0,induced,mutation/degradation.json,oss
bash,cpp,file,GT-pub,14,373,RQ6-deg,starve_l0_30,starved_honest,1,induced,mutation/degradation.json,oss
bash,cpp,file,GT-pub,14,373,RQ6-deg,starve_l0_30,suppressed,1,induced,mutation/degradation.json,oss
bash,cpp,file,GT-pub,14,373,RQ6-deg,starve_l0_30,would_be_false,1,induced,mutation/degradation.json,oss
eshop,cs,target,GT-doc,9,19,RQ6-deg,disable_l2,advisory,0,induced,mutation/degradation.json,oss
eshop,cs,target,GT-doc,9,19,RQ6-deg,disable_l2,coverage_l0,1.0,induced,mutation/degradation.json,oss
eshop,cs,target,GT-doc,9,19,RQ6-deg,disable_l2,erosion_visible,1,induced,mutation/degradation.json,oss
eshop,cs,target,GT-doc,9,19,RQ6-deg,disable_l2,leaked,0,induced,mutation/degradation.json,oss
eshop,cs,target,GT-doc,9,19,RQ6-deg,disable_l2,suppressed,0,induced,mutation/degradation.json,oss
eshop,cs,target,GT-doc,9,19,RQ6-deg,disable_l2,would_be_false,0,induced,mutation/degradation.json,oss
eshop,cs,target,GT-doc,9,19,RQ6-deg,lose_l0,advisory,1,induced,mutation/degradation.json,oss
eshop,cs,target,GT-doc,9,19,RQ6-deg,lose_l0,coverage_l0,0.0,induced,mutation/degradation.json,oss
eshop,cs,target,GT-doc,9,19,RQ6-deg,lose_l0,erosion_visible,1,induced,mutation/degradation.json,oss
eshop,cs,target,GT-doc,9,19,RQ6-deg,lose_l0,fp_suppression_rate,1.0,induced,mutation/degradation.json,oss
eshop,cs,target,GT-doc,9,19,RQ6-deg,lose_l0,leaked,0,induced,mutation/degradation.json,oss
eshop,cs,target,GT-doc,9,19,RQ6-deg,lose_l0,suppressed,59,induced,mutation/degradation.json,oss
eshop,cs,target,GT-doc,9,19,RQ6-deg,lose_l0,would_be_false,59,induced,mutation/degradation.json,oss
eshop,cs,target,GT-doc,9,19,RQ6-deg,starve_l0_10,advisory,1,induced,mutation/degradation.json,oss
eshop,cs,target,GT-doc,9,19,RQ6-deg,starve_l0_10,coverage_l0,0.8947,induced,mutation/degradation.json,oss
eshop,cs,target,GT-doc,9,19,RQ6-deg,starve_l0_10,erosion_visible,1,induced,mutation/degradation.json,oss
eshop,cs,target,GT-doc,9,19,RQ6-deg,starve_l0_10,fp_suppression_rate,1.0,induced,mutation/degradation.json,oss
eshop,cs,target,GT-doc,9,19,RQ6-deg,starve_l0_10,gating,0,induced,mutation/degradation.json,oss
eshop,cs,target,GT-doc,9,19,RQ6-deg,starve_l0_10,intact_still_violation,1,induced,mutation/degradation.json,oss
eshop,cs,target,GT-doc,9,19,RQ6-deg,starve_l0_10,leaked,0,induced,mutation/degradation.json,oss
eshop,cs,target,GT-doc,9,19,RQ6-deg,starve_l0_10,starved_honest,1,induced,mutation/degradation.json,oss
eshop,cs,target,GT-doc,9,19,RQ6-deg,starve_l0_10,suppressed,9,induced,mutation/degradation.json,oss
eshop,cs,target,GT-doc,9,19,RQ6-deg,starve_l0_10,would_be_false,9,induced,mutation/degradation.json,oss
eshop,cs,target,GT-doc,9,19,RQ6-deg,starve_l0_30,advisory,1,induced,mutation/degradation.json,oss
eshop,cs,target,GT-doc,9,19,RQ6-deg,starve_l0_30,coverage_l0,0.6842,induced,mutation/degradation.json,oss
eshop,cs,target,GT-doc,9,19,RQ6-deg,starve_l0_30,erosion_visible,1,induced,mutation/degradation.json,oss
eshop,cs,target,GT-doc,9,19,RQ6-deg,starve_l0_30,fp_suppression_rate,1.0,induced,mutation/degradation.json,oss
eshop,cs,target,GT-doc,9,19,RQ6-deg,starve_l0_30,gating,0,induced,mutation/degradation.json,oss
eshop,cs,target,GT-doc,9,19,RQ6-deg,starve_l0_30,intact_still_violation,1,induced,mutation/degradation.json,oss
eshop,cs,target,GT-doc,9,19,RQ6-deg,starve_l0_30,leaked,0,induced,mutation/degradation.json,oss
eshop,cs,target,GT-doc,9,19,RQ6-deg,starve_l0_30,starved_honest,1,induced,mutation/degradation.json,oss
eshop,cs,target,GT-doc,9,19,RQ6-deg,starve_l0_30,suppressed,18,induced,mutation/degradation.json,oss
eshop,cs,target,GT-doc,9,19,RQ6-deg,starve_l0_30,would_be_false,18,induced,mutation/degradation.json,oss
itk,cpp,file,GT-pub,13,7657,RQ6-deg,disable_l2,advisory,0,induced,mutation/degradation.json,oss
itk,cpp,file,GT-pub,13,7657,RQ6-deg,disable_l2,coverage_l0,1.0,induced,mutation/degradation.json,oss
itk,cpp,file,GT-pub,13,7657,RQ6-deg,disable_l2,erosion_visible,1,induced,mutation/degradation.json,oss
itk,cpp,file,GT-pub,13,7657,RQ6-deg,disable_l2,fp_suppression_rate,1.0,induced,mutation/degradation.json,oss
itk,cpp,file,GT-pub,13,7657,RQ6-deg,disable_l2,leaked,0,induced,mutation/degradation.json,oss
itk,cpp,file,GT-pub,13,7657,RQ6-deg,disable_l2,suppressed,75,induced,mutation/degradation.json,oss
itk,cpp,file,GT-pub,13,7657,RQ6-deg,disable_l2,would_be_false,75,induced,mutation/degradation.json,oss
itk,cpp,file,GT-pub,13,7657,RQ6-deg,lose_l0,advisory,1,induced,mutation/degradation.json,oss
itk,cpp,file,GT-pub,13,7657,RQ6-deg,lose_l0,coverage_l0,0.0,induced,mutation/degradation.json,oss
itk,cpp,file,GT-pub,13,7657,RQ6-deg,lose_l0,erosion_visible,1,induced,mutation/degradation.json,oss
itk,cpp,file,GT-pub,13,7657,RQ6-deg,lose_l0,fp_suppression_rate,1.0,induced,mutation/degradation.json,oss
itk,cpp,file,GT-pub,13,7657,RQ6-deg,lose_l0,leaked,0,induced,mutation/degradation.json,oss
itk,cpp,file,GT-pub,13,7657,RQ6-deg,lose_l0,suppressed,292,induced,mutation/degradation.json,oss
itk,cpp,file,GT-pub,13,7657,RQ6-deg,lose_l0,would_be_false,292,induced,mutation/degradation.json,oss
itk,cpp,file,GT-pub,13,7657,RQ6-deg,starve_l0_10,advisory,1,induced,mutation/degradation.json,oss
itk,cpp,file,GT-pub,13,7657,RQ6-deg,starve_l0_10,coverage_l0,0.8987,induced,mutation/degradation.json,oss
itk,cpp,file,GT-pub,13,7657,RQ6-deg,starve_l0_10,erosion_visible,1,induced,mutation/degradation.json,oss
itk,cpp,file,GT-pub,13,7657,RQ6-deg,starve_l0_10,fp_suppression_rate,1.0,induced,mutation/degradation.json,oss
itk,cpp,file,GT-pub,13,7657,RQ6-deg,starve_l0_10,gating,0,induced,mutation/degradation.json,oss
itk,cpp,file,GT-pub,13,7657,RQ6-deg,starve_l0_10,intact_still_violation,1,induced,mutation/degradation.json,oss
itk,cpp,file,GT-pub,13,7657,RQ6-deg,starve_l0_10,leaked,0,induced,mutation/degradation.json,oss
itk,cpp,file,GT-pub,13,7657,RQ6-deg,starve_l0_10,starved_honest,1,induced,mutation/degradation.json,oss
itk,cpp,file,GT-pub,13,7657,RQ6-deg,starve_l0_10,suppressed,6,induced,mutation/degradation.json,oss
itk,cpp,file,GT-pub,13,7657,RQ6-deg,starve_l0_10,would_be_false,6,induced,mutation/degradation.json,oss
itk,cpp,file,GT-pub,13,7657,RQ6-deg,starve_l0_30,advisory,1,induced,mutation/degradation.json,oss
itk,cpp,file,GT-pub,13,7657,RQ6-deg,starve_l0_30,coverage_l0,0.6962,induced,mutation/degradation.json,oss
itk,cpp,file,GT-pub,13,7657,RQ6-deg,starve_l0_30,erosion_visible,1,induced,mutation/degradation.json,oss
itk,cpp,file,GT-pub,13,7657,RQ6-deg,starve_l0_30,fp_suppression_rate,1.0,induced,mutation/degradation.json,oss
itk,cpp,file,GT-pub,13,7657,RQ6-deg,starve_l0_30,gating,0,induced,mutation/degradation.json,oss
itk,cpp,file,GT-pub,13,7657,RQ6-deg,starve_l0_30,intact_still_violation,1,induced,mutation/degradation.json,oss
itk,cpp,file,GT-pub,13,7657,RQ6-deg,starve_l0_30,leaked,0,induced,mutation/degradation.json,oss
itk,cpp,file,GT-pub,13,7657,RQ6-deg,starve_l0_30,starved_honest,1,induced,mutation/degradation.json,oss
itk,cpp,file,GT-pub,13,7657,RQ6-deg,starve_l0_30,suppressed,22,induced,mutation/degradation.json,oss
itk,cpp,file,GT-pub,13,7657,RQ6-deg,starve_l0_30,would_be_false,22,induced,mutation/degradation.json,oss
libxml2,cpp,file,GT-pub,18,82,RQ6-deg,disable_l2,advisory,0,induced,mutation/degradation.json,oss
libxml2,cpp,file,GT-pub,18,82,RQ6-deg,disable_l2,coverage_l0,1.0,induced,mutation/degradation.json,oss
libxml2,cpp,file,GT-pub,18,82,RQ6-deg,disable_l2,erosion_visible,1,induced,mutation/degradation.json,oss
libxml2,cpp,file,GT-pub,18,82,RQ6-deg,disable_l2,leaked,0,induced,mutation/degradation.json,oss
libxml2,cpp,file,GT-pub,18,82,RQ6-deg,disable_l2,suppressed,0,induced,mutation/degradation.json,oss
libxml2,cpp,file,GT-pub,18,82,RQ6-deg,disable_l2,would_be_false,0,induced,mutation/degradation.json,oss
libxml2,cpp,file,GT-pub,18,82,RQ6-deg,lose_l0,advisory,1,induced,mutation/degradation.json,oss
libxml2,cpp,file,GT-pub,18,82,RQ6-deg,lose_l0,coverage_l0,0.0,induced,mutation/degradation.json,oss
libxml2,cpp,file,GT-pub,18,82,RQ6-deg,lose_l0,erosion_visible,1,induced,mutation/degradation.json,oss
libxml2,cpp,file,GT-pub,18,82,RQ6-deg,lose_l0,fp_suppression_rate,1.0,induced,mutation/degradation.json,oss
libxml2,cpp,file,GT-pub,18,82,RQ6-deg,lose_l0,leaked,0,induced,mutation/degradation.json,oss
libxml2,cpp,file,GT-pub,18,82,RQ6-deg,lose_l0,suppressed,26,induced,mutation/degradation.json,oss
libxml2,cpp,file,GT-pub,18,82,RQ6-deg,lose_l0,would_be_false,26,induced,mutation/degradation.json,oss
libxml2,cpp,file,GT-pub,18,82,RQ6-deg,starve_l0_10,advisory,1,induced,mutation/degradation.json,oss
libxml2,cpp,file,GT-pub,18,82,RQ6-deg,starve_l0_10,coverage_l0,0.9286,induced,mutation/degradation.json,oss
libxml2,cpp,file,GT-pub,18,82,RQ6-deg,starve_l0_10,erosion_visible,1,induced,mutation/degradation.json,oss
libxml2,cpp,file,GT-pub,18,82,RQ6-deg,starve_l0_10,gating,0,induced,mutation/degradation.json,oss
libxml2,cpp,file,GT-pub,18,82,RQ6-deg,starve_l0_10,leaked,0,induced,mutation/degradation.json,oss
libxml2,cpp,file,GT-pub,18,82,RQ6-deg,starve_l0_10,suppressed,0,induced,mutation/degradation.json,oss
libxml2,cpp,file,GT-pub,18,82,RQ6-deg,starve_l0_10,would_be_false,0,induced,mutation/degradation.json,oss
libxml2,cpp,file,GT-pub,18,82,RQ6-deg,starve_l0_30,advisory,1,induced,mutation/degradation.json,oss
libxml2,cpp,file,GT-pub,18,82,RQ6-deg,starve_l0_30,coverage_l0,0.7143,induced,mutation/degradation.json,oss
libxml2,cpp,file,GT-pub,18,82,RQ6-deg,starve_l0_30,erosion_visible,1,induced,mutation/degradation.json,oss
libxml2,cpp,file,GT-pub,18,82,RQ6-deg,starve_l0_30,gating,0,induced,mutation/degradation.json,oss
libxml2,cpp,file,GT-pub,18,82,RQ6-deg,starve_l0_30,leaked,0,induced,mutation/degradation.json,oss
libxml2,cpp,file,GT-pub,18,82,RQ6-deg,starve_l0_30,suppressed,0,induced,mutation/degradation.json,oss
libxml2,cpp,file,GT-pub,18,82,RQ6-deg,starve_l0_30,would_be_false,0,induced,mutation/degradation.json,oss
nopcommerce,cs,target,GT-doc,17,37,RQ6-deg,disable_l2,advisory,0,induced,mutation/degradation.json,oss
nopcommerce,cs,target,GT-doc,17,37,RQ6-deg,disable_l2,coverage_l0,1.0,induced,mutation/degradation.json,oss
nopcommerce,cs,target,GT-doc,17,37,RQ6-deg,disable_l2,erosion_visible,1,induced,mutation/degradation.json,oss
nopcommerce,cs,target,GT-doc,17,37,RQ6-deg,disable_l2,fp_suppression_rate,1.0,induced,mutation/degradation.json,oss
nopcommerce,cs,target,GT-doc,17,37,RQ6-deg,disable_l2,leaked,0,induced,mutation/degradation.json,oss
nopcommerce,cs,target,GT-doc,17,37,RQ6-deg,disable_l2,suppressed,94,induced,mutation/degradation.json,oss
nopcommerce,cs,target,GT-doc,17,37,RQ6-deg,disable_l2,would_be_false,94,induced,mutation/degradation.json,oss
nopcommerce,cs,target,GT-doc,17,37,RQ6-deg,lose_l0,advisory,1,induced,mutation/degradation.json,oss
nopcommerce,cs,target,GT-doc,17,37,RQ6-deg,lose_l0,coverage_l0,0.0,induced,mutation/degradation.json,oss
nopcommerce,cs,target,GT-doc,17,37,RQ6-deg,lose_l0,erosion_visible,1,induced,mutation/degradation.json,oss
nopcommerce,cs,target,GT-doc,17,37,RQ6-deg,lose_l0,fp_suppression_rate,1.0,induced,mutation/degradation.json,oss
nopcommerce,cs,target,GT-doc,17,37,RQ6-deg,lose_l0,leaked,0,induced,mutation/degradation.json,oss
nopcommerce,cs,target,GT-doc,17,37,RQ6-deg,lose_l0,suppressed,173,induced,mutation/degradation.json,oss
nopcommerce,cs,target,GT-doc,17,37,RQ6-deg,lose_l0,would_be_false,173,induced,mutation/degradation.json,oss
nopcommerce,cs,target,GT-doc,17,37,RQ6-deg,starve_l0_10,advisory,1,induced,mutation/degradation.json,oss
nopcommerce,cs,target,GT-doc,17,37,RQ6-deg,starve_l0_10,coverage_l0,0.8919,induced,mutation/degradation.json,oss
nopcommerce,cs,target,GT-doc,17,37,RQ6-deg,starve_l0_10,erosion_visible,1,induced,mutation/degradation.json,oss
nopcommerce,cs,target,GT-doc,17,37,RQ6-deg,starve_l0_10,gating,0,induced,mutation/degradation.json,oss
nopcommerce,cs,target,GT-doc,17,37,RQ6-deg,starve_l0_10,intact_still_violation,1,induced,mutation/degradation.json,oss
nopcommerce,cs,target,GT-doc,17,37,RQ6-deg,starve_l0_10,leaked,0,induced,mutation/degradation.json,oss
nopcommerce,cs,target,GT-doc,17,37,RQ6-deg,starve_l0_10,suppressed,0,induced,mutation/degradation.json,oss
nopcommerce,cs,target,GT-doc,17,37,RQ6-deg,starve_l0_10,would_be_false,0,induced,mutation/degradation.json,oss
nopcommerce,cs,target,GT-doc,17,37,RQ6-deg,starve_l0_30,advisory,1,induced,mutation/degradation.json,oss
nopcommerce,cs,target,GT-doc,17,37,RQ6-deg,starve_l0_30,coverage_l0,0.7027,induced,mutation/degradation.json,oss
nopcommerce,cs,target,GT-doc,17,37,RQ6-deg,starve_l0_30,erosion_visible,1,induced,mutation/degradation.json,oss
nopcommerce,cs,target,GT-doc,17,37,RQ6-deg,starve_l0_30,fp_suppression_rate,1.0,induced,mutation/degradation.json,oss
nopcommerce,cs,target,GT-doc,17,37,RQ6-deg,starve_l0_30,gating,0,induced,mutation/degradation.json,oss
nopcommerce,cs,target,GT-doc,17,37,RQ6-deg,starve_l0_30,intact_still_violation,1,induced,mutation/degradation.json,oss
nopcommerce,cs,target,GT-doc,17,37,RQ6-deg,starve_l0_30,leaked,0,induced,mutation/degradation.json,oss
nopcommerce,cs,target,GT-doc,17,37,RQ6-deg,starve_l0_30,starved_honest,1,induced,mutation/degradation.json,oss
nopcommerce,cs,target,GT-doc,17,37,RQ6-deg,starve_l0_30,suppressed,3,induced,mutation/degradation.json,oss
nopcommerce,cs,target,GT-doc,17,37,RQ6-deg,starve_l0_30,would_be_false,3,induced,mutation/degradation.json,oss
opencv,cpp,file,GT-doc,14,1087,RQ6-deg,disable_l2,advisory,0,induced,mutation/degradation.json,oss
opencv,cpp,file,GT-doc,14,1087,RQ6-deg,disable_l2,coverage_l0,1.0,induced,mutation/degradation.json,oss
opencv,cpp,file,GT-doc,14,1087,RQ6-deg,disable_l2,erosion_visible,1,induced,mutation/degradation.json,oss
opencv,cpp,file,GT-doc,14,1087,RQ6-deg,disable_l2,leaked,0,induced,mutation/degradation.json,oss
opencv,cpp,file,GT-doc,14,1087,RQ6-deg,disable_l2,suppressed,0,induced,mutation/degradation.json,oss
opencv,cpp,file,GT-doc,14,1087,RQ6-deg,disable_l2,would_be_false,0,induced,mutation/degradation.json,oss
opencv,cpp,file,GT-doc,14,1087,RQ6-deg,lose_l0,advisory,1,induced,mutation/degradation.json,oss
opencv,cpp,file,GT-doc,14,1087,RQ6-deg,lose_l0,coverage_l0,0.0,induced,mutation/degradation.json,oss
opencv,cpp,file,GT-doc,14,1087,RQ6-deg,lose_l0,erosion_visible,1,induced,mutation/degradation.json,oss
opencv,cpp,file,GT-doc,14,1087,RQ6-deg,lose_l0,fp_suppression_rate,1.0,induced,mutation/degradation.json,oss
opencv,cpp,file,GT-doc,14,1087,RQ6-deg,lose_l0,leaked,0,induced,mutation/degradation.json,oss
opencv,cpp,file,GT-doc,14,1087,RQ6-deg,lose_l0,suppressed,78,induced,mutation/degradation.json,oss
opencv,cpp,file,GT-doc,14,1087,RQ6-deg,lose_l0,would_be_false,78,induced,mutation/degradation.json,oss
opencv,cpp,file,GT-doc,14,1087,RQ6-deg,starve_l0_10,advisory,1,induced,mutation/degradation.json,oss
opencv,cpp,file,GT-doc,14,1087,RQ6-deg,starve_l0_10,coverage_l0,0.9167,induced,mutation/degradation.json,oss
opencv,cpp,file,GT-doc,14,1087,RQ6-deg,starve_l0_10,erosion_visible,1,induced,mutation/degradation.json,oss
opencv,cpp,file,GT-doc,14,1087,RQ6-deg,starve_l0_10,fp_suppression_rate,1.0,induced,mutation/degradation.json,oss
opencv,cpp,file,GT-doc,14,1087,RQ6-deg,starve_l0_10,gating,0,induced,mutation/degradation.json,oss
opencv,cpp,file,GT-doc,14,1087,RQ6-deg,starve_l0_10,intact_still_violation,1,induced,mutation/degradation.json,oss
opencv,cpp,file,GT-doc,14,1087,RQ6-deg,starve_l0_10,leaked,0,induced,mutation/degradation.json,oss
opencv,cpp,file,GT-doc,14,1087,RQ6-deg,starve_l0_10,starved_honest,1,induced,mutation/degradation.json,oss
opencv,cpp,file,GT-doc,14,1087,RQ6-deg,starve_l0_10,suppressed,5,induced,mutation/degradation.json,oss
opencv,cpp,file,GT-doc,14,1087,RQ6-deg,starve_l0_10,would_be_false,5,induced,mutation/degradation.json,oss
opencv,cpp,file,GT-doc,14,1087,RQ6-deg,starve_l0_30,advisory,1,induced,mutation/degradation.json,oss
opencv,cpp,file,GT-doc,14,1087,RQ6-deg,starve_l0_30,coverage_l0,0.7083,induced,mutation/degradation.json,oss
opencv,cpp,file,GT-doc,14,1087,RQ6-deg,starve_l0_30,erosion_visible,1,induced,mutation/degradation.json,oss
opencv,cpp,file,GT-doc,14,1087,RQ6-deg,starve_l0_30,fp_suppression_rate,1.0,induced,mutation/degradation.json,oss
opencv,cpp,file,GT-doc,14,1087,RQ6-deg,starve_l0_30,gating,0,induced,mutation/degradation.json,oss
opencv,cpp,file,GT-doc,14,1087,RQ6-deg,starve_l0_30,intact_still_violation,1,induced,mutation/degradation.json,oss
opencv,cpp,file,GT-doc,14,1087,RQ6-deg,starve_l0_30,leaked,0,induced,mutation/degradation.json,oss
opencv,cpp,file,GT-doc,14,1087,RQ6-deg,starve_l0_30,starved_honest,1,induced,mutation/degradation.json,oss
opencv,cpp,file,GT-doc,14,1087,RQ6-deg,starve_l0_30,suppressed,9,induced,mutation/degradation.json,oss
opencv,cpp,file,GT-doc,14,1087,RQ6-deg,starve_l0_30,would_be_false,9,induced,mutation/degradation.json,oss
orchardcore,cs,target,GT-doc,34,207,RQ6-deg,disable_l2,advisory,0,induced,mutation/degradation.json,oss
orchardcore,cs,target,GT-doc,34,207,RQ6-deg,disable_l2,coverage_l0,1.0,induced,mutation/degradation.json,oss
orchardcore,cs,target,GT-doc,34,207,RQ6-deg,disable_l2,erosion_visible,1,induced,mutation/degradation.json,oss
orchardcore,cs,target,GT-doc,34,207,RQ6-deg,disable_l2,fp_suppression_rate,1.0,induced,mutation/degradation.json,oss
orchardcore,cs,target,GT-doc,34,207,RQ6-deg,disable_l2,leaked,0,induced,mutation/degradation.json,oss
orchardcore,cs,target,GT-doc,34,207,RQ6-deg,disable_l2,suppressed,514,induced,mutation/degradation.json,oss
orchardcore,cs,target,GT-doc,34,207,RQ6-deg,disable_l2,would_be_false,514,induced,mutation/degradation.json,oss
orchardcore,cs,target,GT-doc,34,207,RQ6-deg,lose_l0,advisory,1,induced,mutation/degradation.json,oss
orchardcore,cs,target,GT-doc,34,207,RQ6-deg,lose_l0,coverage_l0,0.0,induced,mutation/degradation.json,oss
orchardcore,cs,target,GT-doc,34,207,RQ6-deg,lose_l0,erosion_visible,1,induced,mutation/degradation.json,oss
orchardcore,cs,target,GT-doc,34,207,RQ6-deg,lose_l0,fp_suppression_rate,1.0,induced,mutation/degradation.json,oss
orchardcore,cs,target,GT-doc,34,207,RQ6-deg,lose_l0,leaked,0,induced,mutation/degradation.json,oss
orchardcore,cs,target,GT-doc,34,207,RQ6-deg,lose_l0,suppressed,1892,induced,mutation/degradation.json,oss
orchardcore,cs,target,GT-doc,34,207,RQ6-deg,lose_l0,would_be_false,1892,induced,mutation/degradation.json,oss
orchardcore,cs,target,GT-doc,34,207,RQ6-deg,starve_l0_10,advisory,1,induced,mutation/degradation.json,oss
orchardcore,cs,target,GT-doc,34,207,RQ6-deg,starve_l0_10,coverage_l0,0.8986,induced,mutation/degradation.json,oss
orchardcore,cs,target,GT-doc,34,207,RQ6-deg,starve_l0_10,erosion_visible,1,induced,mutation/degradation.json,oss
orchardcore,cs,target,GT-doc,34,207,RQ6-deg,starve_l0_10,fp_suppression_rate,1.0,induced,mutation/degradation.json,oss
orchardcore,cs,target,GT-doc,34,207,RQ6-deg,starve_l0_10,gating,0,induced,mutation/degradation.json,oss
orchardcore,cs,target,GT-doc,34,207,RQ6-deg,starve_l0_10,intact_still_violation,1,induced,mutation/degradation.json,oss
orchardcore,cs,target,GT-doc,34,207,RQ6-deg,starve_l0_10,leaked,0,induced,mutation/degradation.json,oss
orchardcore,cs,target,GT-doc,34,207,RQ6-deg,starve_l0_10,starved_honest,1,induced,mutation/degradation.json,oss
orchardcore,cs,target,GT-doc,34,207,RQ6-deg,starve_l0_10,suppressed,65,induced,mutation/degradation.json,oss
orchardcore,cs,target,GT-doc,34,207,RQ6-deg,starve_l0_10,would_be_false,65,induced,mutation/degradation.json,oss
orchardcore,cs,target,GT-doc,34,207,RQ6-deg,starve_l0_30,advisory,1,induced,mutation/degradation.json,oss
orchardcore,cs,target,GT-doc,34,207,RQ6-deg,starve_l0_30,coverage_l0,0.7005,induced,mutation/degradation.json,oss
orchardcore,cs,target,GT-doc,34,207,RQ6-deg,starve_l0_30,erosion_visible,1,induced,mutation/degradation.json,oss
orchardcore,cs,target,GT-doc,34,207,RQ6-deg,starve_l0_30,fp_suppression_rate,1.0,induced,mutation/degradation.json,oss
orchardcore,cs,target,GT-doc,34,207,RQ6-deg,starve_l0_30,gating,0,induced,mutation/degradation.json,oss
orchardcore,cs,target,GT-doc,34,207,RQ6-deg,starve_l0_30,intact_still_violation,1,induced,mutation/degradation.json,oss
orchardcore,cs,target,GT-doc,34,207,RQ6-deg,starve_l0_30,leaked,0,induced,mutation/degradation.json,oss
orchardcore,cs,target,GT-doc,34,207,RQ6-deg,starve_l0_30,starved_honest,1,induced,mutation/degradation.json,oss
orchardcore,cs,target,GT-doc,34,207,RQ6-deg,starve_l0_30,suppressed,240,induced,mutation/degradation.json,oss
orchardcore,cs,target,GT-doc,34,207,RQ6-deg,starve_l0_30,would_be_false,240,induced,mutation/degradation.json,oss
libxml2,cpp,file,GT-pub,18,82,RQ6-hist,v2.13.0..v2.14.0,advisory,0,real-history,history/history-summary.json,oss
libxml2,cpp,file,GT-pub,18,82,RQ6-hist,v2.13.0..v2.14.0,commits_build_files,108,real-history,history/history-summary.json,oss
libxml2,cpp,file,GT-pub,18,82,RQ6-hist,v2.13.0..v2.14.0,commits_total,673,real-history,history/history-summary.json,oss
libxml2,cpp,file,GT-pub,18,82,RQ6-hist,v2.13.0..v2.14.0,coverage,1.0,real-history,history/history-summary.json,oss
libxml2,cpp,file,GT-pub,18,82,RQ6-hist,v2.13.0..v2.14.0,coverage_gap_edges,0,real-history,history/history-summary.json,oss
libxml2,cpp,file,GT-pub,18,82,RQ6-hist,v2.13.0..v2.14.0,coverage_gap_targets,0,real-history,history/history-summary.json,oss
libxml2,cpp,file,GT-pub,18,82,RQ6-hist,v2.13.0..v2.14.0,drift_total,2,real-history,history/history-summary.json,oss
libxml2,cpp,file,GT-pub,18,82,RQ6-hist,v2.13.0..v2.14.0,label_architectural_R1,0,real-history,references/libxml2/history/v2.13.0__v2.14.0/worksheet-R1.csv,oss
libxml2,cpp,file,GT-pub,18,82,RQ6-hist,v2.13.0..v2.14.0,label_architectural_R2,0,real-history,references/libxml2/history/v2.13.0__v2.14.0/worksheet-R2.csv,oss
libxml2,cpp,file,GT-pub,18,82,RQ6-hist,v2.13.0..v2.14.0,label_architectural_agreed,0,real-history,history/history-summary.json,oss
libxml2,cpp,file,GT-pub,18,82,RQ6-hist,v2.13.0..v2.14.0,label_extraction-noise_R1,0,real-history,references/libxml2/history/v2.13.0__v2.14.0/worksheet-R1.csv,oss
libxml2,cpp,file,GT-pub,18,82,RQ6-hist,v2.13.0..v2.14.0,label_extraction-noise_R2,0,real-history,references/libxml2/history/v2.13.0__v2.14.0/worksheet-R2.csv,oss
libxml2,cpp,file,GT-pub,18,82,RQ6-hist,v2.13.0..v2.14.0,label_extraction-noise_agreed,0,real-history,history/history-summary.json,oss
libxml2,cpp,file,GT-pub,18,82,RQ6-hist,v2.13.0..v2.14.0,label_non-architectural_R1,2,real-history,references/libxml2/history/v2.13.0__v2.14.0/worksheet-R1.csv,oss
libxml2,cpp,file,GT-pub,18,82,RQ6-hist,v2.13.0..v2.14.0,label_non-architectural_R2,2,real-history,references/libxml2/history/v2.13.0__v2.14.0/worksheet-R2.csv,oss
libxml2,cpp,file,GT-pub,18,82,RQ6-hist,v2.13.0..v2.14.0,label_non-architectural_agreed,2,real-history,history/history-summary.json,oss
libxml2,cpp,file,GT-pub,18,82,RQ6-hist,v2.13.0..v2.14.0,labels_agree,2,real-history,history/history-summary.json,oss
libxml2,cpp,file,GT-pub,18,82,RQ6-hist,v2.13.0..v2.14.0,labels_compared,2,real-history,history/history-summary.json,oss
libxml2,cpp,file,GT-pub,18,82,RQ6-hist,v2.13.0..v2.14.0,labels_conf_architectural_architectural,0,real-history,history/history-summary.json,oss
libxml2,cpp,file,GT-pub,18,82,RQ6-hist,v2.13.0..v2.14.0,labels_conf_architectural_extraction-noise,0,real-history,history/history-summary.json,oss
libxml2,cpp,file,GT-pub,18,82,RQ6-hist,v2.13.0..v2.14.0,labels_conf_architectural_non-architectural,0,real-history,history/history-summary.json,oss
libxml2,cpp,file,GT-pub,18,82,RQ6-hist,v2.13.0..v2.14.0,labels_conf_extraction-noise_architectural,0,real-history,history/history-summary.json,oss
libxml2,cpp,file,GT-pub,18,82,RQ6-hist,v2.13.0..v2.14.0,labels_conf_extraction-noise_extraction-noise,0,real-history,history/history-summary.json,oss
libxml2,cpp,file,GT-pub,18,82,RQ6-hist,v2.13.0..v2.14.0,labels_conf_extraction-noise_non-architectural,0,real-history,history/history-summary.json,oss
libxml2,cpp,file,GT-pub,18,82,RQ6-hist,v2.13.0..v2.14.0,labels_conf_non-architectural_architectural,0,real-history,history/history-summary.json,oss
libxml2,cpp,file,GT-pub,18,82,RQ6-hist,v2.13.0..v2.14.0,labels_conf_non-architectural_extraction-noise,0,real-history,history/history-summary.json,oss
libxml2,cpp,file,GT-pub,18,82,RQ6-hist,v2.13.0..v2.14.0,labels_conf_non-architectural_non-architectural,2,real-history,history/history-summary.json,oss
libxml2,cpp,file,GT-pub,18,82,RQ6-hist,v2.13.0..v2.14.0,labels_pending,0,real-history,history/history-summary.json,oss
libxml2,cpp,file,GT-pub,18,82,RQ6-hist,v2.13.0..v2.14.0,layering_violations,0,real-history,history/history-summary.json,oss
libxml2,cpp,file,GT-pub,18,82,RQ6-hist,v2.13.0..v2.14.0,needs_curation_a,20,real-history,history/history-summary.json,oss
libxml2,cpp,file,GT-pub,18,82,RQ6-hist,v2.13.0..v2.14.0,needs_curation_b,20,real-history,history/history-summary.json,oss
libxml2,cpp,file,GT-pub,18,82,RQ6-hist,v2.13.0..v2.14.0,needs_curation_new_b,0,real-history,history/history-summary.json,oss
libxml2,cpp,file,GT-pub,18,82,RQ6-hist,v2.13.0..v2.14.0,new_edges,0,real-history,history/history-summary.json,oss
libxml2,cpp,file,GT-pub,18,82,RQ6-hist,v2.13.0..v2.14.0,new_targets,0,real-history,history/history-summary.json,oss
libxml2,cpp,file,GT-pub,18,82,RQ6-hist,v2.13.0..v2.14.0,removed_edges,1,real-history,history/history-summary.json,oss
libxml2,cpp,file,GT-pub,18,82,RQ6-hist,v2.13.0..v2.14.0,removed_targets,1,real-history,history/history-summary.json,oss
libxml2,cpp,file,GT-pub,18,82,RQ6-hist,v2.13.0..v2.14.0,suspected_renames,0,real-history,history/history-summary.json,oss
libxml2,cpp,file,GT-pub,18,82,RQ6-hist,v2.13.0..v2.14.0,worksheet_rows,2,real-history,history/history-summary.json,oss
libxml2,cpp,file,GT-pub,18,82,RQ6-hist,v2.14.0..v2.15.0,advisory,0,real-history,history/history-summary.json,oss
libxml2,cpp,file,GT-pub,18,82,RQ6-hist,v2.14.0..v2.15.0,commits_build_files,51,real-history,history/history-summary.json,oss
libxml2,cpp,file,GT-pub,18,82,RQ6-hist,v2.14.0..v2.15.0,commits_total,368,real-history,history/history-summary.json,oss
libxml2,cpp,file,GT-pub,18,82,RQ6-hist,v2.14.0..v2.15.0,coverage,1.0,real-history,history/history-summary.json,oss
libxml2,cpp,file,GT-pub,18,82,RQ6-hist,v2.14.0..v2.15.0,coverage_gap_edges,0,real-history,history/history-summary.json,oss
libxml2,cpp,file,GT-pub,18,82,RQ6-hist,v2.14.0..v2.15.0,coverage_gap_targets,0,real-history,history/history-summary.json,oss
libxml2,cpp,file,GT-pub,18,82,RQ6-hist,v2.14.0..v2.15.0,drift_total,0,real-history,history/history-summary.json,oss
libxml2,cpp,file,GT-pub,18,82,RQ6-hist,v2.14.0..v2.15.0,labels_pending,0,real-history,history/history-summary.json,oss
libxml2,cpp,file,GT-pub,18,82,RQ6-hist,v2.14.0..v2.15.0,layering_violations,0,real-history,history/history-summary.json,oss
libxml2,cpp,file,GT-pub,18,82,RQ6-hist,v2.14.0..v2.15.0,needs_curation_a,20,real-history,history/history-summary.json,oss
libxml2,cpp,file,GT-pub,18,82,RQ6-hist,v2.14.0..v2.15.0,needs_curation_b,20,real-history,history/history-summary.json,oss
libxml2,cpp,file,GT-pub,18,82,RQ6-hist,v2.14.0..v2.15.0,needs_curation_new_b,0,real-history,history/history-summary.json,oss
libxml2,cpp,file,GT-pub,18,82,RQ6-hist,v2.14.0..v2.15.0,new_edges,0,real-history,history/history-summary.json,oss
libxml2,cpp,file,GT-pub,18,82,RQ6-hist,v2.14.0..v2.15.0,new_targets,0,real-history,history/history-summary.json,oss
libxml2,cpp,file,GT-pub,18,82,RQ6-hist,v2.14.0..v2.15.0,removed_edges,0,real-history,history/history-summary.json,oss
libxml2,cpp,file,GT-pub,18,82,RQ6-hist,v2.14.0..v2.15.0,removed_targets,0,real-history,history/history-summary.json,oss
libxml2,cpp,file,GT-pub,18,82,RQ6-hist,v2.14.0..v2.15.0,suspected_renames,0,real-history,history/history-summary.json,oss
libxml2,cpp,file,GT-pub,18,82,RQ6-hist,v2.14.0..v2.15.0,worksheet_rows,0,real-history,history/history-summary.json,oss
libxml2,cpp,file,GT-pub,18,82,RQ6-hist,v2.15.0..v2.15.3,advisory,0,real-history,history/history-summary.json,oss
libxml2,cpp,file,GT-pub,18,82,RQ6-hist,v2.15.0..v2.15.3,commits_build_files,10,real-history,history/history-summary.json,oss
libxml2,cpp,file,GT-pub,18,82,RQ6-hist,v2.15.0..v2.15.3,commits_total,79,real-history,history/history-summary.json,oss
libxml2,cpp,file,GT-pub,18,82,RQ6-hist,v2.15.0..v2.15.3,coverage,1.0,real-history,history/history-summary.json,oss
libxml2,cpp,file,GT-pub,18,82,RQ6-hist,v2.15.0..v2.15.3,coverage_gap_edges,0,real-history,history/history-summary.json,oss
libxml2,cpp,file,GT-pub,18,82,RQ6-hist,v2.15.0..v2.15.3,coverage_gap_targets,0,real-history,history/history-summary.json,oss
libxml2,cpp,file,GT-pub,18,82,RQ6-hist,v2.15.0..v2.15.3,drift_total,2,real-history,history/history-summary.json,oss
libxml2,cpp,file,GT-pub,18,82,RQ6-hist,v2.15.0..v2.15.3,label_architectural_R1,0,real-history,references/libxml2/history/v2.15.0__v2.15.3/worksheet-R1.csv,oss
libxml2,cpp,file,GT-pub,18,82,RQ6-hist,v2.15.0..v2.15.3,label_architectural_R2,0,real-history,references/libxml2/history/v2.15.0__v2.15.3/worksheet-R2.csv,oss
libxml2,cpp,file,GT-pub,18,82,RQ6-hist,v2.15.0..v2.15.3,label_architectural_agreed,0,real-history,history/history-summary.json,oss
libxml2,cpp,file,GT-pub,18,82,RQ6-hist,v2.15.0..v2.15.3,label_extraction-noise_R1,0,real-history,references/libxml2/history/v2.15.0__v2.15.3/worksheet-R1.csv,oss
libxml2,cpp,file,GT-pub,18,82,RQ6-hist,v2.15.0..v2.15.3,label_extraction-noise_R2,0,real-history,references/libxml2/history/v2.15.0__v2.15.3/worksheet-R2.csv,oss
libxml2,cpp,file,GT-pub,18,82,RQ6-hist,v2.15.0..v2.15.3,label_extraction-noise_agreed,0,real-history,history/history-summary.json,oss
libxml2,cpp,file,GT-pub,18,82,RQ6-hist,v2.15.0..v2.15.3,label_non-architectural_R1,2,real-history,references/libxml2/history/v2.15.0__v2.15.3/worksheet-R1.csv,oss
libxml2,cpp,file,GT-pub,18,82,RQ6-hist,v2.15.0..v2.15.3,label_non-architectural_R2,2,real-history,references/libxml2/history/v2.15.0__v2.15.3/worksheet-R2.csv,oss
libxml2,cpp,file,GT-pub,18,82,RQ6-hist,v2.15.0..v2.15.3,label_non-architectural_agreed,2,real-history,history/history-summary.json,oss
libxml2,cpp,file,GT-pub,18,82,RQ6-hist,v2.15.0..v2.15.3,labels_agree,2,real-history,history/history-summary.json,oss
libxml2,cpp,file,GT-pub,18,82,RQ6-hist,v2.15.0..v2.15.3,labels_compared,2,real-history,history/history-summary.json,oss
libxml2,cpp,file,GT-pub,18,82,RQ6-hist,v2.15.0..v2.15.3,labels_conf_architectural_architectural,0,real-history,history/history-summary.json,oss
libxml2,cpp,file,GT-pub,18,82,RQ6-hist,v2.15.0..v2.15.3,labels_conf_architectural_extraction-noise,0,real-history,history/history-summary.json,oss
libxml2,cpp,file,GT-pub,18,82,RQ6-hist,v2.15.0..v2.15.3,labels_conf_architectural_non-architectural,0,real-history,history/history-summary.json,oss
libxml2,cpp,file,GT-pub,18,82,RQ6-hist,v2.15.0..v2.15.3,labels_conf_extraction-noise_architectural,0,real-history,history/history-summary.json,oss
libxml2,cpp,file,GT-pub,18,82,RQ6-hist,v2.15.0..v2.15.3,labels_conf_extraction-noise_extraction-noise,0,real-history,history/history-summary.json,oss
libxml2,cpp,file,GT-pub,18,82,RQ6-hist,v2.15.0..v2.15.3,labels_conf_extraction-noise_non-architectural,0,real-history,history/history-summary.json,oss
libxml2,cpp,file,GT-pub,18,82,RQ6-hist,v2.15.0..v2.15.3,labels_conf_non-architectural_architectural,0,real-history,history/history-summary.json,oss
libxml2,cpp,file,GT-pub,18,82,RQ6-hist,v2.15.0..v2.15.3,labels_conf_non-architectural_extraction-noise,0,real-history,history/history-summary.json,oss
libxml2,cpp,file,GT-pub,18,82,RQ6-hist,v2.15.0..v2.15.3,labels_conf_non-architectural_non-architectural,2,real-history,history/history-summary.json,oss
libxml2,cpp,file,GT-pub,18,82,RQ6-hist,v2.15.0..v2.15.3,labels_pending,0,real-history,history/history-summary.json,oss
libxml2,cpp,file,GT-pub,18,82,RQ6-hist,v2.15.0..v2.15.3,layering_violations,0,real-history,history/history-summary.json,oss
libxml2,cpp,file,GT-pub,18,82,RQ6-hist,v2.15.0..v2.15.3,needs_curation_a,20,real-history,history/history-summary.json,oss
libxml2,cpp,file,GT-pub,18,82,RQ6-hist,v2.15.0..v2.15.3,needs_curation_b,20,real-history,history/history-summary.json,oss
libxml2,cpp,file,GT-pub,18,82,RQ6-hist,v2.15.0..v2.15.3,needs_curation_new_b,0,real-history,history/history-summary.json,oss
libxml2,cpp,file,GT-pub,18,82,RQ6-hist,v2.15.0..v2.15.3,new_edges,1,real-history,history/history-summary.json,oss
libxml2,cpp,file,GT-pub,18,82,RQ6-hist,v2.15.0..v2.15.3,new_targets,1,real-history,history/history-summary.json,oss
libxml2,cpp,file,GT-pub,18,82,RQ6-hist,v2.15.0..v2.15.3,removed_edges,0,real-history,history/history-summary.json,oss
libxml2,cpp,file,GT-pub,18,82,RQ6-hist,v2.15.0..v2.15.3,removed_targets,0,real-history,history/history-summary.json,oss
libxml2,cpp,file,GT-pub,18,82,RQ6-hist,v2.15.0..v2.15.3,suspected_renames,0,real-history,history/history-summary.json,oss
libxml2,cpp,file,GT-pub,18,82,RQ6-hist,v2.15.0..v2.15.3,worksheet_rows,2,real-history,history/history-summary.json,oss
nopcommerce,cs,target,GT-doc,17,37,RQ6-hist,release-4.70.0..release-4.80.0,advisory,0,real-history,history/history-summary.json,oss
nopcommerce,cs,target,GT-doc,17,37,RQ6-hist,release-4.70.0..release-4.80.0,commits_build_files,49,real-history,history/history-summary.json,oss
nopcommerce,cs,target,GT-doc,17,37,RQ6-hist,release-4.70.0..release-4.80.0,commits_total,398,real-history,history/history-summary.json,oss
nopcommerce,cs,target,GT-doc,17,37,RQ6-hist,release-4.70.0..release-4.80.0,coverage,1.0,real-history,history/history-summary.json,oss
nopcommerce,cs,target,GT-doc,17,37,RQ6-hist,release-4.70.0..release-4.80.0,coverage_gap_edges,0,real-history,history/history-summary.json,oss
nopcommerce,cs,target,GT-doc,17,37,RQ6-hist,release-4.70.0..release-4.80.0,coverage_gap_targets,0,real-history,history/history-summary.json,oss
nopcommerce,cs,target,GT-doc,17,37,RQ6-hist,release-4.70.0..release-4.80.0,drift_total,12,real-history,history/history-summary.json,oss
nopcommerce,cs,target,GT-doc,17,37,RQ6-hist,release-4.70.0..release-4.80.0,label_architectural_R1,8,real-history,references/nopcommerce/history/release-4.70.0__release-4.80.0/worksheet-R1.csv,oss
nopcommerce,cs,target,GT-doc,17,37,RQ6-hist,release-4.70.0..release-4.80.0,label_architectural_R2,8,real-history,references/nopcommerce/history/release-4.70.0__release-4.80.0/worksheet-R2.csv,oss
nopcommerce,cs,target,GT-doc,17,37,RQ6-hist,release-4.70.0..release-4.80.0,label_architectural_agreed,8,real-history,history/history-summary.json,oss
nopcommerce,cs,target,GT-doc,17,37,RQ6-hist,release-4.70.0..release-4.80.0,label_extraction-noise_R1,0,real-history,references/nopcommerce/history/release-4.70.0__release-4.80.0/worksheet-R1.csv,oss
nopcommerce,cs,target,GT-doc,17,37,RQ6-hist,release-4.70.0..release-4.80.0,label_extraction-noise_R2,0,real-history,references/nopcommerce/history/release-4.70.0__release-4.80.0/worksheet-R2.csv,oss
nopcommerce,cs,target,GT-doc,17,37,RQ6-hist,release-4.70.0..release-4.80.0,label_extraction-noise_agreed,0,real-history,history/history-summary.json,oss
nopcommerce,cs,target,GT-doc,17,37,RQ6-hist,release-4.70.0..release-4.80.0,label_non-architectural_R1,4,real-history,references/nopcommerce/history/release-4.70.0__release-4.80.0/worksheet-R1.csv,oss
nopcommerce,cs,target,GT-doc,17,37,RQ6-hist,release-4.70.0..release-4.80.0,label_non-architectural_R2,4,real-history,references/nopcommerce/history/release-4.70.0__release-4.80.0/worksheet-R2.csv,oss
nopcommerce,cs,target,GT-doc,17,37,RQ6-hist,release-4.70.0..release-4.80.0,label_non-architectural_agreed,4,real-history,history/history-summary.json,oss
nopcommerce,cs,target,GT-doc,17,37,RQ6-hist,release-4.70.0..release-4.80.0,labels_agree,12,real-history,history/history-summary.json,oss
nopcommerce,cs,target,GT-doc,17,37,RQ6-hist,release-4.70.0..release-4.80.0,labels_compared,12,real-history,history/history-summary.json,oss
nopcommerce,cs,target,GT-doc,17,37,RQ6-hist,release-4.70.0..release-4.80.0,labels_conf_architectural_architectural,8,real-history,history/history-summary.json,oss
nopcommerce,cs,target,GT-doc,17,37,RQ6-hist,release-4.70.0..release-4.80.0,labels_conf_architectural_extraction-noise,0,real-history,history/history-summary.json,oss
nopcommerce,cs,target,GT-doc,17,37,RQ6-hist,release-4.70.0..release-4.80.0,labels_conf_architectural_non-architectural,0,real-history,history/history-summary.json,oss
nopcommerce,cs,target,GT-doc,17,37,RQ6-hist,release-4.70.0..release-4.80.0,labels_conf_extraction-noise_architectural,0,real-history,history/history-summary.json,oss
nopcommerce,cs,target,GT-doc,17,37,RQ6-hist,release-4.70.0..release-4.80.0,labels_conf_extraction-noise_extraction-noise,0,real-history,history/history-summary.json,oss
nopcommerce,cs,target,GT-doc,17,37,RQ6-hist,release-4.70.0..release-4.80.0,labels_conf_extraction-noise_non-architectural,0,real-history,history/history-summary.json,oss
nopcommerce,cs,target,GT-doc,17,37,RQ6-hist,release-4.70.0..release-4.80.0,labels_conf_non-architectural_architectural,0,real-history,history/history-summary.json,oss
nopcommerce,cs,target,GT-doc,17,37,RQ6-hist,release-4.70.0..release-4.80.0,labels_conf_non-architectural_extraction-noise,0,real-history,history/history-summary.json,oss
nopcommerce,cs,target,GT-doc,17,37,RQ6-hist,release-4.70.0..release-4.80.0,labels_conf_non-architectural_non-architectural,4,real-history,history/history-summary.json,oss
nopcommerce,cs,target,GT-doc,17,37,RQ6-hist,release-4.70.0..release-4.80.0,labels_pending,0,real-history,history/history-summary.json,oss
nopcommerce,cs,target,GT-doc,17,37,RQ6-hist,release-4.70.0..release-4.80.0,layering_violations,0,real-history,history/history-summary.json,oss
nopcommerce,cs,target,GT-doc,17,37,RQ6-hist,release-4.70.0..release-4.80.0,needs_curation_a,0,real-history,history/history-summary.json,oss
nopcommerce,cs,target,GT-doc,17,37,RQ6-hist,release-4.70.0..release-4.80.0,needs_curation_b,0,real-history,history/history-summary.json,oss
nopcommerce,cs,target,GT-doc,17,37,RQ6-hist,release-4.70.0..release-4.80.0,needs_curation_new_b,0,real-history,history/history-summary.json,oss
nopcommerce,cs,target,GT-doc,17,37,RQ6-hist,release-4.70.0..release-4.80.0,new_edges,5,real-history,history/history-summary.json,oss
nopcommerce,cs,target,GT-doc,17,37,RQ6-hist,release-4.70.0..release-4.80.0,new_targets,5,real-history,history/history-summary.json,oss
nopcommerce,cs,target,GT-doc,17,37,RQ6-hist,release-4.70.0..release-4.80.0,removed_edges,1,real-history,history/history-summary.json,oss
nopcommerce,cs,target,GT-doc,17,37,RQ6-hist,release-4.70.0..release-4.80.0,removed_targets,1,real-history,history/history-summary.json,oss
nopcommerce,cs,target,GT-doc,17,37,RQ6-hist,release-4.70.0..release-4.80.0,suspected_renames,0,real-history,history/history-summary.json,oss
nopcommerce,cs,target,GT-doc,17,37,RQ6-hist,release-4.70.0..release-4.80.0,worksheet_rows,12,real-history,history/history-summary.json,oss
squidex,cs,target,GT-exp,12,15,RQ6-hist,7.17.0..7.18.0,advisory,0,real-history,history/history-summary.json,oss
squidex,cs,target,GT-exp,12,15,RQ6-hist,7.17.0..7.18.0,commits_build_files,6,real-history,history/history-summary.json,oss
squidex,cs,target,GT-exp,12,15,RQ6-hist,7.17.0..7.18.0,commits_total,16,real-history,history/history-summary.json,oss
squidex,cs,target,GT-exp,12,15,RQ6-hist,7.17.0..7.18.0,coverage,1.0,real-history,history/history-summary.json,oss
squidex,cs,target,GT-exp,12,15,RQ6-hist,7.17.0..7.18.0,coverage_gap_edges,0,real-history,history/history-summary.json,oss
squidex,cs,target,GT-exp,12,15,RQ6-hist,7.17.0..7.18.0,coverage_gap_targets,0,real-history,history/history-summary.json,oss
squidex,cs,target,GT-exp,12,15,RQ6-hist,7.17.0..7.18.0,drift_total,8,real-history,history/history-summary.json,oss
squidex,cs,target,GT-exp,12,15,RQ6-hist,7.17.0..7.18.0,label_architectural_R1,5,real-history,references/squidex/history/7.17.0__7.18.0/worksheet-R1.csv,oss
squidex,cs,target,GT-exp,12,15,RQ6-hist,7.17.0..7.18.0,label_architectural_R2,5,real-history,references/squidex/history/7.17.0__7.18.0/worksheet-R2.csv,oss
squidex,cs,target,GT-exp,12,15,RQ6-hist,7.17.0..7.18.0,label_architectural_agreed,5,real-history,history/history-summary.json,oss
squidex,cs,target,GT-exp,12,15,RQ6-hist,7.17.0..7.18.0,label_extraction-noise_R1,0,real-history,references/squidex/history/7.17.0__7.18.0/worksheet-R1.csv,oss
squidex,cs,target,GT-exp,12,15,RQ6-hist,7.17.0..7.18.0,label_extraction-noise_R2,0,real-history,references/squidex/history/7.17.0__7.18.0/worksheet-R2.csv,oss
squidex,cs,target,GT-exp,12,15,RQ6-hist,7.17.0..7.18.0,label_extraction-noise_agreed,0,real-history,history/history-summary.json,oss
squidex,cs,target,GT-exp,12,15,RQ6-hist,7.17.0..7.18.0,label_non-architectural_R1,3,real-history,references/squidex/history/7.17.0__7.18.0/worksheet-R1.csv,oss
squidex,cs,target,GT-exp,12,15,RQ6-hist,7.17.0..7.18.0,label_non-architectural_R2,3,real-history,references/squidex/history/7.17.0__7.18.0/worksheet-R2.csv,oss
squidex,cs,target,GT-exp,12,15,RQ6-hist,7.17.0..7.18.0,label_non-architectural_agreed,3,real-history,history/history-summary.json,oss
squidex,cs,target,GT-exp,12,15,RQ6-hist,7.17.0..7.18.0,labels_agree,8,real-history,history/history-summary.json,oss
squidex,cs,target,GT-exp,12,15,RQ6-hist,7.17.0..7.18.0,labels_compared,8,real-history,history/history-summary.json,oss
squidex,cs,target,GT-exp,12,15,RQ6-hist,7.17.0..7.18.0,labels_conf_architectural_architectural,5,real-history,history/history-summary.json,oss
squidex,cs,target,GT-exp,12,15,RQ6-hist,7.17.0..7.18.0,labels_conf_architectural_extraction-noise,0,real-history,history/history-summary.json,oss
squidex,cs,target,GT-exp,12,15,RQ6-hist,7.17.0..7.18.0,labels_conf_architectural_non-architectural,0,real-history,history/history-summary.json,oss
squidex,cs,target,GT-exp,12,15,RQ6-hist,7.17.0..7.18.0,labels_conf_extraction-noise_architectural,0,real-history,history/history-summary.json,oss
squidex,cs,target,GT-exp,12,15,RQ6-hist,7.17.0..7.18.0,labels_conf_extraction-noise_extraction-noise,0,real-history,history/history-summary.json,oss
squidex,cs,target,GT-exp,12,15,RQ6-hist,7.17.0..7.18.0,labels_conf_extraction-noise_non-architectural,0,real-history,history/history-summary.json,oss
squidex,cs,target,GT-exp,12,15,RQ6-hist,7.17.0..7.18.0,labels_conf_non-architectural_architectural,0,real-history,history/history-summary.json,oss
squidex,cs,target,GT-exp,12,15,RQ6-hist,7.17.0..7.18.0,labels_conf_non-architectural_extraction-noise,0,real-history,history/history-summary.json,oss
squidex,cs,target,GT-exp,12,15,RQ6-hist,7.17.0..7.18.0,labels_conf_non-architectural_non-architectural,3,real-history,history/history-summary.json,oss
squidex,cs,target,GT-exp,12,15,RQ6-hist,7.17.0..7.18.0,labels_pending,0,real-history,history/history-summary.json,oss
squidex,cs,target,GT-exp,12,15,RQ6-hist,7.17.0..7.18.0,layering_violations,0,real-history,history/history-summary.json,oss
squidex,cs,target,GT-exp,12,15,RQ6-hist,7.17.0..7.18.0,needs_curation_a,1,real-history,history/history-summary.json,oss
squidex,cs,target,GT-exp,12,15,RQ6-hist,7.17.0..7.18.0,needs_curation_b,1,real-history,history/history-summary.json,oss
squidex,cs,target,GT-exp,12,15,RQ6-hist,7.17.0..7.18.0,needs_curation_new_b,0,real-history,history/history-summary.json,oss
squidex,cs,target,GT-exp,12,15,RQ6-hist,7.17.0..7.18.0,new_edges,6,real-history,history/history-summary.json,oss
squidex,cs,target,GT-exp,12,15,RQ6-hist,7.17.0..7.18.0,new_targets,2,real-history,history/history-summary.json,oss
squidex,cs,target,GT-exp,12,15,RQ6-hist,7.17.0..7.18.0,removed_edges,0,real-history,history/history-summary.json,oss
squidex,cs,target,GT-exp,12,15,RQ6-hist,7.17.0..7.18.0,removed_targets,0,real-history,history/history-summary.json,oss
squidex,cs,target,GT-exp,12,15,RQ6-hist,7.17.0..7.18.0,suspected_renames,0,real-history,history/history-summary.json,oss
squidex,cs,target,GT-exp,12,15,RQ6-hist,7.17.0..7.18.0,worksheet_rows,8,real-history,history/history-summary.json,oss
squidex,cs,target,GT-exp,12,15,RQ6-hist,7.18.0..7.19.0,advisory,0,real-history,history/history-summary.json,oss
squidex,cs,target,GT-exp,12,15,RQ6-hist,7.18.0..7.19.0,commits_build_files,7,real-history,history/history-summary.json,oss
squidex,cs,target,GT-exp,12,15,RQ6-hist,7.18.0..7.19.0,commits_total,29,real-history,history/history-summary.json,oss
squidex,cs,target,GT-exp,12,15,RQ6-hist,7.18.0..7.19.0,coverage,1.0,real-history,history/history-summary.json,oss
squidex,cs,target,GT-exp,12,15,RQ6-hist,7.18.0..7.19.0,coverage_gap_edges,0,real-history,history/history-summary.json,oss
squidex,cs,target,GT-exp,12,15,RQ6-hist,7.18.0..7.19.0,coverage_gap_targets,0,real-history,history/history-summary.json,oss
squidex,cs,target,GT-exp,12,15,RQ6-hist,7.18.0..7.19.0,drift_total,2,real-history,history/history-summary.json,oss
squidex,cs,target,GT-exp,12,15,RQ6-hist,7.18.0..7.19.0,label_architectural_R1,2,real-history,references/squidex/history/7.18.0__7.19.0/worksheet-R1.csv,oss
squidex,cs,target,GT-exp,12,15,RQ6-hist,7.18.0..7.19.0,label_architectural_R2,1,real-history,references/squidex/history/7.18.0__7.19.0/worksheet-R2.csv,oss
squidex,cs,target,GT-exp,12,15,RQ6-hist,7.18.0..7.19.0,label_architectural_agreed,1,real-history,history/history-summary.json,oss
squidex,cs,target,GT-exp,12,15,RQ6-hist,7.18.0..7.19.0,label_extraction-noise_R1,0,real-history,references/squidex/history/7.18.0__7.19.0/worksheet-R1.csv,oss
squidex,cs,target,GT-exp,12,15,RQ6-hist,7.18.0..7.19.0,label_extraction-noise_R2,0,real-history,references/squidex/history/7.18.0__7.19.0/worksheet-R2.csv,oss
squidex,cs,target,GT-exp,12,15,RQ6-hist,7.18.0..7.19.0,label_extraction-noise_agreed,0,real-history,history/history-summary.json,oss
squidex,cs,target,GT-exp,12,15,RQ6-hist,7.18.0..7.19.0,label_non-architectural_R1,0,real-history,references/squidex/history/7.18.0__7.19.0/worksheet-R1.csv,oss
squidex,cs,target,GT-exp,12,15,RQ6-hist,7.18.0..7.19.0,label_non-architectural_R2,1,real-history,references/squidex/history/7.18.0__7.19.0/worksheet-R2.csv,oss
squidex,cs,target,GT-exp,12,15,RQ6-hist,7.18.0..7.19.0,label_non-architectural_agreed,0,real-history,history/history-summary.json,oss
squidex,cs,target,GT-exp,12,15,RQ6-hist,7.18.0..7.19.0,labels_agree,1,real-history,history/history-summary.json,oss
squidex,cs,target,GT-exp,12,15,RQ6-hist,7.18.0..7.19.0,labels_compared,2,real-history,history/history-summary.json,oss
squidex,cs,target,GT-exp,12,15,RQ6-hist,7.18.0..7.19.0,labels_conf_architectural_architectural,1,real-history,history/history-summary.json,oss
squidex,cs,target,GT-exp,12,15,RQ6-hist,7.18.0..7.19.0,labels_conf_architectural_extraction-noise,0,real-history,history/history-summary.json,oss
squidex,cs,target,GT-exp,12,15,RQ6-hist,7.18.0..7.19.0,labels_conf_architectural_non-architectural,1,real-history,history/history-summary.json,oss
squidex,cs,target,GT-exp,12,15,RQ6-hist,7.18.0..7.19.0,labels_conf_extraction-noise_architectural,0,real-history,history/history-summary.json,oss
squidex,cs,target,GT-exp,12,15,RQ6-hist,7.18.0..7.19.0,labels_conf_extraction-noise_extraction-noise,0,real-history,history/history-summary.json,oss
squidex,cs,target,GT-exp,12,15,RQ6-hist,7.18.0..7.19.0,labels_conf_extraction-noise_non-architectural,0,real-history,history/history-summary.json,oss
squidex,cs,target,GT-exp,12,15,RQ6-hist,7.18.0..7.19.0,labels_conf_non-architectural_architectural,0,real-history,history/history-summary.json,oss
squidex,cs,target,GT-exp,12,15,RQ6-hist,7.18.0..7.19.0,labels_conf_non-architectural_extraction-noise,0,real-history,history/history-summary.json,oss
squidex,cs,target,GT-exp,12,15,RQ6-hist,7.18.0..7.19.0,labels_conf_non-architectural_non-architectural,0,real-history,history/history-summary.json,oss
squidex,cs,target,GT-exp,12,15,RQ6-hist,7.18.0..7.19.0,labels_pending,0,real-history,history/history-summary.json,oss
squidex,cs,target,GT-exp,12,15,RQ6-hist,7.18.0..7.19.0,layering_violations,0,real-history,history/history-summary.json,oss
squidex,cs,target,GT-exp,12,15,RQ6-hist,7.18.0..7.19.0,needs_curation_a,1,real-history,history/history-summary.json,oss
squidex,cs,target,GT-exp,12,15,RQ6-hist,7.18.0..7.19.0,needs_curation_b,1,real-history,history/history-summary.json,oss
squidex,cs,target,GT-exp,12,15,RQ6-hist,7.18.0..7.19.0,needs_curation_new_b,0,real-history,history/history-summary.json,oss
squidex,cs,target,GT-exp,12,15,RQ6-hist,7.18.0..7.19.0,new_edges,1,real-history,history/history-summary.json,oss
squidex,cs,target,GT-exp,12,15,RQ6-hist,7.18.0..7.19.0,new_targets,1,real-history,history/history-summary.json,oss
squidex,cs,target,GT-exp,12,15,RQ6-hist,7.18.0..7.19.0,removed_edges,0,real-history,history/history-summary.json,oss
squidex,cs,target,GT-exp,12,15,RQ6-hist,7.18.0..7.19.0,removed_targets,0,real-history,history/history-summary.json,oss
squidex,cs,target,GT-exp,12,15,RQ6-hist,7.18.0..7.19.0,suspected_renames,0,real-history,history/history-summary.json,oss
squidex,cs,target,GT-exp,12,15,RQ6-hist,7.18.0..7.19.0,worksheet_rows,2,real-history,history/history-summary.json,oss
squidex,cs,target,GT-exp,12,15,RQ6-hist,7.20.0..7.21.0,advisory,0,real-history,history/history-summary.json,oss
squidex,cs,target,GT-exp,12,15,RQ6-hist,7.20.0..7.21.0,commits_build_files,5,real-history,history/history-summary.json,oss
squidex,cs,target,GT-exp,12,15,RQ6-hist,7.20.0..7.21.0,commits_total,19,real-history,history/history-summary.json,oss
squidex,cs,target,GT-exp,12,15,RQ6-hist,7.20.0..7.21.0,coverage,1.0,real-history,history/history-summary.json,oss
squidex,cs,target,GT-exp,12,15,RQ6-hist,7.20.0..7.21.0,coverage_gap_edges,0,real-history,history/history-summary.json,oss
squidex,cs,target,GT-exp,12,15,RQ6-hist,7.20.0..7.21.0,coverage_gap_targets,0,real-history,history/history-summary.json,oss
squidex,cs,target,GT-exp,12,15,RQ6-hist,7.20.0..7.21.0,drift_total,0,real-history,history/history-summary.json,oss
squidex,cs,target,GT-exp,12,15,RQ6-hist,7.20.0..7.21.0,labels_pending,0,real-history,history/history-summary.json,oss
squidex,cs,target,GT-exp,12,15,RQ6-hist,7.20.0..7.21.0,layering_violations,0,real-history,history/history-summary.json,oss
squidex,cs,target,GT-exp,12,15,RQ6-hist,7.20.0..7.21.0,needs_curation_a,1,real-history,history/history-summary.json,oss
squidex,cs,target,GT-exp,12,15,RQ6-hist,7.20.0..7.21.0,needs_curation_b,1,real-history,history/history-summary.json,oss
squidex,cs,target,GT-exp,12,15,RQ6-hist,7.20.0..7.21.0,needs_curation_new_b,0,real-history,history/history-summary.json,oss
squidex,cs,target,GT-exp,12,15,RQ6-hist,7.20.0..7.21.0,new_edges,0,real-history,history/history-summary.json,oss
squidex,cs,target,GT-exp,12,15,RQ6-hist,7.20.0..7.21.0,new_targets,0,real-history,history/history-summary.json,oss
squidex,cs,target,GT-exp,12,15,RQ6-hist,7.20.0..7.21.0,removed_edges,0,real-history,history/history-summary.json,oss
squidex,cs,target,GT-exp,12,15,RQ6-hist,7.20.0..7.21.0,removed_targets,0,real-history,history/history-summary.json,oss
squidex,cs,target,GT-exp,12,15,RQ6-hist,7.20.0..7.21.0,suspected_renames,0,real-history,history/history-summary.json,oss
squidex,cs,target,GT-exp,12,15,RQ6-hist,7.20.0..7.21.0,worksheet_rows,0,real-history,history/history-summary.json,oss
squidex,cs,target,GT-exp,12,15,RQ6-hist,7.21.0..7.22.0,advisory,0,real-history,history/history-summary.json,oss
squidex,cs,target,GT-exp,12,15,RQ6-hist,7.21.0..7.22.0,commits_build_files,11,real-history,history/history-summary.json,oss
squidex,cs,target,GT-exp,12,15,RQ6-hist,7.21.0..7.22.0,commits_total,51,real-history,history/history-summary.json,oss
squidex,cs,target,GT-exp,12,15,RQ6-hist,7.21.0..7.22.0,coverage,1.0,real-history,history/history-summary.json,oss
squidex,cs,target,GT-exp,12,15,RQ6-hist,7.21.0..7.22.0,coverage_gap_edges,0,real-history,history/history-summary.json,oss
squidex,cs,target,GT-exp,12,15,RQ6-hist,7.21.0..7.22.0,coverage_gap_targets,0,real-history,history/history-summary.json,oss
squidex,cs,target,GT-exp,12,15,RQ6-hist,7.21.0..7.22.0,drift_total,0,real-history,history/history-summary.json,oss
squidex,cs,target,GT-exp,12,15,RQ6-hist,7.21.0..7.22.0,labels_pending,0,real-history,history/history-summary.json,oss
squidex,cs,target,GT-exp,12,15,RQ6-hist,7.21.0..7.22.0,layering_violations,0,real-history,history/history-summary.json,oss
squidex,cs,target,GT-exp,12,15,RQ6-hist,7.21.0..7.22.0,needs_curation_a,1,real-history,history/history-summary.json,oss
squidex,cs,target,GT-exp,12,15,RQ6-hist,7.21.0..7.22.0,needs_curation_b,1,real-history,history/history-summary.json,oss
squidex,cs,target,GT-exp,12,15,RQ6-hist,7.21.0..7.22.0,needs_curation_new_b,0,real-history,history/history-summary.json,oss
squidex,cs,target,GT-exp,12,15,RQ6-hist,7.21.0..7.22.0,new_edges,0,real-history,history/history-summary.json,oss
squidex,cs,target,GT-exp,12,15,RQ6-hist,7.21.0..7.22.0,new_targets,0,real-history,history/history-summary.json,oss
squidex,cs,target,GT-exp,12,15,RQ6-hist,7.21.0..7.22.0,removed_edges,0,real-history,history/history-summary.json,oss
squidex,cs,target,GT-exp,12,15,RQ6-hist,7.21.0..7.22.0,removed_targets,0,real-history,history/history-summary.json,oss
squidex,cs,target,GT-exp,12,15,RQ6-hist,7.21.0..7.22.0,suspected_renames,0,real-history,history/history-summary.json,oss
squidex,cs,target,GT-exp,12,15,RQ6-hist,7.21.0..7.22.0,worksheet_rows,0,real-history,history/history-summary.json,oss
bash,cpp,file,GT-pub,14,373,RQ6-mut,add_target,alias_suppressed,0,seeded,mutation/mutation-summary.json,oss
bash,cpp,file,GT-pub,14,373,RQ6-mut,add_target,alias_total,0,seeded,mutation/mutation-summary.json,oss
bash,cpp,file,GT-pub,14,373,RQ6-mut,add_target,detected,4,seeded,mutation/mutation-summary.json,oss
bash,cpp,file,GT-pub,14,373,RQ6-mut,add_target,false_rename_clean,0,seeded,mutation/mutation-summary.json,oss
bash,cpp,file,GT-pub,14,373,RQ6-mut,add_target,false_rename_total,0,seeded,mutation/mutation-summary.json,oss
bash,cpp,file,GT-pub,14,373,RQ6-mut,add_target,fn,0,seeded,mutation/mutation-summary.json,oss
bash,cpp,file,GT-pub,14,373,RQ6-mut,add_target,fp,0,seeded,mutation/mutation-summary.json,oss
bash,cpp,file,GT-pub,14,373,RQ6-mut,add_target,n,4,seeded,mutation/mutation-summary.json,oss
bash,cpp,file,GT-pub,14,373,RQ6-mut,add_target,rename_correct,0,seeded,mutation/mutation-summary.json,oss
bash,cpp,file,GT-pub,14,373,RQ6-mut,add_target,rename_total,0,seeded,mutation/mutation-summary.json,oss
bash,cpp,file,GT-pub,14,373,RQ6-mut,add_target,tp,4,seeded,mutation/mutation-summary.json,oss
bash,cpp,file,GT-pub,14,373,RQ6-mut,remove_target,alias_suppressed,0,seeded,mutation/mutation-summary.json,oss
bash,cpp,file,GT-pub,14,373,RQ6-mut,remove_target,alias_total,0,seeded,mutation/mutation-summary.json,oss
bash,cpp,file,GT-pub,14,373,RQ6-mut,remove_target,detected,4,seeded,mutation/mutation-summary.json,oss
bash,cpp,file,GT-pub,14,373,RQ6-mut,remove_target,false_rename_clean,0,seeded,mutation/mutation-summary.json,oss
bash,cpp,file,GT-pub,14,373,RQ6-mut,remove_target,false_rename_total,0,seeded,mutation/mutation-summary.json,oss
bash,cpp,file,GT-pub,14,373,RQ6-mut,remove_target,fn,0,seeded,mutation/mutation-summary.json,oss
bash,cpp,file,GT-pub,14,373,RQ6-mut,remove_target,fp,0,seeded,mutation/mutation-summary.json,oss
bash,cpp,file,GT-pub,14,373,RQ6-mut,remove_target,n,4,seeded,mutation/mutation-summary.json,oss
bash,cpp,file,GT-pub,14,373,RQ6-mut,remove_target,rename_correct,0,seeded,mutation/mutation-summary.json,oss
bash,cpp,file,GT-pub,14,373,RQ6-mut,remove_target,rename_total,0,seeded,mutation/mutation-summary.json,oss
bash,cpp,file,GT-pub,14,373,RQ6-mut,remove_target,tp,8,seeded,mutation/mutation-summary.json,oss
eshop,cs,target,GT-doc,9,19,RQ6-mut,add_forbidden_dep,alias_suppressed,0,seeded,mutation/mutation-summary.json,oss
eshop,cs,target,GT-doc,9,19,RQ6-mut,add_forbidden_dep,alias_total,0,seeded,mutation/mutation-summary.json,oss
eshop,cs,target,GT-doc,9,19,RQ6-mut,add_forbidden_dep,detected,4,seeded,mutation/mutation-summary.json,oss
eshop,cs,target,GT-doc,9,19,RQ6-mut,add_forbidden_dep,false_rename_clean,0,seeded,mutation/mutation-summary.json,oss
eshop,cs,target,GT-doc,9,19,RQ6-mut,add_forbidden_dep,false_rename_total,0,seeded,mutation/mutation-summary.json,oss
eshop,cs,target,GT-doc,9,19,RQ6-mut,add_forbidden_dep,fn,0,seeded,mutation/mutation-summary.json,oss
eshop,cs,target,GT-doc,9,19,RQ6-mut,add_forbidden_dep,fp,0,seeded,mutation/mutation-summary.json,oss
eshop,cs,target,GT-doc,9,19,RQ6-mut,add_forbidden_dep,n,4,seeded,mutation/mutation-summary.json,oss
eshop,cs,target,GT-doc,9,19,RQ6-mut,add_forbidden_dep,rename_correct,0,seeded,mutation/mutation-summary.json,oss
eshop,cs,target,GT-doc,9,19,RQ6-mut,add_forbidden_dep,rename_total,0,seeded,mutation/mutation-summary.json,oss
eshop,cs,target,GT-doc,9,19,RQ6-mut,add_forbidden_dep,tp,8,seeded,mutation/mutation-summary.json,oss
eshop,cs,target,GT-doc,9,19,RQ6-mut,add_target,alias_suppressed,0,seeded,mutation/mutation-summary.json,oss
eshop,cs,target,GT-doc,9,19,RQ6-mut,add_target,alias_total,0,seeded,mutation/mutation-summary.json,oss
eshop,cs,target,GT-doc,9,19,RQ6-mut,add_target,detected,4,seeded,mutation/mutation-summary.json,oss
eshop,cs,target,GT-doc,9,19,RQ6-mut,add_target,false_rename_clean,0,seeded,mutation/mutation-summary.json,oss
eshop,cs,target,GT-doc,9,19,RQ6-mut,add_target,false_rename_total,0,seeded,mutation/mutation-summary.json,oss
eshop,cs,target,GT-doc,9,19,RQ6-mut,add_target,fn,0,seeded,mutation/mutation-summary.json,oss
eshop,cs,target,GT-doc,9,19,RQ6-mut,add_target,fp,0,seeded,mutation/mutation-summary.json,oss
eshop,cs,target,GT-doc,9,19,RQ6-mut,add_target,n,4,seeded,mutation/mutation-summary.json,oss
eshop,cs,target,GT-doc,9,19,RQ6-mut,add_target,rename_correct,0,seeded,mutation/mutation-summary.json,oss
eshop,cs,target,GT-doc,9,19,RQ6-mut,add_target,rename_total,0,seeded,mutation/mutation-summary.json,oss
eshop,cs,target,GT-doc,9,19,RQ6-mut,add_target,tp,4,seeded,mutation/mutation-summary.json,oss
eshop,cs,target,GT-doc,9,19,RQ6-mut,merge_targets,alias_suppressed,0,seeded,mutation/mutation-summary.json,oss
eshop,cs,target,GT-doc,9,19,RQ6-mut,merge_targets,alias_total,0,seeded,mutation/mutation-summary.json,oss
eshop,cs,target,GT-doc,9,19,RQ6-mut,merge_targets,detected,4,seeded,mutation/mutation-summary.json,oss
eshop,cs,target,GT-doc,9,19,RQ6-mut,merge_targets,false_rename_clean,4,seeded,mutation/mutation-summary.json,oss
eshop,cs,target,GT-doc,9,19,RQ6-mut,merge_targets,false_rename_total,4,seeded,mutation/mutation-summary.json,oss
eshop,cs,target,GT-doc,9,19,RQ6-mut,merge_targets,fn,0,seeded,mutation/mutation-summary.json,oss
eshop,cs,target,GT-doc,9,19,RQ6-mut,merge_targets,fp,0,seeded,mutation/mutation-summary.json,oss
eshop,cs,target,GT-doc,9,19,RQ6-mut,merge_targets,n,4,seeded,mutation/mutation-summary.json,oss
eshop,cs,target,GT-doc,9,19,RQ6-mut,merge_targets,rename_correct,0,seeded,mutation/mutation-summary.json,oss
eshop,cs,target,GT-doc,9,19,RQ6-mut,merge_targets,rename_total,0,seeded,mutation/mutation-summary.json,oss
eshop,cs,target,GT-doc,9,19,RQ6-mut,merge_targets,tp,17,seeded,mutation/mutation-summary.json,oss
eshop,cs,target,GT-doc,9,19,RQ6-mut,remove_dep,alias_suppressed,0,seeded,mutation/mutation-summary.json,oss
eshop,cs,target,GT-doc,9,19,RQ6-mut,remove_dep,alias_total,0,seeded,mutation/mutation-summary.json,oss
eshop,cs,target,GT-doc,9,19,RQ6-mut,remove_dep,detected,4,seeded,mutation/mutation-summary.json,oss
eshop,cs,target,GT-doc,9,19,RQ6-mut,remove_dep,false_rename_clean,0,seeded,mutation/mutation-summary.json,oss
eshop,cs,target,GT-doc,9,19,RQ6-mut,remove_dep,false_rename_total,0,seeded,mutation/mutation-summary.json,oss
eshop,cs,target,GT-doc,9,19,RQ6-mut,remove_dep,fn,0,seeded,mutation/mutation-summary.json,oss
eshop,cs,target,GT-doc,9,19,RQ6-mut,remove_dep,fp,0,seeded,mutation/mutation-summary.json,oss
eshop,cs,target,GT-doc,9,19,RQ6-mut,remove_dep,n,4,seeded,mutation/mutation-summary.json,oss
eshop,cs,target,GT-doc,9,19,RQ6-mut,remove_dep,rename_correct,0,seeded,mutation/mutation-summary.json,oss
eshop,cs,target,GT-doc,9,19,RQ6-mut,remove_dep,rename_total,0,seeded,mutation/mutation-summary.json,oss
eshop,cs,target,GT-doc,9,19,RQ6-mut,remove_dep,tp,4,seeded,mutation/mutation-summary.json,oss
eshop,cs,target,GT-doc,9,19,RQ6-mut,remove_target,alias_suppressed,0,seeded,mutation/mutation-summary.json,oss
eshop,cs,target,GT-doc,9,19,RQ6-mut,remove_target,alias_total,0,seeded,mutation/mutation-summary.json,oss
eshop,cs,target,GT-doc,9,19,RQ6-mut,remove_target,detected,4,seeded,mutation/mutation-summary.json,oss
eshop,cs,target,GT-doc,9,19,RQ6-mut,remove_target,false_rename_clean,0,seeded,mutation/mutation-summary.json,oss
eshop,cs,target,GT-doc,9,19,RQ6-mut,remove_target,false_rename_total,0,seeded,mutation/mutation-summary.json,oss
eshop,cs,target,GT-doc,9,19,RQ6-mut,remove_target,fn,0,seeded,mutation/mutation-summary.json,oss
eshop,cs,target,GT-doc,9,19,RQ6-mut,remove_target,fp,0,seeded,mutation/mutation-summary.json,oss
eshop,cs,target,GT-doc,9,19,RQ6-mut,remove_target,n,4,seeded,mutation/mutation-summary.json,oss
eshop,cs,target,GT-doc,9,19,RQ6-mut,remove_target,rename_correct,0,seeded,mutation/mutation-summary.json,oss
eshop,cs,target,GT-doc,9,19,RQ6-mut,remove_target,rename_total,0,seeded,mutation/mutation-summary.json,oss
eshop,cs,target,GT-doc,9,19,RQ6-mut,remove_target,tp,12,seeded,mutation/mutation-summary.json,oss
eshop,cs,target,GT-doc,9,19,RQ6-mut,rename_target,alias_suppressed,4,seeded,mutation/mutation-summary.json,oss
eshop,cs,target,GT-doc,9,19,RQ6-mut,rename_target,alias_total,4,seeded,mutation/mutation-summary.json,oss
eshop,cs,target,GT-doc,9,19,RQ6-mut,rename_target,detected,4,seeded,mutation/mutation-summary.json,oss
eshop,cs,target,GT-doc,9,19,RQ6-mut,rename_target,false_rename_clean,0,seeded,mutation/mutation-summary.json,oss
eshop,cs,target,GT-doc,9,19,RQ6-mut,rename_target,false_rename_total,0,seeded,mutation/mutation-summary.json,oss
eshop,cs,target,GT-doc,9,19,RQ6-mut,rename_target,fn,0,seeded,mutation/mutation-summary.json,oss
eshop,cs,target,GT-doc,9,19,RQ6-mut,rename_target,fp,0,seeded,mutation/mutation-summary.json,oss
eshop,cs,target,GT-doc,9,19,RQ6-mut,rename_target,n,4,seeded,mutation/mutation-summary.json,oss
eshop,cs,target,GT-doc,9,19,RQ6-mut,rename_target,rename_correct,4,seeded,mutation/mutation-summary.json,oss
eshop,cs,target,GT-doc,9,19,RQ6-mut,rename_target,rename_total,4,seeded,mutation/mutation-summary.json,oss
eshop,cs,target,GT-doc,9,19,RQ6-mut,rename_target,tp,28,seeded,mutation/mutation-summary.json,oss
libxml2,cpp,file,GT-pub,18,82,RQ6-mut,add_target,alias_suppressed,0,seeded,mutation/mutation-summary.json,oss
libxml2,cpp,file,GT-pub,18,82,RQ6-mut,add_target,alias_total,0,seeded,mutation/mutation-summary.json,oss
libxml2,cpp,file,GT-pub,18,82,RQ6-mut,add_target,detected,4,seeded,mutation/mutation-summary.json,oss
libxml2,cpp,file,GT-pub,18,82,RQ6-mut,add_target,false_rename_clean,0,seeded,mutation/mutation-summary.json,oss
libxml2,cpp,file,GT-pub,18,82,RQ6-mut,add_target,false_rename_total,0,seeded,mutation/mutation-summary.json,oss
libxml2,cpp,file,GT-pub,18,82,RQ6-mut,add_target,fn,0,seeded,mutation/mutation-summary.json,oss
libxml2,cpp,file,GT-pub,18,82,RQ6-mut,add_target,fp,0,seeded,mutation/mutation-summary.json,oss
libxml2,cpp,file,GT-pub,18,82,RQ6-mut,add_target,n,4,seeded,mutation/mutation-summary.json,oss
libxml2,cpp,file,GT-pub,18,82,RQ6-mut,add_target,rename_correct,0,seeded,mutation/mutation-summary.json,oss
libxml2,cpp,file,GT-pub,18,82,RQ6-mut,add_target,rename_total,0,seeded,mutation/mutation-summary.json,oss
libxml2,cpp,file,GT-pub,18,82,RQ6-mut,add_target,tp,4,seeded,mutation/mutation-summary.json,oss
libxml2,cpp,file,GT-pub,18,82,RQ6-mut,remove_dep,alias_suppressed,0,seeded,mutation/mutation-summary.json,oss
libxml2,cpp,file,GT-pub,18,82,RQ6-mut,remove_dep,alias_total,0,seeded,mutation/mutation-summary.json,oss
libxml2,cpp,file,GT-pub,18,82,RQ6-mut,remove_dep,detected,4,seeded,mutation/mutation-summary.json,oss
libxml2,cpp,file,GT-pub,18,82,RQ6-mut,remove_dep,false_rename_clean,0,seeded,mutation/mutation-summary.json,oss
libxml2,cpp,file,GT-pub,18,82,RQ6-mut,remove_dep,false_rename_total,0,seeded,mutation/mutation-summary.json,oss
libxml2,cpp,file,GT-pub,18,82,RQ6-mut,remove_dep,fn,0,seeded,mutation/mutation-summary.json,oss
libxml2,cpp,file,GT-pub,18,82,RQ6-mut,remove_dep,fp,0,seeded,mutation/mutation-summary.json,oss
libxml2,cpp,file,GT-pub,18,82,RQ6-mut,remove_dep,n,4,seeded,mutation/mutation-summary.json,oss
libxml2,cpp,file,GT-pub,18,82,RQ6-mut,remove_dep,rename_correct,0,seeded,mutation/mutation-summary.json,oss
libxml2,cpp,file,GT-pub,18,82,RQ6-mut,remove_dep,rename_total,0,seeded,mutation/mutation-summary.json,oss
libxml2,cpp,file,GT-pub,18,82,RQ6-mut,remove_dep,tp,4,seeded,mutation/mutation-summary.json,oss
libxml2,cpp,file,GT-pub,18,82,RQ6-mut,remove_target,alias_suppressed,0,seeded,mutation/mutation-summary.json,oss
libxml2,cpp,file,GT-pub,18,82,RQ6-mut,remove_target,alias_total,0,seeded,mutation/mutation-summary.json,oss
libxml2,cpp,file,GT-pub,18,82,RQ6-mut,remove_target,detected,4,seeded,mutation/mutation-summary.json,oss
libxml2,cpp,file,GT-pub,18,82,RQ6-mut,remove_target,false_rename_clean,0,seeded,mutation/mutation-summary.json,oss
libxml2,cpp,file,GT-pub,18,82,RQ6-mut,remove_target,false_rename_total,0,seeded,mutation/mutation-summary.json,oss
libxml2,cpp,file,GT-pub,18,82,RQ6-mut,remove_target,fn,0,seeded,mutation/mutation-summary.json,oss
libxml2,cpp,file,GT-pub,18,82,RQ6-mut,remove_target,fp,0,seeded,mutation/mutation-summary.json,oss
libxml2,cpp,file,GT-pub,18,82,RQ6-mut,remove_target,n,4,seeded,mutation/mutation-summary.json,oss
libxml2,cpp,file,GT-pub,18,82,RQ6-mut,remove_target,rename_correct,0,seeded,mutation/mutation-summary.json,oss
libxml2,cpp,file,GT-pub,18,82,RQ6-mut,remove_target,rename_total,0,seeded,mutation/mutation-summary.json,oss
libxml2,cpp,file,GT-pub,18,82,RQ6-mut,remove_target,tp,8,seeded,mutation/mutation-summary.json,oss
libxml2,cpp,file,GT-pub,18,82,RQ6-mut,rename_target,alias_suppressed,4,seeded,mutation/mutation-summary.json,oss
libxml2,cpp,file,GT-pub,18,82,RQ6-mut,rename_target,alias_total,4,seeded,mutation/mutation-summary.json,oss
libxml2,cpp,file,GT-pub,18,82,RQ6-mut,rename_target,detected,4,seeded,mutation/mutation-summary.json,oss
libxml2,cpp,file,GT-pub,18,82,RQ6-mut,rename_target,false_rename_clean,0,seeded,mutation/mutation-summary.json,oss
libxml2,cpp,file,GT-pub,18,82,RQ6-mut,rename_target,false_rename_total,0,seeded,mutation/mutation-summary.json,oss
libxml2,cpp,file,GT-pub,18,82,RQ6-mut,rename_target,fn,0,seeded,mutation/mutation-summary.json,oss
libxml2,cpp,file,GT-pub,18,82,RQ6-mut,rename_target,fp,0,seeded,mutation/mutation-summary.json,oss
libxml2,cpp,file,GT-pub,18,82,RQ6-mut,rename_target,n,4,seeded,mutation/mutation-summary.json,oss
libxml2,cpp,file,GT-pub,18,82,RQ6-mut,rename_target,rename_correct,4,seeded,mutation/mutation-summary.json,oss
libxml2,cpp,file,GT-pub,18,82,RQ6-mut,rename_target,rename_total,4,seeded,mutation/mutation-summary.json,oss
libxml2,cpp,file,GT-pub,18,82,RQ6-mut,rename_target,tp,20,seeded,mutation/mutation-summary.json,oss
nopcommerce,cs,target,GT-doc,17,37,RQ6-mut,add_forbidden_dep,alias_suppressed,0,seeded,mutation/mutation-summary.json,oss
nopcommerce,cs,target,GT-doc,17,37,RQ6-mut,add_forbidden_dep,alias_total,0,seeded,mutation/mutation-summary.json,oss
nopcommerce,cs,target,GT-doc,17,37,RQ6-mut,add_forbidden_dep,detected,4,seeded,mutation/mutation-summary.json,oss
nopcommerce,cs,target,GT-doc,17,37,RQ6-mut,add_forbidden_dep,false_rename_clean,0,seeded,mutation/mutation-summary.json,oss
nopcommerce,cs,target,GT-doc,17,37,RQ6-mut,add_forbidden_dep,false_rename_total,0,seeded,mutation/mutation-summary.json,oss
nopcommerce,cs,target,GT-doc,17,37,RQ6-mut,add_forbidden_dep,fn,0,seeded,mutation/mutation-summary.json,oss
nopcommerce,cs,target,GT-doc,17,37,RQ6-mut,add_forbidden_dep,fp,0,seeded,mutation/mutation-summary.json,oss
nopcommerce,cs,target,GT-doc,17,37,RQ6-mut,add_forbidden_dep,n,4,seeded,mutation/mutation-summary.json,oss
nopcommerce,cs,target,GT-doc,17,37,RQ6-mut,add_forbidden_dep,rename_correct,0,seeded,mutation/mutation-summary.json,oss
nopcommerce,cs,target,GT-doc,17,37,RQ6-mut,add_forbidden_dep,rename_total,0,seeded,mutation/mutation-summary.json,oss
nopcommerce,cs,target,GT-doc,17,37,RQ6-mut,add_forbidden_dep,tp,8,seeded,mutation/mutation-summary.json,oss
nopcommerce,cs,target,GT-doc,17,37,RQ6-mut,add_target,alias_suppressed,0,seeded,mutation/mutation-summary.json,oss
nopcommerce,cs,target,GT-doc,17,37,RQ6-mut,add_target,alias_total,0,seeded,mutation/mutation-summary.json,oss
nopcommerce,cs,target,GT-doc,17,37,RQ6-mut,add_target,detected,4,seeded,mutation/mutation-summary.json,oss
nopcommerce,cs,target,GT-doc,17,37,RQ6-mut,add_target,false_rename_clean,0,seeded,mutation/mutation-summary.json,oss
nopcommerce,cs,target,GT-doc,17,37,RQ6-mut,add_target,false_rename_total,0,seeded,mutation/mutation-summary.json,oss
nopcommerce,cs,target,GT-doc,17,37,RQ6-mut,add_target,fn,0,seeded,mutation/mutation-summary.json,oss
nopcommerce,cs,target,GT-doc,17,37,RQ6-mut,add_target,fp,0,seeded,mutation/mutation-summary.json,oss
nopcommerce,cs,target,GT-doc,17,37,RQ6-mut,add_target,n,4,seeded,mutation/mutation-summary.json,oss
nopcommerce,cs,target,GT-doc,17,37,RQ6-mut,add_target,rename_correct,0,seeded,mutation/mutation-summary.json,oss
nopcommerce,cs,target,GT-doc,17,37,RQ6-mut,add_target,rename_total,0,seeded,mutation/mutation-summary.json,oss
nopcommerce,cs,target,GT-doc,17,37,RQ6-mut,add_target,tp,4,seeded,mutation/mutation-summary.json,oss
nopcommerce,cs,target,GT-doc,17,37,RQ6-mut,merge_targets,alias_suppressed,0,seeded,mutation/mutation-summary.json,oss
nopcommerce,cs,target,GT-doc,17,37,RQ6-mut,merge_targets,alias_total,0,seeded,mutation/mutation-summary.json,oss
nopcommerce,cs,target,GT-doc,17,37,RQ6-mut,merge_targets,detected,3,seeded,mutation/mutation-summary.json,oss
nopcommerce,cs,target,GT-doc,17,37,RQ6-mut,merge_targets,false_rename_clean,3,seeded,mutation/mutation-summary.json,oss
nopcommerce,cs,target,GT-doc,17,37,RQ6-mut,merge_targets,false_rename_total,3,seeded,mutation/mutation-summary.json,oss
nopcommerce,cs,target,GT-doc,17,37,RQ6-mut,merge_targets,fn,0,seeded,mutation/mutation-summary.json,oss
nopcommerce,cs,target,GT-doc,17,37,RQ6-mut,merge_targets,fp,0,seeded,mutation/mutation-summary.json,oss
nopcommerce,cs,target,GT-doc,17,37,RQ6-mut,merge_targets,n,3,seeded,mutation/mutation-summary.json,oss
nopcommerce,cs,target,GT-doc,17,37,RQ6-mut,merge_targets,rename_correct,0,seeded,mutation/mutation-summary.json,oss
nopcommerce,cs,target,GT-doc,17,37,RQ6-mut,merge_targets,rename_total,0,seeded,mutation/mutation-summary.json,oss
nopcommerce,cs,target,GT-doc,17,37,RQ6-mut,merge_targets,tp,21,seeded,mutation/mutation-summary.json,oss
nopcommerce,cs,target,GT-doc,17,37,RQ6-mut,remove_dep,alias_suppressed,0,seeded,mutation/mutation-summary.json,oss
nopcommerce,cs,target,GT-doc,17,37,RQ6-mut,remove_dep,alias_total,0,seeded,mutation/mutation-summary.json,oss
nopcommerce,cs,target,GT-doc,17,37,RQ6-mut,remove_dep,detected,4,seeded,mutation/mutation-summary.json,oss
nopcommerce,cs,target,GT-doc,17,37,RQ6-mut,remove_dep,false_rename_clean,0,seeded,mutation/mutation-summary.json,oss
nopcommerce,cs,target,GT-doc,17,37,RQ6-mut,remove_dep,false_rename_total,0,seeded,mutation/mutation-summary.json,oss
nopcommerce,cs,target,GT-doc,17,37,RQ6-mut,remove_dep,fn,0,seeded,mutation/mutation-summary.json,oss
nopcommerce,cs,target,GT-doc,17,37,RQ6-mut,remove_dep,fp,0,seeded,mutation/mutation-summary.json,oss
nopcommerce,cs,target,GT-doc,17,37,RQ6-mut,remove_dep,n,4,seeded,mutation/mutation-summary.json,oss
nopcommerce,cs,target,GT-doc,17,37,RQ6-mut,remove_dep,rename_correct,0,seeded,mutation/mutation-summary.json,oss
nopcommerce,cs,target,GT-doc,17,37,RQ6-mut,remove_dep,rename_total,0,seeded,mutation/mutation-summary.json,oss
nopcommerce,cs,target,GT-doc,17,37,RQ6-mut,remove_dep,tp,4,seeded,mutation/mutation-summary.json,oss
nopcommerce,cs,target,GT-doc,17,37,RQ6-mut,remove_target,alias_suppressed,0,seeded,mutation/mutation-summary.json,oss
nopcommerce,cs,target,GT-doc,17,37,RQ6-mut,remove_target,alias_total,0,seeded,mutation/mutation-summary.json,oss
nopcommerce,cs,target,GT-doc,17,37,RQ6-mut,remove_target,detected,4,seeded,mutation/mutation-summary.json,oss
nopcommerce,cs,target,GT-doc,17,37,RQ6-mut,remove_target,false_rename_clean,0,seeded,mutation/mutation-summary.json,oss
nopcommerce,cs,target,GT-doc,17,37,RQ6-mut,remove_target,false_rename_total,0,seeded,mutation/mutation-summary.json,oss
nopcommerce,cs,target,GT-doc,17,37,RQ6-mut,remove_target,fn,0,seeded,mutation/mutation-summary.json,oss
nopcommerce,cs,target,GT-doc,17,37,RQ6-mut,remove_target,fp,0,seeded,mutation/mutation-summary.json,oss
nopcommerce,cs,target,GT-doc,17,37,RQ6-mut,remove_target,n,4,seeded,mutation/mutation-summary.json,oss
nopcommerce,cs,target,GT-doc,17,37,RQ6-mut,remove_target,rename_correct,0,seeded,mutation/mutation-summary.json,oss
nopcommerce,cs,target,GT-doc,17,37,RQ6-mut,remove_target,rename_total,0,seeded,mutation/mutation-summary.json,oss
nopcommerce,cs,target,GT-doc,17,37,RQ6-mut,remove_target,tp,11,seeded,mutation/mutation-summary.json,oss
nopcommerce,cs,target,GT-doc,17,37,RQ6-mut,rename_target,alias_suppressed,4,seeded,mutation/mutation-summary.json,oss
nopcommerce,cs,target,GT-doc,17,37,RQ6-mut,rename_target,alias_total,4,seeded,mutation/mutation-summary.json,oss
nopcommerce,cs,target,GT-doc,17,37,RQ6-mut,rename_target,detected,4,seeded,mutation/mutation-summary.json,oss
nopcommerce,cs,target,GT-doc,17,37,RQ6-mut,rename_target,false_rename_clean,0,seeded,mutation/mutation-summary.json,oss
nopcommerce,cs,target,GT-doc,17,37,RQ6-mut,rename_target,false_rename_total,0,seeded,mutation/mutation-summary.json,oss
nopcommerce,cs,target,GT-doc,17,37,RQ6-mut,rename_target,fn,0,seeded,mutation/mutation-summary.json,oss
nopcommerce,cs,target,GT-doc,17,37,RQ6-mut,rename_target,fp,0,seeded,mutation/mutation-summary.json,oss
nopcommerce,cs,target,GT-doc,17,37,RQ6-mut,rename_target,n,4,seeded,mutation/mutation-summary.json,oss
nopcommerce,cs,target,GT-doc,17,37,RQ6-mut,rename_target,rename_correct,4,seeded,mutation/mutation-summary.json,oss
nopcommerce,cs,target,GT-doc,17,37,RQ6-mut,rename_target,rename_total,4,seeded,mutation/mutation-summary.json,oss
nopcommerce,cs,target,GT-doc,17,37,RQ6-mut,rename_target,tp,26,seeded,mutation/mutation-summary.json,oss
orchardcore,cs,target,GT-doc,34,207,RQ6-mut,add_forbidden_dep,alias_suppressed,0,seeded,mutation/mutation-summary.json,oss
orchardcore,cs,target,GT-doc,34,207,RQ6-mut,add_forbidden_dep,alias_total,0,seeded,mutation/mutation-summary.json,oss
orchardcore,cs,target,GT-doc,34,207,RQ6-mut,add_forbidden_dep,detected,4,seeded,mutation/mutation-summary.json,oss
orchardcore,cs,target,GT-doc,34,207,RQ6-mut,add_forbidden_dep,false_rename_clean,0,seeded,mutation/mutation-summary.json,oss
orchardcore,cs,target,GT-doc,34,207,RQ6-mut,add_forbidden_dep,false_rename_total,0,seeded,mutation/mutation-summary.json,oss
orchardcore,cs,target,GT-doc,34,207,RQ6-mut,add_forbidden_dep,fn,0,seeded,mutation/mutation-summary.json,oss
orchardcore,cs,target,GT-doc,34,207,RQ6-mut,add_forbidden_dep,fp,0,seeded,mutation/mutation-summary.json,oss
orchardcore,cs,target,GT-doc,34,207,RQ6-mut,add_forbidden_dep,n,4,seeded,mutation/mutation-summary.json,oss
orchardcore,cs,target,GT-doc,34,207,RQ6-mut,add_forbidden_dep,rename_correct,0,seeded,mutation/mutation-summary.json,oss
orchardcore,cs,target,GT-doc,34,207,RQ6-mut,add_forbidden_dep,rename_total,0,seeded,mutation/mutation-summary.json,oss
orchardcore,cs,target,GT-doc,34,207,RQ6-mut,add_forbidden_dep,tp,8,seeded,mutation/mutation-summary.json,oss
orchardcore,cs,target,GT-doc,34,207,RQ6-mut,add_target,alias_suppressed,0,seeded,mutation/mutation-summary.json,oss
orchardcore,cs,target,GT-doc,34,207,RQ6-mut,add_target,alias_total,0,seeded,mutation/mutation-summary.json,oss
orchardcore,cs,target,GT-doc,34,207,RQ6-mut,add_target,detected,4,seeded,mutation/mutation-summary.json,oss
orchardcore,cs,target,GT-doc,34,207,RQ6-mut,add_target,false_rename_clean,0,seeded,mutation/mutation-summary.json,oss
orchardcore,cs,target,GT-doc,34,207,RQ6-mut,add_target,false_rename_total,0,seeded,mutation/mutation-summary.json,oss
orchardcore,cs,target,GT-doc,34,207,RQ6-mut,add_target,fn,0,seeded,mutation/mutation-summary.json,oss
orchardcore,cs,target,GT-doc,34,207,RQ6-mut,add_target,fp,0,seeded,mutation/mutation-summary.json,oss
orchardcore,cs,target,GT-doc,34,207,RQ6-mut,add_target,n,4,seeded,mutation/mutation-summary.json,oss
orchardcore,cs,target,GT-doc,34,207,RQ6-mut,add_target,rename_correct,0,seeded,mutation/mutation-summary.json,oss
orchardcore,cs,target,GT-doc,34,207,RQ6-mut,add_target,rename_total,0,seeded,mutation/mutation-summary.json,oss
orchardcore,cs,target,GT-doc,34,207,RQ6-mut,add_target,tp,4,seeded,mutation/mutation-summary.json,oss
orchardcore,cs,target,GT-doc,34,207,RQ6-mut,merge_targets,alias_suppressed,0,seeded,mutation/mutation-summary.json,oss
orchardcore,cs,target,GT-doc,34,207,RQ6-mut,merge_targets,alias_total,0,seeded,mutation/mutation-summary.json,oss
orchardcore,cs,target,GT-doc,34,207,RQ6-mut,merge_targets,detected,4,seeded,mutation/mutation-summary.json,oss
orchardcore,cs,target,GT-doc,34,207,RQ6-mut,merge_targets,false_rename_clean,4,seeded,mutation/mutation-summary.json,oss
orchardcore,cs,target,GT-doc,34,207,RQ6-mut,merge_targets,false_rename_total,4,seeded,mutation/mutation-summary.json,oss
orchardcore,cs,target,GT-doc,34,207,RQ6-mut,merge_targets,fn,0,seeded,mutation/mutation-summary.json,oss
orchardcore,cs,target,GT-doc,34,207,RQ6-mut,merge_targets,fp,0,seeded,mutation/mutation-summary.json,oss
orchardcore,cs,target,GT-doc,34,207,RQ6-mut,merge_targets,n,4,seeded,mutation/mutation-summary.json,oss
orchardcore,cs,target,GT-doc,34,207,RQ6-mut,merge_targets,rename_correct,0,seeded,mutation/mutation-summary.json,oss
orchardcore,cs,target,GT-doc,34,207,RQ6-mut,merge_targets,rename_total,0,seeded,mutation/mutation-summary.json,oss
orchardcore,cs,target,GT-doc,34,207,RQ6-mut,merge_targets,tp,66,seeded,mutation/mutation-summary.json,oss
orchardcore,cs,target,GT-doc,34,207,RQ6-mut,remove_dep,alias_suppressed,0,seeded,mutation/mutation-summary.json,oss
orchardcore,cs,target,GT-doc,34,207,RQ6-mut,remove_dep,alias_total,0,seeded,mutation/mutation-summary.json,oss
orchardcore,cs,target,GT-doc,34,207,RQ6-mut,remove_dep,detected,4,seeded,mutation/mutation-summary.json,oss
orchardcore,cs,target,GT-doc,34,207,RQ6-mut,remove_dep,false_rename_clean,0,seeded,mutation/mutation-summary.json,oss
orchardcore,cs,target,GT-doc,34,207,RQ6-mut,remove_dep,false_rename_total,0,seeded,mutation/mutation-summary.json,oss
orchardcore,cs,target,GT-doc,34,207,RQ6-mut,remove_dep,fn,0,seeded,mutation/mutation-summary.json,oss
orchardcore,cs,target,GT-doc,34,207,RQ6-mut,remove_dep,fp,0,seeded,mutation/mutation-summary.json,oss
orchardcore,cs,target,GT-doc,34,207,RQ6-mut,remove_dep,n,4,seeded,mutation/mutation-summary.json,oss
orchardcore,cs,target,GT-doc,34,207,RQ6-mut,remove_dep,rename_correct,0,seeded,mutation/mutation-summary.json,oss
orchardcore,cs,target,GT-doc,34,207,RQ6-mut,remove_dep,rename_total,0,seeded,mutation/mutation-summary.json,oss
orchardcore,cs,target,GT-doc,34,207,RQ6-mut,remove_dep,tp,4,seeded,mutation/mutation-summary.json,oss
orchardcore,cs,target,GT-doc,34,207,RQ6-mut,remove_target,alias_suppressed,0,seeded,mutation/mutation-summary.json,oss
orchardcore,cs,target,GT-doc,34,207,RQ6-mut,remove_target,alias_total,0,seeded,mutation/mutation-summary.json,oss
orchardcore,cs,target,GT-doc,34,207,RQ6-mut,remove_target,detected,4,seeded,mutation/mutation-summary.json,oss
orchardcore,cs,target,GT-doc,34,207,RQ6-mut,remove_target,false_rename_clean,0,seeded,mutation/mutation-summary.json,oss
orchardcore,cs,target,GT-doc,34,207,RQ6-mut,remove_target,false_rename_total,0,seeded,mutation/mutation-summary.json,oss
orchardcore,cs,target,GT-doc,34,207,RQ6-mut,remove_target,fn,0,seeded,mutation/mutation-summary.json,oss
orchardcore,cs,target,GT-doc,34,207,RQ6-mut,remove_target,fp,0,seeded,mutation/mutation-summary.json,oss
orchardcore,cs,target,GT-doc,34,207,RQ6-mut,remove_target,n,4,seeded,mutation/mutation-summary.json,oss
orchardcore,cs,target,GT-doc,34,207,RQ6-mut,remove_target,rename_correct,0,seeded,mutation/mutation-summary.json,oss
orchardcore,cs,target,GT-doc,34,207,RQ6-mut,remove_target,rename_total,0,seeded,mutation/mutation-summary.json,oss
orchardcore,cs,target,GT-doc,34,207,RQ6-mut,remove_target,tp,59,seeded,mutation/mutation-summary.json,oss
orchardcore,cs,target,GT-doc,34,207,RQ6-mut,rename_target,alias_suppressed,4,seeded,mutation/mutation-summary.json,oss
orchardcore,cs,target,GT-doc,34,207,RQ6-mut,rename_target,alias_total,4,seeded,mutation/mutation-summary.json,oss
orchardcore,cs,target,GT-doc,34,207,RQ6-mut,rename_target,detected,4,seeded,mutation/mutation-summary.json,oss
orchardcore,cs,target,GT-doc,34,207,RQ6-mut,rename_target,false_rename_clean,0,seeded,mutation/mutation-summary.json,oss
orchardcore,cs,target,GT-doc,34,207,RQ6-mut,rename_target,false_rename_total,0,seeded,mutation/mutation-summary.json,oss
orchardcore,cs,target,GT-doc,34,207,RQ6-mut,rename_target,fn,0,seeded,mutation/mutation-summary.json,oss
orchardcore,cs,target,GT-doc,34,207,RQ6-mut,rename_target,fp,0,seeded,mutation/mutation-summary.json,oss
orchardcore,cs,target,GT-doc,34,207,RQ6-mut,rename_target,n,4,seeded,mutation/mutation-summary.json,oss
orchardcore,cs,target,GT-doc,34,207,RQ6-mut,rename_target,rename_correct,4,seeded,mutation/mutation-summary.json,oss
orchardcore,cs,target,GT-doc,34,207,RQ6-mut,rename_target,rename_total,4,seeded,mutation/mutation-summary.json,oss
orchardcore,cs,target,GT-doc,34,207,RQ6-mut,rename_target,tp,122,seeded,mutation/mutation-summary.json,oss
P-1,cpp,file,GT-diag,28,50-100,RQ7,pipeline,cold_s,676.7,cold-warm,perf/rq7-perf.json,P
P-1,cpp,file,GT-diag,28,50-100,RQ7,pipeline,cold_within_budget,1.0,cold-warm,perf/rq7-perf.json,P
P-1,cpp,file,GT-diag,28,50-100,RQ7,pipeline,files,1558.0,cold-warm,perf/rq7-perf.json,P
P-1,cpp,file,GT-diag,28,50-100,RQ7,pipeline,kloc,123.6,cold-warm,perf/rq7-perf.json,P
P-1,cpp,file,GT-diag,28,50-100,RQ7,pipeline,speedup,3.29,cold-warm,perf/rq7-perf.json,P
P-1,cpp,file,GT-diag,28,50-100,RQ7,pipeline,targets,52.0,cold-warm,perf/rq7-perf.json,P
P-1,cpp,file,GT-diag,28,50-100,RQ7,pipeline,warm_s,205.5,cold-warm,perf/rq7-perf.json,P
P-1,cpp,file,GT-diag,28,50-100,RQ7,pipeline,warm_within_budget,0.0,cold-warm,perf/rq7-perf.json,P
abseil,cpp,file,GT-exp,21,809,RQ7,pipeline,cold_peak_rss_mb,219.5,cold-warm,perf/rq7-perf.json,oss
abseil,cpp,file,GT-exp,21,809,RQ7,pipeline,cold_s,117.0,cold-warm,perf/rq7-perf.json,oss
abseil,cpp,file,GT-exp,21,809,RQ7,pipeline,cold_within_budget,1,cold-warm,perf/rq7-perf.json,oss
abseil,cpp,file,GT-exp,21,809,RQ7,pipeline,files,812,cold-warm,perf/rq7-perf.json,oss
abseil,cpp,file,GT-exp,21,809,RQ7,pipeline,kloc,160.2,cold-warm,perf/rq7-perf.json,oss
abseil,cpp,file,GT-exp,21,809,RQ7,pipeline,speedup,2.86,cold-warm,perf/rq7-perf.json,oss
abseil,cpp,file,GT-exp,21,809,RQ7,pipeline,targets,190,cold-warm,perf/rq7-perf.json,oss
abseil,cpp,file,GT-exp,21,809,RQ7,pipeline,warm_peak_rss_mb,58.3,cold-warm,perf/rq7-perf.json,oss
abseil,cpp,file,GT-exp,21,809,RQ7,pipeline,warm_s,40.9,cold-warm,perf/rq7-perf.json,oss
abseil,cpp,file,GT-exp,21,809,RQ7,pipeline,warm_within_budget,1,cold-warm,perf/rq7-perf.json,oss
abseil,cpp,file,GT-exp,21,809,RQ7,stage:curate,cold_s,0.11,cold-warm,perf/rq7-perf.json,oss
abseil,cpp,file,GT-exp,21,809,RQ7,stage:curate,warm_s,0.109,cold-warm,perf/rq7-perf.json,oss
abseil,cpp,file,GT-exp,21,809,RQ7,stage:drift,cold_s,0.015,cold-warm,perf/rq7-perf.json,oss
abseil,cpp,file,GT-exp,21,809,RQ7,stage:drift,warm_s,0.016,cold-warm,perf/rq7-perf.json,oss
abseil,cpp,file,GT-exp,21,809,RQ7,stage:enrich,cold_s,0.032,cold-warm,perf/rq7-perf.json,oss
abseil,cpp,file,GT-exp,21,809,RQ7,stage:enrich,warm_s,0.031,cold-warm,perf/rq7-perf.json,oss
abseil,cpp,file,GT-exp,21,809,RQ7,stage:extract,cold_s,102.406,cold-warm,perf/rq7-perf.json,oss
abseil,cpp,file,GT-exp,21,809,RQ7,stage:extract,warm_s,24.578,cold-warm,perf/rq7-perf.json,oss
abseil,cpp,file,GT-exp,21,809,RQ7,stage:generate,cold_s,0.078,cold-warm,perf/rq7-perf.json,oss
abseil,cpp,file,GT-exp,21,809,RQ7,stage:generate,warm_s,0.094,cold-warm,perf/rq7-perf.json,oss
abseil,cpp,file,GT-exp,21,809,RQ7,stage:normalize,cold_s,1.016,cold-warm,perf/rq7-perf.json,oss
abseil,cpp,file,GT-exp,21,809,RQ7,stage:normalize,warm_s,0.953,cold-warm,perf/rq7-perf.json,oss
abseil,cpp,file,GT-exp,21,809,RQ7,stage:validate-curated,cold_s,0.219,cold-warm,perf/rq7-perf.json,oss
abseil,cpp,file,GT-exp,21,809,RQ7,stage:validate-curated,warm_s,0.266,cold-warm,perf/rq7-perf.json,oss
abseil,cpp,file,GT-exp,21,809,RQ7,stage:validate-extracted,cold_s,0.344,cold-warm,perf/rq7-perf.json,oss
abseil,cpp,file,GT-exp,21,809,RQ7,stage:validate-extracted,warm_s,0.313,cold-warm,perf/rq7-perf.json,oss
abseil,cpp,file,GT-exp,21,809,RQ7,substep:extract.autotools-graph,cold_s,0.265,cold-warm,perf/rq7-perf.json,oss
abseil,cpp,file,GT-exp,21,809,RQ7,substep:extract.autotools-graph,warm_s,0.313,cold-warm,perf/rq7-perf.json,oss
abseil,cpp,file,GT-exp,21,809,RQ7,substep:extract.clang-scan-deps,cold_s,1.657,cold-warm,perf/rq7-perf.json,oss
abseil,cpp,file,GT-exp,21,809,RQ7,substep:extract.clang-scan-deps,warm_s,1.735,cold-warm,perf/rq7-perf.json,oss
abseil,cpp,file,GT-exp,21,809,RQ7,substep:extract.cmake-graph,cold_s,35.297,cold-warm,perf/rq7-perf.json,oss
abseil,cpp,file,GT-exp,21,809,RQ7,substep:extract.cmake-graph,warm_s,2.0,cold-warm,perf/rq7-perf.json,oss
abseil,cpp,file,GT-exp,21,809,RQ7,substep:extract.contracts,cold_s,2.531,cold-warm,perf/rq7-perf.json,oss
abseil,cpp,file,GT-exp,21,809,RQ7,substep:extract.contracts,warm_s,3.0,cold-warm,perf/rq7-perf.json,oss
abseil,cpp,file,GT-exp,21,809,RQ7,substep:extract.csharp-build-graph,cold_s,0.516,cold-warm,perf/rq7-perf.json,oss
abseil,cpp,file,GT-exp,21,809,RQ7,substep:extract.csharp-build-graph,warm_s,0.281,cold-warm,perf/rq7-perf.json,oss
abseil,cpp,file,GT-exp,21,809,RQ7,substep:extract.csharp-interop,cold_s,9.546,cold-warm,perf/rq7-perf.json,oss
abseil,cpp,file,GT-exp,21,809,RQ7,substep:extract.csharp-interop,warm_s,11.922,cold-warm,perf/rq7-perf.json,oss
abseil,cpp,file,GT-exp,21,809,RQ7,substep:extract.csproj-sdk-role,cold_s,0.265,cold-warm,perf/rq7-perf.json,oss
abseil,cpp,file,GT-exp,21,809,RQ7,substep:extract.csproj-sdk-role,warm_s,0.297,cold-warm,perf/rq7-perf.json,oss
abseil,cpp,file,GT-exp,21,809,RQ7,substep:extract.deployment,cold_s,1.14,cold-warm,perf/rq7-perf.json,oss
abseil,cpp,file,GT-exp,21,809,RQ7,substep:extract.deployment,warm_s,1.078,cold-warm,perf/rq7-perf.json,oss
abseil,cpp,file,GT-exp,21,809,RQ7,substep:extract.doxygen-xml,cold_s,49.687,cold-warm,perf/rq7-perf.json,oss
abseil,cpp,file,GT-exp,21,809,RQ7,substep:extract.doxygen-xml,warm_s,1.984,cold-warm,perf/rq7-perf.json,oss
abseil,cpp,file,GT-exp,21,809,RQ7,substep:extract.msbuild-cpp,cold_s,0.328,cold-warm,perf/rq7-perf.json,oss
abseil,cpp,file,GT-exp,21,809,RQ7,substep:extract.msbuild-cpp,warm_s,0.406,cold-warm,perf/rq7-perf.json,oss
abseil,cpp,file,GT-exp,21,809,RQ7,substep:extract.orchardcore-manifest,cold_s,0.266,cold-warm,perf/rq7-perf.json,oss
abseil,cpp,file,GT-exp,21,809,RQ7,substep:extract.orchardcore-manifest,warm_s,0.344,cold-warm,perf/rq7-perf.json,oss
abseil,cpp,file,GT-exp,21,809,RQ7,substep:extract.plugin-namespace,cold_s,0.266,cold-warm,perf/rq7-perf.json,oss
abseil,cpp,file,GT-exp,21,809,RQ7,substep:extract.plugin-namespace,warm_s,0.375,cold-warm,perf/rq7-perf.json,oss
abseil,cpp,file,GT-exp,21,809,RQ7,substep:extract.roslyn-csharp,cold_s,0.313,cold-warm,perf/rq7-perf.json,oss
abseil,cpp,file,GT-exp,21,809,RQ7,substep:extract.roslyn-csharp,warm_s,0.359,cold-warm,perf/rq7-perf.json,oss
abseil,cpp,file,GT-exp,21,809,RQ7,substep:extract.runtime,cold_s,0.329,cold-warm,perf/rq7-perf.json,oss
abseil,cpp,file,GT-exp,21,809,RQ7,substep:extract.runtime,warm_s,0.484,cold-warm,perf/rq7-perf.json,oss
bash,cpp,file,GT-pub,14,373,RQ7,pipeline,cold_peak_rss_mb,108.0,cold-warm,perf/rq7-perf.json,oss
bash,cpp,file,GT-pub,14,373,RQ7,pipeline,cold_s,27.3,cold-warm,perf/rq7-perf.json,oss
bash,cpp,file,GT-pub,14,373,RQ7,pipeline,cold_within_budget,1,cold-warm,perf/rq7-perf.json,oss
bash,cpp,file,GT-pub,14,373,RQ7,pipeline,files,411,cold-warm,perf/rq7-perf.json,oss
bash,cpp,file,GT-pub,14,373,RQ7,pipeline,kloc,55.1,cold-warm,perf/rq7-perf.json,oss
bash,cpp,file,GT-pub,14,373,RQ7,pipeline,speedup,4.88,cold-warm,perf/rq7-perf.json,oss
bash,cpp,file,GT-pub,14,373,RQ7,pipeline,targets,49,cold-warm,perf/rq7-perf.json,oss
bash,cpp,file,GT-pub,14,373,RQ7,pipeline,warm_peak_rss_mb,49.8,cold-warm,perf/rq7-perf.json,oss
bash,cpp,file,GT-pub,14,373,RQ7,pipeline,warm_s,5.6,cold-warm,perf/rq7-perf.json,oss
bash,cpp,file,GT-pub,14,373,RQ7,pipeline,warm_within_budget,1,cold-warm,perf/rq7-perf.json,oss
bash,cpp,file,GT-pub,14,373,RQ7,stage:curate,cold_s,0.046,cold-warm,perf/rq7-perf.json,oss
bash,cpp,file,GT-pub,14,373,RQ7,stage:curate,warm_s,0.046,cold-warm,perf/rq7-perf.json,oss
bash,cpp,file,GT-pub,14,373,RQ7,stage:drift,cold_s,0.0,cold-warm,perf/rq7-perf.json,oss
bash,cpp,file,GT-pub,14,373,RQ7,stage:drift,warm_s,0.0,cold-warm,perf/rq7-perf.json,oss
bash,cpp,file,GT-pub,14,373,RQ7,stage:enrich,cold_s,0.0,cold-warm,perf/rq7-perf.json,oss
bash,cpp,file,GT-pub,14,373,RQ7,stage:enrich,warm_s,0.0,cold-warm,perf/rq7-perf.json,oss
bash,cpp,file,GT-pub,14,373,RQ7,stage:extract,cold_s,24.297,cold-warm,perf/rq7-perf.json,oss
bash,cpp,file,GT-pub,14,373,RQ7,stage:extract,warm_s,2.781,cold-warm,perf/rq7-perf.json,oss
bash,cpp,file,GT-pub,14,373,RQ7,stage:generate,cold_s,0.062,cold-warm,perf/rq7-perf.json,oss
bash,cpp,file,GT-pub,14,373,RQ7,stage:generate,warm_s,0.063,cold-warm,perf/rq7-perf.json,oss
bash,cpp,file,GT-pub,14,373,RQ7,stage:normalize,cold_s,0.781,cold-warm,perf/rq7-perf.json,oss
bash,cpp,file,GT-pub,14,373,RQ7,stage:normalize,warm_s,0.5,cold-warm,perf/rq7-perf.json,oss
bash,cpp,file,GT-pub,14,373,RQ7,stage:validate-curated,cold_s,0.063,cold-warm,perf/rq7-perf.json,oss
bash,cpp,file,GT-pub,14,373,RQ7,stage:validate-curated,warm_s,0.047,cold-warm,perf/rq7-perf.json,oss
bash,cpp,file,GT-pub,14,373,RQ7,stage:validate-extracted,cold_s,0.063,cold-warm,perf/rq7-perf.json,oss
bash,cpp,file,GT-pub,14,373,RQ7,stage:validate-extracted,warm_s,0.063,cold-warm,perf/rq7-perf.json,oss
bash,cpp,file,GT-pub,14,373,RQ7,substep:extract.autotools-graph,cold_s,1.0,cold-warm,perf/rq7-perf.json,oss
bash,cpp,file,GT-pub,14,373,RQ7,substep:extract.autotools-graph,warm_s,0.141,cold-warm,perf/rq7-perf.json,oss
bash,cpp,file,GT-pub,14,373,RQ7,substep:extract.clang-scan-deps,cold_s,0.375,cold-warm,perf/rq7-perf.json,oss
bash,cpp,file,GT-pub,14,373,RQ7,substep:extract.clang-scan-deps,warm_s,0.297,cold-warm,perf/rq7-perf.json,oss
bash,cpp,file,GT-pub,14,373,RQ7,substep:extract.cmake-graph,cold_s,0.047,cold-warm,perf/rq7-perf.json,oss
bash,cpp,file,GT-pub,14,373,RQ7,substep:extract.cmake-graph,warm_s,0.047,cold-warm,perf/rq7-perf.json,oss
bash,cpp,file,GT-pub,14,373,RQ7,substep:extract.contracts,cold_s,0.485,cold-warm,perf/rq7-perf.json,oss
bash,cpp,file,GT-pub,14,373,RQ7,substep:extract.contracts,warm_s,0.594,cold-warm,perf/rq7-perf.json,oss
bash,cpp,file,GT-pub,14,373,RQ7,substep:extract.csharp-build-graph,cold_s,0.078,cold-warm,perf/rq7-perf.json,oss
bash,cpp,file,GT-pub,14,373,RQ7,substep:extract.csharp-build-graph,warm_s,0.047,cold-warm,perf/rq7-perf.json,oss
bash,cpp,file,GT-pub,14,373,RQ7,substep:extract.csharp-interop,cold_s,0.953,cold-warm,perf/rq7-perf.json,oss
bash,cpp,file,GT-pub,14,373,RQ7,substep:extract.csharp-interop,warm_s,0.75,cold-warm,perf/rq7-perf.json,oss
bash,cpp,file,GT-pub,14,373,RQ7,substep:extract.csproj-sdk-role,cold_s,0.047,cold-warm,perf/rq7-perf.json,oss
bash,cpp,file,GT-pub,14,373,RQ7,substep:extract.csproj-sdk-role,warm_s,0.047,cold-warm,perf/rq7-perf.json,oss
bash,cpp,file,GT-pub,14,373,RQ7,substep:extract.deployment,cold_s,0.281,cold-warm,perf/rq7-perf.json,oss
bash,cpp,file,GT-pub,14,373,RQ7,substep:extract.deployment,warm_s,0.234,cold-warm,perf/rq7-perf.json,oss
bash,cpp,file,GT-pub,14,373,RQ7,substep:extract.doxygen-xml,cold_s,20.734,cold-warm,perf/rq7-perf.json,oss
bash,cpp,file,GT-pub,14,373,RQ7,substep:extract.doxygen-xml,warm_s,0.344,cold-warm,perf/rq7-perf.json,oss
bash,cpp,file,GT-pub,14,373,RQ7,substep:extract.msbuild-cpp,cold_s,0.047,cold-warm,perf/rq7-perf.json,oss
bash,cpp,file,GT-pub,14,373,RQ7,substep:extract.msbuild-cpp,warm_s,0.046,cold-warm,perf/rq7-perf.json,oss
bash,cpp,file,GT-pub,14,373,RQ7,substep:extract.orchardcore-manifest,cold_s,0.047,cold-warm,perf/rq7-perf.json,oss
bash,cpp,file,GT-pub,14,373,RQ7,substep:extract.orchardcore-manifest,warm_s,0.046,cold-warm,perf/rq7-perf.json,oss
bash,cpp,file,GT-pub,14,373,RQ7,substep:extract.plugin-namespace,cold_s,0.047,cold-warm,perf/rq7-perf.json,oss
bash,cpp,file,GT-pub,14,373,RQ7,substep:extract.plugin-namespace,warm_s,0.047,cold-warm,perf/rq7-perf.json,oss
bash,cpp,file,GT-pub,14,373,RQ7,substep:extract.roslyn-csharp,cold_s,0.062,cold-warm,perf/rq7-perf.json,oss
bash,cpp,file,GT-pub,14,373,RQ7,substep:extract.roslyn-csharp,warm_s,0.063,cold-warm,perf/rq7-perf.json,oss
bash,cpp,file,GT-pub,14,373,RQ7,substep:extract.runtime,cold_s,0.094,cold-warm,perf/rq7-perf.json,oss
bash,cpp,file,GT-pub,14,373,RQ7,substep:extract.runtime,warm_s,0.078,cold-warm,perf/rq7-perf.json,oss
eshop,cs,target,GT-doc,9,19,RQ7,pipeline,cold_peak_rss_mb,654.2,cold-warm,perf/rq7-perf.json,oss
eshop,cs,target,GT-doc,9,19,RQ7,pipeline,cold_s,123.7,cold-warm,perf/rq7-perf.json,oss
eshop,cs,target,GT-doc,9,19,RQ7,pipeline,cold_within_budget,1,cold-warm,perf/rq7-perf.json,oss
eshop,cs,target,GT-doc,9,19,RQ7,pipeline,files,151,cold-warm,perf/rq7-perf.json,oss
eshop,cs,target,GT-doc,9,19,RQ7,pipeline,kloc,25.0,cold-warm,perf/rq7-perf.json,oss
eshop,cs,target,GT-doc,9,19,RQ7,pipeline,speedup,3.89,cold-warm,perf/rq7-perf.json,oss
eshop,cs,target,GT-doc,9,19,RQ7,pipeline,targets,19,cold-warm,perf/rq7-perf.json,oss
eshop,cs,target,GT-doc,9,19,RQ7,pipeline,warm_peak_rss_mb,52.2,cold-warm,perf/rq7-perf.json,oss
eshop,cs,target,GT-doc,9,19,RQ7,pipeline,warm_s,31.8,cold-warm,perf/rq7-perf.json,oss
eshop,cs,target,GT-doc,9,19,RQ7,pipeline,warm_within_budget,1,cold-warm,perf/rq7-perf.json,oss
eshop,cs,target,GT-doc,9,19,RQ7,stage:curate,cold_s,0.422,cold-warm,perf/rq7-perf.json,oss
eshop,cs,target,GT-doc,9,19,RQ7,stage:curate,warm_s,0.531,cold-warm,perf/rq7-perf.json,oss
eshop,cs,target,GT-doc,9,19,RQ7,stage:drift,cold_s,0.031,cold-warm,perf/rq7-perf.json,oss
eshop,cs,target,GT-doc,9,19,RQ7,stage:drift,warm_s,0.0,cold-warm,perf/rq7-perf.json,oss
eshop,cs,target,GT-doc,9,19,RQ7,stage:enrich,cold_s,0.016,cold-warm,perf/rq7-perf.json,oss
eshop,cs,target,GT-doc,9,19,RQ7,stage:enrich,warm_s,0.032,cold-warm,perf/rq7-perf.json,oss
eshop,cs,target,GT-doc,9,19,RQ7,stage:extract,cold_s,111.312,cold-warm,perf/rq7-perf.json,oss
eshop,cs,target,GT-doc,9,19,RQ7,stage:extract,warm_s,23.625,cold-warm,perf/rq7-perf.json,oss
eshop,cs,target,GT-doc,9,19,RQ7,stage:generate,cold_s,0.172,cold-warm,perf/rq7-perf.json,oss
eshop,cs,target,GT-doc,9,19,RQ7,stage:generate,warm_s,0.14,cold-warm,perf/rq7-perf.json,oss
eshop,cs,target,GT-doc,9,19,RQ7,stage:normalize,cold_s,4.906,cold-warm,perf/rq7-perf.json,oss
eshop,cs,target,GT-doc,9,19,RQ7,stage:normalize,warm_s,0.921,cold-warm,perf/rq7-perf.json,oss
eshop,cs,target,GT-doc,9,19,RQ7,stage:validate-curated,cold_s,0.109,cold-warm,perf/rq7-perf.json,oss
eshop,cs,target,GT-doc,9,19,RQ7,stage:validate-curated,warm_s,0.094,cold-warm,perf/rq7-perf.json,oss
eshop,cs,target,GT-doc,9,19,RQ7,stage:validate-extracted,cold_s,0.188,cold-warm,perf/rq7-perf.json,oss
eshop,cs,target,GT-doc,9,19,RQ7,stage:validate-extracted,warm_s,0.204,cold-warm,perf/rq7-perf.json,oss
eshop,cs,target,GT-doc,9,19,RQ7,substep:extract.autotools-graph,cold_s,0.484,cold-warm,perf/rq7-perf.json,oss
eshop,cs,target,GT-doc,9,19,RQ7,substep:extract.autotools-graph,warm_s,0.532,cold-warm,perf/rq7-perf.json,oss
eshop,cs,target,GT-doc,9,19,RQ7,substep:extract.clang-scan-deps,cold_s,0.687,cold-warm,perf/rq7-perf.json,oss
eshop,cs,target,GT-doc,9,19,RQ7,substep:extract.clang-scan-deps,warm_s,0.812,cold-warm,perf/rq7-perf.json,oss
eshop,cs,target,GT-doc,9,19,RQ7,substep:extract.cmake-graph,cold_s,0.437,cold-warm,perf/rq7-perf.json,oss
eshop,cs,target,GT-doc,9,19,RQ7,substep:extract.cmake-graph,warm_s,0.375,cold-warm,perf/rq7-perf.json,oss
eshop,cs,target,GT-doc,9,19,RQ7,substep:extract.contracts,cold_s,5.203,cold-warm,perf/rq7-perf.json,oss
eshop,cs,target,GT-doc,9,19,RQ7,substep:extract.contracts,warm_s,3.157,cold-warm,perf/rq7-perf.json,oss
eshop,cs,target,GT-doc,9,19,RQ7,substep:extract.csharp-build-graph,cold_s,4.078,cold-warm,perf/rq7-perf.json,oss
eshop,cs,target,GT-doc,9,19,RQ7,substep:extract.csharp-build-graph,warm_s,1.015,cold-warm,perf/rq7-perf.json,oss
eshop,cs,target,GT-doc,9,19,RQ7,substep:extract.csharp-interop,cold_s,4.578,cold-warm,perf/rq7-perf.json,oss
eshop,cs,target,GT-doc,9,19,RQ7,substep:extract.csharp-interop,warm_s,4.125,cold-warm,perf/rq7-perf.json,oss
eshop,cs,target,GT-doc,9,19,RQ7,substep:extract.csproj-sdk-role,cold_s,1.844,cold-warm,perf/rq7-perf.json,oss
eshop,cs,target,GT-doc,9,19,RQ7,substep:extract.csproj-sdk-role,warm_s,1.813,cold-warm,perf/rq7-perf.json,oss
eshop,cs,target,GT-doc,9,19,RQ7,substep:extract.deployment,cold_s,6.063,cold-warm,perf/rq7-perf.json,oss
eshop,cs,target,GT-doc,9,19,RQ7,substep:extract.deployment,warm_s,1.843,cold-warm,perf/rq7-perf.json,oss
eshop,cs,target,GT-doc,9,19,RQ7,substep:extract.doxygen-xml,cold_s,0.735,cold-warm,perf/rq7-perf.json,oss
eshop,cs,target,GT-doc,9,19,RQ7,substep:extract.doxygen-xml,warm_s,1.016,cold-warm,perf/rq7-perf.json,oss
eshop,cs,target,GT-doc,9,19,RQ7,substep:extract.msbuild-cpp,cold_s,0.485,cold-warm,perf/rq7-perf.json,oss
eshop,cs,target,GT-doc,9,19,RQ7,substep:extract.msbuild-cpp,warm_s,0.703,cold-warm,perf/rq7-perf.json,oss
eshop,cs,target,GT-doc,9,19,RQ7,substep:extract.orchardcore-manifest,cold_s,2.0,cold-warm,perf/rq7-perf.json,oss
eshop,cs,target,GT-doc,9,19,RQ7,substep:extract.orchardcore-manifest,warm_s,1.969,cold-warm,perf/rq7-perf.json,oss
eshop,cs,target,GT-doc,9,19,RQ7,substep:extract.plugin-namespace,cold_s,1.906,cold-warm,perf/rq7-perf.json,oss
eshop,cs,target,GT-doc,9,19,RQ7,substep:extract.plugin-namespace,warm_s,1.937,cold-warm,perf/rq7-perf.json,oss
eshop,cs,target,GT-doc,9,19,RQ7,substep:extract.roslyn-csharp,cold_s,80.031,cold-warm,perf/rq7-perf.json,oss
eshop,cs,target,GT-doc,9,19,RQ7,substep:extract.roslyn-csharp,warm_s,2.671,cold-warm,perf/rq7-perf.json,oss
eshop,cs,target,GT-doc,9,19,RQ7,substep:extract.runtime,cold_s,2.781,cold-warm,perf/rq7-perf.json,oss
eshop,cs,target,GT-doc,9,19,RQ7,substep:extract.runtime,warm_s,1.657,cold-warm,perf/rq7-perf.json,oss
fmt,cpp,file,,,,RQ7,pipeline,cold_peak_rss_mb,129.4,cold-warm,perf/rq7-perf.json,oss
fmt,cpp,file,,,,RQ7,pipeline,cold_s,38.8,cold-warm,perf/rq7-perf.json,oss
fmt,cpp,file,,,,RQ7,pipeline,cold_within_budget,1,cold-warm,perf/rq7-perf.json,oss
fmt,cpp,file,,,,RQ7,pipeline,files,67,cold-warm,perf/rq7-perf.json,oss
fmt,cpp,file,,,,RQ7,pipeline,speedup,6.26,cold-warm,perf/rq7-perf.json,oss
fmt,cpp,file,,,,RQ7,pipeline,targets,24,cold-warm,perf/rq7-perf.json,oss
fmt,cpp,file,,,,RQ7,pipeline,warm_peak_rss_mb,48.7,cold-warm,perf/rq7-perf.json,oss
fmt,cpp,file,,,,RQ7,pipeline,warm_s,6.2,cold-warm,perf/rq7-perf.json,oss
fmt,cpp,file,,,,RQ7,pipeline,warm_within_budget,1,cold-warm,perf/rq7-perf.json,oss
fmt,cpp,file,,,,RQ7,stage:curate,cold_s,0.047,cold-warm,perf/rq7-perf.json,oss
fmt,cpp,file,,,,RQ7,stage:curate,warm_s,0.047,cold-warm,perf/rq7-perf.json,oss
fmt,cpp,file,,,,RQ7,stage:drift,cold_s,0.0,cold-warm,perf/rq7-perf.json,oss
fmt,cpp,file,,,,RQ7,stage:drift,warm_s,0.0,cold-warm,perf/rq7-perf.json,oss
fmt,cpp,file,,,,RQ7,stage:enrich,cold_s,0.0,cold-warm,perf/rq7-perf.json,oss
fmt,cpp,file,,,,RQ7,stage:enrich,warm_s,0.016,cold-warm,perf/rq7-perf.json,oss
fmt,cpp,file,,,,RQ7,stage:extract,cold_s,36.375,cold-warm,perf/rq7-perf.json,oss
fmt,cpp,file,,,,RQ7,stage:extract,warm_s,4.14,cold-warm,perf/rq7-perf.json,oss
fmt,cpp,file,,,,RQ7,stage:generate,cold_s,0.063,cold-warm,perf/rq7-perf.json,oss
fmt,cpp,file,,,,RQ7,stage:generate,warm_s,0.047,cold-warm,perf/rq7-perf.json,oss
fmt,cpp,file,,,,RQ7,stage:normalize,cold_s,0.219,cold-warm,perf/rq7-perf.json,oss
fmt,cpp,file,,,,RQ7,stage:normalize,warm_s,0.204,cold-warm,perf/rq7-perf.json,oss
fmt,cpp,file,,,,RQ7,stage:validate-curated,cold_s,0.062,cold-warm,perf/rq7-perf.json,oss
fmt,cpp,file,,,,RQ7,stage:validate-curated,warm_s,0.047,cold-warm,perf/rq7-perf.json,oss
fmt,cpp,file,,,,RQ7,stage:validate-extracted,cold_s,0.109,cold-warm,perf/rq7-perf.json,oss
fmt,cpp,file,,,,RQ7,stage:validate-extracted,warm_s,0.062,cold-warm,perf/rq7-perf.json,oss
fmt,cpp,file,,,,RQ7,substep:extract.autotools-graph,cold_s,0.078,cold-warm,perf/rq7-perf.json,oss
fmt,cpp,file,,,,RQ7,substep:extract.autotools-graph,warm_s,0.063,cold-warm,perf/rq7-perf.json,oss
fmt,cpp,file,,,,RQ7,substep:extract.clang-scan-deps,cold_s,0.25,cold-warm,perf/rq7-perf.json,oss
fmt,cpp,file,,,,RQ7,substep:extract.clang-scan-deps,warm_s,0.25,cold-warm,perf/rq7-perf.json,oss
fmt,cpp,file,,,,RQ7,substep:extract.cmake-graph,cold_s,23.328,cold-warm,perf/rq7-perf.json,oss
fmt,cpp,file,,,,RQ7,substep:extract.cmake-graph,warm_s,0.156,cold-warm,perf/rq7-perf.json,oss
fmt,cpp,file,,,,RQ7,substep:extract.contracts,cold_s,0.531,cold-warm,perf/rq7-perf.json,oss
fmt,cpp,file,,,,RQ7,substep:extract.contracts,warm_s,0.453,cold-warm,perf/rq7-perf.json,oss
fmt,cpp,file,,,,RQ7,substep:extract.csharp-build-graph,cold_s,0.125,cold-warm,perf/rq7-perf.json,oss
fmt,cpp,file,,,,RQ7,substep:extract.csharp-build-graph,warm_s,0.078,cold-warm,perf/rq7-perf.json,oss
fmt,cpp,file,,,,RQ7,substep:extract.csharp-interop,cold_s,2.438,cold-warm,perf/rq7-perf.json,oss
fmt,cpp,file,,,,RQ7,substep:extract.csharp-interop,warm_s,1.969,cold-warm,perf/rq7-perf.json,oss
fmt,cpp,file,,,,RQ7,substep:extract.csproj-sdk-role,cold_s,0.063,cold-warm,perf/rq7-perf.json,oss
fmt,cpp,file,,,,RQ7,substep:extract.csproj-sdk-role,warm_s,0.109,cold-warm,perf/rq7-perf.json,oss
fmt,cpp,file,,,,RQ7,substep:extract.deployment,cold_s,0.563,cold-warm,perf/rq7-perf.json,oss
fmt,cpp,file,,,,RQ7,substep:extract.deployment,warm_s,0.328,cold-warm,perf/rq7-perf.json,oss
fmt,cpp,file,,,,RQ7,substep:extract.doxygen-xml,cold_s,8.562,cold-warm,perf/rq7-perf.json,oss
fmt,cpp,file,,,,RQ7,substep:extract.doxygen-xml,warm_s,0.265,cold-warm,perf/rq7-perf.json,oss
fmt,cpp,file,,,,RQ7,substep:extract.msbuild-cpp,cold_s,0.078,cold-warm,perf/rq7-perf.json,oss
fmt,cpp,file,,,,RQ7,substep:extract.msbuild-cpp,warm_s,0.078,cold-warm,perf/rq7-perf.json,oss
fmt,cpp,file,,,,RQ7,substep:extract.orchardcore-manifest,cold_s,0.078,cold-warm,perf/rq7-perf.json,oss
fmt,cpp,file,,,,RQ7,substep:extract.orchardcore-manifest,warm_s,0.078,cold-warm,perf/rq7-perf.json,oss
fmt,cpp,file,,,,RQ7,substep:extract.plugin-namespace,cold_s,0.078,cold-warm,perf/rq7-perf.json,oss
fmt,cpp,file,,,,RQ7,substep:extract.plugin-namespace,warm_s,0.11,cold-warm,perf/rq7-perf.json,oss
fmt,cpp,file,,,,RQ7,substep:extract.roslyn-csharp,cold_s,0.094,cold-warm,perf/rq7-perf.json,oss
fmt,cpp,file,,,,RQ7,substep:extract.roslyn-csharp,warm_s,0.078,cold-warm,perf/rq7-perf.json,oss
fmt,cpp,file,,,,RQ7,substep:extract.runtime,cold_s,0.109,cold-warm,perf/rq7-perf.json,oss
fmt,cpp,file,,,,RQ7,substep:extract.runtime,warm_s,0.125,cold-warm,perf/rq7-perf.json,oss
itk,cpp,file,GT-pub,13,7657,RQ7,pipeline,cold_peak_rss_mb,1655.1,cold-warm,perf/rq7-perf.json,oss
itk,cpp,file,GT-pub,13,7657,RQ7,pipeline,cold_s,24600.2,cold-warm,perf/rq7-perf.json,oss
itk,cpp,file,GT-pub,13,7657,RQ7,pipeline,cold_within_budget,0,cold-warm,perf/rq7-perf.json,oss
itk,cpp,file,GT-pub,13,7657,RQ7,pipeline,files,8191,cold-warm,perf/rq7-perf.json,oss
itk,cpp,file,GT-pub,13,7657,RQ7,pipeline,kloc,618.7,cold-warm,perf/rq7-perf.json,oss
itk,cpp,file,GT-pub,13,7657,RQ7,pipeline,speedup,44.99,cold-warm,perf/rq7-perf.json,oss
itk,cpp,file,GT-pub,13,7657,RQ7,pipeline,targets,79,cold-warm,perf/rq7-perf.json,oss
itk,cpp,file,GT-pub,13,7657,RQ7,pipeline,warm_peak_rss_mb,100.7,cold-warm,perf/rq7-perf.json,oss
itk,cpp,file,GT-pub,13,7657,RQ7,pipeline,warm_s,546.8,cold-warm,perf/rq7-perf.json,oss
itk,cpp,file,GT-pub,13,7657,RQ7,pipeline,warm_within_budget,0,cold-warm,perf/rq7-perf.json,oss
itk,cpp,file,GT-pub,13,7657,RQ7,stage:curate,cold_s,0.125,cold-warm,perf/rq7-perf.json,oss
itk,cpp,file,GT-pub,13,7657,RQ7,stage:curate,warm_s,0.188,cold-warm,perf/rq7-perf.json,oss
itk,cpp,file,GT-pub,13,7657,RQ7,stage:drift,cold_s,0.016,cold-warm,perf/rq7-perf.json,oss
itk,cpp,file,GT-pub,13,7657,RQ7,stage:drift,warm_s,0.015,cold-warm,perf/rq7-perf.json,oss
itk,cpp,file,GT-pub,13,7657,RQ7,stage:enrich,cold_s,0.094,cold-warm,perf/rq7-perf.json,oss
itk,cpp,file,GT-pub,13,7657,RQ7,stage:enrich,warm_s,0.078,cold-warm,perf/rq7-perf.json,oss
itk,cpp,file,GT-pub,13,7657,RQ7,stage:extract,cold_s,24499.922,cold-warm,perf/rq7-perf.json,oss
itk,cpp,file,GT-pub,13,7657,RQ7,stage:extract,warm_s,483.938,cold-warm,perf/rq7-perf.json,oss
itk,cpp,file,GT-pub,13,7657,RQ7,stage:generate,cold_s,0.109,cold-warm,perf/rq7-perf.json,oss
itk,cpp,file,GT-pub,13,7657,RQ7,stage:generate,warm_s,0.172,cold-warm,perf/rq7-perf.json,oss
itk,cpp,file,GT-pub,13,7657,RQ7,stage:normalize,cold_s,55.187,cold-warm,perf/rq7-perf.json,oss
itk,cpp,file,GT-pub,13,7657,RQ7,stage:normalize,warm_s,15.578,cold-warm,perf/rq7-perf.json,oss
itk,cpp,file,GT-pub,13,7657,RQ7,stage:validate-curated,cold_s,0.468,cold-warm,perf/rq7-perf.json,oss
itk,cpp,file,GT-pub,13,7657,RQ7,stage:validate-curated,warm_s,0.562,cold-warm,perf/rq7-perf.json,oss
itk,cpp,file,GT-pub,13,7657,RQ7,stage:validate-extracted,cold_s,0.485,cold-warm,perf/rq7-perf.json,oss
itk,cpp,file,GT-pub,13,7657,RQ7,stage:validate-extracted,warm_s,0.641,cold-warm,perf/rq7-perf.json,oss
itk,cpp,file,GT-pub,13,7657,RQ7,substep:extract.autotools-graph,cold_s,1.61,cold-warm,perf/rq7-perf.json,oss
itk,cpp,file,GT-pub,13,7657,RQ7,substep:extract.autotools-graph,warm_s,4.25,cold-warm,perf/rq7-perf.json,oss
itk,cpp,file,GT-pub,13,7657,RQ7,substep:extract.clang-scan-deps,cold_s,373.125,cold-warm,perf/rq7-perf.json,oss
itk,cpp,file,GT-pub,13,7657,RQ7,substep:extract.clang-scan-deps,warm_s,66.282,cold-warm,perf/rq7-perf.json,oss
itk,cpp,file,GT-pub,13,7657,RQ7,substep:extract.cmake-graph,cold_s,826.547,cold-warm,perf/rq7-perf.json,oss
itk,cpp,file,GT-pub,13,7657,RQ7,substep:extract.cmake-graph,warm_s,30.437,cold-warm,perf/rq7-perf.json,oss
itk,cpp,file,GT-pub,13,7657,RQ7,substep:extract.contracts,cold_s,98.141,cold-warm,perf/rq7-perf.json,oss
itk,cpp,file,GT-pub,13,7657,RQ7,substep:extract.contracts,warm_s,68.235,cold-warm,perf/rq7-perf.json,oss
itk,cpp,file,GT-pub,13,7657,RQ7,substep:extract.csharp-build-graph,cold_s,2.265,cold-warm,perf/rq7-perf.json,oss
itk,cpp,file,GT-pub,13,7657,RQ7,substep:extract.csharp-build-graph,warm_s,3.641,cold-warm,perf/rq7-perf.json,oss
itk,cpp,file,GT-pub,13,7657,RQ7,substep:extract.csharp-interop,cold_s,181.625,cold-warm,perf/rq7-perf.json,oss
itk,cpp,file,GT-pub,13,7657,RQ7,substep:extract.csharp-interop,warm_s,204.593,cold-warm,perf/rq7-perf.json,oss
itk,cpp,file,GT-pub,13,7657,RQ7,substep:extract.csproj-sdk-role,cold_s,1.25,cold-warm,perf/rq7-perf.json,oss
itk,cpp,file,GT-pub,13,7657,RQ7,substep:extract.csproj-sdk-role,warm_s,3.609,cold-warm,perf/rq7-perf.json,oss
itk,cpp,file,GT-pub,13,7657,RQ7,substep:extract.deployment,cold_s,21.016,cold-warm,perf/rq7-perf.json,oss
itk,cpp,file,GT-pub,13,7657,RQ7,substep:extract.deployment,warm_s,14.546,cold-warm,perf/rq7-perf.json,oss
itk,cpp,file,GT-pub,13,7657,RQ7,substep:extract.doxygen-xml,cold_s,22982.157,cold-warm,perf/rq7-perf.json,oss
itk,cpp,file,GT-pub,13,7657,RQ7,substep:extract.doxygen-xml,warm_s,65.828,cold-warm,perf/rq7-perf.json,oss
itk,cpp,file,GT-pub,13,7657,RQ7,substep:extract.msbuild-cpp,cold_s,1.422,cold-warm,perf/rq7-perf.json,oss
itk,cpp,file,GT-pub,13,7657,RQ7,substep:extract.msbuild-cpp,warm_s,5.0,cold-warm,perf/rq7-perf.json,oss
itk,cpp,file,GT-pub,13,7657,RQ7,substep:extract.orchardcore-manifest,cold_s,1.234,cold-warm,perf/rq7-perf.json,oss
itk,cpp,file,GT-pub,13,7657,RQ7,substep:extract.orchardcore-manifest,warm_s,3.0,cold-warm,perf/rq7-perf.json,oss
itk,cpp,file,GT-pub,13,7657,RQ7,substep:extract.plugin-namespace,cold_s,1.234,cold-warm,perf/rq7-perf.json,oss
itk,cpp,file,GT-pub,13,7657,RQ7,substep:extract.plugin-namespace,warm_s,4.422,cold-warm,perf/rq7-perf.json,oss
itk,cpp,file,GT-pub,13,7657,RQ7,substep:extract.roslyn-csharp,cold_s,1.453,cold-warm,perf/rq7-perf.json,oss
itk,cpp,file,GT-pub,13,7657,RQ7,substep:extract.roslyn-csharp,warm_s,5.266,cold-warm,perf/rq7-perf.json,oss
itk,cpp,file,GT-pub,13,7657,RQ7,substep:extract.runtime,cold_s,6.843,cold-warm,perf/rq7-perf.json,oss
itk,cpp,file,GT-pub,13,7657,RQ7,substep:extract.runtime,warm_s,4.829,cold-warm,perf/rq7-perf.json,oss
libxml2,cpp,file,GT-pub,18,82,RQ7,pipeline,cold_peak_rss_mb,85.8,cold-warm,perf/rq7-perf.json,oss
libxml2,cpp,file,GT-pub,18,82,RQ7,pipeline,cold_s,14.5,cold-warm,perf/rq7-perf.json,oss
libxml2,cpp,file,GT-pub,18,82,RQ7,pipeline,cold_within_budget,1,cold-warm,perf/rq7-perf.json,oss
libxml2,cpp,file,GT-pub,18,82,RQ7,pipeline,files,98,cold-warm,perf/rq7-perf.json,oss
libxml2,cpp,file,GT-pub,18,82,RQ7,pipeline,kloc,0.2,cold-warm,perf/rq7-perf.json,oss
libxml2,cpp,file,GT-pub,18,82,RQ7,pipeline,speedup,2.59,cold-warm,perf/rq7-perf.json,oss
libxml2,cpp,file,GT-pub,18,82,RQ7,pipeline,targets,14,cold-warm,perf/rq7-perf.json,oss
libxml2,cpp,file,GT-pub,18,82,RQ7,pipeline,warm_peak_rss_mb,43.3,cold-warm,perf/rq7-perf.json,oss
libxml2,cpp,file,GT-pub,18,82,RQ7,pipeline,warm_s,5.6,cold-warm,perf/rq7-perf.json,oss
libxml2,cpp,file,GT-pub,18,82,RQ7,pipeline,warm_within_budget,1,cold-warm,perf/rq7-perf.json,oss
libxml2,cpp,file,GT-pub,18,82,RQ7,stage:curate,cold_s,0.062,cold-warm,perf/rq7-perf.json,oss
libxml2,cpp,file,GT-pub,18,82,RQ7,stage:curate,warm_s,0.047,cold-warm,perf/rq7-perf.json,oss
libxml2,cpp,file,GT-pub,18,82,RQ7,stage:drift,cold_s,0.015,cold-warm,perf/rq7-perf.json,oss
libxml2,cpp,file,GT-pub,18,82,RQ7,stage:drift,warm_s,0.0,cold-warm,perf/rq7-perf.json,oss
libxml2,cpp,file,GT-pub,18,82,RQ7,stage:enrich,cold_s,0.015,cold-warm,perf/rq7-perf.json,oss
libxml2,cpp,file,GT-pub,18,82,RQ7,stage:enrich,warm_s,0.0,cold-warm,perf/rq7-perf.json,oss
libxml2,cpp,file,GT-pub,18,82,RQ7,stage:extract,cold_s,11.641,cold-warm,perf/rq7-perf.json,oss
libxml2,cpp,file,GT-pub,18,82,RQ7,stage:extract,warm_s,2.984,cold-warm,perf/rq7-perf.json,oss
libxml2,cpp,file,GT-pub,18,82,RQ7,stage:generate,cold_s,0.032,cold-warm,perf/rq7-perf.json,oss
libxml2,cpp,file,GT-pub,18,82,RQ7,stage:generate,warm_s,0.062,cold-warm,perf/rq7-perf.json,oss
libxml2,cpp,file,GT-pub,18,82,RQ7,stage:normalize,cold_s,0.234,cold-warm,perf/rq7-perf.json,oss
libxml2,cpp,file,GT-pub,18,82,RQ7,stage:normalize,warm_s,0.157,cold-warm,perf/rq7-perf.json,oss
libxml2,cpp,file,GT-pub,18,82,RQ7,stage:validate-curated,cold_s,0.032,cold-warm,perf/rq7-perf.json,oss
libxml2,cpp,file,GT-pub,18,82,RQ7,stage:validate-curated,warm_s,0.031,cold-warm,perf/rq7-perf.json,oss
libxml2,cpp,file,GT-pub,18,82,RQ7,stage:validate-extracted,cold_s,0.047,cold-warm,perf/rq7-perf.json,oss
libxml2,cpp,file,GT-pub,18,82,RQ7,stage:validate-extracted,warm_s,0.062,cold-warm,perf/rq7-perf.json,oss
libxml2,cpp,file,GT-pub,18,82,RQ7,substep:extract.autotools-graph,cold_s,0.437,cold-warm,perf/rq7-perf.json,oss
libxml2,cpp,file,GT-pub,18,82,RQ7,substep:extract.autotools-graph,warm_s,0.171,cold-warm,perf/rq7-perf.json,oss
libxml2,cpp,file,GT-pub,18,82,RQ7,substep:extract.clang-scan-deps,cold_s,0.204,cold-warm,perf/rq7-perf.json,oss
libxml2,cpp,file,GT-pub,18,82,RQ7,substep:extract.clang-scan-deps,warm_s,0.219,cold-warm,perf/rq7-perf.json,oss
libxml2,cpp,file,GT-pub,18,82,RQ7,substep:extract.cmake-graph,cold_s,0.063,cold-warm,perf/rq7-perf.json,oss
libxml2,cpp,file,GT-pub,18,82,RQ7,substep:extract.cmake-graph,warm_s,0.063,cold-warm,perf/rq7-perf.json,oss
libxml2,cpp,file,GT-pub,18,82,RQ7,substep:extract.contracts,cold_s,1.016,cold-warm,perf/rq7-perf.json,oss
libxml2,cpp,file,GT-pub,18,82,RQ7,substep:extract.contracts,warm_s,0.593,cold-warm,perf/rq7-perf.json,oss
libxml2,cpp,file,GT-pub,18,82,RQ7,substep:extract.csharp-build-graph,cold_s,0.156,cold-warm,perf/rq7-perf.json,oss
libxml2,cpp,file,GT-pub,18,82,RQ7,substep:extract.csharp-build-graph,warm_s,0.125,cold-warm,perf/rq7-perf.json,oss
libxml2,cpp,file,GT-pub,18,82,RQ7,substep:extract.csharp-interop,cold_s,0.625,cold-warm,perf/rq7-perf.json,oss
libxml2,cpp,file,GT-pub,18,82,RQ7,substep:extract.csharp-interop,warm_s,0.5,cold-warm,perf/rq7-perf.json,oss
libxml2,cpp,file,GT-pub,18,82,RQ7,substep:extract.csproj-sdk-role,cold_s,0.078,cold-warm,perf/rq7-perf.json,oss
libxml2,cpp,file,GT-pub,18,82,RQ7,substep:extract.csproj-sdk-role,warm_s,0.125,cold-warm,perf/rq7-perf.json,oss
libxml2,cpp,file,GT-pub,18,82,RQ7,substep:extract.deployment,cold_s,0.359,cold-warm,perf/rq7-perf.json,oss
libxml2,cpp,file,GT-pub,18,82,RQ7,substep:extract.deployment,warm_s,0.313,cold-warm,perf/rq7-perf.json,oss
libxml2,cpp,file,GT-pub,18,82,RQ7,substep:extract.doxygen-xml,cold_s,8.25,cold-warm,perf/rq7-perf.json,oss
libxml2,cpp,file,GT-pub,18,82,RQ7,substep:extract.doxygen-xml,warm_s,0.203,cold-warm,perf/rq7-perf.json,oss
libxml2,cpp,file,GT-pub,18,82,RQ7,substep:extract.msbuild-cpp,cold_s,0.078,cold-warm,perf/rq7-perf.json,oss
libxml2,cpp,file,GT-pub,18,82,RQ7,substep:extract.msbuild-cpp,warm_s,0.125,cold-warm,perf/rq7-perf.json,oss
libxml2,cpp,file,GT-pub,18,82,RQ7,substep:extract.orchardcore-manifest,cold_s,0.078,cold-warm,perf/rq7-perf.json,oss
libxml2,cpp,file,GT-pub,18,82,RQ7,substep:extract.orchardcore-manifest,warm_s,0.094,cold-warm,perf/rq7-perf.json,oss
libxml2,cpp,file,GT-pub,18,82,RQ7,substep:extract.plugin-namespace,cold_s,0.078,cold-warm,perf/rq7-perf.json,oss
libxml2,cpp,file,GT-pub,18,82,RQ7,substep:extract.plugin-namespace,warm_s,0.109,cold-warm,perf/rq7-perf.json,oss
libxml2,cpp,file,GT-pub,18,82,RQ7,substep:extract.roslyn-csharp,cold_s,0.094,cold-warm,perf/rq7-perf.json,oss
libxml2,cpp,file,GT-pub,18,82,RQ7,substep:extract.roslyn-csharp,warm_s,0.141,cold-warm,perf/rq7-perf.json,oss
libxml2,cpp,file,GT-pub,18,82,RQ7,substep:extract.runtime,cold_s,0.125,cold-warm,perf/rq7-perf.json,oss
libxml2,cpp,file,GT-pub,18,82,RQ7,substep:extract.runtime,warm_s,0.203,cold-warm,perf/rq7-perf.json,oss
nopcommerce,cs,target,GT-doc,17,37,RQ7,pipeline,cold_peak_rss_mb,1018.5,cold-warm,perf/rq7-perf.json,oss
nopcommerce,cs,target,GT-doc,17,37,RQ7,pipeline,cold_s,434.4,cold-warm,perf/rq7-perf.json,oss
nopcommerce,cs,target,GT-doc,17,37,RQ7,pipeline,cold_within_budget,1,cold-warm,perf/rq7-perf.json,oss
nopcommerce,cs,target,GT-doc,17,37,RQ7,pipeline,files,3596,cold-warm,perf/rq7-perf.json,oss
nopcommerce,cs,target,GT-doc,17,37,RQ7,pipeline,kloc,513.4,cold-warm,perf/rq7-perf.json,oss
nopcommerce,cs,target,GT-doc,17,37,RQ7,pipeline,speedup,4.01,cold-warm,perf/rq7-perf.json,oss
nopcommerce,cs,target,GT-doc,17,37,RQ7,pipeline,targets,37,cold-warm,perf/rq7-perf.json,oss
nopcommerce,cs,target,GT-doc,17,37,RQ7,pipeline,warm_peak_rss_mb,95.5,cold-warm,perf/rq7-perf.json,oss
nopcommerce,cs,target,GT-doc,17,37,RQ7,pipeline,warm_s,108.2,cold-warm,perf/rq7-perf.json,oss
nopcommerce,cs,target,GT-doc,17,37,RQ7,pipeline,warm_within_budget,1,cold-warm,perf/rq7-perf.json,oss
nopcommerce,cs,target,GT-doc,17,37,RQ7,stage:curate,cold_s,0.109,cold-warm,perf/rq7-perf.json,oss
nopcommerce,cs,target,GT-doc,17,37,RQ7,stage:curate,warm_s,0.157,cold-warm,perf/rq7-perf.json,oss
nopcommerce,cs,target,GT-doc,17,37,RQ7,stage:drift,cold_s,0.046,cold-warm,perf/rq7-perf.json,oss
nopcommerce,cs,target,GT-doc,17,37,RQ7,stage:drift,warm_s,0.016,cold-warm,perf/rq7-perf.json,oss
nopcommerce,cs,target,GT-doc,17,37,RQ7,stage:enrich,cold_s,0.047,cold-warm,perf/rq7-perf.json,oss
nopcommerce,cs,target,GT-doc,17,37,RQ7,stage:enrich,warm_s,0.047,cold-warm,perf/rq7-perf.json,oss
nopcommerce,cs,target,GT-doc,17,37,RQ7,stage:extract,cold_s,321.578,cold-warm,perf/rq7-perf.json,oss
nopcommerce,cs,target,GT-doc,17,37,RQ7,stage:extract,warm_s,88.125,cold-warm,perf/rq7-perf.json,oss
nopcommerce,cs,target,GT-doc,17,37,RQ7,stage:generate,cold_s,0.047,cold-warm,perf/rq7-perf.json,oss
nopcommerce,cs,target,GT-doc,17,37,RQ7,stage:generate,warm_s,0.078,cold-warm,perf/rq7-perf.json,oss
nopcommerce,cs,target,GT-doc,17,37,RQ7,stage:normalize,cold_s,98.563,cold-warm,perf/rq7-perf.json,oss
nopcommerce,cs,target,GT-doc,17,37,RQ7,stage:normalize,warm_s,5.719,cold-warm,perf/rq7-perf.json,oss
nopcommerce,cs,target,GT-doc,17,37,RQ7,stage:validate-curated,cold_s,0.25,cold-warm,perf/rq7-perf.json,oss
nopcommerce,cs,target,GT-doc,17,37,RQ7,stage:validate-curated,warm_s,0.265,cold-warm,perf/rq7-perf.json,oss
nopcommerce,cs,target,GT-doc,17,37,RQ7,stage:validate-extracted,cold_s,1.015,cold-warm,perf/rq7-perf.json,oss
nopcommerce,cs,target,GT-doc,17,37,RQ7,stage:validate-extracted,warm_s,1.109,cold-warm,perf/rq7-perf.json,oss
nopcommerce,cs,target,GT-doc,17,37,RQ7,substep:extract.autotools-graph,cold_s,1.344,cold-warm,perf/rq7-perf.json,oss
nopcommerce,cs,target,GT-doc,17,37,RQ7,substep:extract.autotools-graph,warm_s,1.281,cold-warm,perf/rq7-perf.json,oss
nopcommerce,cs,target,GT-doc,17,37,RQ7,substep:extract.clang-scan-deps,cold_s,2.265,cold-warm,perf/rq7-perf.json,oss
nopcommerce,cs,target,GT-doc,17,37,RQ7,substep:extract.clang-scan-deps,warm_s,1.891,cold-warm,perf/rq7-perf.json,oss
nopcommerce,cs,target,GT-doc,17,37,RQ7,substep:extract.cmake-graph,cold_s,1.109,cold-warm,perf/rq7-perf.json,oss
nopcommerce,cs,target,GT-doc,17,37,RQ7,substep:extract.cmake-graph,warm_s,1.062,cold-warm,perf/rq7-perf.json,oss
nopcommerce,cs,target,GT-doc,17,37,RQ7,substep:extract.contracts,cold_s,12.657,cold-warm,perf/rq7-perf.json,oss
nopcommerce,cs,target,GT-doc,17,37,RQ7,substep:extract.contracts,warm_s,12.531,cold-warm,perf/rq7-perf.json,oss
nopcommerce,cs,target,GT-doc,17,37,RQ7,substep:extract.csharp-build-graph,cold_s,9.313,cold-warm,perf/rq7-perf.json,oss
nopcommerce,cs,target,GT-doc,17,37,RQ7,substep:extract.csharp-build-graph,warm_s,1.61,cold-warm,perf/rq7-perf.json,oss
nopcommerce,cs,target,GT-doc,17,37,RQ7,substep:extract.csharp-interop,cold_s,26.375,cold-warm,perf/rq7-perf.json,oss
nopcommerce,cs,target,GT-doc,17,37,RQ7,substep:extract.csharp-interop,warm_s,22.0,cold-warm,perf/rq7-perf.json,oss
nopcommerce,cs,target,GT-doc,17,37,RQ7,substep:extract.csproj-sdk-role,cold_s,4.953,cold-warm,perf/rq7-perf.json,oss
nopcommerce,cs,target,GT-doc,17,37,RQ7,substep:extract.csproj-sdk-role,warm_s,7.313,cold-warm,perf/rq7-perf.json,oss
nopcommerce,cs,target,GT-doc,17,37,RQ7,substep:extract.deployment,cold_s,12.922,cold-warm,perf/rq7-perf.json,oss
nopcommerce,cs,target,GT-doc,17,37,RQ7,substep:extract.deployment,warm_s,3.047,cold-warm,perf/rq7-perf.json,oss
nopcommerce,cs,target,GT-doc,17,37,RQ7,substep:extract.doxygen-xml,cold_s,3.563,cold-warm,perf/rq7-perf.json,oss
nopcommerce,cs,target,GT-doc,17,37,RQ7,substep:extract.doxygen-xml,warm_s,2.171,cold-warm,perf/rq7-perf.json,oss
nopcommerce,cs,target,GT-doc,17,37,RQ7,substep:extract.msbuild-cpp,cold_s,1.437,cold-warm,perf/rq7-perf.json,oss
nopcommerce,cs,target,GT-doc,17,37,RQ7,substep:extract.msbuild-cpp,warm_s,1.438,cold-warm,perf/rq7-perf.json,oss
nopcommerce,cs,target,GT-doc,17,37,RQ7,substep:extract.orchardcore-manifest,cold_s,5.203,cold-warm,perf/rq7-perf.json,oss
nopcommerce,cs,target,GT-doc,17,37,RQ7,substep:extract.orchardcore-manifest,warm_s,7.765,cold-warm,perf/rq7-perf.json,oss
nopcommerce,cs,target,GT-doc,17,37,RQ7,substep:extract.plugin-namespace,cold_s,8.516,cold-warm,perf/rq7-perf.json,oss
nopcommerce,cs,target,GT-doc,17,37,RQ7,substep:extract.plugin-namespace,warm_s,7.469,cold-warm,perf/rq7-perf.json,oss
nopcommerce,cs,target,GT-doc,17,37,RQ7,substep:extract.roslyn-csharp,cold_s,218.0,cold-warm,perf/rq7-perf.json,oss
nopcommerce,cs,target,GT-doc,17,37,RQ7,substep:extract.roslyn-csharp,warm_s,7.969,cold-warm,perf/rq7-perf.json,oss
nopcommerce,cs,target,GT-doc,17,37,RQ7,substep:extract.runtime,cold_s,13.906,cold-warm,perf/rq7-perf.json,oss
nopcommerce,cs,target,GT-doc,17,37,RQ7,substep:extract.runtime,warm_s,10.578,cold-warm,perf/rq7-perf.json,oss
opencv,cpp,file,GT-doc,14,1087,RQ7,pipeline,cold_peak_rss_mb,697.2,cold-warm,perf/rq7-perf.json,oss
opencv,cpp,file,GT-doc,14,1087,RQ7,pipeline,cold_s,696.6,cold-warm,perf/rq7-perf.json,oss
opencv,cpp,file,GT-doc,14,1087,RQ7,pipeline,cold_within_budget,1,cold-warm,perf/rq7-perf.json,oss
opencv,cpp,file,GT-doc,14,1087,RQ7,pipeline,files,1171,cold-warm,perf/rq7-perf.json,oss
opencv,cpp,file,GT-doc,14,1087,RQ7,pipeline,kloc,131.6,cold-warm,perf/rq7-perf.json,oss
opencv,cpp,file,GT-doc,14,1087,RQ7,pipeline,speedup,10.08,cold-warm,perf/rq7-perf.json,oss
opencv,cpp,file,GT-doc,14,1087,RQ7,pipeline,targets,24,cold-warm,perf/rq7-perf.json,oss
opencv,cpp,file,GT-doc,14,1087,RQ7,pipeline,warm_peak_rss_mb,110.0,cold-warm,perf/rq7-perf.json,oss
opencv,cpp,file,GT-doc,14,1087,RQ7,pipeline,warm_s,69.1,cold-warm,perf/rq7-perf.json,oss
opencv,cpp,file,GT-doc,14,1087,RQ7,pipeline,warm_within_budget,1,cold-warm,perf/rq7-perf.json,oss
opencv,cpp,file,GT-doc,14,1087,RQ7,stage:curate,cold_s,0.078,cold-warm,perf/rq7-perf.json,oss
opencv,cpp,file,GT-doc,14,1087,RQ7,stage:curate,warm_s,0.093,cold-warm,perf/rq7-perf.json,oss
opencv,cpp,file,GT-doc,14,1087,RQ7,stage:drift,cold_s,0.0,cold-warm,perf/rq7-perf.json,oss
opencv,cpp,file,GT-doc,14,1087,RQ7,stage:drift,warm_s,0.0,cold-warm,perf/rq7-perf.json,oss
opencv,cpp,file,GT-doc,14,1087,RQ7,stage:enrich,cold_s,0.032,cold-warm,perf/rq7-perf.json,oss
opencv,cpp,file,GT-doc,14,1087,RQ7,stage:enrich,warm_s,0.031,cold-warm,perf/rq7-perf.json,oss
opencv,cpp,file,GT-doc,14,1087,RQ7,stage:extract,cold_s,679.937,cold-warm,perf/rq7-perf.json,oss
opencv,cpp,file,GT-doc,14,1087,RQ7,stage:extract,warm_s,55.797,cold-warm,perf/rq7-perf.json,oss
opencv,cpp,file,GT-doc,14,1087,RQ7,stage:generate,cold_s,0.062,cold-warm,perf/rq7-perf.json,oss
opencv,cpp,file,GT-doc,14,1087,RQ7,stage:generate,warm_s,0.063,cold-warm,perf/rq7-perf.json,oss
opencv,cpp,file,GT-doc,14,1087,RQ7,stage:normalize,cold_s,4.829,cold-warm,perf/rq7-perf.json,oss
opencv,cpp,file,GT-doc,14,1087,RQ7,stage:normalize,warm_s,4.578,cold-warm,perf/rq7-perf.json,oss
opencv,cpp,file,GT-doc,14,1087,RQ7,stage:validate-curated,cold_s,0.141,cold-warm,perf/rq7-perf.json,oss
opencv,cpp,file,GT-doc,14,1087,RQ7,stage:validate-curated,warm_s,0.172,cold-warm,perf/rq7-perf.json,oss
opencv,cpp,file,GT-doc,14,1087,RQ7,stage:validate-extracted,cold_s,0.187,cold-warm,perf/rq7-perf.json,oss
opencv,cpp,file,GT-doc,14,1087,RQ7,stage:validate-extracted,warm_s,0.25,cold-warm,perf/rq7-perf.json,oss
opencv,cpp,file,GT-doc,14,1087,RQ7,substep:extract.autotools-graph,cold_s,0.953,cold-warm,perf/rq7-perf.json,oss
opencv,cpp,file,GT-doc,14,1087,RQ7,substep:extract.autotools-graph,warm_s,1.359,cold-warm,perf/rq7-perf.json,oss
opencv,cpp,file,GT-doc,14,1087,RQ7,substep:extract.clang-scan-deps,cold_s,9.563,cold-warm,perf/rq7-perf.json,oss
opencv,cpp,file,GT-doc,14,1087,RQ7,substep:extract.clang-scan-deps,warm_s,9.671,cold-warm,perf/rq7-perf.json,oss
opencv,cpp,file,GT-doc,14,1087,RQ7,substep:extract.cmake-graph,cold_s,370.421,cold-warm,perf/rq7-perf.json,oss
opencv,cpp,file,GT-doc,14,1087,RQ7,substep:extract.cmake-graph,warm_s,1.312,cold-warm,perf/rq7-perf.json,oss
opencv,cpp,file,GT-doc,14,1087,RQ7,substep:extract.contracts,cold_s,106.593,cold-warm,perf/rq7-perf.json,oss
opencv,cpp,file,GT-doc,14,1087,RQ7,substep:extract.contracts,warm_s,11.938,cold-warm,perf/rq7-perf.json,oss
opencv,cpp,file,GT-doc,14,1087,RQ7,substep:extract.csharp-build-graph,cold_s,3.391,cold-warm,perf/rq7-perf.json,oss
opencv,cpp,file,GT-doc,14,1087,RQ7,substep:extract.csharp-build-graph,warm_s,1.453,cold-warm,perf/rq7-perf.json,oss
opencv,cpp,file,GT-doc,14,1087,RQ7,substep:extract.csharp-interop,cold_s,65.766,cold-warm,perf/rq7-perf.json,oss
opencv,cpp,file,GT-doc,14,1087,RQ7,substep:extract.csharp-interop,warm_s,9.766,cold-warm,perf/rq7-perf.json,oss
opencv,cpp,file,GT-doc,14,1087,RQ7,substep:extract.csproj-sdk-role,cold_s,1.125,cold-warm,perf/rq7-perf.json,oss
opencv,cpp,file,GT-doc,14,1087,RQ7,substep:extract.csproj-sdk-role,warm_s,1.422,cold-warm,perf/rq7-perf.json,oss
opencv,cpp,file,GT-doc,14,1087,RQ7,substep:extract.deployment,cold_s,5.719,cold-warm,perf/rq7-perf.json,oss
opencv,cpp,file,GT-doc,14,1087,RQ7,substep:extract.deployment,warm_s,3.047,cold-warm,perf/rq7-perf.json,oss
opencv,cpp,file,GT-doc,14,1087,RQ7,substep:extract.doxygen-xml,cold_s,109.718,cold-warm,perf/rq7-perf.json,oss
opencv,cpp,file,GT-doc,14,1087,RQ7,substep:extract.doxygen-xml,warm_s,8.438,cold-warm,perf/rq7-perf.json,oss
opencv,cpp,file,GT-doc,14,1087,RQ7,substep:extract.msbuild-cpp,cold_s,1.063,cold-warm,perf/rq7-perf.json,oss
opencv,cpp,file,GT-doc,14,1087,RQ7,substep:extract.msbuild-cpp,warm_s,1.188,cold-warm,perf/rq7-perf.json,oss
opencv,cpp,file,GT-doc,14,1087,RQ7,substep:extract.orchardcore-manifest,cold_s,0.984,cold-warm,perf/rq7-perf.json,oss
opencv,cpp,file,GT-doc,14,1087,RQ7,substep:extract.orchardcore-manifest,warm_s,1.578,cold-warm,perf/rq7-perf.json,oss
opencv,cpp,file,GT-doc,14,1087,RQ7,substep:extract.plugin-namespace,cold_s,1.063,cold-warm,perf/rq7-perf.json,oss
opencv,cpp,file,GT-doc,14,1087,RQ7,substep:extract.plugin-namespace,warm_s,1.656,cold-warm,perf/rq7-perf.json,oss
opencv,cpp,file,GT-doc,14,1087,RQ7,substep:extract.roslyn-csharp,cold_s,1.719,cold-warm,perf/rq7-perf.json,oss
opencv,cpp,file,GT-doc,14,1087,RQ7,substep:extract.roslyn-csharp,warm_s,1.266,cold-warm,perf/rq7-perf.json,oss
opencv,cpp,file,GT-doc,14,1087,RQ7,substep:extract.runtime,cold_s,1.859,cold-warm,perf/rq7-perf.json,oss
opencv,cpp,file,GT-doc,14,1087,RQ7,substep:extract.runtime,warm_s,1.703,cold-warm,perf/rq7-perf.json,oss
orchardcore,cs,target,GT-doc,34,207,RQ7,pipeline,cold_peak_rss_mb,1260.5,cold-warm,perf/rq7-perf.json,oss
orchardcore,cs,target,GT-doc,34,207,RQ7,pipeline,cold_s,1022.8,cold-warm,perf/rq7-perf.json,oss
orchardcore,cs,target,GT-doc,34,207,RQ7,pipeline,cold_within_budget,1,cold-warm,perf/rq7-perf.json,oss
orchardcore,cs,target,GT-doc,34,207,RQ7,pipeline,files,5207,cold-warm,perf/rq7-perf.json,oss
orchardcore,cs,target,GT-doc,34,207,RQ7,pipeline,kloc,824.6,cold-warm,perf/rq7-perf.json,oss
orchardcore,cs,target,GT-doc,34,207,RQ7,pipeline,speedup,1.22,cold-warm,perf/rq7-perf.json,oss
orchardcore,cs,target,GT-doc,34,207,RQ7,pipeline,targets,207,cold-warm,perf/rq7-perf.json,oss
orchardcore,cs,target,GT-doc,34,207,RQ7,pipeline,warm_peak_rss_mb,247.7,cold-warm,perf/rq7-perf.json,oss
orchardcore,cs,target,GT-doc,34,207,RQ7,pipeline,warm_s,838.0,cold-warm,perf/rq7-perf.json,oss
orchardcore,cs,target,GT-doc,34,207,RQ7,pipeline,warm_within_budget,0,cold-warm,perf/rq7-perf.json,oss
orchardcore,cs,target,GT-doc,34,207,RQ7,stage:curate,cold_s,0.407,cold-warm,perf/rq7-perf.json,oss
orchardcore,cs,target,GT-doc,34,207,RQ7,stage:curate,warm_s,0.36,cold-warm,perf/rq7-perf.json,oss
orchardcore,cs,target,GT-doc,34,207,RQ7,stage:drift,cold_s,0.032,cold-warm,perf/rq7-perf.json,oss
orchardcore,cs,target,GT-doc,34,207,RQ7,stage:drift,warm_s,0.031,cold-warm,perf/rq7-perf.json,oss
orchardcore,cs,target,GT-doc,34,207,RQ7,stage:enrich,cold_s,0.157,cold-warm,perf/rq7-perf.json,oss
orchardcore,cs,target,GT-doc,34,207,RQ7,stage:enrich,warm_s,0.187,cold-warm,perf/rq7-perf.json,oss
orchardcore,cs,target,GT-doc,34,207,RQ7,stage:extract,cold_s,681.766,cold-warm,perf/rq7-perf.json,oss
orchardcore,cs,target,GT-doc,34,207,RQ7,stage:extract,warm_s,452.359,cold-warm,perf/rq7-perf.json,oss
orchardcore,cs,target,GT-doc,34,207,RQ7,stage:generate,cold_s,0.468,cold-warm,perf/rq7-perf.json,oss
orchardcore,cs,target,GT-doc,34,207,RQ7,stage:generate,warm_s,0.594,cold-warm,perf/rq7-perf.json,oss
orchardcore,cs,target,GT-doc,34,207,RQ7,stage:normalize,cold_s,123.938,cold-warm,perf/rq7-perf.json,oss
orchardcore,cs,target,GT-doc,34,207,RQ7,stage:normalize,warm_s,168.25,cold-warm,perf/rq7-perf.json,oss
orchardcore,cs,target,GT-doc,34,207,RQ7,stage:validate-curated,cold_s,1.093,cold-warm,perf/rq7-perf.json,oss
orchardcore,cs,target,GT-doc,34,207,RQ7,stage:validate-curated,warm_s,1.031,cold-warm,perf/rq7-perf.json,oss
orchardcore,cs,target,GT-doc,34,207,RQ7,stage:validate-extracted,cold_s,2.25,cold-warm,perf/rq7-perf.json,oss
orchardcore,cs,target,GT-doc,34,207,RQ7,stage:validate-extracted,warm_s,2.453,cold-warm,perf/rq7-perf.json,oss
orchardcore,cs,target,GT-doc,34,207,RQ7,substep:extract.autotools-graph,cold_s,4.875,cold-warm,perf/rq7-perf.json,oss
orchardcore,cs,target,GT-doc,34,207,RQ7,substep:extract.autotools-graph,warm_s,4.016,cold-warm,perf/rq7-perf.json,oss
orchardcore,cs,target,GT-doc,34,207,RQ7,substep:extract.clang-scan-deps,cold_s,6.766,cold-warm,perf/rq7-perf.json,oss
orchardcore,cs,target,GT-doc,34,207,RQ7,substep:extract.clang-scan-deps,warm_s,5.39,cold-warm,perf/rq7-perf.json,oss
orchardcore,cs,target,GT-doc,34,207,RQ7,substep:extract.cmake-graph,cold_s,3.14,cold-warm,perf/rq7-perf.json,oss
orchardcore,cs,target,GT-doc,34,207,RQ7,substep:extract.cmake-graph,warm_s,3.703,cold-warm,perf/rq7-perf.json,oss
orchardcore,cs,target,GT-doc,34,207,RQ7,substep:extract.contracts,cold_s,20.672,cold-warm,perf/rq7-perf.json,oss
orchardcore,cs,target,GT-doc,34,207,RQ7,substep:extract.contracts,warm_s,29.875,cold-warm,perf/rq7-perf.json,oss
orchardcore,cs,target,GT-doc,34,207,RQ7,substep:extract.csharp-build-graph,cold_s,25.157,cold-warm,perf/rq7-perf.json,oss
orchardcore,cs,target,GT-doc,34,207,RQ7,substep:extract.csharp-build-graph,warm_s,15.718,cold-warm,perf/rq7-perf.json,oss
orchardcore,cs,target,GT-doc,34,207,RQ7,substep:extract.csharp-interop,cold_s,39.234,cold-warm,perf/rq7-perf.json,oss
orchardcore,cs,target,GT-doc,34,207,RQ7,substep:extract.csharp-interop,warm_s,33.735,cold-warm,perf/rq7-perf.json,oss
orchardcore,cs,target,GT-doc,34,207,RQ7,substep:extract.csproj-sdk-role,cold_s,17.265,cold-warm,perf/rq7-perf.json,oss
orchardcore,cs,target,GT-doc,34,207,RQ7,substep:extract.csproj-sdk-role,warm_s,13.953,cold-warm,perf/rq7-perf.json,oss
orchardcore,cs,target,GT-doc,34,207,RQ7,substep:extract.deployment,cold_s,110.765,cold-warm,perf/rq7-perf.json,oss
orchardcore,cs,target,GT-doc,34,207,RQ7,substep:extract.deployment,warm_s,106.75,cold-warm,perf/rq7-perf.json,oss
orchardcore,cs,target,GT-doc,34,207,RQ7,substep:extract.doxygen-xml,cold_s,8.031,cold-warm,perf/rq7-perf.json,oss
orchardcore,cs,target,GT-doc,34,207,RQ7,substep:extract.doxygen-xml,warm_s,6.344,cold-warm,perf/rq7-perf.json,oss
orchardcore,cs,target,GT-doc,34,207,RQ7,substep:extract.msbuild-cpp,cold_s,4.61,cold-warm,perf/rq7-perf.json,oss
orchardcore,cs,target,GT-doc,34,207,RQ7,substep:extract.msbuild-cpp,warm_s,4.563,cold-warm,perf/rq7-perf.json,oss
orchardcore,cs,target,GT-doc,34,207,RQ7,substep:extract.orchardcore-manifest,cold_s,17.735,cold-warm,perf/rq7-perf.json,oss
orchardcore,cs,target,GT-doc,34,207,RQ7,substep:extract.orchardcore-manifest,warm_s,13.625,cold-warm,perf/rq7-perf.json,oss
orchardcore,cs,target,GT-doc,34,207,RQ7,substep:extract.plugin-namespace,cold_s,17.36,cold-warm,perf/rq7-perf.json,oss
orchardcore,cs,target,GT-doc,34,207,RQ7,substep:extract.plugin-namespace,warm_s,14.25,cold-warm,perf/rq7-perf.json,oss
orchardcore,cs,target,GT-doc,34,207,RQ7,substep:extract.roslyn-csharp,cold_s,385.39,cold-warm,perf/rq7-perf.json,oss
orchardcore,cs,target,GT-doc,34,207,RQ7,substep:extract.roslyn-csharp,warm_s,186.109,cold-warm,perf/rq7-perf.json,oss
orchardcore,cs,target,GT-doc,34,207,RQ7,substep:extract.runtime,cold_s,20.766,cold-warm,perf/rq7-perf.json,oss
orchardcore,cs,target,GT-doc,34,207,RQ7,substep:extract.runtime,warm_s,14.328,cold-warm,perf/rq7-perf.json,oss
serilog,cs,target,,,,RQ7,pipeline,cold_peak_rss_mb,516.1,cold-warm,perf/rq7-perf.json,oss
serilog,cs,target,,,,RQ7,pipeline,cold_s,62.2,cold-warm,perf/rq7-perf.json,oss
serilog,cs,target,,,,RQ7,pipeline,cold_within_budget,1,cold-warm,perf/rq7-perf.json,oss
serilog,cs,target,,,,RQ7,pipeline,files,215,cold-warm,perf/rq7-perf.json,oss
serilog,cs,target,,,,RQ7,pipeline,kloc,7.1,cold-warm,perf/rq7-perf.json,oss
serilog,cs,target,,,,RQ7,pipeline,speedup,4.54,cold-warm,perf/rq7-perf.json,oss
serilog,cs,target,,,,RQ7,pipeline,targets,1,cold-warm,perf/rq7-perf.json,oss
serilog,cs,target,,,,RQ7,pipeline,warm_peak_rss_mb,53.5,cold-warm,perf/rq7-perf.json,oss
serilog,cs,target,,,,RQ7,pipeline,warm_s,13.7,cold-warm,perf/rq7-perf.json,oss
serilog,cs,target,,,,RQ7,pipeline,warm_within_budget,1,cold-warm,perf/rq7-perf.json,oss
serilog,cs,target,,,,RQ7,stage:curate,cold_s,0.047,cold-warm,perf/rq7-perf.json,oss
serilog,cs,target,,,,RQ7,stage:curate,warm_s,0.047,cold-warm,perf/rq7-perf.json,oss
serilog,cs,target,,,,RQ7,stage:drift,cold_s,0.0,cold-warm,perf/rq7-perf.json,oss
serilog,cs,target,,,,RQ7,stage:drift,warm_s,0.0,cold-warm,perf/rq7-perf.json,oss
serilog,cs,target,,,,RQ7,stage:enrich,cold_s,0.016,cold-warm,perf/rq7-perf.json,oss
serilog,cs,target,,,,RQ7,stage:enrich,warm_s,0.016,cold-warm,perf/rq7-perf.json,oss
serilog,cs,target,,,,RQ7,stage:extract,cold_s,58.531,cold-warm,perf/rq7-perf.json,oss
serilog,cs,target,,,,RQ7,stage:extract,warm_s,9.765,cold-warm,perf/rq7-perf.json,oss
serilog,cs,target,,,,RQ7,stage:generate,cold_s,0.046,cold-warm,perf/rq7-perf.json,oss
serilog,cs,target,,,,RQ7,stage:generate,warm_s,0.047,cold-warm,perf/rq7-perf.json,oss
serilog,cs,target,,,,RQ7,stage:normalize,cold_s,0.579,cold-warm,perf/rq7-perf.json,oss
serilog,cs,target,,,,RQ7,stage:normalize,warm_s,0.344,cold-warm,perf/rq7-perf.json,oss
serilog,cs,target,,,,RQ7,stage:validate-curated,cold_s,0.063,cold-warm,perf/rq7-perf.json,oss
serilog,cs,target,,,,RQ7,stage:validate-curated,warm_s,0.047,cold-warm,perf/rq7-perf.json,oss
serilog,cs,target,,,,RQ7,stage:validate-extracted,cold_s,0.187,cold-warm,perf/rq7-perf.json,oss
serilog,cs,target,,,,RQ7,stage:validate-extracted,warm_s,0.094,cold-warm,perf/rq7-perf.json,oss
serilog,cs,target,,,,RQ7,substep:extract.autotools-graph,cold_s,0.141,cold-warm,perf/rq7-perf.json,oss
serilog,cs,target,,,,RQ7,substep:extract.autotools-graph,warm_s,0.187,cold-warm,perf/rq7-perf.json,oss
serilog,cs,target,,,,RQ7,substep:extract.clang-scan-deps,cold_s,0.297,cold-warm,perf/rq7-perf.json,oss
serilog,cs,target,,,,RQ7,substep:extract.clang-scan-deps,warm_s,0.265,cold-warm,perf/rq7-perf.json,oss
serilog,cs,target,,,,RQ7,substep:extract.cmake-graph,cold_s,0.125,cold-warm,perf/rq7-perf.json,oss
serilog,cs,target,,,,RQ7,substep:extract.cmake-graph,warm_s,0.125,cold-warm,perf/rq7-perf.json,oss
serilog,cs,target,,,,RQ7,substep:extract.contracts,cold_s,1.859,cold-warm,perf/rq7-perf.json,oss
serilog,cs,target,,,,RQ7,substep:extract.contracts,warm_s,1.359,cold-warm,perf/rq7-perf.json,oss
serilog,cs,target,,,,RQ7,substep:extract.csharp-build-graph,cold_s,1.235,cold-warm,perf/rq7-perf.json,oss
serilog,cs,target,,,,RQ7,substep:extract.csharp-build-graph,warm_s,0.718,cold-warm,perf/rq7-perf.json,oss
serilog,cs,target,,,,RQ7,substep:extract.csharp-interop,cold_s,2.484,cold-warm,perf/rq7-perf.json,oss
serilog,cs,target,,,,RQ7,substep:extract.csharp-interop,warm_s,1.844,cold-warm,perf/rq7-perf.json,oss
serilog,cs,target,,,,RQ7,substep:extract.csproj-sdk-role,cold_s,1.156,cold-warm,perf/rq7-perf.json,oss
serilog,cs,target,,,,RQ7,substep:extract.csproj-sdk-role,warm_s,0.75,cold-warm,perf/rq7-perf.json,oss
serilog,cs,target,,,,RQ7,substep:extract.deployment,cold_s,2.562,cold-warm,perf/rq7-perf.json,oss
serilog,cs,target,,,,RQ7,substep:extract.deployment,warm_s,0.563,cold-warm,perf/rq7-perf.json,oss
serilog,cs,target,,,,RQ7,substep:extract.doxygen-xml,cold_s,0.453,cold-warm,perf/rq7-perf.json,oss
serilog,cs,target,,,,RQ7,substep:extract.doxygen-xml,warm_s,0.25,cold-warm,perf/rq7-perf.json,oss
serilog,cs,target,,,,RQ7,substep:extract.msbuild-cpp,cold_s,0.171,cold-warm,perf/rq7-perf.json,oss
serilog,cs,target,,,,RQ7,substep:extract.msbuild-cpp,warm_s,0.188,cold-warm,perf/rq7-perf.json,oss
serilog,cs,target,,,,RQ7,substep:extract.orchardcore-manifest,cold_s,1.485,cold-warm,perf/rq7-perf.json,oss
serilog,cs,target,,,,RQ7,substep:extract.orchardcore-manifest,warm_s,0.797,cold-warm,perf/rq7-perf.json,oss
serilog,cs,target,,,,RQ7,substep:extract.plugin-namespace,cold_s,1.063,cold-warm,perf/rq7-perf.json,oss
serilog,cs,target,,,,RQ7,substep:extract.plugin-namespace,warm_s,0.672,cold-warm,perf/rq7-perf.json,oss
serilog,cs,target,,,,RQ7,substep:extract.roslyn-csharp,cold_s,43.859,cold-warm,perf/rq7-perf.json,oss
serilog,cs,target,,,,RQ7,substep:extract.roslyn-csharp,warm_s,0.813,cold-warm,perf/rq7-perf.json,oss
serilog,cs,target,,,,RQ7,substep:extract.runtime,cold_s,1.641,cold-warm,perf/rq7-perf.json,oss
serilog,cs,target,,,,RQ7,substep:extract.runtime,warm_s,1.234,cold-warm,perf/rq7-perf.json,oss
terminal,cpp,target,,,,RQ7,pipeline,cold_peak_rss_mb,93.3,cold-warm,perf/rq7-perf.json,oss
terminal,cpp,target,,,,RQ7,pipeline,cold_s,330.1,cold-warm,perf/rq7-perf.json,oss
terminal,cpp,target,,,,RQ7,pipeline,cold_within_budget,1,cold-warm,perf/rq7-perf.json,oss
terminal,cpp,target,,,,RQ7,pipeline,kloc,83.3,cold-warm,perf/rq7-perf.json,oss
terminal,cpp,target,,,,RQ7,pipeline,speedup,9.62,cold-warm,perf/rq7-perf.json,oss
terminal,cpp,target,,,,RQ7,pipeline,targets,43,cold-warm,perf/rq7-perf.json,oss
terminal,cpp,target,,,,RQ7,pipeline,warm_peak_rss_mb,55.2,cold-warm,perf/rq7-perf.json,oss
terminal,cpp,target,,,,RQ7,pipeline,warm_s,34.3,cold-warm,perf/rq7-perf.json,oss
terminal,cpp,target,,,,RQ7,pipeline,warm_within_budget,1,cold-warm,perf/rq7-perf.json,oss
terminal,cpp,target,,,,RQ7,stage:curate,cold_s,0.094,cold-warm,perf/rq7-perf.json,oss
terminal,cpp,target,,,,RQ7,stage:curate,warm_s,0.078,cold-warm,perf/rq7-perf.json,oss
terminal,cpp,target,,,,RQ7,stage:drift,cold_s,0.016,cold-warm,perf/rq7-perf.json,oss
terminal,cpp,target,,,,RQ7,stage:drift,warm_s,0.0,cold-warm,perf/rq7-perf.json,oss
terminal,cpp,target,,,,RQ7,stage:enrich,cold_s,0.016,cold-warm,perf/rq7-perf.json,oss
terminal,cpp,target,,,,RQ7,stage:enrich,warm_s,0.032,cold-warm,perf/rq7-perf.json,oss
terminal,cpp,target,,,,RQ7,stage:extract,cold_s,321.657,cold-warm,perf/rq7-perf.json,oss
terminal,cpp,target,,,,RQ7,stage:extract,warm_s,26.016,cold-warm,perf/rq7-perf.json,oss
terminal,cpp,target,,,,RQ7,stage:generate,cold_s,0.062,cold-warm,perf/rq7-perf.json,oss
terminal,cpp,target,,,,RQ7,stage:generate,warm_s,0.062,cold-warm,perf/rq7-perf.json,oss
terminal,cpp,target,,,,RQ7,stage:normalize,cold_s,2.718,cold-warm,perf/rq7-perf.json,oss
terminal,cpp,target,,,,RQ7,stage:normalize,warm_s,2.0,cold-warm,perf/rq7-perf.json,oss
terminal,cpp,target,,,,RQ7,stage:validate-curated,cold_s,0.125,cold-warm,perf/rq7-perf.json,oss
terminal,cpp,target,,,,RQ7,stage:validate-curated,warm_s,0.156,cold-warm,perf/rq7-perf.json,oss
terminal,cpp,target,,,,RQ7,stage:validate-extracted,cold_s,0.25,cold-warm,perf/rq7-perf.json,oss
terminal,cpp,target,,,,RQ7,stage:validate-extracted,warm_s,0.156,cold-warm,perf/rq7-perf.json,oss
terminal,cpp,target,,,,RQ7,substep:extract.autotools-graph,cold_s,0.578,cold-warm,perf/rq7-perf.json,oss
terminal,cpp,target,,,,RQ7,substep:extract.autotools-graph,warm_s,0.657,cold-warm,perf/rq7-perf.json,oss
terminal,cpp,target,,,,RQ7,substep:extract.clang-scan-deps,cold_s,3.532,cold-warm,perf/rq7-perf.json,oss
terminal,cpp,target,,,,RQ7,substep:extract.clang-scan-deps,warm_s,3.532,cold-warm,perf/rq7-perf.json,oss
terminal,cpp,target,,,,RQ7,substep:extract.cmake-graph,cold_s,0.703,cold-warm,perf/rq7-perf.json,oss
terminal,cpp,target,,,,RQ7,substep:extract.cmake-graph,warm_s,0.735,cold-warm,perf/rq7-perf.json,oss
terminal,cpp,target,,,,RQ7,substep:extract.contracts,cold_s,261.25,cold-warm,perf/rq7-perf.json,oss
terminal,cpp,target,,,,RQ7,substep:extract.contracts,warm_s,5.25,cold-warm,perf/rq7-perf.json,oss
terminal,cpp,target,,,,RQ7,substep:extract.csharp-build-graph,cold_s,2.204,cold-warm,perf/rq7-perf.json,oss
terminal,cpp,target,,,,RQ7,substep:extract.csharp-build-graph,warm_s,1.406,cold-warm,perf/rq7-perf.json,oss
terminal,cpp,target,,,,RQ7,substep:extract.csharp-interop,cold_s,18.296,cold-warm,perf/rq7-perf.json,oss
terminal,cpp,target,,,,RQ7,substep:extract.csharp-interop,warm_s,4.125,cold-warm,perf/rq7-perf.json,oss
terminal,cpp,target,,,,RQ7,substep:extract.csproj-sdk-role,cold_s,0.938,cold-warm,perf/rq7-perf.json,oss
terminal,cpp,target,,,,RQ7,substep:extract.csproj-sdk-role,warm_s,0.672,cold-warm,perf/rq7-perf.json,oss
terminal,cpp,target,,,,RQ7,substep:extract.deployment,cold_s,4.078,cold-warm,perf/rq7-perf.json,oss
terminal,cpp,target,,,,RQ7,substep:extract.deployment,warm_s,2.078,cold-warm,perf/rq7-perf.json,oss
terminal,cpp,target,,,,RQ7,substep:extract.doxygen-xml,cold_s,17.734,cold-warm,perf/rq7-perf.json,oss
terminal,cpp,target,,,,RQ7,substep:extract.doxygen-xml,warm_s,3.39,cold-warm,perf/rq7-perf.json,oss
terminal,cpp,target,,,,RQ7,substep:extract.msbuild-cpp,cold_s,4.531,cold-warm,perf/rq7-perf.json,oss
terminal,cpp,target,,,,RQ7,substep:extract.msbuild-cpp,warm_s,0.64,cold-warm,perf/rq7-perf.json,oss
terminal,cpp,target,,,,RQ7,substep:extract.orchardcore-manifest,cold_s,2.062,cold-warm,perf/rq7-perf.json,oss
terminal,cpp,target,,,,RQ7,substep:extract.orchardcore-manifest,warm_s,1.0,cold-warm,perf/rq7-perf.json,oss
terminal,cpp,target,,,,RQ7,substep:extract.plugin-namespace,cold_s,1.031,cold-warm,perf/rq7-perf.json,oss
terminal,cpp,target,,,,RQ7,substep:extract.plugin-namespace,warm_s,0.735,cold-warm,perf/rq7-perf.json,oss
terminal,cpp,target,,,,RQ7,substep:extract.roslyn-csharp,cold_s,3.766,cold-warm,perf/rq7-perf.json,oss
terminal,cpp,target,,,,RQ7,substep:extract.roslyn-csharp,warm_s,0.796,cold-warm,perf/rq7-perf.json,oss
terminal,cpp,target,,,,RQ7,substep:extract.runtime,cold_s,0.954,cold-warm,perf/rq7-perf.json,oss
terminal,cpp,target,,,,RQ7,substep:extract.runtime,warm_s,1.0,cold-warm,perf/rq7-perf.json,oss
toy,cs,target,,,,RQ7,pipeline,cold_peak_rss_mb,258.4,cold-warm,perf/rq7-perf.json,oss
toy,cs,target,,,,RQ7,pipeline,cold_s,15.0,cold-warm,perf/rq7-perf.json,oss
toy,cs,target,,,,RQ7,pipeline,cold_within_budget,1,cold-warm,perf/rq7-perf.json,oss
toy,cs,target,,,,RQ7,pipeline,kloc,0.1,cold-warm,perf/rq7-perf.json,oss
toy,cs,target,,,,RQ7,pipeline,speedup,3.57,cold-warm,perf/rq7-perf.json,oss
toy,cs,target,,,,RQ7,pipeline,targets,4,cold-warm,perf/rq7-perf.json,oss
toy,cs,target,,,,RQ7,pipeline,warm_peak_rss_mb,56.7,cold-warm,perf/rq7-perf.json,oss
toy,cs,target,,,,RQ7,pipeline,warm_s,4.2,cold-warm,perf/rq7-perf.json,oss
toy,cs,target,,,,RQ7,pipeline,warm_within_budget,1,cold-warm,perf/rq7-perf.json,oss
toy,cs,target,,,,RQ7,stage:curate,cold_s,0.031,cold-warm,perf/rq7-perf.json,oss
toy,cs,target,,,,RQ7,stage:curate,warm_s,0.047,cold-warm,perf/rq7-perf.json,oss
toy,cs,target,,,,RQ7,stage:drift,cold_s,0.0,cold-warm,perf/rq7-perf.json,oss
toy,cs,target,,,,RQ7,stage:drift,warm_s,0.016,cold-warm,perf/rq7-perf.json,oss
toy,cs,target,,,,RQ7,stage:enrich,cold_s,0.0,cold-warm,perf/rq7-perf.json,oss
toy,cs,target,,,,RQ7,stage:enrich,warm_s,0.016,cold-warm,perf/rq7-perf.json,oss
toy,cs,target,,,,RQ7,stage:extract,cold_s,11.343,cold-warm,perf/rq7-perf.json,oss
toy,cs,target,,,,RQ7,stage:extract,warm_s,1.843,cold-warm,perf/rq7-perf.json,oss
toy,cs,target,,,,RQ7,stage:generate,cold_s,0.062,cold-warm,perf/rq7-perf.json,oss
toy,cs,target,,,,RQ7,stage:generate,warm_s,0.031,cold-warm,perf/rq7-perf.json,oss
toy,cs,target,,,,RQ7,stage:normalize,cold_s,0.094,cold-warm,perf/rq7-perf.json,oss
toy,cs,target,,,,RQ7,stage:normalize,warm_s,0.063,cold-warm,perf/rq7-perf.json,oss
toy,cs,target,,,,RQ7,stage:validate-curated,cold_s,0.047,cold-warm,perf/rq7-perf.json,oss
toy,cs,target,,,,RQ7,stage:validate-curated,warm_s,0.031,cold-warm,perf/rq7-perf.json,oss
toy,cs,target,,,,RQ7,stage:validate-extracted,cold_s,0.047,cold-warm,perf/rq7-perf.json,oss
toy,cs,target,,,,RQ7,stage:validate-extracted,warm_s,0.031,cold-warm,perf/rq7-perf.json,oss
toy,cs,target,,,,RQ7,substep:extract.autotools-graph,cold_s,0.031,cold-warm,perf/rq7-perf.json,oss
toy,cs,target,,,,RQ7,substep:extract.autotools-graph,warm_s,0.078,cold-warm,perf/rq7-perf.json,oss
toy,cs,target,,,,RQ7,substep:extract.clang-scan-deps,cold_s,0.11,cold-warm,perf/rq7-perf.json,oss
toy,cs,target,,,,RQ7,substep:extract.clang-scan-deps,warm_s,0.094,cold-warm,perf/rq7-perf.json,oss
toy,cs,target,,,,RQ7,substep:extract.cmake-graph,cold_s,0.047,cold-warm,perf/rq7-perf.json,oss
toy,cs,target,,,,RQ7,substep:extract.cmake-graph,warm_s,0.078,cold-warm,perf/rq7-perf.json,oss
toy,cs,target,,,,RQ7,substep:extract.contracts,cold_s,0.312,cold-warm,perf/rq7-perf.json,oss
toy,cs,target,,,,RQ7,substep:extract.contracts,warm_s,0.25,cold-warm,perf/rq7-perf.json,oss
toy,cs,target,,,,RQ7,substep:extract.csharp-build-graph,cold_s,0.531,cold-warm,perf/rq7-perf.json,oss
toy,cs,target,,,,RQ7,substep:extract.csharp-build-graph,warm_s,0.14,cold-warm,perf/rq7-perf.json,oss
toy,cs,target,,,,RQ7,substep:extract.csharp-interop,cold_s,0.265,cold-warm,perf/rq7-perf.json,oss
toy,cs,target,,,,RQ7,substep:extract.csharp-interop,warm_s,0.203,cold-warm,perf/rq7-perf.json,oss
toy,cs,target,,,,RQ7,substep:extract.csproj-sdk-role,cold_s,0.188,cold-warm,perf/rq7-perf.json,oss
toy,cs,target,,,,RQ7,substep:extract.csproj-sdk-role,warm_s,0.125,cold-warm,perf/rq7-perf.json,oss
toy,cs,target,,,,RQ7,substep:extract.deployment,cold_s,0.297,cold-warm,perf/rq7-perf.json,oss
toy,cs,target,,,,RQ7,substep:extract.deployment,warm_s,0.203,cold-warm,perf/rq7-perf.json,oss
toy,cs,target,,,,RQ7,substep:extract.doxygen-xml,cold_s,0.109,cold-warm,perf/rq7-perf.json,oss
toy,cs,target,,,,RQ7,substep:extract.doxygen-xml,warm_s,0.094,cold-warm,perf/rq7-perf.json,oss
toy,cs,target,,,,RQ7,substep:extract.msbuild-cpp,cold_s,0.062,cold-warm,perf/rq7-perf.json,oss
toy,cs,target,,,,RQ7,substep:extract.msbuild-cpp,warm_s,0.094,cold-warm,perf/rq7-perf.json,oss
toy,cs,target,,,,RQ7,substep:extract.orchardcore-manifest,cold_s,0.14,cold-warm,perf/rq7-perf.json,oss
toy,cs,target,,,,RQ7,substep:extract.orchardcore-manifest,warm_s,0.11,cold-warm,perf/rq7-perf.json,oss
toy,cs,target,,,,RQ7,substep:extract.plugin-namespace,cold_s,0.125,cold-warm,perf/rq7-perf.json,oss
toy,cs,target,,,,RQ7,substep:extract.plugin-namespace,warm_s,0.109,cold-warm,perf/rq7-perf.json,oss
toy,cs,target,,,,RQ7,substep:extract.roslyn-csharp,cold_s,8.985,cold-warm,perf/rq7-perf.json,oss
toy,cs,target,,,,RQ7,substep:extract.roslyn-csharp,warm_s,0.125,cold-warm,perf/rq7-perf.json,oss
toy,cs,target,,,,RQ7,substep:extract.runtime,cold_s,0.141,cold-warm,perf/rq7-perf.json,oss
toy,cs,target,,,,RQ7,substep:extract.runtime,warm_s,0.14,cold-warm,perf/rq7-perf.json,oss
eshop,cs,target,GT-doc,9,19,RQ9,ceiling,a2a,89.69,rater-pair,references/eshop/blind-curation/ceiling.json,oss
eshop,cs,target,GT-doc,9,19,RQ9,ceiling,ari,0.527,rater-pair,references/eshop/blind-curation/ceiling.json,oss
eshop,cs,target,GT-doc,9,19,RQ9,ceiling,entities_common,19,rater-pair,references/eshop/blind-curation/ceiling.json,oss
eshop,cs,target,GT-doc,9,19,RQ9,ceiling,kappa,0.0,rater-pair,references/eshop/blind-curation/ceiling.json,oss
eshop,cs,target,GT-doc,9,19,RQ9,ceiling,kappa_aligned,0.702,rater-pair,references/eshop/blind-curation/ceiling.json,oss
eshop,cs,target,GT-doc,9,19,RQ9,ceiling,kappa_flag,1,rater-pair,references/eshop/blind-curation/ceiling.json,oss
eshop,cs,target,GT-doc,9,19,RQ9,ceiling,labels_shared,0,rater-pair,references/eshop/blind-curation/ceiling.json,oss
eshop,cs,target,GT-doc,9,19,RQ9,ceiling,mojofm,66.52,rater-pair,references/eshop/blind-curation/ceiling.json,oss
eshop,cs,target,GT-doc,9,19,RQ9,ceiling,mojofm_ab,68.75,rater-pair,references/eshop/blind-curation/ceiling.json,oss
eshop,cs,target,GT-doc,9,19,RQ9,ceiling,mojofm_ba,64.29,rater-pair,references/eshop/blind-curation/ceiling.json,oss
eshop,cs,target,GT-doc,9,19,RQ9,ceiling,nmi,0.868,rater-pair,references/eshop/blind-curation/ceiling.json,oss
eshop,cs,target,GT-doc,9,19,RQ9,ceiling,pair_agreement,0.918,rater-pair,references/eshop/blind-curation/ceiling.json,oss
eshop,cs,target,GT-doc,9,19,RQ9,ceiling,raw_agreement,0.0,rater-pair,references/eshop/blind-curation/ceiling.json,oss
eshop,cs,target,GT-doc,9,19,RQ9,consensus,boundary_conflicts,0,vs-reference,references/eshop/blind-curation/consensus.rsf,oss
eshop,cs,target,GT-doc,9,19,RQ9,consensus,clusters,14,partition,references/eshop/blind-curation/consensus.rsf,oss
eshop,cs,target,GT-doc,9,19,RQ9,consensus,entities,19,partition,references/eshop/blind-curation/consensus.rsf,oss
eshop,cs,target,GT-doc,9,19,RQ9,consensus,merges,0,vs-reference,references/eshop/blind-curation/consensus.rsf,oss
eshop,cs,target,GT-doc,9,19,RQ9,consensus,splits,2,vs-reference,references/eshop/blind-curation/consensus.rsf,oss
eshop,cs,target,GT-doc,9,19,RQ9,curator-pair,a2a,93.94,curator-pair,references/eshop/blind-curation/curator-pair.json,oss
eshop,cs,target,GT-doc,9,19,RQ9,curator-pair,ari,0.747,curator-pair,references/eshop/blind-curation/curator-pair.json,oss
eshop,cs,target,GT-doc,9,19,RQ9,curator-pair,entities_common,19,curator-pair,references/eshop/blind-curation/curator-pair.json,oss
eshop,cs,target,GT-doc,9,19,RQ9,curator-pair,kappa,0.151,curator-pair,references/eshop/blind-curation/curator-pair.json,oss
eshop,cs,target,GT-doc,9,19,RQ9,curator-pair,kappa_aligned,0.824,curator-pair,references/eshop/blind-curation/curator-pair.json,oss
eshop,cs,target,GT-doc,9,19,RQ9,curator-pair,labels_shared,3,curator-pair,references/eshop/blind-curation/curator-pair.json,oss
eshop,cs,target,GT-doc,9,19,RQ9,curator-pair,mojofm,80.62,curator-pair,references/eshop/blind-curation/curator-pair.json,oss
eshop,cs,target,GT-doc,9,19,RQ9,curator-pair,mojofm_ab,81.25,curator-pair,references/eshop/blind-curation/curator-pair.json,oss
eshop,cs,target,GT-doc,9,19,RQ9,curator-pair,mojofm_ba,80.0,curator-pair,references/eshop/blind-curation/curator-pair.json,oss
eshop,cs,target,GT-doc,9,19,RQ9,curator-pair,nmi,0.943,curator-pair,references/eshop/blind-curation/curator-pair.json,oss
eshop,cs,target,GT-doc,9,19,RQ9,curator-pair,pair_agreement,0.971,curator-pair,references/eshop/blind-curation/curator-pair.json,oss
eshop,cs,target,GT-doc,9,19,RQ9,curator-pair,raw_agreement,0.158,curator-pair,references/eshop/blind-curation/curator-pair.json,oss
eshop,cs,target,GT-doc,9,19,RQ9,curator:R-A,a2a,95.79,expression,references/eshop/blind-curation/fidelity-R-A.json,oss
eshop,cs,target,GT-doc,9,19,RQ9,curator:R-A,a2a,92.0,expression-vs-consensus,references/eshop/blind-curation/fidelity-R-A-vs-consensus.json,oss
eshop,cs,target,GT-doc,9,19,RQ9,curator:R-A,clusters,10,expression,references/eshop/blind-curation/fidelity-R-A.json,oss
eshop,cs,target,GT-doc,9,19,RQ9,curator:R-A,clusters,10,expression-vs-consensus,references/eshop/blind-curation/fidelity-R-A-vs-consensus.json,oss
eshop,cs,target,GT-doc,9,19,RQ9,curator:R-A,clusters_aligned,9,expression,references/eshop/blind-curation/fidelity-R-A.json,oss
eshop,cs,target,GT-doc,9,19,RQ9,curator:R-A,clusters_aligned,10,expression-vs-consensus,references/eshop/blind-curation/fidelity-R-A-vs-consensus.json,oss
eshop,cs,target,GT-doc,9,19,RQ9,curator:R-A,clusters_unmatched,1,expression,references/eshop/blind-curation/fidelity-R-A.json,oss
eshop,cs,target,GT-doc,9,19,RQ9,curator:R-A,clusters_unmatched,0,expression-vs-consensus,references/eshop/blind-curation/fidelity-R-A-vs-consensus.json,oss
eshop,cs,target,GT-doc,9,19,RQ9,curator:R-A,curate_op_batches,43,effort,references/eshop/blind-curation/effort-R-A.json,oss
eshop,cs,target,GT-doc,9,19,RQ9,curator:R-A,draft_groups_offered,2,effort,references/eshop/blind-curation/effort-R-A.json,oss
eshop,cs,target,GT-doc,9,19,RQ9,curator:R-A,edge_f1,0.629,expression,references/eshop/blind-curation/fidelity-R-A.json,oss
eshop,cs,target,GT-doc,9,19,RQ9,curator:R-A,edge_f1,0.553,expression-vs-consensus,references/eshop/blind-curation/fidelity-R-A-vs-consensus.json,oss
eshop,cs,target,GT-doc,9,19,RQ9,curator:R-A,edge_precision,0.524,expression,references/eshop/blind-curation/fidelity-R-A.json,oss
eshop,cs,target,GT-doc,9,19,RQ9,curator:R-A,edge_precision,0.619,expression-vs-consensus,references/eshop/blind-curation/fidelity-R-A-vs-consensus.json,oss
eshop,cs,target,GT-doc,9,19,RQ9,curator:R-A,edge_recall,0.786,expression,references/eshop/blind-curation/fidelity-R-A.json,oss
eshop,cs,target,GT-doc,9,19,RQ9,curator:R-A,edge_recall,0.5,expression-vs-consensus,references/eshop/blind-curation/fidelity-R-A-vs-consensus.json,oss
eshop,cs,target,GT-doc,9,19,RQ9,curator:R-A,edge_tp,11,expression,references/eshop/blind-curation/fidelity-R-A.json,oss
eshop,cs,target,GT-doc,9,19,RQ9,curator:R-A,edge_tp,13,expression-vs-consensus,references/eshop/blind-curation/fidelity-R-A-vs-consensus.json,oss
eshop,cs,target,GT-doc,9,19,RQ9,curator:R-A,entities_common,19,expression,references/eshop/blind-curation/fidelity-R-A.json,oss
eshop,cs,target,GT-doc,9,19,RQ9,curator:R-A,entities_common,19,expression-vs-consensus,references/eshop/blind-curation/fidelity-R-A-vs-consensus.json,oss
eshop,cs,target,GT-doc,9,19,RQ9,curator:R-A,events,89,effort,references/eshop/blind-curation/effort-R-A.json,oss
eshop,cs,target,GT-doc,9,19,RQ9,curator:R-A,excludes,3,effort,references/eshop/blind-curation/effort-R-A.json,oss
eshop,cs,target,GT-doc,9,19,RQ9,curator:R-A,explicit_members,20,effort,references/eshop/blind-curation/effort-R-A.json,oss
eshop,cs,target,GT-doc,9,19,RQ9,curator:R-A,final_groups_hand_authored,11,effort,references/eshop/blind-curation/effort-R-A.json,oss
eshop,cs,target,GT-doc,9,19,RQ9,curator:R-A,final_groups_propose_derived,0,effort,references/eshop/blind-curation/effort-R-A.json,oss
eshop,cs,target,GT-doc,9,19,RQ9,curator:R-A,groups,11,effort,references/eshop/blind-curation/effort-R-A.json,oss
eshop,cs,target,GT-doc,9,19,RQ9,curator:R-A,member_globs,0,effort,references/eshop/blind-curation/effort-R-A.json,oss
eshop,cs,target,GT-doc,9,19,RQ9,curator:R-A,member_tags,0,effort,references/eshop/blind-curation/effort-R-A.json,oss
eshop,cs,target,GT-doc,9,19,RQ9,curator:R-A,mojofm,86.67,expression,references/eshop/blind-curation/fidelity-R-A.json,oss
eshop,cs,target,GT-doc,9,19,RQ9,curator:R-A,mojofm,75.0,expression-vs-consensus,references/eshop/blind-curation/fidelity-R-A-vs-consensus.json,oss
eshop,cs,target,GT-doc,9,19,RQ9,curator:R-A,name_overrides,0,effort,references/eshop/blind-curation/effort-R-A.json,oss
eshop,cs,target,GT-doc,9,19,RQ9,curator:R-A,ops:create_group,12,effort,references/eshop/blind-curation/effort-R-A.json,oss
eshop,cs,target,GT-doc,9,19,RQ9,curator:R-A,ops:move_member,23,effort,references/eshop/blind-curation/effort-R-A.json,oss
eshop,cs,target,GT-doc,9,19,RQ9,curator:R-A,ops:remove_group,1,effort,references/eshop/blind-curation/effort-R-A.json,oss
eshop,cs,target,GT-doc,9,19,RQ9,curator:R-A,ops:set_parent,7,effort,references/eshop/blind-curation/effort-R-A.json,oss
eshop,cs,target,GT-doc,9,19,RQ9,curator:R-A,ops_total,43,effort,references/eshop/blind-curation/effort-R-A.json,oss
eshop,cs,target,GT-doc,9,19,RQ9,curator:R-A,propose_derived_fraction,0.0,effort,references/eshop/blind-curation/effort-R-A.json,oss
eshop,cs,target,GT-doc,9,19,RQ9,curator:R-A,reviewed_writes,46,effort,references/eshop/blind-curation/effort-R-A.json,oss
eshop,cs,target,GT-doc,9,19,RQ9,curator:R-A,rule_lines,63,effort,references/eshop/blind-curation/effort-R-A.json,oss
eshop,cs,target,GT-doc,9,19,RQ9,curator:R-A,wall_clock_minutes_reported,43.0,effort,references/eshop/blind-curation/effort-R-A.json,oss
eshop,cs,target,GT-doc,9,19,RQ9,curator:R-A,wall_clock_minutes_trace,40.6,effort,references/eshop/blind-curation/effort-R-A.json,oss
eshop,cs,target,GT-doc,9,19,RQ9,curator:R-B,a2a,90.82,expression,references/eshop/blind-curation/fidelity-R-B.json,oss
eshop,cs,target,GT-doc,9,19,RQ9,curator:R-B,clusters,13,expression,references/eshop/blind-curation/fidelity-R-B.json,oss
eshop,cs,target,GT-doc,9,19,RQ9,curator:R-B,clusters_aligned,9,expression,references/eshop/blind-curation/fidelity-R-B.json,oss
eshop,cs,target,GT-doc,9,19,RQ9,curator:R-B,clusters_unmatched,4,expression,references/eshop/blind-curation/fidelity-R-B.json,oss
eshop,cs,target,GT-doc,9,19,RQ9,curator:R-B,curate_op_batches,36,effort,references/eshop/blind-curation/effort-R-B.json,oss
eshop,cs,target,GT-doc,9,19,RQ9,curator:R-B,draft_groups_offered,2,effort,references/eshop/blind-curation/effort-R-B.json,oss
eshop,cs,target,GT-doc,9,19,RQ9,curator:R-B,edge_f1,0.564,expression,references/eshop/blind-curation/fidelity-R-B.json,oss
eshop,cs,target,GT-doc,9,19,RQ9,curator:R-B,edge_precision,0.44,expression,references/eshop/blind-curation/fidelity-R-B.json,oss
eshop,cs,target,GT-doc,9,19,RQ9,curator:R-B,edge_recall,0.786,expression,references/eshop/blind-curation/fidelity-R-B.json,oss
eshop,cs,target,GT-doc,9,19,RQ9,curator:R-B,edge_tp,11,expression,references/eshop/blind-curation/fidelity-R-B.json,oss
eshop,cs,target,GT-doc,9,19,RQ9,curator:R-B,entities_common,19,expression,references/eshop/blind-curation/fidelity-R-B.json,oss
eshop,cs,target,GT-doc,9,19,RQ9,curator:R-B,events,78,effort,references/eshop/blind-curation/effort-R-B.json,oss
eshop,cs,target,GT-doc,9,19,RQ9,curator:R-B,excludes,6,effort,references/eshop/blind-curation/effort-R-B.json,oss
eshop,cs,target,GT-doc,9,19,RQ9,curator:R-B,explicit_members,19,effort,references/eshop/blind-curation/effort-R-B.json,oss
eshop,cs,target,GT-doc,9,19,RQ9,curator:R-B,final_groups_hand_authored,13,effort,references/eshop/blind-curation/effort-R-B.json,oss
eshop,cs,target,GT-doc,9,19,RQ9,curator:R-B,final_groups_propose_derived,0,effort,references/eshop/blind-curation/effort-R-B.json,oss
eshop,cs,target,GT-doc,9,19,RQ9,curator:R-B,groups,13,effort,references/eshop/blind-curation/effort-R-B.json,oss
eshop,cs,target,GT-doc,9,19,RQ9,curator:R-B,member_globs,0,effort,references/eshop/blind-curation/effort-R-B.json,oss
eshop,cs,target,GT-doc,9,19,RQ9,curator:R-B,member_tags,0,effort,references/eshop/blind-curation/effort-R-B.json,oss
eshop,cs,target,GT-doc,9,19,RQ9,curator:R-B,mojofm,66.67,expression,references/eshop/blind-curation/fidelity-R-B.json,oss
eshop,cs,target,GT-doc,9,19,RQ9,curator:R-B,name_overrides,0,effort,references/eshop/blind-curation/effort-R-B.json,oss
eshop,cs,target,GT-doc,9,19,RQ9,curator:R-B,ops:create_group,13,effort,references/eshop/blind-curation/effort-R-B.json,oss
eshop,cs,target,GT-doc,9,19,RQ9,curator:R-B,ops:exclude,1,effort,references/eshop/blind-curation/effort-R-B.json,oss
eshop,cs,target,GT-doc,9,19,RQ9,curator:R-B,ops:move_member,19,effort,references/eshop/blind-curation/effort-R-B.json,oss
eshop,cs,target,GT-doc,9,19,RQ9,curator:R-B,ops:remove_group,1,effort,references/eshop/blind-curation/effort-R-B.json,oss
eshop,cs,target,GT-doc,9,19,RQ9,curator:R-B,ops:set_parent,2,effort,references/eshop/blind-curation/effort-R-B.json,oss
eshop,cs,target,GT-doc,9,19,RQ9,curator:R-B,ops_total,36,effort,references/eshop/blind-curation/effort-R-B.json,oss
eshop,cs,target,GT-doc,9,19,RQ9,curator:R-B,propose_derived_fraction,0.0,effort,references/eshop/blind-curation/effort-R-B.json,oss
eshop,cs,target,GT-doc,9,19,RQ9,curator:R-B,reviewed_writes,42,effort,references/eshop/blind-curation/effort-R-B.json,oss
eshop,cs,target,GT-doc,9,19,RQ9,curator:R-B,rule_lines,65,effort,references/eshop/blind-curation/effort-R-B.json,oss
eshop,cs,target,GT-doc,9,19,RQ9,curator:R-B,wall_clock_minutes_reported,120.0,effort,references/eshop/blind-curation/effort-R-B.json,oss
eshop,cs,target,GT-doc,9,19,RQ9,curator:R-B,wall_clock_minutes_trace,59.7,effort,references/eshop/blind-curation/effort-R-B.json,oss
eshop,cs,target,GT-doc,9,19,RQ9,floor,a2a,80.77,detection,references/eshop/blind-curation/fidelity-R-A.json,oss
eshop,cs,target,GT-doc,9,19,RQ9,floor,a2a,80.77,detection,references/eshop/blind-curation/fidelity-R-B.json,oss
eshop,cs,target,GT-doc,9,19,RQ9,floor,a2a,80.77,detection-vs-consensus,references/eshop/blind-curation/fidelity-R-A-vs-consensus.json,oss
eshop,cs,target,GT-doc,9,19,RQ9,floor,clusters,19,detection,references/eshop/blind-curation/fidelity-R-A.json,oss
eshop,cs,target,GT-doc,9,19,RQ9,floor,clusters,19,detection,references/eshop/blind-curation/fidelity-R-B.json,oss
eshop,cs,target,GT-doc,9,19,RQ9,floor,clusters,19,detection-vs-consensus,references/eshop/blind-curation/fidelity-R-A-vs-consensus.json,oss
eshop,cs,target,GT-doc,9,19,RQ9,floor,mojofm,33.33,detection,references/eshop/blind-curation/fidelity-R-A.json,oss
eshop,cs,target,GT-doc,9,19,RQ9,floor,mojofm,33.33,detection,references/eshop/blind-curation/fidelity-R-B.json,oss
eshop,cs,target,GT-doc,9,19,RQ9,floor,mojofm,33.33,detection-vs-consensus,references/eshop/blind-curation/fidelity-R-A-vs-consensus.json,oss
eshop,cs,target,GT-doc,9,19,RQ9,rater:R-C,a2a,97.85,rater-vs-reference,references/eshop/blind-curation/ceiling.json,oss
eshop,cs,target,GT-doc,9,19,RQ9,rater:R-C,ari,0.892,rater-vs-reference,references/eshop/blind-curation/ceiling.json,oss
eshop,cs,target,GT-doc,9,19,RQ9,rater:R-C,boundary_conflicts,0,vs-reference,references/eshop/blind-curation/rater-R-C.rsf,oss
eshop,cs,target,GT-doc,9,19,RQ9,rater:R-C,clusters,8,partition,references/eshop/blind-curation/rater-R-C.rsf,oss
eshop,cs,target,GT-doc,9,19,RQ9,rater:R-C,entities,19,partition,references/eshop/blind-curation/rater-R-C.rsf,oss
eshop,cs,target,GT-doc,9,19,RQ9,rater:R-C,kappa,0.387,rater-vs-reference,references/eshop/blind-curation/ceiling.json,oss
eshop,cs,target,GT-doc,9,19,RQ9,rater:R-C,kappa_aligned,0.937,rater-vs-reference,references/eshop/blind-curation/ceiling.json,oss
eshop,cs,target,GT-doc,9,19,RQ9,rater:R-C,merges,1,vs-reference,references/eshop/blind-curation/rater-R-C.rsf,oss
eshop,cs,target,GT-doc,9,19,RQ9,rater:R-C,mojofm,93.09,rater-vs-reference,references/eshop/blind-curation/ceiling.json,oss
eshop,cs,target,GT-doc,9,19,RQ9,rater:R-C,nmi,0.966,rater-vs-reference,references/eshop/blind-curation/ceiling.json,oss
eshop,cs,target,GT-doc,9,19,RQ9,rater:R-C,raw_agreement,0.421,rater-vs-reference,references/eshop/blind-curation/ceiling.json,oss
eshop,cs,target,GT-doc,9,19,RQ9,rater:R-C,splits,0,vs-reference,references/eshop/blind-curation/rater-R-C.rsf,oss
eshop,cs,target,GT-doc,9,19,RQ9,rater:R-D,a2a,91.84,rater-vs-reference,references/eshop/blind-curation/ceiling.json,oss
eshop,cs,target,GT-doc,9,19,RQ9,rater:R-D,ari,0.615,rater-vs-reference,references/eshop/blind-curation/ceiling.json,oss
eshop,cs,target,GT-doc,9,19,RQ9,rater:R-D,boundary_conflicts,0,vs-reference,references/eshop/blind-curation/rater-R-D.rsf,oss
eshop,cs,target,GT-doc,9,19,RQ9,rater:R-D,clusters,13,partition,references/eshop/blind-curation/rater-R-D.rsf,oss
eshop,cs,target,GT-doc,9,19,RQ9,rater:R-D,entities,19,partition,references/eshop/blind-curation/rater-R-D.rsf,oss
eshop,cs,target,GT-doc,9,19,RQ9,rater:R-D,kappa,0.0,rater-vs-reference,references/eshop/blind-curation/ceiling.json,oss
eshop,cs,target,GT-doc,9,19,RQ9,rater:R-D,kappa_aligned,0.762,rater-vs-reference,references/eshop/blind-curation/ceiling.json,oss
eshop,cs,target,GT-doc,9,19,RQ9,rater:R-D,merges,0,vs-reference,references/eshop/blind-curation/rater-R-D.rsf,oss
eshop,cs,target,GT-doc,9,19,RQ9,rater:R-D,mojofm,74.16,rater-vs-reference,references/eshop/blind-curation/ceiling.json,oss
eshop,cs,target,GT-doc,9,19,RQ9,rater:R-D,nmi,0.901,rater-vs-reference,references/eshop/blind-curation/ceiling.json,oss
eshop,cs,target,GT-doc,9,19,RQ9,rater:R-D,raw_agreement,0.0,rater-vs-reference,references/eshop/blind-curation/ceiling.json,oss
eshop,cs,target,GT-doc,9,19,RQ9,rater:R-D,splits,2,vs-reference,references/eshop/blind-curation/rater-R-D.rsf,oss
eshop,cs,target,GT-doc,9,19,RQ9,sar:limbo,a2a,85.87,detection,references/eshop/blind-curation/fidelity-R-A.json,oss
eshop,cs,target,GT-doc,9,19,RQ9,sar:limbo,a2a,85.87,detection,references/eshop/blind-curation/fidelity-R-B.json,oss
eshop,cs,target,GT-doc,9,19,RQ9,sar:limbo,a2a,85.87,detection-vs-consensus,references/eshop/blind-curation/fidelity-R-A-vs-consensus.json,oss
eshop,cs,target,GT-doc,9,19,RQ9,sar:limbo,clusters,7,detection,references/eshop/blind-curation/fidelity-R-A.json,oss
eshop,cs,target,GT-doc,9,19,RQ9,sar:limbo,clusters,7,detection,references/eshop/blind-curation/fidelity-R-B.json,oss
eshop,cs,target,GT-doc,9,19,RQ9,sar:limbo,clusters,7,detection-vs-consensus,references/eshop/blind-curation/fidelity-R-A-vs-consensus.json,oss
eshop,cs,target,GT-doc,9,19,RQ9,sar:limbo,mojofm,26.67,detection,references/eshop/blind-curation/fidelity-R-A.json,oss
eshop,cs,target,GT-doc,9,19,RQ9,sar:limbo,mojofm,26.67,detection,references/eshop/blind-curation/fidelity-R-B.json,oss
eshop,cs,target,GT-doc,9,19,RQ9,sar:limbo,mojofm,26.67,detection-vs-consensus,references/eshop/blind-curation/fidelity-R-A-vs-consensus.json,oss
squidex,cs,target,GT-exp,12,15,RQ9,ceiling,a2a,86.3,rater-pair,references/squidex/blind-curation/ceiling.json,oss
squidex,cs,target,GT-exp,12,15,RQ9,ceiling,ari,0.228,rater-pair,references/squidex/blind-curation/ceiling.json,oss
squidex,cs,target,GT-exp,12,15,RQ9,ceiling,entities_common,14,rater-pair,references/squidex/blind-curation/ceiling.json,oss
squidex,cs,target,GT-exp,12,15,RQ9,ceiling,kappa,0.391,rater-pair,references/squidex/blind-curation/ceiling.json,oss
squidex,cs,target,GT-exp,12,15,RQ9,ceiling,kappa_aligned,0.586,rater-pair,references/squidex/blind-curation/ceiling.json,oss
squidex,cs,target,GT-exp,12,15,RQ9,ceiling,kappa_flag,1,rater-pair,references/squidex/blind-curation/ceiling.json,oss
squidex,cs,target,GT-exp,12,15,RQ9,ceiling,labels_shared,4,rater-pair,references/squidex/blind-curation/ceiling.json,oss
squidex,cs,target,GT-exp,12,15,RQ9,ceiling,mojofm,54.55,rater-pair,references/squidex/blind-curation/ceiling.json,oss
squidex,cs,target,GT-exp,12,15,RQ9,ceiling,mojofm_ab,54.55,rater-pair,references/squidex/blind-curation/ceiling.json,oss
squidex,cs,target,GT-exp,12,15,RQ9,ceiling,mojofm_ba,54.55,rater-pair,references/squidex/blind-curation/ceiling.json,oss
squidex,cs,target,GT-exp,12,15,RQ9,ceiling,nmi,0.766,rater-pair,references/squidex/blind-curation/ceiling.json,oss
squidex,cs,target,GT-exp,12,15,RQ9,ceiling,pair_agreement,0.78,rater-pair,references/squidex/blind-curation/ceiling.json,oss
squidex,cs,target,GT-exp,12,15,RQ9,ceiling,raw_agreement,0.429,rater-pair,references/squidex/blind-curation/ceiling.json,oss
squidex,cs,target,GT-exp,12,15,RQ9,consensus,boundary_conflicts,0,vs-reference,references/squidex/blind-curation/consensus.rsf,oss
squidex,cs,target,GT-exp,12,15,RQ9,consensus,clusters,12,partition,references/squidex/blind-curation/consensus.rsf,oss
squidex,cs,target,GT-exp,12,15,RQ9,consensus,entities,15,partition,references/squidex/blind-curation/consensus.rsf,oss
squidex,cs,target,GT-exp,12,15,RQ9,consensus,merges,0,vs-reference,references/squidex/blind-curation/consensus.rsf,oss
squidex,cs,target,GT-exp,12,15,RQ9,consensus,splits,0,vs-reference,references/squidex/blind-curation/consensus.rsf,oss
squidex,cs,target,GT-exp,12,15,RQ9,curator:R-C,a2a,95.83,expression,references/squidex/blind-curation/fidelity-R-C.json,oss
squidex,cs,target,GT-exp,12,15,RQ9,curator:R-C,a2a,96.43,expression-full-reference,references/squidex/blind-curation/fidelity-R-C.json,oss
squidex,cs,target,GT-exp,12,15,RQ9,curator:R-C,clusters,13,expression,references/squidex/blind-curation/fidelity-R-C.json,oss
squidex,cs,target,GT-exp,12,15,RQ9,curator:R-C,clusters,13,expression-full-reference,references/squidex/blind-curation/fidelity-R-C.json,oss
squidex,cs,target,GT-exp,12,15,RQ9,curator:R-C,clusters_aligned,9,expression,references/squidex/blind-curation/fidelity-R-C.json,oss
squidex,cs,target,GT-exp,12,15,RQ9,curator:R-C,clusters_unmatched,1,expression,references/squidex/blind-curation/fidelity-R-C.json,oss
squidex,cs,target,GT-exp,12,15,RQ9,curator:R-C,curate_op_batches,46,effort,references/squidex/blind-curation/effort-R-C.json,oss
squidex,cs,target,GT-exp,12,15,RQ9,curator:R-C,draft_groups_offered,7,effort,references/squidex/blind-curation/effort-R-C.json,oss
squidex,cs,target,GT-exp,12,15,RQ9,curator:R-C,edge_f1,0.667,expression,references/squidex/blind-curation/fidelity-R-C.json,oss
squidex,cs,target,GT-exp,12,15,RQ9,curator:R-C,edge_precision,0.677,expression,references/squidex/blind-curation/fidelity-R-C.json,oss
squidex,cs,target,GT-exp,12,15,RQ9,curator:R-C,edge_recall,0.656,expression,references/squidex/blind-curation/fidelity-R-C.json,oss
squidex,cs,target,GT-exp,12,15,RQ9,curator:R-C,edge_tp,21,expression,references/squidex/blind-curation/fidelity-R-C.json,oss
squidex,cs,target,GT-exp,12,15,RQ9,curator:R-C,entities_common,13,expression,references/squidex/blind-curation/fidelity-R-C.json,oss
squidex,cs,target,GT-exp,12,15,RQ9,curator:R-C,events,99,effort,references/squidex/blind-curation/effort-R-C.json,oss
squidex,cs,target,GT-exp,12,15,RQ9,curator:R-C,excludes,0,effort,references/squidex/blind-curation/effort-R-C.json,oss
squidex,cs,target,GT-exp,12,15,RQ9,curator:R-C,explicit_members,25,effort,references/squidex/blind-curation/effort-R-C.json,oss
squidex,cs,target,GT-exp,12,15,RQ9,curator:R-C,final_groups_hand_authored,12,effort,references/squidex/blind-curation/effort-R-C.json,oss
squidex,cs,target,GT-exp,12,15,RQ9,curator:R-C,final_groups_propose_derived,0,effort,references/squidex/blind-curation/effort-R-C.json,oss
squidex,cs,target,GT-exp,12,15,RQ9,curator:R-C,groups,12,effort,references/squidex/blind-curation/effort-R-C.json,oss
squidex,cs,target,GT-exp,12,15,RQ9,curator:R-C,member_globs,0,effort,references/squidex/blind-curation/effort-R-C.json,oss
squidex,cs,target,GT-exp,12,15,RQ9,curator:R-C,member_tags,0,effort,references/squidex/blind-curation/effort-R-C.json,oss
squidex,cs,target,GT-exp,12,15,RQ9,curator:R-C,mojofm,70.0,expression,references/squidex/blind-curation/fidelity-R-C.json,oss
squidex,cs,target,GT-exp,12,15,RQ9,curator:R-C,mojofm,75.0,expression-full-reference,references/squidex/blind-curation/fidelity-R-C.json,oss
squidex,cs,target,GT-exp,12,15,RQ9,curator:R-C,name_overrides,0,effort,references/squidex/blind-curation/effort-R-C.json,oss
squidex,cs,target,GT-exp,12,15,RQ9,curator:R-C,ops:create_group,13,effort,references/squidex/blind-curation/effort-R-C.json,oss
squidex,cs,target,GT-exp,12,15,RQ9,curator:R-C,ops:move_member,33,effort,references/squidex/blind-curation/effort-R-C.json,oss
squidex,cs,target,GT-exp,12,15,RQ9,curator:R-C,ops_total,46,effort,references/squidex/blind-curation/effort-R-C.json,oss
squidex,cs,target,GT-exp,12,15,RQ9,curator:R-C,propose_derived_fraction,0.0,effort,references/squidex/blind-curation/effort-R-C.json,oss
squidex,cs,target,GT-exp,12,15,RQ9,curator:R-C,reviewed_writes,53,effort,references/squidex/blind-curation/effort-R-C.json,oss
squidex,cs,target,GT-exp,12,15,RQ9,curator:R-C,rule_lines,59,effort,references/squidex/blind-curation/effort-R-C.json,oss
squidex,cs,target,GT-exp,12,15,RQ9,curator:R-C,wall_clock_minutes_reported,210.0,effort,references/squidex/blind-curation/effort-R-C.json,oss
squidex,cs,target,GT-exp,12,15,RQ9,curator:R-C,wall_clock_minutes_trace,1350.0,effort,references/squidex/blind-curation/effort-R-C.json,oss
squidex,cs,target,GT-exp,12,15,RQ9,floor,a2a,92.0,detection,references/squidex/blind-curation/fidelity-R-C.json,oss
squidex,cs,target,GT-exp,12,15,RQ9,floor,clusters,13,detection,references/squidex/blind-curation/fidelity-R-C.json,oss
squidex,cs,target,GT-exp,12,15,RQ9,floor,mojofm,70.0,detection,references/squidex/blind-curation/fidelity-R-C.json,oss
squidex,cs,target,GT-exp,12,15,RQ9,rater:R-A,boundary_conflicts,0,vs-reference,references/squidex/blind-curation/rater-R-A.rsf,oss
squidex,cs,target,GT-exp,12,15,RQ9,rater:R-A,clusters,7,partition,references/squidex/blind-curation/rater-R-A.rsf,oss
squidex,cs,target,GT-exp,12,15,RQ9,rater:R-A,entities,15,partition,references/squidex/blind-curation/rater-R-A.rsf,oss
squidex,cs,target,GT-exp,12,15,RQ9,rater:R-A,merges,1,vs-reference,references/squidex/blind-curation/rater-R-A.rsf,oss
squidex,cs,target,GT-exp,12,15,RQ9,rater:R-A,splits,0,vs-reference,references/squidex/blind-curation/rater-R-A.rsf,oss
squidex,cs,target,GT-exp,12,15,RQ9,rater:R-B,boundary_conflicts,0,vs-reference,references/squidex/blind-curation/rater-R-B.rsf,oss
squidex,cs,target,GT-exp,12,15,RQ9,rater:R-B,clusters,11,partition,references/squidex/blind-curation/rater-R-B.rsf,oss
squidex,cs,target,GT-exp,12,15,RQ9,rater:R-B,entities,14,partition,references/squidex/blind-curation/rater-R-B.rsf,oss
squidex,cs,target,GT-exp,12,15,RQ9,rater:R-B,merges,0,vs-reference,references/squidex/blind-curation/rater-R-B.rsf,oss
squidex,cs,target,GT-exp,12,15,RQ9,rater:R-B,splits,0,vs-reference,references/squidex/blind-curation/rater-R-B.rsf,oss
squidex,cs,target,GT-exp,12,15,RQ9,sar:limbo,a2a,92.96,detection,references/squidex/blind-curation/fidelity-R-C.json,oss
squidex,cs,target,GT-exp,12,15,RQ9,sar:limbo,clusters,9,detection,references/squidex/blind-curation/fidelity-R-C.json,oss
squidex,cs,target,GT-exp,12,15,RQ9,sar:limbo,mojofm,60.0,detection,references/squidex/blind-curation/fidelity-R-C.json,oss
abseil,cpp,file,GT-exp,21,809,adequacy,floor,edges,3057,reference-free,adequacy.json,oss
abseil,cpp,file,GT-exp,21,809,adequacy,floor,entities,760,reference-free,adequacy.json,oss
abseil,cpp,file,GT-exp,21,809,adequacy,floor,intra_edges,820,reference-free,adequacy.json,oss
abseil,cpp,file,GT-exp,21,809,adequacy,floor,intra_share,0.2682,reference-free,adequacy.json,oss
abseil,cpp,file,GT-exp,21,809,adequacy,floor,largest_share,0.0645,reference-free,adequacy.json,oss
abseil,cpp,file,GT-exp,21,809,adequacy,floor,mq,19.896,reference-free,adequacy.json,oss
abseil,cpp,file,GT-exp,21,809,adequacy,floor,mq_per_unit,0.2211,reference-free,adequacy.json,oss
abseil,cpp,file,GT-exp,21,809,adequacy,floor,unit_ratio,0.1184,reference-free,adequacy.json,oss
abseil,cpp,file,GT-exp,21,809,adequacy,floor,units,90,reference-free,adequacy.json,oss
bash,cpp,file,GT-pub,14,373,adequacy,floor,edges,967,reference-free,adequacy.json,oss
bash,cpp,file,GT-pub,14,373,adequacy,floor,entities,360,reference-free,adequacy.json,oss
bash,cpp,file,GT-pub,14,373,adequacy,floor,intra_edges,572,reference-free,adequacy.json,oss
bash,cpp,file,GT-pub,14,373,adequacy,floor,intra_share,0.5915,reference-free,adequacy.json,oss
bash,cpp,file,GT-pub,14,373,adequacy,floor,largest_share,0.3028,reference-free,adequacy.json,oss
bash,cpp,file,GT-pub,14,373,adequacy,floor,mq,4.678,reference-free,adequacy.json,oss
bash,cpp,file,GT-pub,14,373,adequacy,floor,mq_per_unit,0.0995,reference-free,adequacy.json,oss
bash,cpp,file,GT-pub,14,373,adequacy,floor,unit_ratio,0.1306,reference-free,adequacy.json,oss
bash,cpp,file,GT-pub,14,373,adequacy,floor,units,47,reference-free,adequacy.json,oss
eshop,cs,target,GT-doc,9,19,adequacy,floor,edges,46,reference-free,adequacy.json,oss
eshop,cs,target,GT-doc,9,19,adequacy,floor,entities,24,reference-free,adequacy.json,oss
eshop,cs,target,GT-doc,9,19,adequacy,floor,intra_edges,0,reference-free,adequacy.json,oss
eshop,cs,target,GT-doc,9,19,adequacy,floor,intra_share,0.0,reference-free,adequacy.json,oss
eshop,cs,target,GT-doc,9,19,adequacy,floor,largest_share,0.0417,reference-free,adequacy.json,oss
eshop,cs,target,GT-doc,9,19,adequacy,floor,mq,0.0,reference-free,adequacy.json,oss
eshop,cs,target,GT-doc,9,19,adequacy,floor,mq_per_unit,0.0,reference-free,adequacy.json,oss
eshop,cs,target,GT-doc,9,19,adequacy,floor,unit_ratio,1.0,reference-free,adequacy.json,oss
eshop,cs,target,GT-doc,9,19,adequacy,floor,units,24,reference-free,adequacy.json,oss
fmt,cpp,file,,,,adequacy,floor,edges,139,reference-free,adequacy.json,oss
fmt,cpp,file,,,,adequacy,floor,entities,66,reference-free,adequacy.json,oss
fmt,cpp,file,,,,adequacy,floor,intra_edges,26,reference-free,adequacy.json,oss
fmt,cpp,file,,,,adequacy,floor,intra_share,0.1871,reference-free,adequacy.json,oss
fmt,cpp,file,,,,adequacy,floor,largest_share,0.3182,reference-free,adequacy.json,oss
fmt,cpp,file,,,,adequacy,floor,mq,1.253,reference-free,adequacy.json,oss
fmt,cpp,file,,,,adequacy,floor,mq_per_unit,0.057,reference-free,adequacy.json,oss
fmt,cpp,file,,,,adequacy,floor,unit_ratio,0.3333,reference-free,adequacy.json,oss
fmt,cpp,file,,,,adequacy,floor,units,22,reference-free,adequacy.json,oss
itk,cpp,file,GT-pub,13,7657,adequacy,floor,edges,11522,reference-free,adequacy.json,oss
itk,cpp,file,GT-pub,13,7657,adequacy,floor,entities,5344,reference-free,adequacy.json,oss
itk,cpp,file,GT-pub,13,7657,adequacy,floor,intra_edges,8781,reference-free,adequacy.json,oss
itk,cpp,file,GT-pub,13,7657,adequacy,floor,intra_share,0.7621,reference-free,adequacy.json,oss
itk,cpp,file,GT-pub,13,7657,adequacy,floor,largest_share,0.137,reference-free,adequacy.json,oss
itk,cpp,file,GT-pub,13,7657,adequacy,floor,mq,47.785,reference-free,adequacy.json,oss
itk,cpp,file,GT-pub,13,7657,adequacy,floor,mq_per_unit,0.6126,reference-free,adequacy.json,oss
itk,cpp,file,GT-pub,13,7657,adequacy,floor,unit_ratio,0.0146,reference-free,adequacy.json,oss
itk,cpp,file,GT-pub,13,7657,adequacy,floor,units,78,reference-free,adequacy.json,oss
libxml2,cpp,file,GT-pub,18,82,adequacy,floor,edges,54,reference-free,adequacy.json,oss
libxml2,cpp,file,GT-pub,18,82,adequacy,floor,entities,58,reference-free,adequacy.json,oss
libxml2,cpp,file,GT-pub,18,82,adequacy,floor,intra_edges,42,reference-free,adequacy.json,oss
libxml2,cpp,file,GT-pub,18,82,adequacy,floor,intra_share,0.7778,reference-free,adequacy.json,oss
libxml2,cpp,file,GT-pub,18,82,adequacy,floor,largest_share,0.7759,reference-free,adequacy.json,oss
libxml2,cpp,file,GT-pub,18,82,adequacy,floor,mq,0.875,reference-free,adequacy.json,oss
libxml2,cpp,file,GT-pub,18,82,adequacy,floor,mq_per_unit,0.0625,reference-free,adequacy.json,oss
libxml2,cpp,file,GT-pub,18,82,adequacy,floor,unit_ratio,0.2414,reference-free,adequacy.json,oss
libxml2,cpp,file,GT-pub,18,82,adequacy,floor,units,14,reference-free,adequacy.json,oss
nopcommerce,cs,target,GT-doc,17,37,adequacy,floor,edges,142,reference-free,adequacy.json,oss
nopcommerce,cs,target,GT-doc,17,37,adequacy,floor,entities,38,reference-free,adequacy.json,oss
nopcommerce,cs,target,GT-doc,17,37,adequacy,floor,intra_edges,0,reference-free,adequacy.json,oss
nopcommerce,cs,target,GT-doc,17,37,adequacy,floor,intra_share,0.0,reference-free,adequacy.json,oss
nopcommerce,cs,target,GT-doc,17,37,adequacy,floor,largest_share,0.0263,reference-free,adequacy.json,oss
nopcommerce,cs,target,GT-doc,17,37,adequacy,floor,mq,0.0,reference-free,adequacy.json,oss
nopcommerce,cs,target,GT-doc,17,37,adequacy,floor,mq_per_unit,0.0,reference-free,adequacy.json,oss
nopcommerce,cs,target,GT-doc,17,37,adequacy,floor,unit_ratio,1.0,reference-free,adequacy.json,oss
nopcommerce,cs,target,GT-doc,17,37,adequacy,floor,units,38,reference-free,adequacy.json,oss
opencv,cpp,file,GT-doc,14,1087,adequacy,floor,edges,2067,reference-free,adequacy.json,oss
opencv,cpp,file,GT-doc,14,1087,adequacy,floor,entities,997,reference-free,adequacy.json,oss
opencv,cpp,file,GT-doc,14,1087,adequacy,floor,intra_edges,1708,reference-free,adequacy.json,oss
opencv,cpp,file,GT-doc,14,1087,adequacy,floor,intra_share,0.8263,reference-free,adequacy.json,oss
opencv,cpp,file,GT-doc,14,1087,adequacy,floor,largest_share,0.2828,reference-free,adequacy.json,oss
opencv,cpp,file,GT-doc,14,1087,adequacy,floor,mq,11.215,reference-free,adequacy.json,oss
opencv,cpp,file,GT-doc,14,1087,adequacy,floor,mq_per_unit,0.8011,reference-free,adequacy.json,oss
opencv,cpp,file,GT-doc,14,1087,adequacy,floor,unit_ratio,0.014,reference-free,adequacy.json,oss
opencv,cpp,file,GT-doc,14,1087,adequacy,floor,units,14,reference-free,adequacy.json,oss
orchardcore,cs,target,GT-doc,34,207,adequacy,floor,edges,1963,reference-free,adequacy.json,oss
orchardcore,cs,target,GT-doc,34,207,adequacy,floor,entities,226,reference-free,adequacy.json,oss
orchardcore,cs,target,GT-doc,34,207,adequacy,floor,intra_edges,0,reference-free,adequacy.json,oss
orchardcore,cs,target,GT-doc,34,207,adequacy,floor,intra_share,0.0,reference-free,adequacy.json,oss
orchardcore,cs,target,GT-doc,34,207,adequacy,floor,largest_share,0.0044,reference-free,adequacy.json,oss
orchardcore,cs,target,GT-doc,34,207,adequacy,floor,mq,0.0,reference-free,adequacy.json,oss
orchardcore,cs,target,GT-doc,34,207,adequacy,floor,mq_per_unit,0.0,reference-free,adequacy.json,oss
orchardcore,cs,target,GT-doc,34,207,adequacy,floor,unit_ratio,1.0,reference-free,adequacy.json,oss
orchardcore,cs,target,GT-doc,34,207,adequacy,floor,units,226,reference-free,adequacy.json,oss
serilog,cs,target,,,,adequacy,floor,edges,6,reference-free,adequacy.json,oss
serilog,cs,target,,,,adequacy,floor,entities,6,reference-free,adequacy.json,oss
serilog,cs,target,,,,adequacy,floor,intra_edges,0,reference-free,adequacy.json,oss
serilog,cs,target,,,,adequacy,floor,intra_share,0.0,reference-free,adequacy.json,oss
serilog,cs,target,,,,adequacy,floor,largest_share,0.1667,reference-free,adequacy.json,oss
serilog,cs,target,,,,adequacy,floor,mq,0.0,reference-free,adequacy.json,oss
serilog,cs,target,,,,adequacy,floor,mq_per_unit,0.0,reference-free,adequacy.json,oss
serilog,cs,target,,,,adequacy,floor,unit_ratio,1.0,reference-free,adequacy.json,oss
serilog,cs,target,,,,adequacy,floor,units,6,reference-free,adequacy.json,oss
squidex,cs,target,GT-exp,12,15,adequacy,floor,edges,72,reference-free,adequacy.json,oss
squidex,cs,target,GT-exp,12,15,adequacy,floor,entities,23,reference-free,adequacy.json,oss
squidex,cs,target,GT-exp,12,15,adequacy,floor,intra_edges,0,reference-free,adequacy.json,oss
squidex,cs,target,GT-exp,12,15,adequacy,floor,intra_share,0.0,reference-free,adequacy.json,oss
squidex,cs,target,GT-exp,12,15,adequacy,floor,largest_share,0.0435,reference-free,adequacy.json,oss
squidex,cs,target,GT-exp,12,15,adequacy,floor,mq,0.0,reference-free,adequacy.json,oss
squidex,cs,target,GT-exp,12,15,adequacy,floor,mq_per_unit,0.0,reference-free,adequacy.json,oss
squidex,cs,target,GT-exp,12,15,adequacy,floor,unit_ratio,1.0,reference-free,adequacy.json,oss
squidex,cs,target,GT-exp,12,15,adequacy,floor,units,23,reference-free,adequacy.json,oss
terminal,cpp,target,,,,adequacy,floor,edges,210,reference-free,adequacy.json,oss
terminal,cpp,target,,,,adequacy,floor,entities,63,reference-free,adequacy.json,oss
terminal,cpp,target,,,,adequacy,floor,intra_edges,0,reference-free,adequacy.json,oss
terminal,cpp,target,,,,adequacy,floor,intra_share,0.0,reference-free,adequacy.json,oss
terminal,cpp,target,,,,adequacy,floor,largest_share,0.0159,reference-free,adequacy.json,oss
terminal,cpp,target,,,,adequacy,floor,mq,0.0,reference-free,adequacy.json,oss
terminal,cpp,target,,,,adequacy,floor,mq_per_unit,0.0,reference-free,adequacy.json,oss
terminal,cpp,target,,,,adequacy,floor,unit_ratio,1.0,reference-free,adequacy.json,oss
terminal,cpp,target,,,,adequacy,floor,units,63,reference-free,adequacy.json,oss
P-1,cpp,file,GT-diag,28,50-100,coverage,pipeline,abstained_targets,4.0,n/a,run-report.json,P
P-1,cpp,file,GT-diag,28,50-100,coverage,pipeline,coverage_pct_L0,1.0,n/a,run-report.json,P
P-1,cpp,file,GT-diag,28,50-100,coverage,pipeline,edges_dropped,341.0,n/a,run-report.json,P
P-1,cpp,file,GT-diag,28,50-100,coverage,pipeline,mean_confidence,0.8361,n/a,run-report.json,P
P-1,cpp,file,GT-diag,28,50-100,coverage,pipeline,unmapped_targets,0.0,n/a,run-report.json,P
P-1,cpp,file,GT-diag,28,50-100,fidelity,acdc,a2a,88.5179,all-common,comparison-file.json,P
P-1,cpp,file,GT-diag,28,50-100,fidelity,acdc,a2a,88.5179,pairwise,acdc-file/fidelity.json,P
P-1,cpp,file,GT-diag,28,50-100,fidelity,acdc,clusters,52.0,all-common,comparison-file.json,P
P-1,cpp,file,GT-diag,28,50-100,fidelity,acdc,clusters,70.0,pairwise,acdc-file/fidelity.json,P
P-1,cpp,file,GT-diag,28,50-100,fidelity,acdc,mojofm,64.68,all-common,comparison-file.json,P
P-1,cpp,file,GT-diag,28,50-100,fidelity,acdc,mojofm,64.68,pairwise,acdc-file/fidelity.json,P
P-1,cpp,file,GT-diag,28,50-100,fidelity,arc,a2a,79.5235,all-common,comparison-file.json,P
P-1,cpp,file,GT-diag,28,50-100,fidelity,arc,a2a,79.5235,pairwise,arc-file/fidelity.json,P
P-1,cpp,file,GT-diag,28,50-100,fidelity,arc,clusters,13.0,all-common,comparison-file.json,P
P-1,cpp,file,GT-diag,28,50-100,fidelity,arc,clusters,27.0,pairwise,arc-file/fidelity.json,P
P-1,cpp,file,GT-diag,28,50-100,fidelity,arc,mojofm,16.13,all-common,comparison-file.json,P
P-1,cpp,file,GT-diag,28,50-100,fidelity,arc,mojofm,16.13,pairwise,arc-file/fidelity.json,P
P-1,cpp,file,GT-diag,28,50-100,fidelity,cc,a2a,78.19,all-common,comparison-file.json,P
P-1,cpp,file,GT-diag,28,50-100,fidelity,cc,a2a,78.19,pairwise,cc-file/fidelity.json,P
P-1,cpp,file,GT-diag,28,50-100,fidelity,cc,clusters,1.0,all-common,comparison-file.json,P
P-1,cpp,file,GT-diag,28,50-100,fidelity,cc,clusters,3.0,pairwise,cc-file/fidelity.json,P
P-1,cpp,file,GT-diag,28,50-100,fidelity,cc,mojofm,12.35,all-common,comparison-file.json,P
P-1,cpp,file,GT-diag,28,50-100,fidelity,cc,mojofm,12.35,pairwise,cc-file/fidelity.json,P
P-1,cpp,file,GT-diag,28,50-100,fidelity,dir,a2a,87.3021,all-common,comparison-file.json,P
P-1,cpp,file,GT-diag,28,50-100,fidelity,dir,a2a,87.3021,pairwise,dir-file/fidelity.json,P
P-1,cpp,file,GT-diag,28,50-100,fidelity,dir,clusters,86.0,all-common,comparison-file.json,P
P-1,cpp,file,GT-diag,28,50-100,fidelity,dir,clusters,199.0,pairwise,dir-file/fidelity.json,P
P-1,cpp,file,GT-diag,28,50-100,fidelity,dir,mojofm,91.28,all-common,comparison-file.json,P
P-1,cpp,file,GT-diag,28,50-100,fidelity,dir,mojofm,91.28,pairwise,dir-file/fidelity.json,P
P-1,cpp,file,GT-diag,28,50-100,fidelity,limbo,a2a,81.2823,all-common,comparison-file.json,P
P-1,cpp,file,GT-diag,28,50-100,fidelity,limbo,a2a,81.2823,pairwise,limbo-file/fidelity.json,P
P-1,cpp,file,GT-diag,28,50-100,fidelity,limbo,clusters,18.0,all-common,comparison-file.json,P
P-1,cpp,file,GT-diag,28,50-100,fidelity,limbo,clusters,27.0,pairwise,limbo-file/fidelity.json,P
P-1,cpp,file,GT-diag,28,50-100,fidelity,limbo,mojofm,22.53,all-common,comparison-file.json,P
P-1,cpp,file,GT-diag,28,50-100,fidelity,limbo,mojofm,22.53,pairwise,limbo-file/fidelity.json,P
P-1,cpp,file,GT-diag,28,50-100,fidelity,pipeline,a2a,100.0,all-common,comparison-file.json,P
P-1,cpp,file,GT-diag,28,50-100,fidelity,pipeline,clusters,27.0,all-common,comparison-file.json,P
P-1,cpp,file,GT-diag,28,50-100,fidelity,pipeline,mojofm,100.0,all-common,comparison-file.json,P
P-1,cpp,file,GT-diag,28,50-100,fidelity,wca,a2a,78.3709,all-common,comparison-file.json,P
P-1,cpp,file,GT-diag,28,50-100,fidelity,wca,a2a,78.3709,pairwise,wca-file/fidelity.json,P
P-1,cpp,file,GT-diag,28,50-100,fidelity,wca,clusters,2.0,all-common,comparison-file.json,P
P-1,cpp,file,GT-diag,28,50-100,fidelity,wca,clusters,27.0,pairwise,wca-file/fidelity.json,P
P-1,cpp,file,GT-diag,28,50-100,fidelity,wca,mojofm,12.94,all-common,comparison-file.json,P
P-1,cpp,file,GT-diag,28,50-100,fidelity,wca,mojofm,12.94,pairwise,wca-file/fidelity.json,P
abseil,cpp,file,GT-exp,21,809,fidelity,acdc,a2a,83.04,all-common,comparison-file.json,oss
abseil,cpp,file,GT-exp,21,809,fidelity,acdc,a2a,83.24,pairwise,acdc-file/fidelity.json,oss
abseil,cpp,file,GT-exp,21,809,fidelity,acdc,ari,9.52,all-common,comparison-file.json,oss
abseil,cpp,file,GT-exp,21,809,fidelity,acdc,clusters,27,all-common,comparison-file.json,oss
abseil,cpp,file,GT-exp,21,809,fidelity,acdc,entities_common,809,pairwise,acdc-file/fidelity.json,oss
abseil,cpp,file,GT-exp,21,809,fidelity,acdc,mojofm,41.13,all-common,comparison-file.json,oss
abseil,cpp,file,GT-exp,21,809,fidelity,acdc,mojofm,39.8,pairwise,acdc-file/fidelity.json,oss
abseil,cpp,file,GT-exp,21,809,fidelity,acdc,nested,51.85,all-common,comparison-file.json,oss
abseil,cpp,file,GT-exp,21,809,fidelity,arc,a2a,81.92,pairwise,arc-file/fidelity.json,oss
abseil,cpp,file,GT-exp,21,809,fidelity,arc,entities_common,356,pairwise,arc-file/fidelity.json,oss
abseil,cpp,file,GT-exp,21,809,fidelity,arc,mojofm,25.15,pairwise,arc-file/fidelity.json,oss
abseil,cpp,file,GT-exp,21,809,fidelity,cc,a2a,79.91,all-common,comparison-file.json,oss
abseil,cpp,file,GT-exp,21,809,fidelity,cc,a2a,79.47,pairwise,cc-file/fidelity.json,oss
abseil,cpp,file,GT-exp,21,809,fidelity,cc,ari,0.0,all-common,comparison-file.json,oss
abseil,cpp,file,GT-exp,21,809,fidelity,cc,clusters,1,all-common,comparison-file.json,oss
abseil,cpp,file,GT-exp,21,809,fidelity,cc,entities_common,809,pairwise,cc-file/fidelity.json,oss
abseil,cpp,file,GT-exp,21,809,fidelity,cc,mojofm,19.49,all-common,comparison-file.json,oss
abseil,cpp,file,GT-exp,21,809,fidelity,cc,mojofm,17.74,pairwise,cc-file/fidelity.json,oss
abseil,cpp,file,GT-exp,21,809,fidelity,cc,nested,0.0,all-common,comparison-file.json,oss
abseil,cpp,file,GT-exp,21,809,fidelity,dir,a2a,90.01,all-common,comparison-file.json,oss
abseil,cpp,file,GT-exp,21,809,fidelity,dir,a2a,89.66,pairwise,dir-file/fidelity.json,oss
abseil,cpp,file,GT-exp,21,809,fidelity,dir,ari,62.83,all-common,comparison-file.json,oss
abseil,cpp,file,GT-exp,21,809,fidelity,dir,clusters,31,all-common,comparison-file.json,oss
abseil,cpp,file,GT-exp,21,809,fidelity,dir,entities_common,809,pairwise,dir-file/fidelity.json,oss
abseil,cpp,file,GT-exp,21,809,fidelity,dir,mojofm,97.85,all-common,comparison-file.json,oss
abseil,cpp,file,GT-exp,21,809,fidelity,dir,mojofm,97.47,pairwise,dir-file/fidelity.json,oss
abseil,cpp,file,GT-exp,21,809,fidelity,dir,nested,100.0,all-common,comparison-file.json,oss
abseil,cpp,file,GT-exp,21,809,fidelity,floor,a2a,85.13,all-common,comparison-file.json,oss
abseil,cpp,file,GT-exp,21,809,fidelity,floor,ari,44.06,all-common,comparison-file.json,oss
abseil,cpp,file,GT-exp,21,809,fidelity,floor,clusters,90,all-common,comparison-file.json,oss
abseil,cpp,file,GT-exp,21,809,fidelity,floor,mojofm,89.92,all-common,comparison-file.json,oss
abseil,cpp,file,GT-exp,21,809,fidelity,floor,nested,100.0,all-common,comparison-file.json,oss
abseil,cpp,file,GT-exp,21,809,fidelity,limbo,a2a,81.47,all-common,comparison-file.json,oss
abseil,cpp,file,GT-exp,21,809,fidelity,limbo,a2a,81.36,pairwise,limbo-file/fidelity.json,oss
abseil,cpp,file,GT-exp,21,809,fidelity,limbo,ari,4.23,all-common,comparison-file.json,oss
abseil,cpp,file,GT-exp,21,809,fidelity,limbo,clusters,20,all-common,comparison-file.json,oss
abseil,cpp,file,GT-exp,21,809,fidelity,limbo,entities_common,809,pairwise,limbo-file/fidelity.json,oss
abseil,cpp,file,GT-exp,21,809,fidelity,limbo,mojofm,35.08,all-common,comparison-file.json,oss
abseil,cpp,file,GT-exp,21,809,fidelity,limbo,mojofm,33.08,pairwise,limbo-file/fidelity.json,oss
abseil,cpp,file,GT-exp,21,809,fidelity,limbo,nested,25.0,all-common,comparison-file.json,oss
abseil,cpp,file,GT-exp,21,809,fidelity,llm,a2a,97.56,llm-rerun-mean,llm-recovery-file.json,oss
abseil,cpp,file,GT-exp,21,809,fidelity,llm,a2a_stdev,0.07,llm-rerun-mean,llm-recovery-file.json,oss
abseil,cpp,file,GT-exp,21,809,fidelity,llm,ari,85.78,llm-rerun-mean,llm-recovery-file.json,oss
abseil,cpp,file,GT-exp,21,809,fidelity,llm,ari_stdev,0.12,llm-rerun-mean,llm-recovery-file.json,oss
abseil,cpp,file,GT-exp,21,809,fidelity,llm,cost_usd,2.59,llm-rerun-mean,llm-recovery-file.json,oss
abseil,cpp,file,GT-exp,21,809,fidelity,llm,mojofm,98.84,llm-rerun-mean,llm-recovery-file.json,oss
abseil,cpp,file,GT-exp,21,809,fidelity,llm,mojofm_stdev,0.23,llm-rerun-mean,llm-recovery-file.json,oss
abseil,cpp,file,GT-exp,21,809,fidelity,pipeline,a2a,98.76,all-common,comparison-file.json,oss
abseil,cpp,file,GT-exp,21,809,fidelity,pipeline,ari,93.55,all-common,comparison-file.json,oss
abseil,cpp,file,GT-exp,21,809,fidelity,pipeline,clusters,14,all-common,comparison-file.json,oss
abseil,cpp,file,GT-exp,21,809,fidelity,pipeline,mojofm,95.16,all-common,comparison-file.json,oss
abseil,cpp,file,GT-exp,21,809,fidelity,pipeline,nested,71.43,all-common,comparison-file.json,oss
abseil,cpp,file,GT-exp,21,809,fidelity,propose,a2a,100.0,all-common,comparison-file.json,oss
abseil,cpp,file,GT-exp,21,809,fidelity,propose,ari,100.0,all-common,comparison-file.json,oss
abseil,cpp,file,GT-exp,21,809,fidelity,propose,clusters,15,all-common,comparison-file.json,oss
abseil,cpp,file,GT-exp,21,809,fidelity,propose,mojofm,100.0,all-common,comparison-file.json,oss
abseil,cpp,file,GT-exp,21,809,fidelity,propose,nested,100.0,all-common,comparison-file.json,oss
abseil,cpp,file,GT-exp,21,809,fidelity,wca,a2a,82.77,all-common,comparison-file.json,oss
abseil,cpp,file,GT-exp,21,809,fidelity,wca,a2a,82.52,pairwise,wca-file/fidelity.json,oss
abseil,cpp,file,GT-exp,21,809,fidelity,wca,ari,11.42,all-common,comparison-file.json,oss
abseil,cpp,file,GT-exp,21,809,fidelity,wca,clusters,20,all-common,comparison-file.json,oss
abseil,cpp,file,GT-exp,21,809,fidelity,wca,entities_common,809,pairwise,wca-file/fidelity.json,oss
abseil,cpp,file,GT-exp,21,809,fidelity,wca,mojofm,31.18,all-common,comparison-file.json,oss
abseil,cpp,file,GT-exp,21,809,fidelity,wca,mojofm,28.9,pairwise,wca-file/fidelity.json,oss
abseil,cpp,file,GT-exp,21,809,fidelity,wca,nested,75.0,all-common,comparison-file.json,oss
bash,cpp,file,GT-pub,14,373,fidelity,acdc,a2a,80.67,all-common,comparison-file.json,oss
bash,cpp,file,GT-pub,14,373,fidelity,acdc,a2a,80.67,pairwise,acdc-file/fidelity.json,oss
bash,cpp,file,GT-pub,14,373,fidelity,acdc,ari,16.29,all-common,comparison-file.json,oss
bash,cpp,file,GT-pub,14,373,fidelity,acdc,clusters,54,all-common,comparison-file.json,oss
bash,cpp,file,GT-pub,14,373,fidelity,acdc,entities_common,260,pairwise,acdc-file/fidelity.json,oss
bash,cpp,file,GT-pub,14,373,fidelity,acdc,mojofm,60.48,all-common,comparison-file.json,oss
bash,cpp,file,GT-pub,14,373,fidelity,acdc,mojofm,60.48,pairwise,acdc-file/fidelity.json,oss
bash,cpp,file,GT-pub,14,373,fidelity,acdc,nested,72.22,all-common,comparison-file.json,oss
bash,cpp,file,GT-pub,14,373,fidelity,arc,a2a,84.04,all-common,comparison-file.json,oss
bash,cpp,file,GT-pub,14,373,fidelity,arc,a2a,84.04,pairwise,arc-file/fidelity.json,oss
bash,cpp,file,GT-pub,14,373,fidelity,arc,ari,3.65,all-common,comparison-file.json,oss
bash,cpp,file,GT-pub,14,373,fidelity,arc,clusters,12,all-common,comparison-file.json,oss
bash,cpp,file,GT-pub,14,373,fidelity,arc,entities_common,260,pairwise,arc-file/fidelity.json,oss
bash,cpp,file,GT-pub,14,373,fidelity,arc,mojofm,32.26,all-common,comparison-file.json,oss
bash,cpp,file,GT-pub,14,373,fidelity,arc,mojofm,32.26,pairwise,arc-file/fidelity.json,oss
bash,cpp,file,GT-pub,14,373,fidelity,arc,nested,41.67,all-common,comparison-file.json,oss
bash,cpp,file,GT-pub,14,373,fidelity,cc,a2a,90.47,all-common,comparison-file.json,oss
bash,cpp,file,GT-pub,14,373,fidelity,cc,a2a,90.47,pairwise,cc-file/fidelity.json,oss
bash,cpp,file,GT-pub,14,373,fidelity,cc,ari,38.04,all-common,comparison-file.json,oss
bash,cpp,file,GT-pub,14,373,fidelity,cc,clusters,7,all-common,comparison-file.json,oss
bash,cpp,file,GT-pub,14,373,fidelity,cc,entities_common,260,pairwise,cc-file/fidelity.json,oss
bash,cpp,file,GT-pub,14,373,fidelity,cc,mojofm,62.5,all-common,comparison-file.json,oss
bash,cpp,file,GT-pub,14,373,fidelity,cc,mojofm,62.5,pairwise,cc-file/fidelity.json,oss
bash,cpp,file,GT-pub,14,373,fidelity,cc,nested,57.14,all-common,comparison-file.json,oss
bash,cpp,file,GT-pub,14,373,fidelity,dir,a2a,96.99,all-common,comparison-file.json,oss
bash,cpp,file,GT-pub,14,373,fidelity,dir,a2a,96.99,pairwise,dir-file/fidelity.json,oss
bash,cpp,file,GT-pub,14,373,fidelity,dir,ari,78.76,all-common,comparison-file.json,oss
bash,cpp,file,GT-pub,14,373,fidelity,dir,clusters,11,all-common,comparison-file.json,oss
bash,cpp,file,GT-pub,14,373,fidelity,dir,entities_common,260,pairwise,dir-file/fidelity.json,oss
bash,cpp,file,GT-pub,14,373,fidelity,dir,mojofm,91.94,all-common,comparison-file.json,oss
bash,cpp,file,GT-pub,14,373,fidelity,dir,mojofm,91.94,pairwise,dir-file/fidelity.json,oss
bash,cpp,file,GT-pub,14,373,fidelity,dir,nested,63.64,all-common,comparison-file.json,oss
bash,cpp,file,GT-pub,14,373,fidelity,floor,a2a,97.66,all-common,comparison-file.json,oss
bash,cpp,file,GT-pub,14,373,fidelity,floor,ari,85.69,all-common,comparison-file.json,oss
bash,cpp,file,GT-pub,14,373,fidelity,floor,clusters,16,all-common,comparison-file.json,oss
bash,cpp,file,GT-pub,14,373,fidelity,floor,mojofm,91.94,all-common,comparison-file.json,oss
bash,cpp,file,GT-pub,14,373,fidelity,floor,nested,81.25,all-common,comparison-file.json,oss
bash,cpp,file,GT-pub,14,373,fidelity,limbo,a2a,85.07,all-common,comparison-file.json,oss
bash,cpp,file,GT-pub,14,373,fidelity,limbo,a2a,85.07,pairwise,limbo-file/fidelity.json,oss
bash,cpp,file,GT-pub,14,373,fidelity,limbo,ari,15.17,all-common,comparison-file.json,oss
bash,cpp,file,GT-pub,14,373,fidelity,limbo,clusters,12,all-common,comparison-file.json,oss
bash,cpp,file,GT-pub,14,373,fidelity,limbo,entities_common,260,pairwise,limbo-file/fidelity.json,oss
bash,cpp,file,GT-pub,14,373,fidelity,limbo,mojofm,51.61,all-common,comparison-file.json,oss
bash,cpp,file,GT-pub,14,373,fidelity,limbo,mojofm,51.61,pairwise,limbo-file/fidelity.json,oss
bash,cpp,file,GT-pub,14,373,fidelity,limbo,nested,50.0,all-common,comparison-file.json,oss
bash,cpp,file,GT-pub,14,373,fidelity,llm,a2a,92.56,llm-rerun-mean,llm-recovery-file.json,oss
bash,cpp,file,GT-pub,14,373,fidelity,llm,a2a_stdev,0.22,llm-rerun-mean,llm-recovery-file.json,oss
bash,cpp,file,GT-pub,14,373,fidelity,llm,ari,57.58,llm-rerun-mean,llm-recovery-file.json,oss
bash,cpp,file,GT-pub,14,373,fidelity,llm,ari_stdev,1.85,llm-rerun-mean,llm-recovery-file.json,oss
bash,cpp,file,GT-pub,14,373,fidelity,llm,cost_usd,0.62,llm-rerun-mean,llm-recovery-file.json,oss
bash,cpp,file,GT-pub,14,373,fidelity,llm,mojofm,84.19,llm-rerun-mean,llm-recovery-file.json,oss
bash,cpp,file,GT-pub,14,373,fidelity,llm,mojofm_stdev,1.62,llm-rerun-mean,llm-recovery-file.json,oss
bash,cpp,file,GT-pub,14,373,fidelity,pipeline,a2a,98.12,all-common,comparison-file.json,oss
bash,cpp,file,GT-pub,14,373,fidelity,pipeline,ari,86.36,all-common,comparison-file.json,oss
bash,cpp,file,GT-pub,14,373,fidelity,pipeline,clusters,10,all-common,comparison-file.json,oss
bash,cpp,file,GT-pub,14,373,fidelity,pipeline,mojofm,93.15,all-common,comparison-file.json,oss
bash,cpp,file,GT-pub,14,373,fidelity,pipeline,nested,70.0,all-common,comparison-file.json,oss
bash,cpp,file,GT-pub,14,373,fidelity,propose,a2a,95.28,all-common,comparison-file.json,oss
bash,cpp,file,GT-pub,14,373,fidelity,propose,ari,72.95,all-common,comparison-file.json,oss
bash,cpp,file,GT-pub,14,373,fidelity,propose,clusters,6,all-common,comparison-file.json,oss
bash,cpp,file,GT-pub,14,373,fidelity,propose,mojofm,82.66,all-common,comparison-file.json,oss
bash,cpp,file,GT-pub,14,373,fidelity,propose,nested,50.0,all-common,comparison-file.json,oss
bash,cpp,file,GT-pub,14,373,fidelity,wca,a2a,89.02,all-common,comparison-file.json,oss
bash,cpp,file,GT-pub,14,373,fidelity,wca,a2a,89.02,pairwise,wca-file/fidelity.json,oss
bash,cpp,file,GT-pub,14,373,fidelity,wca,ari,18.91,all-common,comparison-file.json,oss
bash,cpp,file,GT-pub,14,373,fidelity,wca,clusters,13,all-common,comparison-file.json,oss
bash,cpp,file,GT-pub,14,373,fidelity,wca,entities_common,260,pairwise,wca-file/fidelity.json,oss
bash,cpp,file,GT-pub,14,373,fidelity,wca,mojofm,52.82,all-common,comparison-file.json,oss
bash,cpp,file,GT-pub,14,373,fidelity,wca,mojofm,52.82,pairwise,wca-file/fidelity.json,oss
bash,cpp,file,GT-pub,14,373,fidelity,wca,nested,84.62,all-common,comparison-file.json,oss
eshop,cs,target,GT-doc,9,19,fidelity,acdc,a2a,75.86,all-common,comparison-target.json,oss
eshop,cs,target,GT-doc,9,19,fidelity,acdc,a2a,75.86,pairwise,acdc-target/fidelity.json,oss
eshop,cs,target,GT-doc,9,19,fidelity,acdc,ari,-1.45,all-common,comparison-target.json,oss
eshop,cs,target,GT-doc,9,19,fidelity,acdc,clusters,2,all-common,comparison-target.json,oss
eshop,cs,target,GT-doc,9,19,fidelity,acdc,entities_common,19,pairwise,acdc-target/fidelity.json,oss
eshop,cs,target,GT-doc,9,19,fidelity,acdc,mojofm,6.67,all-common,comparison-target.json,oss
eshop,cs,target,GT-doc,9,19,fidelity,acdc,mojofm,6.67,pairwise,acdc-target/fidelity.json,oss
eshop,cs,target,GT-doc,9,19,fidelity,acdc,nested,50.0,all-common,comparison-target.json,oss
eshop,cs,target,GT-doc,9,19,fidelity,arc,a2a,89.36,pairwise,arc-target/fidelity.json,oss
eshop,cs,target,GT-doc,9,19,fidelity,arc,entities_common,19,pairwise,arc-target/fidelity.json,oss
eshop,cs,target,GT-doc,9,19,fidelity,arc,mojofm,33.33,pairwise,arc-target/fidelity.json,oss
eshop,cs,target,GT-doc,9,19,fidelity,cc,a2a,75.86,all-common,comparison-target.json,oss
eshop,cs,target,GT-doc,9,19,fidelity,cc,a2a,75.86,pairwise,cc-target/fidelity.json,oss
eshop,cs,target,GT-doc,9,19,fidelity,cc,ari,-1.45,all-common,comparison-target.json,oss
eshop,cs,target,GT-doc,9,19,fidelity,cc,clusters,2,all-common,comparison-target.json,oss
eshop,cs,target,GT-doc,9,19,fidelity,cc,entities_common,19,pairwise,cc-target/fidelity.json,oss
eshop,cs,target,GT-doc,9,19,fidelity,cc,mojofm,6.67,all-common,comparison-target.json,oss
eshop,cs,target,GT-doc,9,19,fidelity,cc,mojofm,6.67,pairwise,cc-target/fidelity.json,oss
eshop,cs,target,GT-doc,9,19,fidelity,cc,nested,50.0,all-common,comparison-target.json,oss
eshop,cs,target,GT-doc,9,19,fidelity,dir,a2a,80.77,all-common,comparison-target.json,oss
eshop,cs,target,GT-doc,9,19,fidelity,dir,a2a,80.77,pairwise,dir-target/fidelity.json,oss
eshop,cs,target,GT-doc,9,19,fidelity,dir,ari,0.0,all-common,comparison-target.json,oss
eshop,cs,target,GT-doc,9,19,fidelity,dir,clusters,19,all-common,comparison-target.json,oss
eshop,cs,target,GT-doc,9,19,fidelity,dir,entities_common,19,pairwise,dir-target/fidelity.json,oss
eshop,cs,target,GT-doc,9,19,fidelity,dir,mojofm,33.33,all-common,comparison-target.json,oss
eshop,cs,target,GT-doc,9,19,fidelity,dir,mojofm,33.33,pairwise,dir-target/fidelity.json,oss
eshop,cs,target,GT-doc,9,19,fidelity,dir,nested,100.0,all-common,comparison-target.json,oss
eshop,cs,target,GT-doc,9,19,fidelity,floor,a2a,80.77,all-common,comparison-target.json,oss
eshop,cs,target,GT-doc,9,19,fidelity,floor,ari,0.0,all-common,comparison-target.json,oss
eshop,cs,target,GT-doc,9,19,fidelity,floor,clusters,19,all-common,comparison-target.json,oss
eshop,cs,target,GT-doc,9,19,fidelity,floor,mojofm,33.33,all-common,comparison-target.json,oss
eshop,cs,target,GT-doc,9,19,fidelity,floor,nested,100.0,all-common,comparison-target.json,oss
eshop,cs,target,GT-doc,9,19,fidelity,limbo,a2a,85.87,all-common,comparison-target.json,oss
eshop,cs,target,GT-doc,9,19,fidelity,limbo,a2a,85.87,pairwise,limbo-target/fidelity.json,oss
eshop,cs,target,GT-doc,9,19,fidelity,limbo,ari,1.49,all-common,comparison-target.json,oss
eshop,cs,target,GT-doc,9,19,fidelity,limbo,clusters,7,all-common,comparison-target.json,oss
eshop,cs,target,GT-doc,9,19,fidelity,limbo,entities_common,19,pairwise,limbo-target/fidelity.json,oss
eshop,cs,target,GT-doc,9,19,fidelity,limbo,mojofm,26.67,all-common,comparison-target.json,oss
eshop,cs,target,GT-doc,9,19,fidelity,limbo,mojofm,26.67,pairwise,limbo-target/fidelity.json,oss
eshop,cs,target,GT-doc,9,19,fidelity,limbo,nested,57.14,all-common,comparison-target.json,oss
eshop,cs,target,GT-doc,9,19,fidelity,llm,a2a,97.87,llm-rerun-mean,llm-recovery-target.json,oss
eshop,cs,target,GT-doc,9,19,fidelity,llm,a2a_stdev,0.67,llm-rerun-mean,llm-recovery-target.json,oss
eshop,cs,target,GT-doc,9,19,fidelity,llm,ari,75.2,llm-rerun-mean,llm-recovery-target.json,oss
eshop,cs,target,GT-doc,9,19,fidelity,llm,ari_stdev,6.8,llm-rerun-mean,llm-recovery-target.json,oss
eshop,cs,target,GT-doc,9,19,fidelity,llm,cost_usd,0.08,llm-rerun-mean,llm-recovery-target.json,oss
eshop,cs,target,GT-doc,9,19,fidelity,llm,mojofm,86.67,llm-rerun-mean,llm-recovery-target.json,oss
eshop,cs,target,GT-doc,9,19,fidelity,llm,mojofm_stdev,4.22,llm-rerun-mean,llm-recovery-target.json,oss
eshop,cs,target,GT-doc,9,19,fidelity,pipeline,a2a,88.89,all-common,comparison-target.json,oss
eshop,cs,target,GT-doc,9,19,fidelity,pipeline,ari,45.07,all-common,comparison-target.json,oss
eshop,cs,target,GT-doc,9,19,fidelity,pipeline,clusters,14,all-common,comparison-target.json,oss
eshop,cs,target,GT-doc,9,19,fidelity,pipeline,mojofm,66.67,all-common,comparison-target.json,oss
eshop,cs,target,GT-doc,9,19,fidelity,pipeline,nested,100.0,all-common,comparison-target.json,oss
eshop,cs,target,GT-doc,9,19,fidelity,propose,a2a,73.26,all-common,comparison-target.json,oss
eshop,cs,target,GT-doc,9,19,fidelity,propose,ari,0.0,all-common,comparison-target.json,oss
eshop,cs,target,GT-doc,9,19,fidelity,propose,clusters,1,all-common,comparison-target.json,oss
eshop,cs,target,GT-doc,9,19,fidelity,propose,mojofm,0.0,all-common,comparison-target.json,oss
eshop,cs,target,GT-doc,9,19,fidelity,propose,nested,0.0,all-common,comparison-target.json,oss
eshop,cs,target,GT-doc,9,19,fidelity,wca,a2a,86.02,all-common,comparison-target.json,oss
eshop,cs,target,GT-doc,9,19,fidelity,wca,a2a,86.02,pairwise,wca-target/fidelity.json,oss
eshop,cs,target,GT-doc,9,19,fidelity,wca,ari,-0.71,all-common,comparison-target.json,oss
eshop,cs,target,GT-doc,9,19,fidelity,wca,clusters,8,all-common,comparison-target.json,oss
eshop,cs,target,GT-doc,9,19,fidelity,wca,entities_common,19,pairwise,wca-target/fidelity.json,oss
eshop,cs,target,GT-doc,9,19,fidelity,wca,mojofm,20.0,all-common,comparison-target.json,oss
eshop,cs,target,GT-doc,9,19,fidelity,wca,mojofm,20.0,pairwise,wca-target/fidelity.json,oss
eshop,cs,target,GT-doc,9,19,fidelity,wca,nested,87.5,all-common,comparison-target.json,oss
itk,cpp,file,GT-pub,13,7657,fidelity,acdc,a2a,73.19,all-common,comparison-file.json,oss
itk,cpp,file,GT-pub,13,7657,fidelity,acdc,a2a,72.83,pairwise,acdc-file/fidelity.json,oss
itk,cpp,file,GT-pub,13,7657,fidelity,acdc,ari,2.86,all-common,comparison-file.json,oss
itk,cpp,file,GT-pub,13,7657,fidelity,acdc,clusters,1034,all-common,comparison-file.json,oss
itk,cpp,file,GT-pub,13,7657,fidelity,acdc,entities_common,7335,pairwise,acdc-file/fidelity.json,oss
itk,cpp,file,GT-pub,13,7657,fidelity,acdc,mojofm,70.26,all-common,comparison-file.json,oss
itk,cpp,file,GT-pub,13,7657,fidelity,acdc,mojofm,65.4,pairwise,acdc-file/fidelity.json,oss
itk,cpp,file,GT-pub,13,7657,fidelity,acdc,nested,87.91,all-common,comparison-file.json,oss
itk,cpp,file,GT-pub,13,7657,fidelity,arc,a2a,81.34,pairwise,arc-file/fidelity.json,oss
itk,cpp,file,GT-pub,13,7657,fidelity,arc,entities_common,3747,pairwise,arc-file/fidelity.json,oss
itk,cpp,file,GT-pub,13,7657,fidelity,arc,mojofm,49.17,pairwise,arc-file/fidelity.json,oss
itk,cpp,file,GT-pub,13,7657,fidelity,cc,a2a,85.45,all-common,comparison-file.json,oss
itk,cpp,file,GT-pub,13,7657,fidelity,cc,a2a,81.68,pairwise,cc-file/fidelity.json,oss
itk,cpp,file,GT-pub,13,7657,fidelity,cc,ari,-6.63,all-common,comparison-file.json,oss
itk,cpp,file,GT-pub,13,7657,fidelity,cc,clusters,46,all-common,comparison-file.json,oss
itk,cpp,file,GT-pub,13,7657,fidelity,cc,entities_common,7335,pairwise,cc-file/fidelity.json,oss
itk,cpp,file,GT-pub,13,7657,fidelity,cc,mojofm,48.41,all-common,comparison-file.json,oss
itk,cpp,file,GT-pub,13,7657,fidelity,cc,mojofm,30.68,pairwise,cc-file/fidelity.json,oss
itk,cpp,file,GT-pub,13,7657,fidelity,cc,nested,97.83,all-common,comparison-file.json,oss
itk,cpp,file,GT-pub,13,7657,fidelity,dir,a2a,80.38,all-common,comparison-file.json,oss
itk,cpp,file,GT-pub,13,7657,fidelity,dir,a2a,78.96,pairwise,dir-file/fidelity.json,oss
itk,cpp,file,GT-pub,13,7657,fidelity,dir,ari,11.05,all-common,comparison-file.json,oss
itk,cpp,file,GT-pub,13,7657,fidelity,dir,clusters,212,all-common,comparison-file.json,oss
itk,cpp,file,GT-pub,13,7657,fidelity,dir,entities_common,7335,pairwise,dir-file/fidelity.json,oss
itk,cpp,file,GT-pub,13,7657,fidelity,dir,mojofm,93.88,all-common,comparison-file.json,oss
itk,cpp,file,GT-pub,13,7657,fidelity,dir,mojofm,93.3,pairwise,dir-file/fidelity.json,oss
itk,cpp,file,GT-pub,13,7657,fidelity,dir,nested,98.58,all-common,comparison-file.json,oss
itk,cpp,file,GT-pub,13,7657,fidelity,floor,a2a,84.21,all-common,comparison-file.json,oss
itk,cpp,file,GT-pub,13,7657,fidelity,floor,ari,22.61,all-common,comparison-file.json,oss
itk,cpp,file,GT-pub,13,7657,fidelity,floor,clusters,78,all-common,comparison-file.json,oss
itk,cpp,file,GT-pub,13,7657,fidelity,floor,mojofm,96.86,all-common,comparison-file.json,oss
itk,cpp,file,GT-pub,13,7657,fidelity,floor,nested,96.15,all-common,comparison-file.json,oss
itk,cpp,file,GT-pub,13,7657,fidelity,pipeline,a2a,99.6,all-common,comparison-file.json,oss
itk,cpp,file,GT-pub,13,7657,fidelity,pipeline,ari,99.32,all-common,comparison-file.json,oss
itk,cpp,file,GT-pub,13,7657,fidelity,pipeline,clusters,8,all-common,comparison-file.json,oss
itk,cpp,file,GT-pub,13,7657,fidelity,pipeline,mojofm,98.42,all-common,comparison-file.json,oss
itk,cpp,file,GT-pub,13,7657,fidelity,pipeline,nested,87.5,all-common,comparison-file.json,oss
itk,cpp,file,GT-pub,13,7657,fidelity,propose,a2a,97.82,all-common,comparison-file.json,oss
itk,cpp,file,GT-pub,13,7657,fidelity,propose,ari,84.6,all-common,comparison-file.json,oss
itk,cpp,file,GT-pub,13,7657,fidelity,propose,clusters,8,all-common,comparison-file.json,oss
itk,cpp,file,GT-pub,13,7657,fidelity,propose,mojofm,98.26,all-common,comparison-file.json,oss
itk,cpp,file,GT-pub,13,7657,fidelity,propose,nested,75.0,all-common,comparison-file.json,oss
libxml2,cpp,file,GT-pub,18,82,fidelity,acdc,a2a,76.63,all-common,comparison-file.json,oss
libxml2,cpp,file,GT-pub,18,82,fidelity,acdc,a2a,78.68,pairwise,acdc-file/fidelity.json,oss
libxml2,cpp,file,GT-pub,18,82,fidelity,acdc,ari,0.75,all-common,comparison-file.json,oss
libxml2,cpp,file,GT-pub,18,82,fidelity,acdc,clusters,4,all-common,comparison-file.json,oss
libxml2,cpp,file,GT-pub,18,82,fidelity,acdc,entities_common,74,pairwise,acdc-file/fidelity.json,oss
libxml2,cpp,file,GT-pub,18,82,fidelity,acdc,mojofm,20.0,all-common,comparison-file.json,oss
libxml2,cpp,file,GT-pub,18,82,fidelity,acdc,mojofm,20.0,pairwise,acdc-file/fidelity.json,oss
libxml2,cpp,file,GT-pub,18,82,fidelity,acdc,nested,75.0,all-common,comparison-file.json,oss
libxml2,cpp,file,GT-pub,18,82,fidelity,arc,a2a,83.42,all-common,comparison-file.json,oss
libxml2,cpp,file,GT-pub,18,82,fidelity,arc,a2a,87.05,pairwise,arc-file/fidelity.json,oss
libxml2,cpp,file,GT-pub,18,82,fidelity,arc,ari,-2.09,all-common,comparison-file.json,oss
libxml2,cpp,file,GT-pub,18,82,fidelity,arc,clusters,13,all-common,comparison-file.json,oss
libxml2,cpp,file,GT-pub,18,82,fidelity,arc,entities_common,74,pairwise,arc-file/fidelity.json,oss
libxml2,cpp,file,GT-pub,18,82,fidelity,arc,mojofm,20.0,all-common,comparison-file.json,oss
libxml2,cpp,file,GT-pub,18,82,fidelity,arc,mojofm,36.92,pairwise,arc-file/fidelity.json,oss
libxml2,cpp,file,GT-pub,18,82,fidelity,arc,nested,69.23,all-common,comparison-file.json,oss
libxml2,cpp,file,GT-pub,18,82,fidelity,cc,a2a,78.02,all-common,comparison-file.json,oss
libxml2,cpp,file,GT-pub,18,82,fidelity,cc,a2a,79.5,pairwise,cc-file/fidelity.json,oss
libxml2,cpp,file,GT-pub,18,82,fidelity,cc,ari,7.98,all-common,comparison-file.json,oss
libxml2,cpp,file,GT-pub,18,82,fidelity,cc,clusters,2,all-common,comparison-file.json,oss
libxml2,cpp,file,GT-pub,18,82,fidelity,cc,entities_common,74,pairwise,cc-file/fidelity.json,oss
libxml2,cpp,file,GT-pub,18,82,fidelity,cc,mojofm,25.71,all-common,comparison-file.json,oss
libxml2,cpp,file,GT-pub,18,82,fidelity,cc,mojofm,23.08,pairwise,cc-file/fidelity.json,oss
libxml2,cpp,file,GT-pub,18,82,fidelity,cc,nested,50.0,all-common,comparison-file.json,oss
libxml2,cpp,file,GT-pub,18,82,fidelity,dir,a2a,73.48,all-common,comparison-file.json,oss
libxml2,cpp,file,GT-pub,18,82,fidelity,dir,a2a,78.3,pairwise,dir-file/fidelity.json,oss
libxml2,cpp,file,GT-pub,18,82,fidelity,dir,ari,0.0,all-common,comparison-file.json,oss
libxml2,cpp,file,GT-pub,18,82,fidelity,dir,clusters,1,all-common,comparison-file.json,oss
libxml2,cpp,file,GT-pub,18,82,fidelity,dir,entities_common,74,pairwise,dir-file/fidelity.json,oss
libxml2,cpp,file,GT-pub,18,82,fidelity,dir,mojofm,5.71,all-common,comparison-file.json,oss
libxml2,cpp,file,GT-pub,18,82,fidelity,dir,mojofm,15.38,pairwise,dir-file/fidelity.json,oss
libxml2,cpp,file,GT-pub,18,82,fidelity,dir,nested,0.0,all-common,comparison-file.json,oss
libxml2,cpp,file,GT-pub,18,82,fidelity,floor,a2a,75.96,all-common,comparison-file.json,oss
libxml2,cpp,file,GT-pub,18,82,fidelity,floor,ari,1.56,all-common,comparison-file.json,oss
libxml2,cpp,file,GT-pub,18,82,fidelity,floor,clusters,3,all-common,comparison-file.json,oss
libxml2,cpp,file,GT-pub,18,82,fidelity,floor,mojofm,11.43,all-common,comparison-file.json,oss
libxml2,cpp,file,GT-pub,18,82,fidelity,floor,nested,66.67,all-common,comparison-file.json,oss
libxml2,cpp,file,GT-pub,18,82,fidelity,limbo,a2a,82.01,all-common,comparison-file.json,oss
libxml2,cpp,file,GT-pub,18,82,fidelity,limbo,a2a,85.54,pairwise,limbo-file/fidelity.json,oss
libxml2,cpp,file,GT-pub,18,82,fidelity,limbo,ari,10.01,all-common,comparison-file.json,oss
libxml2,cpp,file,GT-pub,18,82,fidelity,limbo,clusters,9,all-common,comparison-file.json,oss
libxml2,cpp,file,GT-pub,18,82,fidelity,limbo,entities_common,74,pairwise,limbo-file/fidelity.json,oss
libxml2,cpp,file,GT-pub,18,82,fidelity,limbo,mojofm,28.57,all-common,comparison-file.json,oss
libxml2,cpp,file,GT-pub,18,82,fidelity,limbo,mojofm,27.69,pairwise,limbo-file/fidelity.json,oss
libxml2,cpp,file,GT-pub,18,82,fidelity,limbo,nested,22.22,all-common,comparison-file.json,oss
libxml2,cpp,file,GT-pub,18,82,fidelity,llm,a2a,91.33,llm-rerun-mean,llm-recovery-file.json,oss
libxml2,cpp,file,GT-pub,18,82,fidelity,llm,a2a_stdev,0.3,llm-rerun-mean,llm-recovery-file.json,oss
libxml2,cpp,file,GT-pub,18,82,fidelity,llm,ari,46.15,llm-rerun-mean,llm-recovery-file.json,oss
libxml2,cpp,file,GT-pub,18,82,fidelity,llm,ari_stdev,1.01,llm-rerun-mean,llm-recovery-file.json,oss
libxml2,cpp,file,GT-pub,18,82,fidelity,llm,cost_usd,0.18,llm-rerun-mean,llm-recovery-file.json,oss
libxml2,cpp,file,GT-pub,18,82,fidelity,llm,mojofm,62.77,llm-rerun-mean,llm-recovery-file.json,oss
libxml2,cpp,file,GT-pub,18,82,fidelity,llm,mojofm_stdev,1.15,llm-rerun-mean,llm-recovery-file.json,oss
libxml2,cpp,file,GT-pub,18,82,fidelity,pipeline,a2a,75.96,all-common,comparison-file.json,oss
libxml2,cpp,file,GT-pub,18,82,fidelity,pipeline,ari,1.56,all-common,comparison-file.json,oss
libxml2,cpp,file,GT-pub,18,82,fidelity,pipeline,clusters,3,all-common,comparison-file.json,oss
libxml2,cpp,file,GT-pub,18,82,fidelity,pipeline,mojofm,11.43,all-common,comparison-file.json,oss
libxml2,cpp,file,GT-pub,18,82,fidelity,pipeline,nested,66.67,all-common,comparison-file.json,oss
libxml2,cpp,file,GT-pub,18,82,fidelity,propose,a2a,73.48,all-common,comparison-file.json,oss
libxml2,cpp,file,GT-pub,18,82,fidelity,propose,ari,0.0,all-common,comparison-file.json,oss
libxml2,cpp,file,GT-pub,18,82,fidelity,propose,clusters,1,all-common,comparison-file.json,oss
libxml2,cpp,file,GT-pub,18,82,fidelity,propose,mojofm,5.71,all-common,comparison-file.json,oss
libxml2,cpp,file,GT-pub,18,82,fidelity,propose,nested,0.0,all-common,comparison-file.json,oss
libxml2,cpp,file,GT-pub,18,82,fidelity,wca,a2a,84.21,all-common,comparison-file.json,oss
libxml2,cpp,file,GT-pub,18,82,fidelity,wca,a2a,85.24,pairwise,wca-file/fidelity.json,oss
libxml2,cpp,file,GT-pub,18,82,fidelity,wca,ari,16.8,all-common,comparison-file.json,oss
libxml2,cpp,file,GT-pub,18,82,fidelity,wca,clusters,10,all-common,comparison-file.json,oss
libxml2,cpp,file,GT-pub,18,82,fidelity,wca,entities_common,74,pairwise,wca-file/fidelity.json,oss
libxml2,cpp,file,GT-pub,18,82,fidelity,wca,mojofm,31.43,all-common,comparison-file.json,oss
libxml2,cpp,file,GT-pub,18,82,fidelity,wca,mojofm,26.15,pairwise,wca-file/fidelity.json,oss
libxml2,cpp,file,GT-pub,18,82,fidelity,wca,nested,50.0,all-common,comparison-file.json,oss
nopcommerce,cs,target,GT-doc,17,37,fidelity,acdc,a2a,76.51,all-common,comparison-target.json,oss
nopcommerce,cs,target,GT-doc,17,37,fidelity,acdc,a2a,76.51,pairwise,acdc-target/fidelity.json,oss
nopcommerce,cs,target,GT-doc,17,37,fidelity,acdc,ari,0.0,all-common,comparison-target.json,oss
nopcommerce,cs,target,GT-doc,17,37,fidelity,acdc,clusters,1,all-common,comparison-target.json,oss
nopcommerce,cs,target,GT-doc,17,37,fidelity,acdc,entities_common,37,pairwise,acdc-target/fidelity.json,oss
nopcommerce,cs,target,GT-doc,17,37,fidelity,acdc,mojofm,28.12,all-common,comparison-target.json,oss
nopcommerce,cs,target,GT-doc,17,37,fidelity,acdc,mojofm,28.12,pairwise,acdc-target/fidelity.json,oss
nopcommerce,cs,target,GT-doc,17,37,fidelity,acdc,nested,0.0,all-common,comparison-target.json,oss
nopcommerce,cs,target,GT-doc,17,37,fidelity,arc,a2a,90.06,pairwise,arc-target/fidelity.json,oss
nopcommerce,cs,target,GT-doc,17,37,fidelity,arc,entities_common,37,pairwise,arc-target/fidelity.json,oss
nopcommerce,cs,target,GT-doc,17,37,fidelity,arc,mojofm,56.25,pairwise,arc-target/fidelity.json,oss
nopcommerce,cs,target,GT-doc,17,37,fidelity,cc,a2a,76.51,all-common,comparison-target.json,oss
nopcommerce,cs,target,GT-doc,17,37,fidelity,cc,a2a,76.51,pairwise,cc-target/fidelity.json,oss
nopcommerce,cs,target,GT-doc,17,37,fidelity,cc,ari,0.0,all-common,comparison-target.json,oss
nopcommerce,cs,target,GT-doc,17,37,fidelity,cc,clusters,1,all-common,comparison-target.json,oss
nopcommerce,cs,target,GT-doc,17,37,fidelity,cc,entities_common,37,pairwise,cc-target/fidelity.json,oss
nopcommerce,cs,target,GT-doc,17,37,fidelity,cc,mojofm,28.12,all-common,comparison-target.json,oss
nopcommerce,cs,target,GT-doc,17,37,fidelity,cc,mojofm,28.12,pairwise,cc-target/fidelity.json,oss
nopcommerce,cs,target,GT-doc,17,37,fidelity,cc,nested,0.0,all-common,comparison-target.json,oss
nopcommerce,cs,target,GT-doc,17,37,fidelity,dir,a2a,80.2,all-common,comparison-target.json,oss
nopcommerce,cs,target,GT-doc,17,37,fidelity,dir,a2a,80.2,pairwise,dir-target/fidelity.json,oss
nopcommerce,cs,target,GT-doc,17,37,fidelity,dir,ari,0.0,all-common,comparison-target.json,oss
nopcommerce,cs,target,GT-doc,17,37,fidelity,dir,clusters,37,all-common,comparison-target.json,oss
nopcommerce,cs,target,GT-doc,17,37,fidelity,dir,entities_common,37,pairwise,dir-target/fidelity.json,oss
nopcommerce,cs,target,GT-doc,17,37,fidelity,dir,mojofm,37.5,all-common,comparison-target.json,oss
nopcommerce,cs,target,GT-doc,17,37,fidelity,dir,mojofm,37.5,pairwise,dir-target/fidelity.json,oss
nopcommerce,cs,target,GT-doc,17,37,fidelity,dir,nested,100.0,all-common,comparison-target.json,oss
nopcommerce,cs,target,GT-doc,17,37,fidelity,floor,a2a,80.2,all-common,comparison-target.json,oss
nopcommerce,cs,target,GT-doc,17,37,fidelity,floor,ari,0.0,all-common,comparison-target.json,oss
nopcommerce,cs,target,GT-doc,17,37,fidelity,floor,clusters,37,all-common,comparison-target.json,oss
nopcommerce,cs,target,GT-doc,17,37,fidelity,floor,mojofm,37.5,all-common,comparison-target.json,oss
nopcommerce,cs,target,GT-doc,17,37,fidelity,floor,nested,100.0,all-common,comparison-target.json,oss
nopcommerce,cs,target,GT-doc,17,37,fidelity,limbo,a2a,87.85,all-common,comparison-target.json,oss
nopcommerce,cs,target,GT-doc,17,37,fidelity,limbo,a2a,87.85,pairwise,limbo-target/fidelity.json,oss
nopcommerce,cs,target,GT-doc,17,37,fidelity,limbo,ari,8.13,all-common,comparison-target.json,oss
nopcommerce,cs,target,GT-doc,17,37,fidelity,limbo,clusters,16,all-common,comparison-target.json,oss
nopcommerce,cs,target,GT-doc,17,37,fidelity,limbo,entities_common,37,pairwise,limbo-target/fidelity.json,oss
nopcommerce,cs,target,GT-doc,17,37,fidelity,limbo,mojofm,34.38,all-common,comparison-target.json,oss
nopcommerce,cs,target,GT-doc,17,37,fidelity,limbo,mojofm,34.38,pairwise,limbo-target/fidelity.json,oss
nopcommerce,cs,target,GT-doc,17,37,fidelity,limbo,nested,81.25,all-common,comparison-target.json,oss
nopcommerce,cs,target,GT-doc,17,37,fidelity,llm,a2a,84.19,llm-rerun-mean,llm-recovery-target.json,oss
nopcommerce,cs,target,GT-doc,17,37,fidelity,llm,a2a_stdev,12.29,llm-rerun-mean,llm-recovery-target.json,oss
nopcommerce,cs,target,GT-doc,17,37,fidelity,llm,ari,23.71,llm-rerun-mean,llm-recovery-target.json,oss
nopcommerce,cs,target,GT-doc,17,37,fidelity,llm,ari_stdev,1.74,llm-rerun-mean,llm-recovery-target.json,oss
nopcommerce,cs,target,GT-doc,17,37,fidelity,llm,cost_usd,0.21,llm-rerun-mean,llm-recovery-target.json,oss
nopcommerce,cs,target,GT-doc,17,37,fidelity,llm,mojofm,60.63,llm-rerun-mean,llm-recovery-target.json,oss
nopcommerce,cs,target,GT-doc,17,37,fidelity,llm,mojofm_stdev,3.18,llm-rerun-mean,llm-recovery-target.json,oss
nopcommerce,cs,target,GT-doc,17,37,fidelity,pipeline,a2a,90.23,all-common,comparison-target.json,oss
nopcommerce,cs,target,GT-doc,17,37,fidelity,pipeline,ari,64.62,all-common,comparison-target.json,oss
nopcommerce,cs,target,GT-doc,17,37,fidelity,pipeline,clusters,9,all-common,comparison-target.json,oss
nopcommerce,cs,target,GT-doc,17,37,fidelity,pipeline,mojofm,71.88,all-common,comparison-target.json,oss
nopcommerce,cs,target,GT-doc,17,37,fidelity,pipeline,nested,77.78,all-common,comparison-target.json,oss
nopcommerce,cs,target,GT-doc,17,37,fidelity,propose,a2a,89.6,all-common,comparison-target.json,oss
nopcommerce,cs,target,GT-doc,17,37,fidelity,propose,ari,86.85,all-common,comparison-target.json,oss
nopcommerce,cs,target,GT-doc,17,37,fidelity,propose,clusters,8,all-common,comparison-target.json,oss
nopcommerce,cs,target,GT-doc,17,37,fidelity,propose,mojofm,71.88,all-common,comparison-target.json,oss
nopcommerce,cs,target,GT-doc,17,37,fidelity,propose,nested,62.5,all-common,comparison-target.json,oss
nopcommerce,cs,target,GT-doc,17,37,fidelity,wca,a2a,90.66,all-common,comparison-target.json,oss
nopcommerce,cs,target,GT-doc,17,37,fidelity,wca,a2a,90.66,pairwise,wca-target/fidelity.json,oss
nopcommerce,cs,target,GT-doc,17,37,fidelity,wca,ari,16.36,all-common,comparison-target.json,oss
nopcommerce,cs,target,GT-doc,17,37,fidelity,wca,clusters,17,all-common,comparison-target.json,oss
nopcommerce,cs,target,GT-doc,17,37,fidelity,wca,entities_common,37,pairwise,wca-target/fidelity.json,oss
nopcommerce,cs,target,GT-doc,17,37,fidelity,wca,mojofm,46.88,all-common,comparison-target.json,oss
nopcommerce,cs,target,GT-doc,17,37,fidelity,wca,mojofm,46.88,pairwise,wca-target/fidelity.json,oss
nopcommerce,cs,target,GT-doc,17,37,fidelity,wca,nested,70.59,all-common,comparison-target.json,oss
opencv,cpp,file,GT-doc,14,1087,fidelity,acdc,a2a,86.31,all-common,comparison-file.json,oss
opencv,cpp,file,GT-doc,14,1087,fidelity,acdc,a2a,85.15,pairwise,acdc-file/fidelity.json,oss
opencv,cpp,file,GT-doc,14,1087,fidelity,acdc,ari,32.59,all-common,comparison-file.json,oss
opencv,cpp,file,GT-doc,14,1087,fidelity,acdc,clusters,108,all-common,comparison-file.json,oss
opencv,cpp,file,GT-doc,14,1087,fidelity,acdc,entities_common,1087,pairwise,acdc-file/fidelity.json,oss
opencv,cpp,file,GT-doc,14,1087,fidelity,acdc,mojofm,81.74,all-common,comparison-file.json,oss
opencv,cpp,file,GT-doc,14,1087,fidelity,acdc,mojofm,81.45,pairwise,acdc-file/fidelity.json,oss
opencv,cpp,file,GT-doc,14,1087,fidelity,acdc,nested,78.7,all-common,comparison-file.json,oss
opencv,cpp,file,GT-doc,14,1087,fidelity,arc,a2a,82.27,pairwise,arc-file/fidelity.json,oss
opencv,cpp,file,GT-doc,14,1087,fidelity,arc,entities_common,1087,pairwise,arc-file/fidelity.json,oss
opencv,cpp,file,GT-doc,14,1087,fidelity,arc,mojofm,28.7,pairwise,arc-file/fidelity.json,oss
opencv,cpp,file,GT-doc,14,1087,fidelity,cc,a2a,81.37,all-common,comparison-file.json,oss
opencv,cpp,file,GT-doc,14,1087,fidelity,cc,a2a,81.79,pairwise,cc-file/fidelity.json,oss
opencv,cpp,file,GT-doc,14,1087,fidelity,cc,ari,-0.23,all-common,comparison-file.json,oss
opencv,cpp,file,GT-doc,14,1087,fidelity,cc,clusters,3,all-common,comparison-file.json,oss
opencv,cpp,file,GT-doc,14,1087,fidelity,cc,entities_common,1087,pairwise,cc-file/fidelity.json,oss
opencv,cpp,file,GT-doc,14,1087,fidelity,cc,mojofm,25.41,all-common,comparison-file.json,oss
opencv,cpp,file,GT-doc,14,1087,fidelity,cc,mojofm,27.03,pairwise,cc-file/fidelity.json,oss
opencv,cpp,file,GT-doc,14,1087,fidelity,cc,nested,66.67,all-common,comparison-file.json,oss
opencv,cpp,file,GT-doc,14,1087,fidelity,dir,a2a,86.63,all-common,comparison-file.json,oss
opencv,cpp,file,GT-doc,14,1087,fidelity,dir,a2a,85.96,pairwise,dir-file/fidelity.json,oss
opencv,cpp,file,GT-doc,14,1087,fidelity,dir,ari,40.84,all-common,comparison-file.json,oss
opencv,cpp,file,GT-doc,14,1087,fidelity,dir,clusters,86,all-common,comparison-file.json,oss
opencv,cpp,file,GT-doc,14,1087,fidelity,dir,entities_common,1087,pairwise,dir-file/fidelity.json,oss
opencv,cpp,file,GT-doc,14,1087,fidelity,dir,mojofm,92.08,all-common,comparison-file.json,oss
opencv,cpp,file,GT-doc,14,1087,fidelity,dir,mojofm,92.17,pairwise,dir-file/fidelity.json,oss
opencv,cpp,file,GT-doc,14,1087,fidelity,dir,nested,100.0,all-common,comparison-file.json,oss
opencv,cpp,file,GT-doc,14,1087,fidelity,floor,a2a,100.0,all-common,comparison-file.json,oss
opencv,cpp,file,GT-doc,14,1087,fidelity,floor,ari,100.0,all-common,comparison-file.json,oss
opencv,cpp,file,GT-doc,14,1087,fidelity,floor,clusters,14,all-common,comparison-file.json,oss
opencv,cpp,file,GT-doc,14,1087,fidelity,floor,mojofm,100.0,all-common,comparison-file.json,oss
opencv,cpp,file,GT-doc,14,1087,fidelity,floor,nested,100.0,all-common,comparison-file.json,oss
opencv,cpp,file,GT-doc,14,1087,fidelity,limbo,a2a,84.65,all-common,comparison-file.json,oss
opencv,cpp,file,GT-doc,14,1087,fidelity,limbo,a2a,83.71,pairwise,limbo-file/fidelity.json,oss
opencv,cpp,file,GT-doc,14,1087,fidelity,limbo,ari,4.9,all-common,comparison-file.json,oss
opencv,cpp,file,GT-doc,14,1087,fidelity,limbo,clusters,13,all-common,comparison-file.json,oss
opencv,cpp,file,GT-doc,14,1087,fidelity,limbo,entities_common,1087,pairwise,limbo-file/fidelity.json,oss
opencv,cpp,file,GT-doc,14,1087,fidelity,limbo,mojofm,46.86,all-common,comparison-file.json,oss
opencv,cpp,file,GT-doc,14,1087,fidelity,limbo,mojofm,43.99,pairwise,limbo-file/fidelity.json,oss
opencv,cpp,file,GT-doc,14,1087,fidelity,limbo,nested,46.15,all-common,comparison-file.json,oss
opencv,cpp,file,GT-doc,14,1087,fidelity,llm,a2a,100.0,llm-rerun-mean,llm-recovery-file.json,oss
opencv,cpp,file,GT-doc,14,1087,fidelity,llm,a2a_stdev,0.0,llm-rerun-mean,llm-recovery-file.json,oss
opencv,cpp,file,GT-doc,14,1087,fidelity,llm,ari,100.0,llm-rerun-mean,llm-recovery-file.json,oss
opencv,cpp,file,GT-doc,14,1087,fidelity,llm,ari_stdev,0.0,llm-rerun-mean,llm-recovery-file.json,oss
opencv,cpp,file,GT-doc,14,1087,fidelity,llm,cost_usd,2.96,llm-rerun-mean,llm-recovery-file.json,oss
opencv,cpp,file,GT-doc,14,1087,fidelity,llm,mojofm,100.0,llm-rerun-mean,llm-recovery-file.json,oss
opencv,cpp,file,GT-doc,14,1087,fidelity,llm,mojofm_stdev,0.0,llm-rerun-mean,llm-recovery-file.json,oss
opencv,cpp,file,GT-doc,14,1087,fidelity,pipeline,a2a,100.0,module-gran,a2-ablation.json:hand_curation,oss
opencv,cpp,file,GT-doc,14,1087,fidelity,pipeline,ari,100.0,module-gran,a2-ablation.json:hand_curation,oss
opencv,cpp,file,GT-doc,14,1087,fidelity,pipeline,clusters,14,module-gran,a2-ablation.json:hand_curation,oss
opencv,cpp,file,GT-doc,14,1087,fidelity,pipeline,mojofm,100.0,module-gran,a2-ablation.json:hand_curation,oss
opencv,cpp,file,GT-doc,14,1087,fidelity,pipeline,nested,100.0,module-gran,a2-ablation.json:hand_curation,oss
opencv,cpp,file,GT-doc,14,1087,fidelity,pipeline_4family,a2a,89.84,all-common,comparison-file.json,oss
opencv,cpp,file,GT-doc,14,1087,fidelity,pipeline_4family,ari,55.86,all-common,comparison-file.json,oss
opencv,cpp,file,GT-doc,14,1087,fidelity,pipeline_4family,clusters,4,all-common,comparison-file.json,oss
opencv,cpp,file,GT-doc,14,1087,fidelity,pipeline_4family,mojofm,59.63,all-common,comparison-file.json,oss
opencv,cpp,file,GT-doc,14,1087,fidelity,pipeline_4family,nested,0.0,all-common,comparison-file.json,oss
opencv,cpp,file,GT-doc,14,1087,fidelity,propose,a2a,87.0,all-common,comparison-file.json,oss
opencv,cpp,file,GT-doc,14,1087,fidelity,propose,ari,26.88,all-common,comparison-file.json,oss
opencv,cpp,file,GT-doc,14,1087,fidelity,propose,clusters,2,all-common,comparison-file.json,oss
opencv,cpp,file,GT-doc,14,1087,fidelity,propose,mojofm,48.29,all-common,comparison-file.json,oss
opencv,cpp,file,GT-doc,14,1087,fidelity,propose,nested,0.0,all-common,comparison-file.json,oss
opencv,cpp,file,GT-doc,14,1087,fidelity,wca,a2a,81.18,all-common,comparison-file.json,oss
opencv,cpp,file,GT-doc,14,1087,fidelity,wca,a2a,82.56,pairwise,wca-file/fidelity.json,oss
opencv,cpp,file,GT-doc,14,1087,fidelity,wca,ari,-0.68,all-common,comparison-file.json,oss
opencv,cpp,file,GT-doc,14,1087,fidelity,wca,clusters,8,all-common,comparison-file.json,oss
opencv,cpp,file,GT-doc,14,1087,fidelity,wca,entities_common,1087,pairwise,wca-file/fidelity.json,oss
opencv,cpp,file,GT-doc,14,1087,fidelity,wca,mojofm,25.85,all-common,comparison-file.json,oss
opencv,cpp,file,GT-doc,14,1087,fidelity,wca,mojofm,28.89,pairwise,wca-file/fidelity.json,oss
opencv,cpp,file,GT-doc,14,1087,fidelity,wca,nested,87.5,all-common,comparison-file.json,oss
orchardcore,cs,target,GT-doc,34,207,fidelity,acdc,a2a,80.24,all-common,comparison-target.json,oss
orchardcore,cs,target,GT-doc,34,207,fidelity,acdc,a2a,80.24,pairwise,acdc-target/fidelity.json,oss
orchardcore,cs,target,GT-doc,34,207,fidelity,acdc,ari,-1.84,all-common,comparison-target.json,oss
orchardcore,cs,target,GT-doc,34,207,fidelity,acdc,clusters,13,all-common,comparison-target.json,oss
orchardcore,cs,target,GT-doc,34,207,fidelity,acdc,entities_common,201,pairwise,acdc-target/fidelity.json,oss
orchardcore,cs,target,GT-doc,34,207,fidelity,acdc,mojofm,24.21,all-common,comparison-target.json,oss
orchardcore,cs,target,GT-doc,34,207,fidelity,acdc,mojofm,24.21,pairwise,acdc-target/fidelity.json,oss
orchardcore,cs,target,GT-doc,34,207,fidelity,acdc,nested,7.69,all-common,comparison-target.json,oss
orchardcore,cs,target,GT-doc,34,207,fidelity,arc,a2a,85.07,pairwise,arc-target/fidelity.json,oss
orchardcore,cs,target,GT-doc,34,207,fidelity,arc,entities_common,195,pairwise,arc-target/fidelity.json,oss
orchardcore,cs,target,GT-doc,34,207,fidelity,arc,mojofm,40.76,pairwise,arc-target/fidelity.json,oss
orchardcore,cs,target,GT-doc,34,207,fidelity,cc,a2a,79.0,all-common,comparison-target.json,oss
orchardcore,cs,target,GT-doc,34,207,fidelity,cc,a2a,79.0,pairwise,cc-target/fidelity.json,oss
orchardcore,cs,target,GT-doc,34,207,fidelity,cc,ari,0.0,all-common,comparison-target.json,oss
orchardcore,cs,target,GT-doc,34,207,fidelity,cc,clusters,1,all-common,comparison-target.json,oss
orchardcore,cs,target,GT-doc,34,207,fidelity,cc,entities_common,201,pairwise,cc-target/fidelity.json,oss
orchardcore,cs,target,GT-doc,34,207,fidelity,cc,mojofm,24.21,all-common,comparison-target.json,oss
orchardcore,cs,target,GT-doc,34,207,fidelity,cc,mojofm,24.21,pairwise,cc-target/fidelity.json,oss
orchardcore,cs,target,GT-doc,34,207,fidelity,cc,nested,0.0,all-common,comparison-target.json,oss
orchardcore,cs,target,GT-doc,34,207,fidelity,dir,a2a,67.63,all-common,comparison-target.json,oss
orchardcore,cs,target,GT-doc,34,207,fidelity,dir,a2a,67.63,pairwise,dir-target/fidelity.json,oss
orchardcore,cs,target,GT-doc,34,207,fidelity,dir,ari,0.0,all-common,comparison-target.json,oss
orchardcore,cs,target,GT-doc,34,207,fidelity,dir,clusters,201,all-common,comparison-target.json,oss
orchardcore,cs,target,GT-doc,34,207,fidelity,dir,entities_common,201,pairwise,dir-target/fidelity.json,oss
orchardcore,cs,target,GT-doc,34,207,fidelity,dir,mojofm,11.58,all-common,comparison-target.json,oss
orchardcore,cs,target,GT-doc,34,207,fidelity,dir,mojofm,11.58,pairwise,dir-target/fidelity.json,oss
orchardcore,cs,target,GT-doc,34,207,fidelity,dir,nested,100.0,all-common,comparison-target.json,oss
orchardcore,cs,target,GT-doc,34,207,fidelity,floor,a2a,67.63,all-common,comparison-target.json,oss
orchardcore,cs,target,GT-doc,34,207,fidelity,floor,ari,0.0,all-common,comparison-target.json,oss
orchardcore,cs,target,GT-doc,34,207,fidelity,floor,clusters,201,all-common,comparison-target.json,oss
orchardcore,cs,target,GT-doc,34,207,fidelity,floor,mojofm,11.58,all-common,comparison-target.json,oss
orchardcore,cs,target,GT-doc,34,207,fidelity,floor,nested,100.0,all-common,comparison-target.json,oss
orchardcore,cs,target,GT-doc,34,207,fidelity,limbo,a2a,83.56,all-common,comparison-target.json,oss
orchardcore,cs,target,GT-doc,34,207,fidelity,limbo,a2a,83.56,pairwise,limbo-target/fidelity.json,oss
orchardcore,cs,target,GT-doc,34,207,fidelity,limbo,ari,10.24,all-common,comparison-target.json,oss
orchardcore,cs,target,GT-doc,34,207,fidelity,limbo,clusters,33,all-common,comparison-target.json,oss
orchardcore,cs,target,GT-doc,34,207,fidelity,limbo,entities_common,201,pairwise,limbo-target/fidelity.json,oss
orchardcore,cs,target,GT-doc,34,207,fidelity,limbo,mojofm,47.37,all-common,comparison-target.json,oss
orchardcore,cs,target,GT-doc,34,207,fidelity,limbo,mojofm,47.37,pairwise,limbo-target/fidelity.json,oss
orchardcore,cs,target,GT-doc,34,207,fidelity,limbo,nested,39.39,all-common,comparison-target.json,oss
orchardcore,cs,target,GT-doc,34,207,fidelity,llm,a2a,81.82,llm-rerun-mean,llm-recovery-target.json,oss
orchardcore,cs,target,GT-doc,34,207,fidelity,llm,a2a_stdev,0.46,llm-rerun-mean,llm-recovery-target.json,oss
orchardcore,cs,target,GT-doc,34,207,fidelity,llm,ari,2.31,llm-rerun-mean,llm-recovery-target.json,oss
orchardcore,cs,target,GT-doc,34,207,fidelity,llm,ari_stdev,0.37,llm-rerun-mean,llm-recovery-target.json,oss
orchardcore,cs,target,GT-doc,34,207,fidelity,llm,cost_usd,2.78,llm-rerun-mean,llm-recovery-target.json,oss
orchardcore,cs,target,GT-doc,34,207,fidelity,llm,mojofm,30.21,llm-rerun-mean,llm-recovery-target.json,oss
orchardcore,cs,target,GT-doc,34,207,fidelity,llm,mojofm_stdev,1.27,llm-rerun-mean,llm-recovery-target.json,oss
orchardcore,cs,target,GT-doc,34,207,fidelity,pipeline,a2a,91.68,all-common,comparison-target.json,oss
orchardcore,cs,target,GT-doc,34,207,fidelity,pipeline,ari,84.07,all-common,comparison-target.json,oss
orchardcore,cs,target,GT-doc,34,207,fidelity,pipeline,clusters,16,all-common,comparison-target.json,oss
orchardcore,cs,target,GT-doc,34,207,fidelity,pipeline,mojofm,72.11,all-common,comparison-target.json,oss
orchardcore,cs,target,GT-doc,34,207,fidelity,pipeline,nested,43.75,all-common,comparison-target.json,oss
orchardcore,cs,target,GT-doc,34,207,fidelity,propose,a2a,91.13,all-common,comparison-target.json,oss
orchardcore,cs,target,GT-doc,34,207,fidelity,propose,ari,59.35,all-common,comparison-target.json,oss
orchardcore,cs,target,GT-doc,34,207,fidelity,propose,clusters,20,all-common,comparison-target.json,oss
orchardcore,cs,target,GT-doc,34,207,fidelity,propose,mojofm,69.47,all-common,comparison-target.json,oss
orchardcore,cs,target,GT-doc,34,207,fidelity,propose,nested,85.0,all-common,comparison-target.json,oss
orchardcore,cs,target,GT-doc,34,207,fidelity,wca,a2a,81.97,all-common,comparison-target.json,oss
orchardcore,cs,target,GT-doc,34,207,fidelity,wca,a2a,81.97,pairwise,wca-target/fidelity.json,oss
orchardcore,cs,target,GT-doc,34,207,fidelity,wca,ari,3.52,all-common,comparison-target.json,oss
orchardcore,cs,target,GT-doc,34,207,fidelity,wca,clusters,34,all-common,comparison-target.json,oss
orchardcore,cs,target,GT-doc,34,207,fidelity,wca,entities_common,201,pairwise,wca-target/fidelity.json,oss
orchardcore,cs,target,GT-doc,34,207,fidelity,wca,mojofm,32.63,all-common,comparison-target.json,oss
orchardcore,cs,target,GT-doc,34,207,fidelity,wca,mojofm,32.63,pairwise,wca-target/fidelity.json,oss
orchardcore,cs,target,GT-doc,34,207,fidelity,wca,nested,38.24,all-common,comparison-target.json,oss
squidex,cs,target,GT-exp,12,15,fidelity,acdc,a2a,69.84,all-common,comparison-target.json,oss
squidex,cs,target,GT-exp,12,15,fidelity,acdc,a2a,69.84,pairwise,acdc-target/fidelity.json,oss
squidex,cs,target,GT-exp,12,15,fidelity,acdc,ari,0.0,all-common,comparison-target.json,oss
squidex,cs,target,GT-exp,12,15,fidelity,acdc,clusters,1,all-common,comparison-target.json,oss
squidex,cs,target,GT-exp,12,15,fidelity,acdc,entities_common,13,pairwise,acdc-target/fidelity.json,oss
squidex,cs,target,GT-exp,12,15,fidelity,acdc,mojofm,0.0,all-common,comparison-target.json,oss
squidex,cs,target,GT-exp,12,15,fidelity,acdc,mojofm,0.0,pairwise,acdc-target/fidelity.json,oss
squidex,cs,target,GT-exp,12,15,fidelity,acdc,nested,0.0,all-common,comparison-target.json,oss
squidex,cs,target,GT-exp,12,15,fidelity,arc,a2a,88.41,all-common,comparison-target.json,oss
squidex,cs,target,GT-exp,12,15,fidelity,arc,a2a,88.41,pairwise,arc-target/fidelity.json,oss
squidex,cs,target,GT-exp,12,15,fidelity,arc,ari,10.55,all-common,comparison-target.json,oss
squidex,cs,target,GT-exp,12,15,fidelity,arc,clusters,7,all-common,comparison-target.json,oss
squidex,cs,target,GT-exp,12,15,fidelity,arc,entities_common,13,pairwise,arc-target/fidelity.json,oss
squidex,cs,target,GT-exp,12,15,fidelity,arc,mojofm,50.0,all-common,comparison-target.json,oss
squidex,cs,target,GT-exp,12,15,fidelity,arc,mojofm,50.0,pairwise,arc-target/fidelity.json,oss
squidex,cs,target,GT-exp,12,15,fidelity,arc,nested,57.14,all-common,comparison-target.json,oss
squidex,cs,target,GT-exp,12,15,fidelity,cc,a2a,69.84,all-common,comparison-target.json,oss
squidex,cs,target,GT-exp,12,15,fidelity,cc,a2a,69.84,pairwise,cc-target/fidelity.json,oss
squidex,cs,target,GT-exp,12,15,fidelity,cc,ari,0.0,all-common,comparison-target.json,oss
squidex,cs,target,GT-exp,12,15,fidelity,cc,clusters,1,all-common,comparison-target.json,oss
squidex,cs,target,GT-exp,12,15,fidelity,cc,entities_common,13,pairwise,cc-target/fidelity.json,oss
squidex,cs,target,GT-exp,12,15,fidelity,cc,mojofm,0.0,all-common,comparison-target.json,oss
squidex,cs,target,GT-exp,12,15,fidelity,cc,mojofm,0.0,pairwise,cc-target/fidelity.json,oss
squidex,cs,target,GT-exp,12,15,fidelity,cc,nested,0.0,all-common,comparison-target.json,oss
squidex,cs,target,GT-exp,12,15,fidelity,dir,a2a,92.0,all-common,comparison-target.json,oss
squidex,cs,target,GT-exp,12,15,fidelity,dir,a2a,92.0,pairwise,dir-target/fidelity.json,oss
squidex,cs,target,GT-exp,12,15,fidelity,dir,ari,0.0,all-common,comparison-target.json,oss
squidex,cs,target,GT-exp,12,15,fidelity,dir,clusters,13,all-common,comparison-target.json,oss
squidex,cs,target,GT-exp,12,15,fidelity,dir,entities_common,13,pairwise,dir-target/fidelity.json,oss
squidex,cs,target,GT-exp,12,15,fidelity,dir,mojofm,70.0,all-common,comparison-target.json,oss
squidex,cs,target,GT-exp,12,15,fidelity,dir,mojofm,70.0,pairwise,dir-target/fidelity.json,oss
squidex,cs,target,GT-exp,12,15,fidelity,dir,nested,100.0,all-common,comparison-target.json,oss
squidex,cs,target,GT-exp,12,15,fidelity,floor,a2a,92.0,all-common,comparison-target.json,oss
squidex,cs,target,GT-exp,12,15,fidelity,floor,ari,0.0,all-common,comparison-target.json,oss
squidex,cs,target,GT-exp,12,15,fidelity,floor,clusters,13,all-common,comparison-target.json,oss
squidex,cs,target,GT-exp,12,15,fidelity,floor,mojofm,70.0,all-common,comparison-target.json,oss
squidex,cs,target,GT-exp,12,15,fidelity,floor,nested,100.0,all-common,comparison-target.json,oss
squidex,cs,target,GT-exp,12,15,fidelity,limbo,a2a,92.96,all-common,comparison-target.json,oss
squidex,cs,target,GT-exp,12,15,fidelity,limbo,a2a,92.96,pairwise,limbo-target/fidelity.json,oss
squidex,cs,target,GT-exp,12,15,fidelity,limbo,ari,17.52,all-common,comparison-target.json,oss
squidex,cs,target,GT-exp,12,15,fidelity,limbo,clusters,9,all-common,comparison-target.json,oss
squidex,cs,target,GT-exp,12,15,fidelity,limbo,entities_common,13,pairwise,limbo-target/fidelity.json,oss
squidex,cs,target,GT-exp,12,15,fidelity,limbo,mojofm,60.0,all-common,comparison-target.json,oss
squidex,cs,target,GT-exp,12,15,fidelity,limbo,mojofm,60.0,pairwise,limbo-target/fidelity.json,oss
squidex,cs,target,GT-exp,12,15,fidelity,limbo,nested,66.67,all-common,comparison-target.json,oss
squidex,cs,target,GT-exp,12,15,fidelity,llm,a2a,96.13,llm-rerun-mean,llm-recovery-target.json,oss
squidex,cs,target,GT-exp,12,15,fidelity,llm,a2a_stdev,1.37,llm-rerun-mean,llm-recovery-target.json,oss
squidex,cs,target,GT-exp,12,15,fidelity,llm,ari,44.04,llm-rerun-mean,llm-recovery-target.json,oss
squidex,cs,target,GT-exp,12,15,fidelity,llm,ari_stdev,19.99,llm-rerun-mean,llm-recovery-target.json,oss
squidex,cs,target,GT-exp,12,15,fidelity,llm,cost_usd,0.12,llm-rerun-mean,llm-recovery-target.json,oss
squidex,cs,target,GT-exp,12,15,fidelity,llm,mojofm,76.0,llm-rerun-mean,llm-recovery-target.json,oss
squidex,cs,target,GT-exp,12,15,fidelity,llm,mojofm_stdev,13.56,llm-rerun-mean,llm-recovery-target.json,oss
squidex,cs,target,GT-exp,12,15,fidelity,pipeline,a2a,95.83,all-common,comparison-target.json,oss
squidex,cs,target,GT-exp,12,15,fidelity,pipeline,ari,20.95,all-common,comparison-target.json,oss
squidex,cs,target,GT-exp,12,15,fidelity,pipeline,clusters,10,all-common,comparison-target.json,oss
squidex,cs,target,GT-exp,12,15,fidelity,pipeline,mojofm,70.0,all-common,comparison-target.json,oss
squidex,cs,target,GT-exp,12,15,fidelity,pipeline,nested,90.0,all-common,comparison-target.json,oss
squidex,cs,target,GT-exp,12,15,fidelity,propose,a2a,86.76,all-common,comparison-target.json,oss
squidex,cs,target,GT-exp,12,15,fidelity,propose,ari,20.7,all-common,comparison-target.json,oss
squidex,cs,target,GT-exp,12,15,fidelity,propose,clusters,6,all-common,comparison-target.json,oss
squidex,cs,target,GT-exp,12,15,fidelity,propose,mojofm,50.0,all-common,comparison-target.json,oss
squidex,cs,target,GT-exp,12,15,fidelity,propose,nested,50.0,all-common,comparison-target.json,oss
squidex,cs,target,GT-exp,12,15,fidelity,wca,a2a,88.41,all-common,comparison-target.json,oss
squidex,cs,target,GT-exp,12,15,fidelity,wca,a2a,88.41,pairwise,wca-target/fidelity.json,oss
squidex,cs,target,GT-exp,12,15,fidelity,wca,ari,7.51,all-common,comparison-target.json,oss
squidex,cs,target,GT-exp,12,15,fidelity,wca,clusters,7,all-common,comparison-target.json,oss
squidex,cs,target,GT-exp,12,15,fidelity,wca,entities_common,13,pairwise,wca-target/fidelity.json,oss
squidex,cs,target,GT-exp,12,15,fidelity,wca,mojofm,50.0,all-common,comparison-target.json,oss
squidex,cs,target,GT-exp,12,15,fidelity,wca,mojofm,50.0,pairwise,wca-target/fidelity.json,oss
squidex,cs,target,GT-exp,12,15,fidelity,wca,nested,57.14,all-common,comparison-target.json,oss
P-1,cpp,file,GT-diag,28,50-100,perf,curate,wall_clock_s,0.078,n/a,run-report.json,P
P-1,cpp,file,GT-diag,28,50-100,perf,drift,wall_clock_s,0.0,n/a,run-report.json,P
P-1,cpp,file,GT-diag,28,50-100,perf,enrich,wall_clock_s,0.016,n/a,run-report.json,P
P-1,cpp,file,GT-diag,28,50-100,perf,extract,wall_clock_s,100.812,n/a,run-report.json,P
P-1,cpp,file,GT-diag,28,50-100,perf,generate,wall_clock_s,0.078,n/a,run-report.json,P
P-1,cpp,file,GT-diag,28,50-100,perf,normalize,wall_clock_s,9.172,n/a,run-report.json,P
P-1,cpp,file,GT-diag,28,50-100,perf,validate-curated,wall_clock_s,0.125,n/a,run-report.json,P
P-1,cpp,file,GT-diag,28,50-100,perf,validate-extracted,wall_clock_s,0.297,n/a,run-report.json,P
abseil,cpp,file,GT-exp,21,809,size,pipeline,first_party_targets,190,facts,architecture/generated/extracted-facts.json,oss
bash,cpp,file,GT-pub,14,373,size,pipeline,first_party_targets,49,facts,architecture/generated/extracted-facts.json,oss
eshop,cs,target,GT-doc,9,19,size,pipeline,first_party_targets,24,facts,architecture/generated/extracted-facts.json,oss
itk,cpp,file,GT-pub,13,7657,size,pipeline,first_party_targets,207,facts,architecture/generated/extracted-facts.json,oss
libxml2,cpp,file,GT-pub,18,82,size,pipeline,first_party_targets,14,facts,architecture/generated/extracted-facts.json,oss
nopcommerce,cs,target,GT-doc,17,37,size,pipeline,first_party_targets,39,facts,architecture/generated/extracted-facts.json,oss
opencv,cpp,file,GT-doc,14,1087,size,pipeline,first_party_targets,37,facts,architecture/generated/extracted-facts.json,oss
orchardcore,cs,target,GT-doc,34,207,size,pipeline,first_party_targets,233,facts,architecture/generated/extracted-facts.json,oss
squidex,cs,target,GT-exp,12,15,size,pipeline,first_party_targets,26,facts,architecture/generated/extracted-facts.json,oss
