[arc] 7782 entities from graph-file.rsf
[arc] 7782/7782 entities had readable source text
Mallet LDA: 100 topics, 7 topic bits, 1111111 topic mask
max tokens: 128305
total tokens: 4707733
<10> LL/token: -8,24176
<20> LL/token: -7,76884
<30> LL/token: -7,61412
<40> LL/token: -7,53296

0	1	space end selection hsize_t span dataspace null 
1	1	std dim string int tcoordrep case const 
2	1	const function exception param throw id void 
3	1	timage sa iterator const typename operator pixel 
4	1	false vr vm vm1 siemens x0019 philips 
5	1	typename set level active par values scalarvaluetype 
6	1	double vector iter int dx array max 
7	1	cell fslio return null file int float 
8	1	nrrd return int nio char ret file 
9	1	const return processobject void license dataobject end 
10	1	filter image typedef region inputimage size pointer 
11	1	histogram histogramtype msg double error false h5e_error 
12	1	long unsigned char short int return signed 
13	1	cinfo ci compptr jdimension int row jpeg 
14	1	itk typedef argv writer license std pointer 
15	1	license inputpixeltype outputpixeltype threshold pixeltype set include 
16	1	property fail null hgoto_error list ret_value herr_t 
17	1	object fail link group hgoto_error udata dxpl_id 
18	1	v1 v2 mm0 movq mm7 mm1 edi 
19	1	t1 t2 t3 istart ja u2 jb 
20	1	int fd op char uint8 software void 
21	1	sample threadid int measurementvectortype const tsample unsigned 
22	1	file driver const return size h5fd_t flags 
23	1	const vcl_complex return parser vnl_rational int char 
24	1	copyright file h5_dll hdf5 found include html 
25	1	dctsize multiply fix dataptr int const_bits wsptr 
26	1	class inline return const template operator result 
27	1	case break return ptr char int end 
28	1	node tree hdr internal child idx leaf 
29	1	int stderr fprintf return nim data char 
30	1	typedef typename image pointer field fixed metric 
31	1	return tpixel goto char data hid_t const 
32	1	transform parameters transformtype const double jacobian unsigned 
33	1	include io mqc file setinput opening testing 
34	1	itk pointer include license typedef std labelobjecttype 
35	1	png_ptr endif info_ptr defined int null sp 
36	1	tmovingimage tfixedimage point function const evaluate outputtype 
37	1	int end begin return const unsigned const_iterator 
38	1	matrix row column real size pelement element 
39	1	static_cast unsigned int os ii indent itkexceptionmacro 
40	1	error int endif ifdef stack void char 
41	1	const unsigned int return static void bool 
42	1	spacing origin int direction size unsigned license 
43	1	image number volume type time file slice 
44	1	state entropy bits code int length bit 
45	1	param opj_uint32 p_j2k return p_manager opj_int32 p_stream 
46	1	typename vdimension x00 toutput tinput levelsettype template 
47	1	typename ndimensions unsigned tscalar scalartype template int 
48	1	vr vm vm1 vm1_n cs data lo 
49	1	rhs vnl_matrix_fixed distance return sum matrix vnl_vector_fixed 
50	1	gdcm copyright const dicom std include char 
51	1	null ret_value message hdassert shared end hgoto_error 
52	1	pixel set typedef kernel license include int 
53	1	void data set method memory returns object 
54	1	index region image imagetype indextype typedef size 
55	1	copyright path const include file objectfactorybase version 
56	1	tinputimage typename toutputimage inputimagetype template input indent 
57	1	element fem pointer pt itk license load 
58	1	typename mesh meshtype typedef toutputmesh points tinputmesh 
59	1	z__1 i__3 info i__2 ftnlen z__2 work 
60	1	attribute type table id object header list 
61	1	typedef class const superclass virtual void public 
62	1	offset const return push_back size angle include 
63	1	point vectortype pointtype tdimension int return license 
64	1	size_t hid_t dt shared datatype type buf 
65	1	null return theta tiff_setget_undefined opj_event_msg field_custom m_encoder 
66	1	test true vnl_bignum double int long false 
67	1	pp opts undef ac rv fp h5open 
68	1	metric optimizer parameterstype parameters measuretype tinternalcomputationvaluetype derivative 
69	1	type char static const return enum vr 
70	1	buffer file read char write void filename 
71	1	image input filter output pixeltype concept set 
72	1	std endl cout cerr exit_failure itk return 
73	1	true false overlay curve number variable x0020 
74	1	std cout endl int itk params width 
75	1	src dst define dsttype srctype endif elif 
76	1	license distributed apache software itk basis applicable 
77	1	typedef typename license http insight imagedimension include 
78	1	output region radius input requested outputptr typename 
79	1	cache_ptr entry_ptr cache entry hdassert null size 
80	1	return cp int sz const quadedgetype delete 
81	1	define endif ifndef defined ifdef extern include 
82	1	integer doublereal i__ goto d__1 c__1 ftnlen 
83	1	progress getoutput return da pointer setinput filter 
84	1	heap block hdr section indirect space free 
85	1	tif sp return uint32 case tiff uint16 
86	1	image storage photometricinterpretation ts sop int pf 
87	1	chunk dataset fill file layout end fail 
88	1	i__ integer libf2c i__1 real i__2 incx 
89	1	fspace int pnt tempinfo ppar instring float 
90	1	typename os indent tmeasurementvector license ttargetvector valuetype 
91	1	float int double unsigned vector lp1 cs 
92	1	double vnl_vector vnl vnl_matrix include int size 
93	1	string return char defined const c_str str 
94	1	realtype typename imagedimension timagetype gaussian double sigma 
95	1	double e0 goto return static status distribution 
96	1	const tag assert os std ds return 
97	1	p1 const p2 identifiertype parameter set point 
98	1	typename template indent os void numerictraits const 
99	1	metaio_stream mf int void char endl const 

<50> LL/token: -7,48092
<60> LL/token: -7,44822
<70> LL/token: -7,42293
<80> LL/token: -7,40366
<90> LL/token: -7,38484

0	1	space selection end span hsize_t dataspace null 
1	1	std string char case const spatialorientation file 
2	1	const function param exception id datatype void 
3	1	timage iterator sa typename pixel const operator 
4	1	false vr vm vm1 siemens x0019 philips 
5	1	typename set level imagedimension par scalarvaluetype active 
6	1	double vector iter dx int sum max 
7	1	dim fslio file null int return float 
8	1	nrrd return int nio char file ai 
9	1	processobject const process dataobject void return object 
10	1	filter image typedef inputimage region size itk 
11	1	histogram histogramtype double msg error false thistogram 
12	1	long char return int stream signed strm 
13	1	cinfo ci compptr jdimension int row jpeg 
14	1	itk typedef argv std writer license pointer 
15	1	threshold license outputpixeltype inputpixeltype set toutput pixeltype 
16	1	null fail property hgoto_error ret_value list negative 
17	1	object fail link group hgoto_error udata dxpl_id 
18	1	v1 v2 mm0 movq mm7 mm1 edi 
19	1	t1 t2 t3 istart ja u2 jb 
20	1	int char fd op void cp software 
21	1	sample const measurementvectortype tsample int statistics size 
22	1	file driver const size return h5fd_t end 
23	1	const vcl_complex parser return char int void 
24	1	copyright h5_dll hdf5 file found html include 
25	1	dctsize multiply fix dataptr int const_bits wsptr 
26	1	class inline return const template result operator 
27	1	case break return ptr end char switch 
28	1	node tree hdr internal idx child record 
29	1	int return fprintf stderr nim char data 
30	1	typedef metric typename pointer image itk fixed 
31	1	return tpixel goto hid_t char data const 
32	1	transform parameters transformtype const tscalar double jacobian 
33	1	include io mqc opening testing file i2l 
34	1	itk include pointer std float license typedef 
35	1	png_ptr endif info_ptr defined null int sp 
36	1	tmovingimage tfixedimage point function const evaluate index 
37	1	int return const end color unsigned begin 
38	1	matrix row column int real pelement element 
39	1	unsigned int double short static_cast ii float 
40	1	error endif ifdef extern int char void 
41	1	const return static operator bool void unsigned 
42	1	spacing origin direction size pointtype license point 
43	1	image number volume time type file slice 
44	1	state entropy bits length int code marker 
45	1	param opj_uint32 p_j2k return p_manager opj_int32 data 
46	1	typename vdimension x00 tinput levelsettype toutput inputimagetype 
47	1	ndimensions typename scalartype tscalar const field template 
48	1	vr vm vm1 vm1_n cs overlay data 
49	1	integer rhs vnl_matrix_fixed distance doublereal matrix itcom3_1 
50	1	copyright gdcm const include dicom char warranty 
51	1	message shared null hdassert ret_value end negative 
52	1	set license kernel typedef pixel vector include 
53	1	void data set method values function type 
54	1	index region image imagetype size indextype typedef 
55	1	copyright include license file void path objectfactorybase 
56	1	tinputimage typename toutputimage inputimagetype input output outputimagetype 
57	1	element fem pointer pt vectortype load int 
58	1	mesh typename cell meshtype toutputmesh typedef tinputmesh 
59	1	z__1 ftnlen i__2 i__3 z__2 info work 
60	1	attribute object count table list index type 
61	1	typedef class const superclass virtual void typename 
62	1	offset push_back const return size transform include 
63	1	point tdimension pointtype return license int spatialobject 
64	1	size_t shared dt hid_t datatype type buf 
65	1	null theta tiff_setget_undefined field_custom gradient variables info 
66	1	test true double vnl_bignum long int tcellinterface 
67	1	pp opts undef ac rv h5open file 
68	1	optimizer parameters parameterstype tinternalcomputationvaluetype measuretype scales itkoptimizer 
69	1	type char static const return enum vr 
70	1	buffer file read char void std write 
71	1	image input pixeltype output filter concept pixel 
72	1	std endl cout cerr exit_failure itk return 
73	1	true false overlay curve number sequence variable 
74	1	std cout endl command itk params myimage 
75	1	src dst define dsttype srctype endif elif 
76	1	license distributed apache software itk law licensed 
77	1	typedef license typename http insight labelobjecttype org 
78	1	output region input radius requested outputptr inputptr 
79	1	cache_ptr entry_ptr cache entry null hdassert size 
80	1	cp return int quadedgetype sz delete process 
81	1	define endif ifndef defined ifdef include extern 
82	1	doublereal integer i__ goto d__1 c__1 ftnlen 
83	1	getoutput progress filter pointer include setinput mask 
84	1	heap block hdr section indirect space free 
85	1	tif sp return uint32 case uint16 tiff 
86	1	image storage char input photometricinterpretation ts sop 
87	1	chunk dataset fill end layout file hgoto_error 
88	1	i__ integer libf2c temp i__1 i__2 continue 
89	1	fspace int tempinfo ppar instring sinfo std 
90	1	tmeasurementvector ttargetvector valuetype err license include typename 
91	1	float int double real void vector return 
92	1	double vnl_vector vnl vnl_matrix include const size 
93	1	string return char const defined str kwsys_stl 
94	1	realtype gaussian sigma variance double label mapit 
95	1	double e0 goto return status static distribution 
96	1	const tag assert std os return ds 
97	1	typename p1 const p2 identifiertype point meshsource 
98	1	typename template os indent void static_cast const 
99	1	metaio_stream mf void int char endl cout 

<100> LL/token: -7,37178
<110> LL/token: -7,36085
<120> LL/token: -7,35138
<130> LL/token: -7,34296
<140> LL/token: -7,33551

0	1	space selection end span hsize_t dataspace null 
1	1	std string char file const case spatialorientation 
2	1	const function param exception id datatype h5 
3	1	timage sa iterator typename pixel const image 
4	1	false vr vm vm1 siemens x0019 philips 
5	1	typename set imagedimension par timagetype level scalarvaluetype 
6	1	double vector iter sum pixel dx max 
7	1	dim fslio int null file float return 
8	1	nrrd return nio char int file ai 
9	1	processobject void const process object dataobject return 
10	1	filter image typedef inputimage region size itk 
11	1	histogram histogramtype double error msg false thistogram 
12	1	long char return stream int strm checkfixedarraytraits 
13	1	cinfo compptr ci jdimension int row jpeg 
14	1	itk typedef argv std writer pointer license 
15	1	toutput threshold license tinput set outputpixeltype inputpixeltype 
16	1	fail null property ret_value hgoto_error list negative 
17	1	object fail link hgoto_error group udata dxpl_id 
18	1	v1 mm0 v2 movq mm7 mm1 edi 
19	1	t1 t2 t3 istart ja u2 jb 
20	1	int img void op char fd cp 
21	1	sample measurementvectortype const tsample statistics measurementvectorsize measurement 
22	1	file driver size end return const addr 
23	1	const vcl_complex return parser char int void 
24	1	copyright hid_t h5_dll hdf5 file void found 
25	1	dctsize multiply fix dataptr int const_bits wsptr 
26	1	class inline return const template result iterator 
27	1	case break return ptr end switch char 
28	1	node tree hdr internal child idx end 
29	1	return int fprintf stderr nim char data 
30	1	typedef metric pointer itk typename fixedimagetype image 
31	1	return tpixel goto char data hid_t loc_id 
32	1	transform parameters const transformtype tscalar double jacobian 
33	1	include io mqc hdr testing opening file 
34	1	itk std include pointer typedef cout float 
35	1	png_ptr endif info_ptr defined int null sp 
36	1	point tmovingimage tfixedimage const function typename double 
37	1	const int color return unsigned end double 
38	1	matrix row column int pelement element real 
39	1	unsigned int double short float ii size 
40	1	error endif ifdef stack extern char void 
41	1	const return operator static bool void class 
42	1	spacing origin direction size license pointtype point 
43	1	image number time type pixel values file 
44	1	state cinfo entropy bits int length code 
45	1	opj_uint32 param p_j2k return p_manager opj_int32 data 
46	1	x00 vdimension typename levelsettype inputimagetype tinput term 
47	1	ndimensions typename scalartype tscalar field const update 
48	1	vr vm vm1 overlay vm1_n cs data 
49	1	integer doublereal distance rhs itcom3_1 ia return 
50	1	copyright gdcm const include std dicom char 
51	1	message shared hdassert null end mesg hgoto_error 
52	1	set license kernel typedef pixel image vector 
53	1	data set void method values type function 
54	1	index region image imagetype size indextype typedef 
55	1	copyright itk include license void file path 
56	1	tinputimage typename toutputimage input output inputimagetype outputimagetype 
57	1	element fem vectortype pt pointer load femobject 
58	1	typename mesh cell meshtype toutputmesh tinputmesh typedef 
59	1	z__1 ftnlen z__2 info i__2 i__3 integer 
60	1	attribute index id table list null type 
61	1	typedef class const superclass void virtual typename 
62	1	push_back offset const return size include vectorimage 
63	1	point tdimension int return pointtype license object 
64	1	size_t shared dt hid_t datatype type buf 
65	1	null tiff_setget_undefined v3p_netlib_real isave field_custom v3p_netlib_const entry 
66	1	test true double long vnl_bignum inline tvaluetype 
67	1	opts pp undef ac rv h5open len 
68	1	parameterstype parameters optimizer double scales itkoptimizer dicomparser 
69	1	type char static const return enum vr 
70	1	buffer file static_cast read std data void 
71	1	image pixeltype input typedef concept filter output 
72	1	std endl cout cerr exit_failure itk return 
73	1	true false curve number variable code x0020 
74	1	std command int params itk shrink endl 
75	1	src dst define dsttype srctype endif elif 
76	1	license apache distributed software itk insight consortium 
77	1	license typedef typename http insight labelobjecttype www 
78	1	output region input requested outputptr inputptr set 
79	1	cache_ptr entry_ptr cache entry null hdassert size 
80	1	cp return int quadedgetype delete pipe process 
81	1	define endif ifndef defined ifdef include extern 
82	1	doublereal integer i__ goto d__1 c__1 abs 
83	1	progress getoutput filter pointer include mask setinput 
84	1	heap block hdr section indirect hdassert space 
85	1	tif sp return uint32 case uint16 tiff 
86	1	image storage return input char class photometricinterpretation 
87	1	chunk dataset fill end layout fail file 
88	1	i__ integer temp i__2 libf2c i__1 continue 
89	1	fspace int tempinfo ppar instring sinfo std 
90	1	tmeasurementvector license ttargetvector valuetype err include jmessage 
91	1	float int double vector lp1 exponent void 
92	1	double vnl_vector vnl vnl_matrix include const size 
93	1	string return char defined const kwsys_stl str 
94	1	realtype gaussian double sigma variance mapit const 
95	1	double e0 goto return status static distribution 
96	1	const tag assert std ds de return 
97	1	typename const p1 p2 point identifiertype meshsource 
98	1	typename template os indent void const std 
99	1	metaio_stream mf void int char endl return 

<150> LL/token: -7,33046
<160> LL/token: -7,32553
<170> LL/token: -7,32131
<180> LL/token: -7,31974
<190> LL/token: -7,31589

0	1	space selection end span hsize_t dataspace null 
1	1	std string char file case spatialorientation filename 
2	1	const function exception param id datatype h5 
3	1	timage sa iterator typename image pixel const 
4	1	false vr vm vm1 siemens x0019 philips 
5	1	typename set imagedimension timagetype image par level 
6	1	vector double pixel dx sum return max 
7	1	dim fslio int null return file float 
8	1	nrrd return nio int char file ai 
9	1	processobject void object process const dataobject threads 
10	1	filter typedef image region size itk inputimage 
11	1	histogram histogramtype double error msg false thistogram 
12	1	long stream return char state int strm 
13	1	cinfo compptr ci jdimension row int void 
14	1	itk typedef argv std pointer license writer 
15	1	threshold toutput license tinput set outputpixeltype inputpixeltype 
16	1	fail null property ret_value hgoto_error list negative 
17	1	object fail link hgoto_error group udata loc 
18	1	mm0 v2 v1 movq mm7 mm1 edi 
19	1	t1 t2 t3 istart ja u2 jb 
20	1	int img op fd char void cp 
21	1	sample const measurementvectortype iter tsample statistics int 
22	1	file driver end size return const addr 
23	1	const return parser vcl_complex int char void 
24	1	copyright hid_t h5_dll hdf5 void file found 
25	1	dctsize multiply fix dataptr int const_bits wsptr 
26	1	class return inline const template result typedef 
27	1	case break ptr return end char switch 
28	1	node tree hdr internal child idx end 
29	1	return int fprintf nim stderr char data 
30	1	typedef metric itk pointer typename fixedimagetype movingimagetype 
31	1	return goto tpixel char data hid_t const 
32	1	transform parameters const transformtype tscalar double jacobian 
33	1	include io hdr mqc file testing int 
34	1	itk std include pointer float cout inputtype 
35	1	png_ptr endif info_ptr defined null int sp 
36	1	image point tmovingimage tfixedimage index typename function 
37	1	int const ndimensions unsigned return color double 
38	1	matrix row column int pelement col size 
39	1	unsigned int double long float short ii 
40	1	error endif ifdef int char stack extern 
41	1	const return operator bool static void template 
42	1	spacing origin direction size license pointtype vimagedimension 
43	1	image number values type pixel time file 
44	1	cinfo entropy int bits code state length 
45	1	opj_uint32 param p_j2k return p_manager data opj_int32 
46	1	x00 vdimension typename levelsettype inputimagetype tinput input 
47	1	ndimensions typename field scalartype tscalar const displacementfieldtype 
48	1	vr vm vm1 overlay vm1_n cs data 
49	1	integer doublereal distance itcom3_1 ia randomaccessiterator param 
50	1	copyright gdcm include const char dicom std 
51	1	message shared null hdassert mesg end header 
52	1	set license kernel include pixel typedef vector 
53	1	data set void method number function default 
54	1	index region imagetype image size indextype typedef 
55	1	copyright file itk license path const void 
56	1	tinputimage typename toutputimage output input inputimagetype template 
57	1	element fem pt vectortype pointer const load 
58	1	mesh typename cell meshtype toutputmesh tinputmesh typedef 
59	1	z__1 ftnlen z__2 integer i__2 info i__3 
60	1	attribute index id null object list tree 
61	1	typedef class const void superclass virtual typename 
62	1	push_back offset size return const begin vectorimage 
63	1	point int tdimension return pointtype license unsigned 
64	1	shared size_t dt hid_t type datatype buf 
65	1	null stp tiff_setget_undefined theta info v3p_netlib_real isave 
66	1	test true double long vnl_bignum inline tvaluetype 
67	1	opts pp undef ac rv len h5open 
68	1	parameterstype parameters optimizer double itkoptimizer dicomparser scales 
69	1	char type const static return enum vr 
70	1	buffer file static_cast data read std void 
71	1	image pixeltype input concept typedef output filter 
72	1	std endl cout cerr exit_failure itk return 
73	1	true false curve number code variable descriptor 
74	1	std int params itk endl shrink license 
75	1	src dst define dsttype srctype endif elif 
76	1	license apache distributed software itk law compliance 
77	1	license typedef typename http insight labelobjecttype label 
78	1	output region input requested license set getoutput 
79	1	cache_ptr entry_ptr entry cache null hdassert size 
80	1	cp int return quadedgetype pipe delete process 
81	1	define endif ifndef defined ifdef include extern 
82	1	doublereal integer i__ d__1 goto abs c__1 
83	1	progress getoutput pointer include filter mask setinput 
84	1	heap block hdr section indirect hdassert space 
85	1	tif sp return uint32 case tiff uint16 
86	1	image storage return input char class ts 
87	1	chunk dataset fill end hgoto_error fail file 
88	1	i__ integer temp i__2 i__1 libf2c continue 
89	1	fspace int tempinfo ppar instring sinfo end 
90	1	tmeasurementvector license err ttargetvector valuetype include jmessage 
91	1	float int double return buffer exponent vector 
92	1	double vnl_vector vnl vnl_matrix include const vnl_matrix_fixed 
93	1	string return char const defined kwsys_stl str 
94	1	realtype gaussian double sigma const int numerictraits 
95	1	double e0 goto return status static distribution 
96	1	const tag assert std ds de return 
97	1	typename const p1 threadid p2 tinternalcomputationvaluetype point 
98	1	typename template os indent void const std 
99	1	metaio_stream mf void int char endl cout 

<200> LL/token: -7,31267
<210> LL/token: -7,31041
<220> LL/token: -7,30777
<230> LL/token: -7,3058
<240> LL/token: -7,30367

0	1	space selection end span hsize_t dataspace null 
1	1	std string char file filename case spatialorientation 
2	1	const function exception param id datatype h5 
3	1	timage sa iterator typename pixel image const 
4	1	false vr vm vm1 siemens x0019 philips 
5	1	typename set imagedimension timagetype par scalarvaluetype level 
6	1	vector pixel vec include double sum result 
7	1	dim fslio int return null char file 
8	1	nrrd return int nio char file ai 
9	1	processobject void object process dataobject const return 
10	1	filter typedef image size region inputimage itk 
11	1	histogram histogramtype error double msg false thistogram 
12	1	long state return stream char int strm 
13	1	cinfo ci compptr jdimension void row int 
14	1	itk typedef argv std writer pointer license 
15	1	threshold license toutput tinput set outputpixeltype include 
16	1	property null fail list hgoto_error ret_value negative 
17	1	object fail link group hgoto_error loc udata 
18	1	mm0 movq mm7 v2 v1 edi mm1 
19	1	t1 t2 t3 istart ja u2 jb 
20	1	op img int char void fd tiff 
21	1	sample const measurementvectortype tsample int iter statistics 
22	1	file driver size end return const addr 
23	1	const return parser vcl_complex int void char 
24	1	copyright hid_t h5_dll herr_t hdf5 void file 
25	1	dctsize multiply fix dataptr const_bits int wsptr 
26	1	class inline return const template result typedef 
27	1	case break return ptr end char switch 
28	1	node tree hdr internal idx child null 
29	1	int return fprintf stderr nim char data 
30	1	metric typedef itk pointer typename fixedimagetype movingimagetype 
31	1	return goto tpixel char data hid_t loc_id 
32	1	transform parameters const transformtype tscalar double point 
33	1	include io file int hdr mqc testing 
34	1	itk std include pointer float cout inputtype 
35	1	png_ptr endif info_ptr defined null int sp 
36	1	image point tmovingimage tfixedimage dim index double 
37	1	int const unsigned ndimensions end tpointdimension return 
38	1	matrix row column int col pelement size 
39	1	unsigned int double long float short size 
40	1	endif error ifdef extern char void stack 
41	1	const return operator bool static void template 
42	1	spacing origin direction size license vimagedimension point 
43	1	image values number pixel file set images 
44	1	cinfo entropy int code marker bits length 
45	1	opj_uint32 param p_j2k return p_manager opj_int32 data 
46	1	x00 typename vdimension levelsettype inputimagetype tinput include 
47	1	ndimensions field typename tscalar displacementfieldtype const update 
48	1	vr vm vm1 overlay vm1_n cs data 
49	1	integer doublereal ii itcom3_1 ia param ja 
50	1	copyright gdcm include const char dicom std 
51	1	message null shared hdassert mesg end header 
52	1	set license pixel int image include kernel 
53	1	data set number void type method memory 
54	1	index region image imagetype size typedef indextype 
55	1	copyright license include file itk path objectfactorybase 
56	1	tinputimage typename toutputimage output input inputimagetype template 
57	1	element fem vectortype pt pointer int load 
58	1	mesh typename cell meshtype toutputmesh tinputmesh point 
59	1	z__1 z__2 ftnlen integer i__3 work i__2 
60	1	attribute index id null tree object type 
61	1	typedef class const void superclass virtual typename 
62	1	push_back begin size offset const return iterator 
63	1	point tdimension int return pointtype license unsigned 
64	1	shared size_t dt type hid_t datatype buf 
65	1	stp info function theta tiff_setget_undefined return iprint 
66	1	test true double vnl_bignum long inline tvaluetype 
67	1	opts pp undef ac rv len argv 
68	1	parameterstype parameters itkoptimizer void optimizer dicomparser double 
69	1	type char static const return enum vr 
70	1	buffer file static_cast read std data void 
71	1	image pixeltype typedef input concept filter output 
72	1	std endl cout cerr exit_failure itk return 
73	1	true false curve number code variable descriptor 
74	1	std itk params license int registrator shrink 
75	1	src dst dsttype srctype define endif elif 
76	1	license distributed apache software itk limitations permissions 
77	1	license typename typedef http insight labelobjecttype label 
78	1	output region input requested license set fit 
79	1	cache_ptr entry_ptr null entry cache hdassert size 
80	1	cp return int quadedgetype pipe endif process 
81	1	define endif ifndef defined include ifdef extern 
82	1	doublereal integer i__ d__1 goto abs c__1 
83	1	getoutput progress pointer include filter setinput mask 
84	1	heap block hdr section indirect hdassert space 
85	1	tif sp return uint32 case static tiff 
86	1	image return storage input char ts photometricinterpretation 
87	1	chunk dataset fill end fail hgoto_error file 
88	1	i__ integer temp i__2 i__1 libf2c continue 
89	1	fspace int tempinfo ppar instring sinfo std 
90	1	tmeasurementvector scalartype license ttargetvector valuetype err include 
91	1	int double float vector return buffer exponent 
92	1	double vnl_vector vnl vnl_matrix include const vnl_matrix_fixed 
93	1	string return char const defined kwsys_stl systemtools 
94	1	realtype gaussian double int sigma const mapit 
95	1	double e0 goto return status static distribution 
96	1	const tag assert std ds de return 
97	1	typename const p1 p2 threadid tinternalcomputationvaluetype point 
98	1	typename template os indent void const std 
99	1	metaio_stream mf void int char endl cout 

[beta: 0,00303] 
<250> LL/token: -7,14667
<260> LL/token: -7,00841
<270> LL/token: -6,99925
<280> LL/token: -6,99427
<290> LL/token: -6,99095

0	0,26028	space selection end span hsize_t dataspace null 
1	0,30159	std string char file spatialorientation filename case 
2	0,31024	const function param exception id datatype h5 
3	0,46943	timage sa iterator typename image pixel region 
4	0,10994	vr vm false vm1 siemens x0019 philips 
5	0,29188	typename imagedimension set image par scalarvaluetype level 
6	0,31349	vector vec sum pixel result double dx 
7	0,21256	nim fslio return dim int null char 
8	0,23218	nrrd return nio char int ai file 
9	0,36868	processobject void object process dataobject output threads 
10	0,47779	filter image typedef region size inputimage declare 
11	0,23401	histogram histogramtype msg error double thistogram false 
12	0,23735	long state return stream int char strm 
13	0,21825	cinfo ci compptr jdimension row void int 
14	0,68804	itk typedef argv std pointer writer filter 
15	0,36285	threshold tinput toutput set outputpixeltype output inputpixeltype 
16	0,31656	property null fail list hgoto_error ret_value class 
17	0,24318	object fail link group hgoto_error udata loc 
18	0,14875	mm0 movq v2 mm7 v1 edi mm1 
19	0,07912	t1 t2 t3 istart ja u2 jb 
20	0,23551	op img char fd int cp void 
21	0,29775	sample measurementvectortype tsample const statistics measurementvectorsize iter 
22	0,32805	file driver end size return addr const 
23	0,21882	parser const return vcl_complex char pool void 
24	0,46318	hid_t copyright h5_dll void herr_t file hdf5 
25	0,13768	dctsize multiply fix dataptr const_bits wsptr pass1_bits 
26	0,41214	class inline return const template result typedef 
27	0,38387	case break ptr return switch end char 
28	0,2126	node tree hdr internal child idx null 
29	0,25841	int fprintf return stderr xd char da 
30	0,33665	metric typedef itk pointer typename fixedimagetype movingimagetype 
31	0,20995	goto return tpixel hid_t char data loc_id 
32	0,37869	transform parameters const tscalar transformtype double point 
33	0,28301	include io mqc hdr testing opening i2l 
34	0,50366	itk std pointer include inputtype cout float 
35	0,15586	png_ptr info_ptr endif defined null sp int 
36	0,3652	dim image point tmovingimage tfixedimage function index 
37	0,23612	ndimensions color tpointdimension const end pnt return 
38	0,30357	matrix row column col pelement int size 
39	0,96247	int unsigned double float long short size 
40	0,28355	ifdef error endif stack char extern include 
41	0,85591	const return bool operator static void template 
42	0,49843	spacing origin direction size point pointtype vimagedimension 
43	0,50081	image pixel values number images volume file 
44	0,23339	cinfo entropy int marker bits code length 
45	0,14774	opj_uint32 param p_j2k return p_manager opj_int32 p_stream 
46	0,2379	x00 vdimension levelsettype typename inputimagetype tinput term 
47	0,27442	ndimensions field tscalar typename displacementfieldtype displacement update 
48	0,05973	vr vm vm1 overlay vm1_n cs data 
49	0,20249	integer doublereal ii itcom3_1 ia ja jj 
50	0,45863	copyright gdcm char include dicom std warranty 
51	0,2844	message null shared hdassert mesg header end 
52	0,31703	set itkcontourextractor2dimagefiltertestnamespace kernel element pixel structuring tkernel 
53	0,94722	data set number void function type method 
54	0,66989	index region image imagetype size typedef indextype 
55	0,42967	path copyright objectfactorybase itk file void include 
56	0,5374	tinputimage toutputimage typename output input inputimagetype getinput 
57	0,29321	element fem pt vectortype pointer load femobject 
58	0,29659	mesh typename cell meshtype toutputmesh tinputmesh point 
59	0,25767	z__1 z__2 ftnlen integer i__2 i__3 c__ 
60	0,2448	attribute index null id tree dxpl_id udata 
61	1,11345	typedef class const void typename superclass virtual 
62	0,3541	begin push_back end offset iterator size return 
63	0,33329	point tdimension return pointtype int isinside object 
64	0,21608	shared size_t dt hid_t datatype type buf 
65	0,20279	v3p_netlib_doublereal stp info theta extern iprint v3p_netlib_real 
66	0,28636	test true vnl_bignum long double inline vnl_rational 
67	0,17208	opts pp undef ac rv len infiles 
68	0,25773	parameterstype parameters itkoptimizer optimizer dicomparser scales double 
69	0,30406	type char static enum const return vr 
70	0,36492	buffer file static_cast read std data outputfile 
71	0,60138	image pixeltype input concept typedef output filter 
72	0,93488	std endl cout cerr exit_failure return itk 
73	0,35359	true false curve number code variable descriptor 
74	0,29885	params registrator shrink int width getoutput factors 
75	0,12188	src dst dsttype srctype define endif elif 
76	1,71724	license distributed software apache itk include conditions 
77	0,50258	typename typedef license http labelobjecttype label insight 
78	0,43569	output region requested input fit sizevaluetype set 
79	0,19011	cache_ptr entry_ptr cache hdassert entry null size 
80	0,24007	cp return int quadedgetype pipe process delete 
81	0,6582	define endif ifndef defined include ifdef extern 
82	0,27967	doublereal integer i__ d__1 goto c__1 abs 
83	0,31054	getoutput progress pointer filter mask setinput ttreetype 
84	0,21769	heap hdr block section indirect hdassert space 
85	0,1453	tif sp return uint32 case tiff td 
86	0,21227	image storage ts return photometricinterpretation pf class 
87	0,21749	chunk dataset fill fail hgoto_error end layout 
88	0,32521	i__ integer i__1 temp i__2 libf2c continue 
89	0,18489	fspace tempinfo ppar int instring sinfo m_pointer 
90	0,28342	tmeasurementvector scalartype ttargetvector err valuetype jmessage statistics 
91	0,25405	int double float exponent buffer cs fa 
92	0,39368	double vnl_vector vnl vnl_matrix include vnl_matrix_fixed vnl_vector_fixed 
93	0,34521	string return char kwsys_stl str defined systemtools 
94	0,30139	realtype gaussian sigma double mapit variance derivative 
95	0,28454	double e0 goto return status static distribution 
96	0,26212	const tag assert std ds de length 
97	0,23212	typename p1 const p2 threadid tinternalcomputationvaluetype point 
98	0,93152	typename template os indent void const std 
99	0,25419	metaio_stream mf void char int endl cout 

[beta: 0,00288] 
<300> LL/token: -6,9347
<310> LL/token: -6,87444
<320> LL/token: -6,86977
<330> LL/token: -6,86566
<340> LL/token: -6,8643

0	0,06723	selection space end span hsize_t dataspace null 
1	0,08513	std string char file spatialorientation case filename 
2	0,08621	const function param exception datatype id h5 
3	0,18248	timage sa iterator typename image pixel region 
4	0,01536	vr vm false vm1 siemens x0019 philips 
5	0,08482	typename imagedimension set par image scalarvaluetype level 
6	0,09552	vector vec pixel sum result componenttype dx 
7	0,0412	nim fslio dim return int null char 
8	0,04758	nrrd nio return char ai int axis 
9	0,11986	processobject process object void dataobject output threads 
10	0,18806	filter image typedef region size inputimage declare 
11	0,0566	histogram histogramtype msg double error thistogram false 
12	0,05662	long state return int stream strm char 
13	0,04857	cinfo ci compptr jdimension row int buffer 
14	0,35483	itk typedef argv std pointer filter writer 
15	0,10995	threshold tinput toutput set outputpixeltype inputpixeltype node 
16	0,09914	property null fail list hgoto_error ret_value class 
17	0,05923	object fail link group hgoto_error loc udata 
18	0,02414	mm0 movq mm7 v2 v1 edi mm1 
19	0,01188	t1 t2 t3 istart ja u2 jb 
20	0,05401	img op fd char cp tiff void 
21	0,08115	sample measurementvectortype tsample const statistics measurementvectorsize sampletype 
22	0,09325	file driver return end size addr ret_value 
23	0,04213	parser const vcl_complex return char pool int 
24	0,19157	hid_t copyright h5_dll herr_t hdf5 void file 
25	0,02339	dctsize multiply fix dataptr const_bits wsptr pass1_bits 
26	0,14258	class inline return const template result typedef 
27	0,15349	case break ptr return switch end char 
28	0,0466	node tree hdr internal idx child null 
29	0,06754	fprintf return int stderr xd char da 
30	0,10138	metric typedef itk pointer fixedimagetype typename movingimagetype 
31	0,04315	goto return tpixel char hid_t data loc_id 
32	0,13064	transform parameters tscalar const transformtype double matrix 
33	0,06107	include hdr mqc io opening i2l mqc_states 
34	0,17767	itk std pointer inputtype include cout outputtype 
35	0,02382	png_ptr info_ptr endif defined null sp int 
36	0,12919	image point tmovingimage dim tfixedimage index function 
37	0,0501	ndimensions tpointdimension color end pnt const ii 
38	0,09545	matrix row col column pelement real element 
39	0,71345	int unsigned double float long size short 
40	0,07898	endif ifdef error stack char void return 
41	0,6045	const return static bool operator void template 
42	0,20508	spacing origin direction size pointtype vimagedimension point 
43	0,24466	image pixel values number images volume set 
44	0,05607	cinfo entropy marker int bits code length 
45	0,02234	opj_uint32 p_j2k param return p_manager opj_int32 p_stream 
46	0,05485	x00 vdimension typename levelsettype inputimagetype tinput typedef 
47	0,07125	ndimensions field tscalar typename displacementfieldtype displacement update 
48	0,00679	vr vm vm1 overlay vm1_n cs data 
49	0,04554	integer doublereal ii itcom3_1 ia jj ja 
50	0,18038	gdcm copyright std include dicom char warranty 
51	0,08312	message null shared hdassert mesg end header 
52	0,08151	set itkcontourextractor2dimagefiltertestnamespace pixel element structuring kernel tkernel 
53	0,73828	data set number void function type values 
54	0,36488	index region image imagetype size typedef indextype 
55	0,14	path objectfactorybase copyright void register file itk 
56	0,23464	tinputimage toutputimage typename output input inputimagetype getinput 
57	0,07604	element fem pt vectortype pointer load femobject 
58	0,08203	mesh typename cell meshtype toutputmesh tinputmesh pointtype 
59	0,07283	z__1 z__2 ftnlen integer i__2 i__3 c__ 
60	0,05705	attribute index tree dxpl_id udata null v2 
61	0,84151	typedef const class void typename superclass virtual 
62	0,13047	begin push_back iterator end size offset return 
63	0,08955	point tdimension return pointtype int isinside object 
64	0,04835	shared size_t dt datatype hid_t type buf 
65	0,05198	v3p_netlib_integer v3p_netlib_doublereal extern info stp v3p_netlib_doublecomplex iprint 
66	0,08266	test vnl_bignum true long double inline vnl_rational 
67	0,03206	opts pp undef ac rv infiles len 
68	0,06663	parameterstype parameters itkoptimizer dicomparser optimizer scales void 
69	0,09068	type char static enum const return vr 
70	0,12768	buffer file static_cast read std data outputfile 
71	0,29656	image pixeltype input concept filter output typedef 
72	0,59605	std endl cout cerr return exit_failure itk 
73	0,14185	true false curve number code variable descriptor 
74	0,07154	registrator params shrink width command getoutput factors 
75	0,01757	src dst dsttype srctype define endif elif 
76	1,75658	license software itk distributed apache include insight 
77	0,18833	typename typedef labelobjecttype label journal http labelobject 
78	0,15588	region output requested input fit set sizevaluetype 
79	0,03852	cache_ptr entry_ptr hdassert cache null entry size 
80	0,05582	cp int return quadedgetype pipe process delete 
81	0,36122	define endif ifndef defined include ifdef extern 
82	0,08193	doublereal integer i__ d__1 goto abs c__1 
83	0,08636	getoutput progress pointer filter setinput ttreetype mask 
84	0,0483	heap hdr block section indirect hdassert space 
85	0,023	tif sp return uint32 case tiff td 
86	0,04426	image storage ts photometricinterpretation return pf pixelformat 
87	0,04635	chunk dataset fill fail hgoto_error end layout 
88	0,10868	i__ integer i__1 i__2 temp libf2c info 
89	0,02954	fspace tempinfo ppar instring sinfo int m_pointer 
90	0,05713	tmeasurementvector scalartype ttargetvector err valuetype jmessage statistics 
91	0,06458	int float double buffer exponent cs fa 
92	0,15362	double vnl_vector vnl_matrix vnl include vnl_matrix_fixed vnl_vector_fixed 
93	0,1234	string char return kwsys_stl defined str systemtools 
94	0,09127	realtype gaussian sigma mapit sum double variance 
95	0,08448	double e0 goto return static status distribution 
96	0,06855	tag const assert ds std de vr 
97	0,05152	typename p1 p2 const threadid tinternalcomputationvaluetype point 
98	0,63164	typename template os indent void const std 
99	0,05715	metaio_stream mf void char int endl cout 

[beta: 0,00294] 
<350> LL/token: -6,84347
<360> LL/token: -6,81947
<370> LL/token: -6,81625
<380> LL/token: -6,81432
<390> LL/token: -6,81291

0	0,02056	space selection end span hsize_t dataspace null 
1	0,0297	std string char file spatialorientation case filename 
2	0,02675	const function param exception datatype id h5 
3	0,07441	timage sa iterator image typename pixel region 
4	0,00409	vm vr false vm1 siemens x0019 philips 
5	0,03183	typename imagedimension set image scalarvaluetype level par 
6	0,03627	vector vec pixel sum result dx componenttype 
7	0,01015	nim fslio return dim int null char 
8	0,01213	nrrd nio return char ai int axis 
9	0,05001	processobject object void process output dataobject threads 
10	0,07561	filter image typedef region size declare inputimage 
11	0,02061	histogram histogramtype msg double thistogram error false 
12	0,01791	state long int return stream strm checkfixedarraytraits 
13	0,01443	cinfo ci jdimension compptr row void int 
14	0,16876	itk typedef argv std pointer filter writer 
15	0,03939	threshold tinput toutput set outputpixeltype node inputpixeltype 
16	0,0378	property null fail list hgoto_error ret_value class 
17	0,01877	object fail link hgoto_error group udata loc 
18	0,00673	mm0 movq mm7 v2 edi v1 mm1 
19	0,00538	t1 t2 t3 istart ja u2 jb 
20	0,01634	op fd img tiff char sp cp 
21	0,02947	sample measurementvectortype tsample const statistics measurementvectorsize iter 
22	0,0291	file driver size end return addr ret_value 
23	0,01154	parser vcl_complex const return char int pool 
24	0,08522	hid_t copyright h5_dll herr_t hdf5 file void 
25	0,00618	dctsize multiply fix dataptr const_bits wsptr pass1_bits 
26	0,05471	class inline return const template result typedef 
27	0,07594	case break ptr return switch end char 
28	0,01537	node tree hdr internal child idx null 
29	0,02181	fprintf int return stderr xd char da 
30	0,03702	metric typedef itk pointer fixedimagetype typename movingimagetype 
31	0,01309	goto return tpixel hid_t char data loc_id 
32	0,05291	transform parameters tscalar const transformtype double matrix 
33	0,01952	include hdr mqc io opening i2l mqc_states 
34	0,05582	itk std inputtype pointer cout include outputtype 
35	0,00516	png_ptr info_ptr endif defined null sp int 
36	0,05462	image point tmovingimage tfixedimage dim index function 
37	0,01697	ndimensions tpointdimension color unsigned end int pnt 
38	0,03792	matrix row col column pelement size real 
39	0,47854	int unsigned double float long size short 
40	0,02944	endif ifdef error stack char return void 
41	0,39285	const return static operator bool void template 
42	0,08912	spacing origin direction size pointtype point vimagedimension 
43	0,13113	image pixel values number images volume time 
44	0,01737	cinfo entropy marker int bits code length 
45	0,00523	opj_uint32 param p_j2k return p_manager opj_int32 p_stream 
46	0,0199	x00 vdimension typename levelsettype inputimagetype tinput typedef 
47	0,02546	ndimensions field tscalar typename displacementfieldtype update displacement 
48	0,00285	vr vm vm1 overlay vm1_n cs data 
49	0,01419	integer doublereal ii itcom3_1 ia ja jj 
50	0,07466	gdcm copyright std dicom include const char 
51	0,03106	message null shared hdassert mesg end header 
52	0,02512	set itkcontourextractor2dimagefiltertestnamespace pixel structuring element myvertextype kernel 
53	0,52635	data set number void function type values 
54	0,19959	index region image imagetype size typedef indextype 
55	0,05291	path objectfactorybase copyright register void factory itk 
56	0,10845	tinputimage toutputimage typename output input getoutput getinput 
57	0,02625	element fem pt vectortype pointer femobject load 
58	0,03166	mesh typename cell meshtype toutputmesh tinputmesh pointtype 
59	0,02704	z__1 z__2 ftnlen integer i__2 i__3 c__ 
60	0,01676	attribute dxpl_id index tree udata null v2 
61	0,54476	typedef const class void typename superclass virtual 
62	0,05673	begin push_back iterator end size return offset 
63	0,03018	tdimension point return pointtype int isinside object 
64	0,01528	shared size_t dt datatype hid_t type buf 
65	0,02487	v3p_netlib_integer v3p_netlib_doublereal extern info stp v3p_netlib_doublecomplex int 
66	0,03032	test vnl_bignum true long double inline vnl_rational 
67	0,00998	opts pp undef rv ac infiles len 
68	0,02324	parameterstype parameters itkoptimizer dicomparser optimizer void double 
69	0,02986	type char static enum const return vr 
70	0,05244	buffer static_cast file read std data outputfile 
71	0,14301	image tinputimage pixeltype toutputimage input concept inputimagetype 
72	0,34053	std endl cout cerr return itk exit_failure 
73	0,06646	true false curve number variable code descriptor 
74	0,0229	registrator params shrink getoutput width factors m_process 
75	0,00632	src dst dsttype srctype define endif elif 
76	1,40311	license itk software distributed apache include copyright 
77	0,07166	typename typedef labelobjecttype label journal http labelobject 
78	0,05488	region output requested input fit sizevaluetype frame 
79	0,01	cache_ptr entry_ptr hdassert cache null entry fail 
80	0,0183	cp return int quadedgetype pipe process delete 
81	0,18936	define endif ifndef defined include ifdef extern 
82	0,03221	doublereal integer i__ d__1 goto abs ftnlen 
83	0,03276	getoutput progress filter pointer ttreetype setinput mask 
84	0,01423	heap hdr block section indirect hdassert space 
85	0,00689	tif sp return uint32 case tiff td 
86	0,0134	image storage ts return photometricinterpretation pixelformat assert 
87	0,01336	chunk dataset fill fail end hgoto_error layout 
88	0,04542	i__ integer i__2 i__1 temp libf2c info 
89	0,00749	fspace tempinfo ppar instring sinfo int m_pointer 
90	0,0178	tmeasurementvector ttargetvector scalartype valuetype err jmessage statistics 
91	0,02173	int double buffer float exponent cs fa 
92	0,0711	double vnl_vector vnl_matrix vnl include vnl_matrix_fixed const 
93	0,05454	string char return kwsys_stl const defined str 
94	0,03658	realtype gaussian sigma double mapit variance sum 
95	0,03201	double e0 goto return static status distribution 
96	0,02363	tag const assert ds std de vr 
97	0,01672	typename p1 const p2 threadid tinternalcomputationvaluetype point 
98	0,38704	typename template os indent void std const 
99	0,01543	metaio_stream mf void char int endl cout 

[beta: 0,00298] 
<400> LL/token: -6,80617
<410> LL/token: -6,79519
<420> LL/token: -6,79411
<430> LL/token: -6,79328
<440> LL/token: -6,79299

0	0,00866	space selection end span hsize_t dataspace null 
1	0,01534	std string char file spatialorientation const case 
2	0,01123	const function param datatype id exception h5 
3	0,0394	timage sa typename iterator image const pixel 
4	0,00218	vr vm false vm1 siemens x0019 philips 
5	0,01717	typename image imagedimension set scalarvaluetype level par 
6	0,01966	vector vec pixel sum result dx array 
7	0,00428	nim fslio return int dim null char 
8	0,00474	nrrd nio return char int ai axis 
9	0,02791	processobject object process dataobject return output void 
10	0,03687	filter image typedef region size inputimage declare 
11	0,01225	histogram histogramtype msg error double thistogram false 
12	0,00866	state long return stream int strm checkfixedarraytraits 
13	0,00722	cinfo ci compptr jdimension row void int 
14	0,08979	itk typedef argv std pointer filter writer 
15	0,02121	threshold tinput toutput set outputpixeltype node output 
16	0,01894	property null fail list hgoto_error ret_value class 
17	0,00914	object fail link group hgoto_error udata ret_value 
18	0,00366	mm0 movq mm7 v2 v1 edi mm1 
19	0,00391	t1 t2 t3 istart ja u2 jb 
20	0,00812	op sp img fd int cp char 
21	0,01619	sample measurementvectortype tsample const statistics measurementvectorsize iter 
22	0,01205	file driver size end return addr ret_value 
23	0,00549	parser vcl_complex const return char pool xml_char 
24	0,04555	hid_t copyright h5_dll herr_t void hdf5 file 
25	0,00304	dctsize multiply fix dataptr const_bits wsptr pass1_bits 
26	0,02636	class return const inline template result typedef 
27	0,04298	case break ptr return switch char end 
28	0,00862	node tree hdr internal child idx null 
29	0,0103	fprintf int return stderr xd da char 
30	0,01971	metric typedef itk typename fixedimagetype pointer movingimagetype 
31	0,00665	goto return tpixel hid_t char data loc_id 
32	0,0299	transform parameters tscalar transformtype const matrix jacobian 
33	0,01124	include hdr mqc io i2l opening mqc_states 
34	0,02243	itk std inputtype pointer cout include outputtype 
35	0,00234	png_ptr info_ptr endif defined null sp int 
36	0,03045	image point tmovingimage tfixedimage index dim function 
37	0,01037	ndimensions tpointdimension color const int unsigned end 
38	0,02064	matrix row col column pelement int size 
39	0,3273	int unsigned double float long size short 
40	0,01526	endif ifdef error return char stack include 
41	0,25898	const return static operator bool template void 
42	0,05083	spacing origin direction size pointtype point spacingtype 
43	0,08241	image pixel values number images volume time 
44	0,00824	cinfo entropy int marker code bits state 
45	0,00258	opj_uint32 param p_j2k return p_manager opj_int32 p_stream 
46	0,01218	x00 vdimension typename levelsettype inputimagetype typedef tinput 
47	0,01473	ndimensions field tscalar typename displacementfieldtype update displacement 
48	0,00215	vr vm vm1 overlay vm1_n cs data 
49	0,00658	integer doublereal ii itcom3_1 ia ja jj 
50	0,038	gdcm copyright std const dicom include char 
51	0,01572	message null shared hdassert mesg end header 
52	0,01212	set itkcontourextractor2dimagefiltertestnamespace pixel element structuring myvertextype kernel 
53	0,37643	data set number void function type values 
54	0,12127	index region image imagetype size typedef indextype 
55	0,02974	path objectfactorybase void copyright itk factory register 
56	0,05571	tinputimage toutputimage typename output input getoutput getinput 
57	0,0142	element fem pt vectortype pointer femobject load 
58	0,01916	mesh typename cell meshtype toutputmesh tinputmesh pointtype 
59	0,01333	z__1 z__2 integer ftnlen i__2 i__3 c__ 
60	0,00798	attribute dxpl_id index udata tree null v2 
61	0,34846	typedef const typename class void superclass virtual 
62	0,03165	begin push_back iterator end size return telement 
63	0,0151	tdimension point int return pointtype object isinside 
64	0,00754	shared size_t dt hid_t datatype type buf 
65	0,01687	v3p_netlib_integer v3p_netlib_doublereal extern info stp int v3p_netlib_doublecomplex 
66	0,01692	test vnl_bignum true long double vnl_rational d2 
67	0,0053	opts pp undef rv ac len infiles 
68	0,01334	parameterstype parameters itkoptimizer dicomparser optimizer void double 
69	0,01301	type char static enum const return vr 
70	0,02738	buffer static_cast file std data read outputfile 
71	0,07808	image tinputimage pixeltype toutputimage input inputimagetype concept 
72	0,20282	std endl cout return cerr itk exit_failure 
73	0,03488	true false curve number variable code descriptor 
74	0,01215	registrator params shrink int getoutput width m_process 
75	0,00448	src dst dsttype srctype define endif elif 
76	1,01949	license itk software distributed apache include http 
77	0,03706	typename typedef labelobjecttype label journal insight labelobject 
78	0,0252	region output requested input fit sizevaluetype frame 
79	0,00355	cache_ptr entry_ptr hdassert cache null entry size 
80	0,00946	cp return int quadedgetype pipe process delete 
81	0,10797	define endif ifndef defined include ifdef extern 
82	0,01867	doublereal integer i__ d__1 goto abs ftnlen 
83	0,019	progress getoutput pointer filter ttreetype setinput tinputimage 
84	0,00676	heap hdr block section indirect hdassert space 
85	0,00405	tif sp return uint32 case tiff td 
86	0,00702	image storage return assert ts photometricinterpretation pixelformat 
87	0,00618	chunk dataset fail fill hgoto_error end layout 
88	0,02488	i__ integer i__2 i__1 temp libf2c continue 
89	0,00384	fspace tempinfo ppar instring sinfo int m_pointer 
90	0,0103	tmeasurementvector scalartype ttargetvector valuetype err jmessage statistics 
91	0,01098	int double buffer exponent return float cs 
92	0,04311	double vnl_vector vnl_matrix vnl include const vnl_matrix_fixed 
93	0,03121	string char return kwsys_stl const defined systemtools 
94	0,02096	realtype gaussian double sigma mapit variance sum 
95	0,01645	double e0 goto return static status distribution 
96	0,01317	tag const assert ds std de vr 
97	0,00935	typename const p1 p2 threadid tinternalcomputationvaluetype point 
98	0,24715	typename template os indent std void const 
99	0,00676	metaio_stream mf void char int endl cout 

[beta: 0,00302] 
<450> LL/token: -6,78885
<460> LL/token: -6,78374
<470> LL/token: -6,78395
<480> LL/token: -6,78215
<490> LL/token: -6,78277

0	0,00462	space selection end span hsize_t dataspace null 
1	0,01099	std string char file spatialorientation case const 
2	0,00669	const function param datatype id exception h5 
3	0,02692	timage sa typename iterator image const pixel 
4	0,00168	vr vm false vm1 siemens x0019 philips 
5	0,01243	typename image imagedimension scalarvaluetype set level par 
6	0,01384	vector vec pixel sum dx array result 
7	0,00271	nim fslio return int dim null char 
8	0,00299	nrrd nio return char int ai file 
9	0,01981	processobject object output process dataobject void return 
10	0,02308	filter image typedef region size declare inputimage 
11	0,00966	histogram histogramtype msg double error thistogram false 
12	0,00594	state int long return strm stream len 
13	0,00534	cinfo ci compptr jdimension int row void 
14	0,05863	itk typedef std argv pointer filter writer 
15	0,01513	threshold tinput toutput outputpixeltype set output node 
16	0,01251	property null fail list hgoto_error ret_value class 
17	0,0062	object fail link group hgoto_error udata ret_value 
18	0,00287	mm0 movq mm7 v2 edi v1 mm1 
19	0,00327	t1 t2 t3 istart ja u2 jb 
20	0,00543	op img char fd tiff sp cp 
21	0,01196	sample measurementvectortype tsample const statistics int measurementvectorsize 
22	0,00685	file driver return size end ret_value addr 
23	0,00392	parser const vcl_complex return pool void char 
24	0,03044	hid_t copyright h5_dll herr_t void hdf5 file 
25	0,00229	dctsize multiply fix dataptr const_bits wsptr pass1_bits 
26	0,01481	class return const inline template typedef result 
27	0,02885	case break ptr return switch char const 
28	0,0062	node tree hdr internal child idx null 
29	0,00675	fprintf int stderr return xd da char 
30	0,01387	metric typedef itk fixedimagetype typename pointer movingimagetype 
31	0,00463	goto return hid_t char tpixel data loc_id 
32	0,02147	transform parameters tscalar const transformtype matrix unsigned 
33	0,00861	include mqc hdr io i2l opening mqc_states 
34	0,01336	itk std inputtype pointer cout include checkfixedarraytraits 
35	0,00163	png_ptr endif info_ptr defined null sp int 
36	0,02149	image point tmovingimage tfixedimage index dim function 
37	0,00819	ndimensions const tpointdimension int color unsigned end 
38	0,01446	matrix row col column pelement int size 
39	0,23768	int unsigned double float long size short 
40	0,01104	endif ifdef error return char stack include 
41	0,18034	const return static operator bool template inline 
42	0,0362	spacing origin direction size pointtype point spacingtype 
43	0,05906	image pixel values number volume images table 
44	0,00553	cinfo entropy marker int bits code state 
45	0,00197	opj_uint32 p_j2k param return p_manager opj_int32 p_stream 
46	0,00945	x00 vdimension typename levelsettype inputimagetype typedef tinput 
47	0,01138	ndimensions field typename tscalar displacementfieldtype update pointer 
48	0,00179	vr vm vm1 overlay vm1_n cs data 
49	0,00432	integer doublereal ii itcom3_1 ia jj ja 
50	0,02529	gdcm copyright const std include dicom char 
51	0,01054	message null shared hdassert mesg end header 
52	0,00879	set itkcontourextractor2dimagefiltertestnamespace pixel element tkernel structuring myvertextype 
53	0,28291	data set number void function type array 
54	0,08532	index region image imagetype size typedef indextype 
55	0,02244	path objectfactorybase copyright void factory register itk 
56	0,03503	tinputimage toutputimage typename output input inputimagetype getoutput 
57	0,00993	element fem pt vectortype femobject pointer load 
58	0,01526	mesh typename cell meshtype toutputmesh return pointtype 
59	0,00925	z__1 z__2 integer ftnlen i__2 i__3 c__ 
60	0,00489	attribute dxpl_id index fail tree udata null 
61	0,23548	typedef const typename void class superclass virtual 
62	0,02157	begin push_back iterator end size return const 
63	0,01023	tdimension point int return pointtype isinside object 
64	0,00505	shared size_t dt datatype hid_t type buf 
65	0,01376	v3p_netlib_integer v3p_netlib_doublereal extern info stp int integer 
66	0,01186	test vnl_bignum true long double vnl_rational d2 
67	0,00387	opts pp undef rv ac infiles len 
68	0,01011	parameterstype parameters itkoptimizer dicomparser optimizer void measuretype 
69	0,00768	type char static enum const return vr 
70	0,0178	buffer static_cast file std data read outputfile 
71	0,05202	image tinputimage pixeltype toutputimage input concept typedef 
72	0,13662	std endl cout return cerr exit_failure itk 
73	0,01991	true false curve number variable x0020 descriptor 
74	0,00886	registrator params shrink getoutput int width factors 
75	0,00371	src dst dsttype srctype define endif elif 
76	0,73284	license itk distributed software apache include http 
77	0,02662	typename typedef labelobjecttype label journal http labelobject 
78	0,01588	region output requested input fit sizevaluetype frame 
79	0,00186	cache_ptr entry_ptr hdassert cache null entry fail 
80	0,00684	cp return int quadedgetype pipe process delete 
81	0,06969	define endif ifndef defined include ifdef extern 
82	0,01356	doublereal integer i__ d__1 goto abs ftnlen 
83	0,01415	getoutput progress pointer filter ttreetype setinput mask 
84	0,00441	heap hdr block section indirect hdassert space 
85	0,00312	tif sp return uint32 case td tiff 
86	0,00516	image storage return assert ts photometricinterpretation pixelformat 
87	0,00398	chunk dataset fill fail hgoto_error end layout 
88	0,0164	i__ integer i__2 i__1 temp libf2c continue 
89	0,00279	fspace tempinfo ppar instring sinfo int m_pointer 
90	0,00821	tmeasurementvector scalartype ttargetvector valuetype err jmessage statistics 
91	0,00789	int double buffer exponent return float fa 
92	0,03192	double vnl_vector vnl_matrix vnl include const vnl_matrix_fixed 
93	0,02119	string return char kwsys_stl const defined systemtools 
94	0,0155	realtype gaussian double sigma mapit int variance 
95	0,01143	double e0 goto return static status distribution 
96	0,00948	tag const assert ds de std vr 
97	0,00719	typename const p1 threadid p2 tinternalcomputationvaluetype point 
98	0,17561	typename template os indent std const void 
99	0,00482	metaio_stream mf void char int endl cout 

[beta: 0,00303] 
<500> LL/token: -6,78117
<510> LL/token: -6,77761
<520> LL/token: -6,77695
<530> LL/token: -6,77632
<540> LL/token: -6,77674

0	0,0031	space selection end span hsize_t dataspace null 
1	0,00932	std string char file spatialorientation case const 
2	0,00523	const function param datatype id exception h5 
3	0,02132	timage sa typename image iterator const pixel 
4	0,00141	vr vm false vm1 siemens x0019 philips 
5	0,01022	typename image imagedimension set scalarvaluetype level par 
6	0,01111	vector vec pixel sum dx array result 
7	0,00212	nim fslio return int dim null stderr 
8	0,00249	nrrd nio return char ai int file 
9	0,01653	processobject output void process object return dataobject 
10	0,01785	filter image typedef region size declare inputimage 
11	0,0084	histogram histogramtype error msg double thistogram false 
12	0,00483	state long int return strm stream len 
13	0,00472	cinfo ci compptr jdimension void int row 
14	0,04545	itk typedef std argv pointer filter writer 
15	0,01253	threshold tinput toutput set outputpixeltype node output 
16	0,00919	property null fail list hgoto_error ret_value class 
17	0,00471	object fail link group hgoto_error udata location 
18	0,00227	mm0 movq mm7 v2 v1 edi mm1 
19	0,00294	t1 t2 t3 istart ja u2 jb 
20	0,00449	op sp char fd img int tiff 
21	0,01014	sample measurementvectortype tsample const int statistics return 
22	0,0051	file driver size end return ret_value null 
23	0,00324	parser const vcl_complex return void pool char 
24	0,02376	hid_t copyright herr_t h5_dll void hdf5 file 
25	0,00199	dctsize multiply fix dataptr const_bits wsptr pass1_bits 
26	0,00965	class return const inline template typedef result 
27	0,0228	case break ptr return switch char const 
28	0,00522	node tree hdr internal child idx null 
29	0,00524	fprintf int return stderr xd da char 
30	0,01167	metric typedef itk fixedimagetype pointer movingimagetype typename 
31	0,00375	goto return char hid_t data tpixel loc_id 
32	0,01734	transform parameters tscalar const transformtype matrix double 
33	0,00723	include mqc hdr i2l opening io mqc_states 
34	0,01042	itk std inputtype pointer cout include checkfixedarraytraits 
35	0,00136	png_ptr endif info_ptr defined null sp int 
36	0,01733	image point tmovingimage tfixedimage index dim function 
37	0,00721	ndimensions tpointdimension const unsigned int pnt color 
38	0,01148	matrix row col column pelement int size 
39	0,18622	int unsigned double float long size short 
40	0,0095	endif ifdef error return char stack include 
41	0,1354	const return static operator bool template inline 
42	0,02905	spacing origin direction size pointtype image spacingtype 
43	0,04699	image pixel values number volume images table 
44	0,00433	cinfo entropy int marker bits state code 
45	0,00168	opj_uint32 p_j2k param return p_manager opj_int32 p_stream 
46	0,00817	x00 vdimension typename levelsettype inputimagetype typedef tinput 
47	0,00968	ndimensions field typename tscalar displacementfieldtype update ttransform 
48	0,0016	vr vm vm1 overlay vm1_n cs data 
49	0,00337	integer doublereal ii itcom3_1 ia jj ja 
50	0,02039	gdcm copyright const std include dicom char 
51	0,00798	message null hdassert shared mesg end header 
52	0,00729	set itkcontourextractor2dimagefiltertestnamespace element structuring pixel myvertextype tkernel 
53	0,22527	data set number void function type values 
54	0,06689	region index image imagetype size typedef indextype 
55	0,01906	path objectfactorybase void copyright char itk factory 
56	0,02728	tinputimage toutputimage typename output input getinput getoutput 
57	0,00831	element fem pt vectortype pointer femobject load 
58	0,01323	mesh typename cell meshtype toutputmesh return pointtype 
59	0,00793	z__1 z__2 integer ftnlen i__2 i__3 c__ 
60	0,00368	attribute dxpl_id index null tree udata fail 
61	0,17276	typedef const typename void class superclass virtual 
62	0,01609	begin push_back iterator size end return const 
63	0,00861	tdimension point int return pointtype isinside unsigned 
64	0,00406	shared dt size_t hid_t datatype type buf 
65	0,01192	v3p_netlib_integer v3p_netlib_doublereal extern info int integer stp 
66	0,00973	test vnl_bignum true long double vnl_rational d2 
67	0,00325	opts pp undef rv ac infiles argv 
68	0,00851	parameterstype itkoptimizer parameters dicomparser optimizer void measuretype 
69	0,00561	type char static return const enum vr 
70	0,01364	buffer static_cast file std data outputfile read 
71	0,04031	image tinputimage toutputimage pixeltype typedef input concept 
72	0,10335	std endl cout return cerr exit_failure itk 
73	0,01329	true false curve number variable descriptor x0020 
74	0,00743	registrator params shrink int getoutput width m_process 
75	0,0031	src dst dsttype srctype define endif elif 
76	0,54343	license itk software distributed apache include http 
77	0,0223	typename typedef labelobjecttype label journal http labelobject 
78	0,01191	region output requested input fit sizevaluetype set 
79	0,00145	cache_ptr entry_ptr hdassert cache null entry fail 
80	0,00568	cp return int quadedgetype pipe process delete 
81	0,05213	define endif ifndef defined include ifdef extern 
82	0,01075	doublereal integer i__ d__1 goto abs ftnlen 
83	0,0124	getoutput progress pointer filter ttreetype setinput tinputimage 
84	0,0036	heap hdr block section indirect hdassert space 
85	0,00269	tif sp return uint32 case tiff td 
86	0,00446	image storage return ts assert photometricinterpretation pixelformat 
87	0,003	chunk dataset fail fill hgoto_error end layout 
88	0,01289	i__ integer i__1 i__2 temp libf2c continue 
89	0,00232	fspace tempinfo ppar instring sinfo int m_pointer 
90	0,00722	tmeasurementvector scalartype ttargetvector valuetype err jmessage statistics 
91	0,00672	int double buffer return exponent fa cs 
92	0,02666	double vnl_vector vnl_matrix vnl include const vnl_matrix_fixed 
93	0,01637	string return char const kwsys_stl defined str 
94	0,01296	realtype gaussian int double sigma mapit unsigned 
95	0,00924	double e0 goto return static status distribution 
96	0,00782	tag const assert ds std de vr 
97	0,00606	typename const p1 threadid p2 tinternalcomputationvaluetype point 
98	0,13772	typename template os indent std const void 
99	0,00414	metaio_stream mf void char endl int cout 

[beta: 0,00305] 
<550> LL/token: -6,77516
<560> LL/token: -6,77354
<570> LL/token: -6,77166
<580> LL/token: -6,77271
<590> LL/token: -6,77227

0	0,00251	selection space end span hsize_t dataspace null 
1	0,00854	std string char file spatialorientation case filename 
2	0,00443	const function param datatype id exception h5 
3	0,01854	timage sa typename image iterator pixel const 
4	0,00124	vr vm false vm1 siemens x0019 philips 
5	0,0088	typename image imagedimension scalarvaluetype set level par 
6	0,00979	vector vec pixel tvaluetype sum dx array 
7	0,0019	nim fslio return int dim null char 
8	0,00216	nrrd nio return char int ai file 
9	0,0146	processobject output object process void return dataobject 
10	0,01536	filter image typedef region size declare inputimage 
11	0,00783	histogram histogramtype msg error thistogram double false 
12	0,00413	state return int long strm len stream 
13	0,00423	cinfo compptr ci jdimension row int void 
14	0,03945	itk typedef std argv license pointer filter 
15	0,01103	threshold tinput toutput set outputpixeltype node inputpixeltype 
16	0,00765	property null fail list hgoto_error ret_value class 
17	0,00404	object fail link group hgoto_error udata ret_value 
18	0,00206	mm0 movq mm7 edi v1 mm1 v2 
19	0,00275	t1 t2 t3 istart ja u2 jb 
20	0,00404	tif sp op int tiff return img 
21	0,00912	sample measurementvectortype tsample const int statistics unsigned 
22	0,00434	file driver return size end ret_value const 
23	0,0031	parser vcl_complex const return pool int char 
24	0,02009	hid_t copyright h5_dll herr_t hdf5 void file 
25	0,00183	dctsize multiply fix dataptr const_bits wsptr pass1_bits 
26	0,0074	class return const inline template typedef result 
27	0,01925	case break ptr return switch const char 
28	0,00455	node tree hdr internal child idx null 
29	0,00441	int fprintf return stderr xd da char 
30	0,01066	metric typedef itk pointer fixedimagetype movingimagetype typename 
31	0,00318	goto return hid_t char data loc_id dataset 
32	0,01512	transform parameters tscalar const transformtype unsigned matrix 
33	0,00655	include hdr mqc i2l opening io mqc_states 
34	0,0088	itk std inputtype pointer cout include checkfixedarraytraits 
35	0,00134	png_ptr info_ptr endif defined null sp int 
36	0,01553	image point tmovingimage tfixedimage index dim function 
37	0,00631	ndimensions unsigned tpointdimension const int pnt color 
38	0,01031	matrix row col column pelement int size 
39	0,15464	int unsigned double float long size char 
40	0,00864	endif ifdef error return include stack char 
41	0,10577	const return static operator bool template class 
42	0,02522	spacing origin direction size pointtype image spacingtype 
43	0,03956	image pixel values number volume images table 
44	0,00367	cinfo entropy marker int bits code state 
45	0,00149	opj_uint32 p_j2k param return p_manager opj_int32 p_stream 
46	0,00745	x00 vdimension typename levelsettype inputimagetype typedef tinput 
47	0,00868	ndimensions field typename tscalar displacementfieldtype update ttransform 
48	0,00152	vr vm vm1 overlay vm1_n cs data 
49	0,0029	integer doublereal ii itcom3_1 ia jj ja 
50	0,01797	gdcm copyright const std include dicom char 
51	0,00669	message null hdassert shared mesg end header 
52	0,00651	set int itkcontourextractor2dimagefiltertestnamespace pixel element structuring myvertextype 
53	0,18921	data set number void type function values 
54	0,05652	region index image imagetype size typedef indextype 
55	0,01729	path objectfactorybase void copyright char factory itk 
56	0,02422	tinputimage toutputimage typename output input getoutput inputimagetype 
57	0,00743	element fem pt vectortype pointer femobject load 
58	0,01198	mesh typename cell meshtype toutputmesh return tinputmesh 
59	0,00704	z__1 z__2 integer ftnlen i__3 i__2 c__ 
60	0,00312	attribute dxpl_id tree udata index null fail 
61	0,13864	typedef const typename void class superclass virtual 
62	0,01275	begin push_back iterator return size end transform 
63	0,00777	tdimension point int return pointtype unsigned isinside 
64	0,0034	shared dt size_t hid_t datatype type buf 
65	0,01098	v3p_netlib_integer v3p_netlib_doublereal extern info integer int stp 
66	0,00852	test vnl_bignum true long double vnl_rational d2 
67	0,00278	opts pp undef rv ac infiles len 
68	0,00758	parameterstype itkoptimizer parameters dicomparser void optimizer measuretype 
69	0,00438	type char static const enum return vr 
70	0,01149	buffer static_cast file std outputfile data ii 
71	0,03391	image tinputimage toutputimage pixeltype concept input typedef 
72	0,08481	std endl cout cerr itk exit_failure return 
73	0,00998	true false curve number variable descriptor x0020 
74	0,00676	registrator params shrink getoutput int factors m_process 
75	0,00285	src dst dsttype srctype define endif elif 
76	0,42245	license itk software distributed apache include http 
77	0,02007	typename typedef labelobjecttype label journal labelobject http 
78	0,00946	region output requested fit input sizevaluetype frame 
79	0,00117	cache_ptr entry_ptr hdassert cache null entry size 
80	0,005	cp return int quadedgetype pipe process delete 
81	0,04117	define endif ifndef defined include ifdef extern 
82	0,00953	doublereal integer i__ d__1 goto abs ftnlen 
83	0,01133	getoutput progress pointer filter tinputimage ttreetype setinput 
84	0,0031	heap hdr block section indirect hdassert space 
85	0,00241	tif sp return uint32 case td tiff 
86	0,0039	image storage return assert ts photometricinterpretation pixelformat 
87	0,00266	chunk dataset fail hgoto_error fill end layout 
88	0,011	i__ integer i__2 i__1 temp libf2c continue 
89	0,00212	fspace tempinfo ppar instring sinfo m_pointer int 
90	0,00653	tmeasurementvector ttargetvector scalartype valuetype jmessage err statistics 
91	0,00605	int double buffer exponent return fa cs 
92	0,02422	double vnl_vector vnl vnl_matrix include const void 
93	0,01416	string return char const kwsys_stl defined str 
94	0,01138	realtype gaussian double int sigma mapit tpixel 
95	0,0079	double e0 goto return static status distribution 
96	0,00718	tag const assert ds std de vr 
97	0,00523	typename const p1 threadid p2 tfixedimage tvirtualimage 
98	0,116	typename template os indent const std void 
99	0,00368	metaio_stream mf void int char endl cout 

[beta: 0,00306] 
<600> LL/token: -6,77115
<610> LL/token: -6,77015
<620> LL/token: -6,76904
<630> LL/token: -6,76817
<640> LL/token: -6,76803

0	0,00219	space selection end span hsize_t dataspace null 
1	0,00779	std string char file const case spatialorientation 
2	0,00404	const function param datatype id exception h5 
3	0,01699	timage sa typename image iterator const pixel 
4	0,00111	vr vm false vm1 siemens x0019 philips 
5	0,00812	typename image imagedimension scalarvaluetype set par level 
6	0,00917	vector vec pixel tvaluetype sum dx array 
7	0,00177	nim fslio return int dim null char 
8	0,00202	nrrd nio return char int ai const 
9	0,01341	processobject output process void object return dataobject 
10	0,01351	filter image typedef region size declare std 
11	0,00739	histogram histogramtype error double msg thistogram false 
12	0,00373	state int return long strm len stream 
13	0,00391	cinfo ci jdimension compptr row void int 
14	0,03599	itk typedef std argv license pointer writer 
15	0,0105	threshold tinput toutput set outputpixeltype node inputpixeltype 
16	0,00695	property null fail list hgoto_error ret_value class 
17	0,00349	object fail link group hgoto_error udata ret_value 
18	0,002	mm0 movq mm7 edi v1 mm1 v2 
19	0,00247	t1 t2 t3 istart ja u2 jb 
20	0,00373	tif sp return tiff fd op int 
21	0,00853	sample measurementvectortype tsample const int unsigned statistics 
22	0,0039	file driver return end size null const 
23	0,00276	parser vcl_complex const return int pool void 
24	0,01769	hid_t copyright h5_dll void herr_t hdf5 define 
25	0,00166	dctsize multiply fix dataptr const_bits wsptr pass1_bits 
26	0,00655	class return const inline template typedef distance 
27	0,01687	case break ptr return const switch end 
28	0,00424	node tree hdr internal child idx null 
29	0,00399	fprintf int return stderr xd da char 
30	0,01	metric typedef itk fixedimagetype typename movingimagetype pointer 
31	0,00275	goto return hid_t char data loc_id attribute 
32	0,01358	transform parameters tscalar const transformtype unsigned matrix 
33	0,00617	include mqc hdr i2l opening io mqc_states 
34	0,00769	itk std inputtype pointer cout include checkfixedarraytraits 
35	0,00128	png_ptr info_ptr endif defined null sp int 
36	0,01443	image point tmovingimage tfixedimage index dim function 
37	0,00582	ndimensions unsigned tpointdimension const int pnt return 
38	0,00889	matrix row col column pelement int size 
39	0,13647	int unsigned double long float char size 
40	0,0081	endif ifdef error return stack include char 
41	0,08622	const return operator static bool inline class 
42	0,02311	spacing origin direction size image point pointtype 
43	0,03482	image pixel values number volume images set 
44	0,00338	cinfo entropy marker int bits state code 
45	0,00136	opj_uint32 p_j2k param return p_manager opj_int32 p_stream 
46	0,00689	x00 vdimension levelsettype typename inputimagetype tinput typedef 
47	0,00807	ndimensions field tscalar typename displacementfieldtype update pointer 
48	0,00147	vr vm vm1 overlay vm1_n cs data 
49	0,00259	integer doublereal ii itcom3_1 ia jj ja 
50	0,01624	gdcm copyright const std include dicom char 
51	0,00612	message null shared hdassert mesg end header 
52	0,0061	set itkcontourextractor2dimagefiltertestnamespace element pixel myvertextype int structuring 
53	0,16684	data set number type void values function 
54	0,04988	region index image imagetype size typedef indextype 
55	0,01615	path objectfactorybase void copyright char factory register 
56	0,02212	tinputimage toutputimage typename output input getoutput getinput 
57	0,00687	element fem pt vectortype pointer femobject load 
58	0,01118	mesh typename cell meshtype toutputmesh return pointtype 
59	0,00641	z__1 z__2 integer ftnlen i__2 i__3 c__ 
60	0,00273	attribute dxpl_id null tree index udata fail 
61	0,11916	typedef const typename void class superclass virtual 
62	0,01084	push_back begin iterator size transform return end 
63	0,00718	tdimension point int return pointtype unsigned isinside 
64	0,00304	shared dt size_t hid_t datatype type buf 
65	0,0105	v3p_netlib_integer v3p_netlib_doublereal extern integer info int stp 
66	0,00788	test vnl_bignum true long double vnl_rational d2 
67	0,00261	opts pp undef rv ac infiles len 
68	0,00686	parameterstype itkoptimizer parameters dicomparser void optimizer measuretype 
69	0,00366	type static char const enum return vr 
70	0,01007	buffer static_cast file std outputfile data read 
71	0,02973	image tinputimage toutputimage pixeltype input inputimagetype concept 
72	0,07317	std endl cout cerr exit_failure return itk 
73	0,00782	true false curve number variable descriptor x0020 
74	0,00623	registrator shrink params int getoutput m_process distributionfunction 
75	0,00264	src dst dsttype srctype define endif elif 
76	0,3465	license itk software distributed apache include insight 
77	0,01823	typename typedef labelobjecttype label journal labelobject http 
78	0,00832	region output requested input fit sizevaluetype frame 
79	0,00098	cache_ptr entry_ptr hdassert null cache entry fail 
80	0,0046	cp return int quadedgetype pipe process delete 
81	0,03501	define endif ifndef defined include ifdef extern 
82	0,00873	doublereal integer i__ d__1 goto abs ftnlen 
83	0,01047	progress getoutput pointer tinputimage filter ttreetype setinput 
84	0,00273	heap hdr block section indirect hdassert space 
85	0,00199	tif sp return uint32 case td tiff 
86	0,00362	image storage return assert ts photometricinterpretation pixelformat 
87	0,00241	chunk dataset fail fill hgoto_error end layout 
88	0,01026	i__ integer i__1 i__2 temp libf2c info 
89	0,00194	fspace tempinfo ppar instring sinfo int m_pointer 
90	0,00559	tmeasurementvector ttargetvector scalartype valuetype jmessage err statistics 
91	0,00546	int double buffer return exponent cs fa 
92	0,02248	double vnl_vector vnl_matrix vnl include const void 
93	0,01238	string return char const kwsys_stl defined systemtools 
94	0,01051	realtype int gaussian double tpixel sigma mapit 
95	0,00713	double e0 goto return static status distribution 
96	0,00651	tag const assert ds std de vr 
97	0,00482	typename const p1 threadid p2 tfixedimage tmovingimage 
98	0,10078	typename template os indent const void std 
99	0,00347	metaio_stream mf void int char endl cout 

[beta: 0,00307] 
<650> LL/token: -6,76699
<660> LL/token: -6,76597
<670> LL/token: -6,76556
<680> LL/token: -6,76574
<690> LL/token: -6,76508

0	0,00197	space selection end span hsize_t dataspace null 
1	0,00705	std string file char const case spatialorientation 
2	0,00371	const function param datatype id exception h5 
3	0,01605	timage sa image typename iterator pixel const 
4	0,00103	vr vm false vm1 siemens x0019 philips 
5	0,00777	image typename imagedimension set scalarvaluetype level par 
6	0,00859	vector vec tvaluetype pixel dx array sum 
7	0,0017	nim fslio return int dim null char 
8	0,00194	nrrd nio return char int ai const 
9	0,01299	processobject output void object process const return 
10	0,01264	filter image typedef region size std declare 
11	0,00704	histogram histogramtype error double msg thistogram false 
12	0,00359	state int return long strm len stream 
13	0,00372	cinfo ci compptr jdimension row int void 
14	0,03412	itk std typedef argv license pointer writer 
15	0,00987	threshold tinput toutput set outputpixeltype node output 
16	0,00665	property null fail list hgoto_error ret_value class 
17	0,00322	object fail link group hgoto_error udata ret_value 
18	0,00194	mm0 movq mm7 edi v2 v1 mm1 
19	0,00237	t1 t2 t3 istart ja u2 jb 
20	0,00348	tif sp return tiff op fd char 
21	0,00809	sample measurementvectortype tsample const int unsigned statistics 
22	0,00366	file driver return end size ret_value null 
23	0,00252	parser vcl_complex const return pool char xml_char 
24	0,01629	hid_t copyright const void h5_dll herr_t hdf5 
25	0,00157	dctsize multiply fix dataptr const_bits wsptr pass1_bits 
26	0,00585	class return const inline template typedef distance 
27	0,01508	case break ptr return const switch char 
28	0,00398	node tree hdr internal child idx null 
29	0,00355	int fprintf return stderr xd da char 
30	0,00931	metric typedef itk fixedimagetype movingimagetype pointer transform 
31	0,00233	goto return hid_t data char loc_id dataset 
32	0,01248	transform parameters tscalar const transformtype unsigned matrix 
33	0,00613	include hdr mqc i2l opening mqc_states io 
34	0,00716	itk inputtype std pointer include checkfixedarraytraits outputtype 
35	0,0012	png_ptr endif info_ptr defined null sp int 
36	0,01372	image point index tmovingimage tfixedimage tcoordrep function 
37	0,00544	ndimensions unsigned const int tpointdimension return pnt 
38	0,00803	matrix row col column pelement int size 
39	0,12463	int unsigned double long float char size 
40	0,00778	endif ifdef error return stack include char 
41	0,0733	const return operator static bool inline template 
42	0,02195	spacing origin direction size image point spacingtype 
43	0,03236	image pixel values number volume set images 
44	0,00313	cinfo entropy marker int state bits code 
45	0,00132	opj_uint32 p_j2k param return p_manager opj_int32 p_stream 
46	0,00651	x00 vdimension typename levelsettype inputimagetype tinput typedef 
47	0,0077	ndimensions field tscalar typename displacementfieldtype update pointer 
48	0,00138	vr vm vm1 overlay vm1_n cs data 
49	0,00236	integer doublereal ii itcom3_1 ia jj ja 
50	0,0153	gdcm const copyright std include dicom char 
51	0,00553	message null hdassert shared mesg end header 
52	0,00588	set int itkcontourextractor2dimagefiltertestnamespace element pixel image tkernel 
53	0,15281	data set number void type values function 
54	0,04583	region index image imagetype size typedef indextype 
55	0,01543	path objectfactorybase void copyright char itk factory 
56	0,02094	tinputimage toutputimage typename output input getoutput getinput 
57	0,00647	element fem pt const vectortype pointer femobject 
58	0,01064	mesh typename cell meshtype return toutputmesh tinputmesh 
59	0,00572	z__1 z__2 integer ftnlen i__3 i__2 c__ 
60	0,00243	attribute dxpl_id null tree udata index fail 
61	0,10768	typedef const typename void class superclass virtual 
62	0,0096	push_back begin iterator return size transform end 
63	0,00682	tdimension int point return pointtype unsigned isinside 
64	0,00279	shared dt size_t hid_t datatype type buf 
65	0,01005	v3p_netlib_integer v3p_netlib_doublereal info extern integer int stp 
66	0,00755	test true vnl_bignum long double vnl_rational d2 
67	0,00245	opts pp undef rv ac infiles len 
68	0,00623	parameterstype itkoptimizer parameters dicomparser void optimizer measuretype 
69	0,00296	type static char const enum return vr 
70	0,00933	buffer static_cast file std outputfile data ii 
71	0,0274	image tinputimage toutputimage pixeltype typedef inputimagetype concept 
72	0,06661	std endl cout cerr itk exit_failure return 
73	0,00679	true false curve number variable descriptor x0020 
74	0,0059	registrator shrink params int getoutput m_process imagedimension 
75	0,00256	src dst dsttype srctype define endif elif 
76	0,29868	license itk software distributed apache include insight 
77	0,01683	typename typedef labelobjecttype label journal http labelobject 
78	0,00776	region output requested input fit sizevaluetype frame 
79	0,00088	cache_ptr entry_ptr hdassert null cache entry fail 
80	0,00431	cp return int quadedgetype pipe process delete 
81	0,03097	define endif ifndef defined include ifdef extern 
82	0,00816	doublereal integer i__ d__1 goto abs ftnlen 
83	0,01005	getoutput progress tinputimage pointer filter ttreetype setinput 
84	0,00252	heap hdr block section indirect hdassert space 
85	0,00185	tif sp return uint32 case td tiff 
86	0,00352	image storage return assert ts photometricinterpretation pixelformat 
87	0,0023	chunk dataset fail hgoto_error fill end layout 
88	0,00961	i__ integer i__1 i__2 temp libf2c continue 
89	0,00171	fspace tempinfo ppar instring sinfo int m_pointer 
90	0,00516	tmeasurementvector ttargetvector scalartype valuetype err jmessage statistics 
91	0,00491	int double buffer return exponent fa cs 
92	0,02159	double vnl_vector vnl_matrix vnl include const void 
93	0,01138	string return char const kwsys_stl defined systemtools 
94	0,00975	realtype gaussian int double mapit sigma tpixel 
95	0,00683	double e0 goto return static status distribution 
96	0,00614	tag const assert ds std de vr 
97	0,00462	typename const threadid tfixedimage p1 point tmovingimage 
98	0,08519	typename template os indent const std void 
99	0,00337	metaio_stream mf void int char endl cout 

[beta: 0,00308] 
<700> LL/token: -6,76425
<710> LL/token: -6,76304
<720> LL/token: -6,76238
<730> LL/token: -6,76208
<740> LL/token: -6,76207

0	0,00188	space selection end span hsize_t dataspace null 
1	0,00684	std string char file case spatialorientation const 
2	0,00339	const function param datatype id exception h5 
3	0,01536	timage sa image typename iterator const pixel 
4	0,00106	vr vm false vm1 siemens x0019 philips 
5	0,00745	typename image imagedimension scalarvaluetype set level par 
6	0,00817	vector tvaluetype vec pixel array dx sum 
7	0,00161	nim fslio return int dim null char 
8	0,00189	nrrd return nio int char ai const 
9	0,01244	processobject void object output process dataobject return 
10	0,01183	filter image typedef region size std declare 
11	0,00673	histogram histogramtype error thistogram msg double false 
12	0,0034	state int return long strm len stream 
13	0,00359	cinfo ci jdimension compptr row int void 
14	0,03266	itk std typedef argv license pointer writer 
15	0,00943	threshold tinput toutput set outputpixeltype node inputpixeltype 
16	0,00633	property null fail list hgoto_error ret_value class 
17	0,00322	object fail link group hgoto_error ret_value udata 
18	0,00183	mm0 movq mm7 edi v2 v1 mm1 
19	0,00233	t1 t2 t3 istart ja u2 jb 
20	0,0032	tif sp return tiff void fd op 
21	0,00772	sample measurementvectortype const tsample int unsigned statistics 
22	0,00343	file driver return end size ret_value null 
23	0,00239	parser vcl_complex const return pool int char 
24	0,01544	hid_t copyright const void h5_dll herr_t hdf5 
25	0,00149	dctsize multiply fix dataptr const_bits wsptr pass1_bits 
26	0,00543	class return const inline template typedef distance 
27	0,01394	case break ptr return const switch char 
28	0,00378	node tree hdr internal child idx null 
29	0,00321	fprintf int return stderr xd da char 
30	0,00891	metric typedef itk fixedimagetype pointer movingimagetype typename 
31	0,00211	goto return hid_t data loc_id char attribute 
32	0,01182	transform parameters tscalar const transformtype unsigned double 
33	0,00589	include mqc hdr i2l opening io mqc_states 
34	0,00686	itk std inputtype pointer include checkfixedarraytraits outputtype 
35	0,00118	png_ptr info_ptr endif defined null sp int 
36	0,01286	image point index tmovingimage tfixedimage function tcoordrep 
37	0,00534	ndimensions unsigned const int tpointdimension return pnt 
38	0,0075	matrix row col pelement column int size 
39	0,11524	int unsigned double long float char size 
40	0,00761	endif ifdef error return stack include void 
41	0,06426	const return operator static bool inline template 
42	0,02131	spacing origin direction size image point pointtype 
43	0,03073	image pixel values number volume images set 
44	0,00298	cinfo entropy marker int state bits ci 
45	0,00129	opj_uint32 p_j2k param return p_manager opj_int32 p_stream 
46	0,00618	x00 levelsettype vdimension typename inputimagetype tinput typedef 
47	0,00701	field ndimensions typename tscalar displacementfieldtype update ttransform 
48	0,00133	vr vm vm1 overlay vm1_n cs data 
49	0,00223	integer doublereal ii itcom3_1 ia ja param 
50	0,01483	gdcm const copyright std include dicom char 
51	0,00507	message null hdassert shared mesg end header 
52	0,00577	set int itkcontourextractor2dimagefiltertestnamespace pixel image element structuring 
53	0,14283	data set number void type values function 
54	0,04287	region index image imagetype size typedef indextype 
55	0,01494	path objectfactorybase copyright char void factory register 
56	0,01986	tinputimage toutputimage typename output input getoutput getinput 
57	0,00614	element fem pt vectortype pointer femobject const 
58	0,01039	mesh typename cell meshtype toutputmesh return pointtype 
59	0,00526	z__1 z__2 integer ftnlen i__3 i__2 c__ 
60	0,00221	attribute dxpl_id null udata fail index tree 
61	0,10034	typedef const typename void class superclass virtual 
62	0,00866	push_back begin iterator return size transform telement 
63	0,00652	tdimension int point return pointtype unsigned isinside 
64	0,00265	shared dt size_t hid_t datatype type buf 
65	0,00976	v3p_netlib_integer v3p_netlib_doublereal extern info int integer stp 
66	0,00731	test vnl_bignum true long double vnl_rational d2 
67	0,00227	opts pp undef rv ac infiles len 
68	0,00583	parameterstype itkoptimizer dicomparser parameters void optimizer measuretype 
69	0,00277	type char static const return enum vr 
70	0,00881	buffer static_cast file std data outputfile ii 
71	0,02621	image tinputimage toutputimage pixeltype concept inputimagetype input 
72	0,06247	std endl cout cerr exit_failure return itk 
73	0,00612	true false curve number variable descriptor x0020 
74	0,00557	registrator shrink params int getoutput factors m_process 
75	0,00247	src dst dsttype srctype define endif elif 
76	0,26839	license itk software distributed apache include http 
77	0,01589	typename typedef labelobjecttype label journal labelobject http 
78	0,0073	region output requested fit input sizevaluetype frame 
79	0,00079	cache_ptr entry_ptr hdassert cache null entry fail 
80	0,00406	cp return int quadedgetype pipe process delete 
81	0,02853	define endif ifndef defined include ifdef extern 
82	0,0077	doublereal integer i__ d__1 goto abs ftnlen 
83	0,00964	getoutput progress tinputimage pointer filter ttreetype setinput 
84	0,00248	heap hdr block section indirect hdassert space 
85	0,00175	tif sp return uint32 case tiff td 
86	0,00334	image return storage assert ts photometricinterpretation pixelformat 
87	0,00224	chunk dataset fail hgoto_error fill end layout 
88	0,00914	i__ integer i__2 i__1 temp libf2c continue 
89	0,00162	fspace tempinfo ppar instring sinfo int m_pointer 
90	0,00476	tmeasurementvector ttargetvector scalartype valuetype jmessage err statistics 
91	0,00463	int double buffer exponent fa return cs 
92	0,0209	double vnl_vector vnl_matrix vnl include const vnl_matrix_fixed 
93	0,01064	string return char const kwsys_stl defined systemtools 
94	0,00939	realtype gaussian int double mapit sigma tpixel 
95	0,00652	double e0 goto return static status distribution 
96	0,0059	tag const assert ds std de vr 
97	0,00457	typename const threadid p1 p2 tfixedimage tmovingimage 
98	0,07223	typename template os indent const void std 
99	0,00325	metaio_stream mf void int char endl cout 

[beta: 0,00308] 
<750> LL/token: -6,7622
<760> LL/token: -6,76047
<770> LL/token: -6,76119
<780> LL/token: -6,76045
<790> LL/token: -6,76029

0	0,00182	selection space end span hsize_t dataspace null 
1	0,00665	std string file char case const spatialorientation 
2	0,00335	const function param datatype id exception h5 
3	0,01497	timage sa typename image iterator const pixel 
4	0,00104	vr vm false vm1 siemens x0019 philips 
5	0,00741	typename image imagedimension set scalarvaluetype level par 
6	0,00777	vector tvaluetype vec pixel array dx sum 
7	0,00152	nim return fslio int dim null fprintf 
8	0,00185	nrrd return nio char int ai const 
9	0,01198	processobject output object void process const return 
10	0,01127	filter image typedef region size std declare 
11	0,00658	histogram histogramtype error msg thistogram h5e_error double 
12	0,00322	state int return long strm len stream 
13	0,00354	cinfo ci jdimension compptr row void int 
14	0,03188	itk std typedef argv license pointer filter 
15	0,00915	threshold tinput toutput set outputpixeltype node inputpixeltype 
16	0,00587	property null fail list hgoto_error ret_value class 
17	0,00303	object fail link hgoto_error group udata ret_value 
18	0,00176	mm0 movq mm7 edi mm1 v2 ebx 
19	0,00224	t1 t2 t3 istart ja u2 jb 
20	0,00305	tif sp return tiff int fd tmsize_t 
21	0,00766	sample measurementvectortype tsample int const unsigned statistics 
22	0,00331	file driver return end ret_value size null 
23	0,00229	parser vcl_complex const return void char pool 
24	0,01501	hid_t copyright const h5_dll void herr_t hdf5 
25	0,0014	dctsize multiply fix dataptr const_bits wsptr pass1_bits 
26	0,00509	class return const inline template typedef key 
27	0,0134	case break ptr return const char end 
28	0,00368	node tree hdr internal child idx null 
29	0,00305	int fprintf return stderr xd da char 
30	0,00863	metric typedef itk fixedimagetype pointer movingimagetype typename 
31	0,00199	goto return hid_t char loc_id data dataset 
32	0,01118	transform parameters tscalar const transformtype unsigned matrix 
33	0,00558	include hdr mqc i2l opening io mqc_states 
34	0,00672	itk inputtype std pointer include checkfixedarraytraits outputtype 
35	0,00115	png_ptr info_ptr endif defined null sp int 
36	0,01214	image point index tmovingimage tfixedimage tcoordrep function 
37	0,00526	ndimensions unsigned const tpointdimension int return pnt 
38	0,00689	matrix row col pelement column int size 
39	0,10893	int unsigned double long float char size 
40	0,00737	endif ifdef error return stack include void 
41	0,0583	const return operator static bool inline template 
42	0,02032	spacing origin direction size image pointtype point 
43	0,02969	image pixel values double number volume images 
44	0,00288	cinfo entropy marker int state ci bits 
45	0,00128	opj_uint32 p_j2k param return p_manager opj_int32 p_stream 
46	0,00575	x00 typename levelsettype vdimension inputimagetype typedef tinput 
47	0,00669	field ndimensions typename tscalar displacementfieldtype update pointer 
48	0,00129	vr vm vm1 overlay vm1_n cs data 
49	0,00209	integer doublereal ii itcom3_1 ia ja jj 
50	0,01474	const gdcm copyright std include dicom char 
51	0,0049	message null shared hdassert mesg end header 
52	0,00566	set itkcontourextractor2dimagefiltertestnamespace int pixel tkernel element structuring 
53	0,13634	data set number void type file values 
54	0,04057	region index image imagetype size typedef indextype 
55	0,01425	path objectfactorybase copyright void char itk factory 
56	0,01943	tinputimage toutputimage typename output input getoutput getinput 
57	0,00607	element fem pt vectortype pointer femobject load 
58	0,01016	mesh typename cell meshtype toutputmesh pointtype return 
59	0,0049	z__1 z__2 integer ftnlen i__2 i__3 c__ 
60	0,00219	attribute dxpl_id udata tree null fail index 
61	0,09583	typedef const void class typename superclass virtual 
62	0,00803	push_back begin iterator size return transform telement 
63	0,00631	tdimension int point return pointtype unsigned isinside 
64	0,00247	shared dt size_t hid_t datatype type buf 
65	0,00943	v3p_netlib_integer v3p_netlib_doublereal extern info integer int stp 
66	0,00706	test vnl_bignum true double long vnl_rational d2 
67	0,00221	opts pp undef rv ac infiles len 
68	0,00567	parameterstype itkoptimizer parameters dicomparser void optimizer measuretype 
69	0,00271	type static char const enum return vr 
70	0,0086	buffer static_cast file std outputfile ii data 
71	0,02538	image typename tinputimage toutputimage pixeltype typedef inputimagetype 
72	0,05991	std endl cout cerr return exit_failure itk 
73	0,00544	true false curve number variable descriptor x0020 
74	0,00521	registrator shrink params int getoutput imagedimension distributionfunction 
75	0,0023	src dst dsttype srctype define endif elif 
76	0,2484	license itk software distributed apache include insight 
77	0,01508	typename typedef labelobjecttype label journal labelobject http 
78	0,00696	region output requested fit input sizevaluetype frame 
79	0,00073	cache_ptr entry_ptr hdassert null cache entry fail 
80	0,00393	cp return int quadedgetype pipe process delete 
81	0,02731	define endif ifndef defined include ifdef extern 
82	0,00728	doublereal integer i__ d__1 goto abs ftnlen 
83	0,00946	tinputimage progress getoutput pointer filter ttreetype setinput 
84	0,00244	heap hdr block section indirect hdassert space 
85	0,0016	tif sp return uint32 case td tiff 
86	0,0032	image return storage assert ts photometricinterpretation pixelformat 
87	0,00215	chunk dataset fail hgoto_error fill end layout 
88	0,00879	i__ integer i__1 i__2 temp libf2c continue 
89	0,00161	fspace tempinfo ppar instring sinfo int m_pointer 
90	0,00441	tmeasurementvector ttargetvector scalartype valuetype jmessage err statistics 
91	0,0044	int double return buffer exponent fa sn 
92	0,02017	double vnl_vector vnl vnl_matrix include const void 
93	0,01018	string return char const kwsys_stl defined systemtools 
94	0,00919	realtype gaussian int double mapit unsigned tpixel 
95	0,00606	double e0 goto return static status distribution 
96	0,00576	tag const assert ds std de vr 
97	0,00445	typename const p1 threadid p2 point tfixedimage 
98	0,06539	typename template os indent const std void 
99	0,00318	metaio_stream mf void int char endl cout 

[beta: 0,00309] 
<800> LL/token: -6,7608
<810> LL/token: -6,76053
<820> LL/token: -6,75986
<830> LL/token: -6,76015
<840> LL/token: -6,76016

0	0,00179	selection space end span hsize_t dataspace null 
1	0,00644	std string file char case const spatialorientation 
2	0,0033	const function param datatype id exception h5 
3	0,01434	timage sa typename image iterator const pixel 
4	0,0011	vr vm false vm1 siemens x0019 philips 
5	0,00722	typename imagedimension image scalarvaluetype set par level 
6	0,00756	tvaluetype vector vec pixel array dx sum 
7	0,00157	nim return fslio int dim null char 
8	0,00184	nrrd return nio char int ai const 
9	0,012	processobject output object process return void dataobject 
10	0,01106	filter image typedef region size std itk 
11	0,00647	histogram histogramtype error msg thistogram false double 
12	0,00325	state int return long strm len length 
13	0,00349	cinfo ci jdimension compptr row void int 
14	0,03144	itk std typedef license argv pointer writer 
15	0,00882	threshold tinput toutput set outputpixeltype node output 
16	0,00574	property null fail list hgoto_error ret_value class 
17	0,00295	object fail link hgoto_error group udata ret_value 
18	0,00164	mm0 movq mm7 edi mm1 v2 ebx 
19	0,00204	t1 t2 t3 istart ja u2 jb 
20	0,0029	tif sp return tiff void int tmsize_t 
21	0,00752	sample measurementvectortype int tsample const unsigned statistics 
22	0,00297	file driver return end size ret_value null 
23	0,00224	parser const vcl_complex return char pool int 
24	0,01498	hid_t copyright const void h5_dll herr_t hdf5 
25	0,0013	dctsize multiply fix dataptr const_bits wsptr pass1_bits 
26	0,0048	class return const inline template typedef void 
27	0,01268	case break ptr return const switch end 
28	0,00365	node tree hdr internal child idx null 
29	0,00282	int fprintf return stderr xd da char 
30	0,00834	metric typedef itk pointer fixedimagetype typename movingimagetype 
31	0,00196	goto return hid_t char data loc_id attribute 
32	0,0107	transform parameters tscalar const transformtype unsigned matrix 
33	0,00543	include hdr mqc i2l opening io mqc_states 
34	0,00648	itk inputtype std pointer include checkfixedarraytraits outputtype 
35	0,00113	png_ptr endif info_ptr defined null int sp 
36	0,01206	image point index tmovingimage tfixedimage tcoordrep function 
37	0,00524	ndimensions unsigned const tpointdimension int return pnt 
38	0,00681	matrix row col pelement column int size 
39	0,10154	int unsigned double long float char size 
40	0,00721	endif ifdef error return include stack char 
41	0,05337	const return operator static bool inline template 
42	0,01976	spacing origin direction size point image pointtype 
43	0,02878	image pixel values double number set volume 
44	0,00277	cinfo entropy marker int state bits ci 
45	0,00123	opj_uint32 p_j2k param return p_manager opj_int32 p_stream 
46	0,0056	x00 typename levelsettype vdimension typedef inputimagetype tinput 
47	0,00586	field typename ndimensions displacementfieldtype tscalar pointer update 
48	0,00125	vr vm vm1 overlay vm1_n cs data 
49	0,00205	integer doublereal ii itcom3_1 ia jj ja 
50	0,01411	const gdcm copyright std include dicom char 
51	0,00474	message null hdassert shared mesg end header 
52	0,00553	set itkcontourextractor2dimagefiltertestnamespace int element myvertextype tkernel structuring 
53	0,13177	data set number void file type values 
54	0,03875	region index image imagetype size typedef indextype 
55	0,01407	path objectfactorybase void copyright char itk factory 
56	0,01891	tinputimage toutputimage typename output input getoutput getinput 
57	0,00603	element fem pt vectortype pointer const femobject 
58	0,00984	mesh typename cell meshtype toutputmesh tinputmesh pointtype 
59	0,00466	z__1 z__2 integer ftnlen i__2 i__3 c__ 
60	0,00206	attribute dxpl_id udata null tree index fail 
61	0,09292	typedef const void class typename superclass virtual 
62	0,00764	push_back begin iterator return transform size const 
63	0,00621	tdimension int point return pointtype unsigned isinside 
64	0,00237	shared dt size_t hid_t datatype type buf 
65	0,00919	v3p_netlib_integer v3p_netlib_doublereal extern integer info int stp 
66	0,00697	test vnl_bignum true double long vnl_rational d2 
67	0,00212	opts pp undef rv ac infiles len 
68	0,0055	parameterstype itkoptimizer dicomparser parameters void optimizer measuretype 
69	0,00253	type static char const return enum vr 
70	0,00826	buffer static_cast file std outputfile ii data 
71	0,02492	typename image tinputimage typedef toutputimage pixeltype inputimagetype 
72	0,05845	std endl cout cerr exit_failure return itk 
73	0,00482	true false curve number variable descriptor x0020 
74	0,00493	registrator shrink int params getoutput imagedimension factors 
75	0,00224	src dst dsttype srctype define endif elif 
76	0,23629	license itk software distributed apache include insight 
77	0,01457	typename typedef labelobjecttype label journal labelobject http 
78	0,00661	region output requested fit input sizevaluetype frame 
79	0,00072	cache_ptr entry_ptr hdassert null cache entry fail 
80	0,00376	cp int return quadedgetype pipe process delete 
81	0,02617	define endif ifndef defined include ifdef extern 
82	0,00692	doublereal integer i__ d__1 goto abs ftnlen 
83	0,0091	tinputimage getoutput progress pointer filter ttreetype setinput 
84	0,00234	heap hdr block section indirect hdassert space 
85	0,00149	tif sp return uint32 case td tiff 
86	0,00316	image storage return assert ts photometricinterpretation pixelformat 
87	0,00209	chunk dataset fail fill hgoto_error end layout 
88	0,00855	i__ integer i__1 i__2 temp libf2c continue 
89	0,00162	fspace tempinfo ppar instring sinfo int m_pointer 
90	0,00425	tmeasurementvector ttargetvector scalartype valuetype jmessage err statistics 
91	0,00422	int double buffer exponent fa return cs 
92	0,01953	double vnl_vector include vnl_matrix vnl const void 
93	0,00989	string return char const kwsys_stl defined systemtools 
94	0,00898	realtype int gaussian double mapit tpixel sigma 
95	0,00567	double e0 goto return static status distribution 
96	0,00564	tag const assert ds de std vr 
97	0,00442	typename const threadid tmovingimage tfixedimage p1 point 
98	0,06195	typename template os indent const std void 
99	0,0031	metaio_stream mf void int char endl const 

[beta: 0,00309] 
<850> LL/token: -6,76056
<860> LL/token: -6,76029
<870> LL/token: -6,76007
<880> LL/token: -6,75915
<890> LL/token: -6,75959

0	0,00178	selection space end span hsize_t dataspace null 
1	0,00635	std string char file case const spatialorientation 
2	0,00333	const function param datatype id exception h5 
3	0,01401	timage sa typename image iterator const pixel 
4	0,001	vr vm false vm1 siemens x0019 philips 
5	0,00713	typename image imagedimension set scalarvaluetype par level 
6	0,00747	vector tvaluetype vec pixel array dx sum 
7	0,00148	nim fslio return int dim null stderr 
8	0,00176	nrrd return nio int char ai const 
9	0,01188	processobject output void object process return dataobject 
10	0,01065	filter image typedef region size std itk 
11	0,00634	histogram histogramtype error msg thistogram double false 
12	0,00312	state int return long strm len length 
13	0,00343	cinfo jdimension ci compptr row void int 
14	0,03077	itk std typedef license argv pointer writer 
15	0,00872	threshold tinput toutput set node outputpixeltype pixeltype 
16	0,00566	property null fail list hgoto_error ret_value class 
17	0,00297	object fail link hgoto_error group udata loc 
18	0,00157	mm0 movq mm7 edi mm1 ebx v2 
19	0,00199	t1 t2 t3 istart ja u2 jb 
20	0,00279	tif sp return tiff tmsize_t static void 
21	0,00722	sample measurementvectortype tsample int const unsigned statistics 
22	0,00292	file driver return ret_value end size null 
23	0,00225	parser vcl_complex return const int pool char 
24	0,01441	hid_t copyright const void herr_t h5_dll hdf5 
25	0,00128	dctsize multiply fix dataptr const_bits wsptr pass1_bits 
26	0,00462	class return const inline template typedef distance 
27	0,01217	case break ptr return const switch end 
28	0,00349	node tree hdr internal child idx null 
29	0,00276	fprintf int return stderr xd da char 
30	0,00815	metric typedef fixedimagetype pointer typename itk movingimagetype 
31	0,00192	goto return hid_t char data loc_id dataset 
32	0,01034	transform parameters tscalar const transformtype unsigned matrix 
33	0,00526	include hdr mqc i2l opening io mqc_states 
34	0,00621	itk inputtype std pointer include checkfixedarraytraits outputtype 
35	0,00113	png_ptr endif info_ptr defined null sp int 
36	0,01165	image point index tmovingimage tfixedimage tcoordrep double 
37	0,00526	ndimensions unsigned int tpointdimension const return pnt 
38	0,00651	matrix row col pelement column int size 
39	0,09557	int unsigned double long float char size 
40	0,00718	endif ifdef error return stack include char 
41	0,04969	const return operator static bool inline template 
42	0,01933	spacing origin direction size image point spacingtype 
43	0,02822	image pixel double values number set volume 
44	0,00271	cinfo entropy marker int state ci return 
45	0,00119	opj_uint32 p_j2k param return p_manager opj_int32 p_stream 
46	0,00544	x00 typename levelsettype vdimension typedef inputimagetype tinput 
47	0,00553	field typename ndimensions displacementfieldtype tscalar update ttransform 
48	0,00127	vr vm vm1 overlay vm1_n cs data 
49	0,00205	integer doublereal ii itcom3_1 ia jj param 
50	0,0139	const gdcm copyright std dicom include char 
51	0,00449	message null hdassert shared mesg end header 
52	0,00538	set itkcontourextractor2dimagefiltertestnamespace element int myvertextype structuring tkernel 
53	0,12785	data set number void type file values 
54	0,03722	region index image imagetype size typedef indextype 
55	0,01361	path objectfactorybase copyright char void itk factory 
56	0,01851	tinputimage toutputimage typename output input getoutput getinput 
57	0,00581	element fem pt vectortype const pointer femobject 
58	0,00975	mesh typename cell meshtype toutputmesh return tinputmesh 
59	0,00465	z__1 integer z__2 ftnlen i__3 i__2 c__ 
60	0,00201	attribute dxpl_id null udata tree fail index 
61	0,09101	typedef const void class typename superclass virtual 
62	0,00723	push_back iterator begin return transform size telement 
63	0,0061	tdimension point int return pointtype unsigned isinside 
64	0,00233	shared dt size_t hid_t datatype type buf 
65	0,00906	v3p_netlib_integer v3p_netlib_doublereal integer doublereal info extern int 
66	0,00667	test vnl_bignum true double long vnl_rational d2 
67	0,00201	opts pp undef rv ac infiles len 
68	0,00532	parameterstype itkoptimizer dicomparser parameters void optimizer const 
69	0,00244	type static char const return enum vr 
70	0,00791	buffer static_cast file outputfile std case data 
71	0,02444	typename image tinputimage typedef toutputimage pixeltype inputimagetype 
72	0,0569	std endl cout cerr exit_failure return itk 
73	0,00424	true false curve number variable descriptor x0020 
74	0,00472	registrator shrink int params imagedimension getoutput factors 
75	0,00221	src dst dsttype srctype define endif elif 
76	0,22826	license itk software distributed apache include insight 
77	0,01415	typename typedef labelobjecttype label journal labelobject http 
78	0,00636	region output requested fit input sizevaluetype frame 
79	0,00063	cache_ptr entry_ptr hdassert null cache entry fail 
80	0,00375	cp int return quadedgetype pipe process delete 
81	0,02528	define endif ifndef defined include ifdef extern 
82	0,00693	doublereal integer i__ d__1 goto abs ftnlen 
83	0,00884	tinputimage getoutput progress pointer filter ttreetype mask 
84	0,00227	heap hdr block section indirect hdassert space 
85	0,00142	tif sp return uint32 case td tiff 
86	0,00325	image storage return assert ts photometricinterpretation pixelformat 
87	0,0021	chunk dataset fail fill hgoto_error end layout 
88	0,00834	i__ integer i__2 i__1 temp libf2c continue 
89	0,00165	fspace tempinfo ppar instring sinfo int m_pointer 
90	0,00419	tmeasurementvector ttargetvector scalartype valuetype jmessage err statistics 
91	0,00402	int double buffer return exponent fa sn 
92	0,01911	double vnl_vector vnl include vnl_matrix const void 
93	0,00926	string return char const kwsys_stl defined systemtools 
94	0,0088	realtype int gaussian double mapit sigma unsigned 
95	0,00552	double e0 goto return static status distribution 
96	0,00547	tag const assert ds de std vr 
97	0,00437	typename const threadid p1 tfixedimage tmovingimage point 
98	0,05966	typename template os indent const std void 
99	0,0031	metaio_stream mf void int char endl const 

[beta: 0,00309] 
<900> LL/token: -6,75904
<910> LL/token: -6,75879
<920> LL/token: -6,75808
<930> LL/token: -6,75724
<940> LL/token: -6,7583

0	0,00177	selection space end span hsize_t dataspace null 
1	0,0063	std string file char case const spatialorientation 
2	0,0033	const function param datatype id exception h5 
3	0,01388	timage sa typename image iterator const pixel 
4	0,001	vr vm false vm1 siemens x0019 philips 
5	0,00707	typename image imagedimension set scalarvaluetype level filter 
6	0,00739	tvaluetype vector vec pixel array dx sum 
7	0,00145	nim return fslio int dim null stderr 
8	0,00174	nrrd return nio int char ai const 
9	0,01155	processobject output object return process void dataobject 
10	0,01034	filter image typedef region size std itk 
11	0,00614	histogram histogramtype double thistogram msg error false 
12	0,00295	state int return long strm len bits 
13	0,00342	cinfo ci compptr jdimension row int void 
14	0,03056	itk std typedef license argv pointer filter 
15	0,00863	threshold tinput toutput set outputpixeltype node inputpixeltype 
16	0,00546	property null fail list hgoto_error ret_value class 
17	0,00293	object fail link group hgoto_error udata ret_value 
18	0,00143	mm0 movq mm7 edi mm1 ebx v2 
19	0,00195	t1 t2 t3 istart ja u2 jb 
20	0,00287	tif sp return tiff tmsize_t static void 
21	0,00719	sample measurementvectortype tsample int const unsigned statistics 
22	0,00298	file driver return ret_value size end null 
23	0,0022	parser vcl_complex return const int pool xml_char 
24	0,01413	hid_t copyright void h5_dll herr_t const hdf5 
25	0,00125	dctsize multiply fix dataptr const_bits wsptr pass1_bits 
26	0,00449	class return const inline template typedef distance 
27	0,01179	case break ptr return const end switch 
28	0,00333	node tree hdr internal child idx null 
29	0,00266	return int fprintf stderr xd da char 
30	0,00811	metric typedef typename itk transform pointer fixedimagetype 
31	0,00188	goto return hid_t char data loc_id dataset 
32	0,01005	transform parameters tscalar const transformtype unsigned matrix 
33	0,00512	include hdr mqc i2l opening io mqc_states 
34	0,00579	itk inputtype pointer std include checkfixedarraytraits outputtype 
35	0,00109	png_ptr info_ptr endif defined null sp int 
36	0,01141	image point tmovingimage index tfixedimage double function 
37	0,00503	ndimensions unsigned int const tpointdimension return pnt 
38	0,00632	matrix row col pelement column int size 
39	0,09108	int unsigned double long float char size 
40	0,00716	endif ifdef error return include stack char 
41	0,04669	const return operator static bool inline template 
42	0,01875	spacing origin direction size point spacingtype pointtype 
43	0,02751	image pixel values double number set images 
44	0,00268	cinfo entropy marker int state return ci 
45	0,00117	opj_uint32 p_j2k param return p_manager opj_int32 p_stream 
46	0,00533	x00 typename levelsettype vdimension typedef inputimagetype tinput 
47	0,00538	field ndimensions typename displacementfieldtype tscalar update pointer 
48	0,00127	vr vm vm1 overlay vm1_n cs data 
49	0,00211	integer doublereal ii itcom3_1 ia jj ja 
50	0,01382	const gdcm copyright std include dicom char 
51	0,0043	message null hdassert shared mesg header end 
52	0,00531	set itkcontourextractor2dimagefiltertestnamespace element tkernel structuring pixel int 
53	0,12506	data set number void values file type 
54	0,03586	index region image imagetype size typedef indextype 
55	0,01359	path objectfactorybase void char copyright factory register 
56	0,01827	tinputimage toutputimage typename output input getoutput getinput 
57	0,00581	element fem pt vectortype pointer femobject load 
58	0,00971	mesh typename cell meshtype toutputmesh return tinputmesh 
59	0,00465	z__1 z__2 integer ftnlen i__2 i__3 c__ 
60	0,00195	attribute dxpl_id udata null tree fail index 
61	0,09009	typedef const void class typename superclass virtual 
62	0,00688	push_back begin iterator return transform size telement 
63	0,00618	tdimension int point return pointtype unsigned isinside 
64	0,00233	shared dt size_t hid_t datatype type buf 
65	0,00911	v3p_netlib_integer v3p_netlib_doublereal doublereal integer extern info int 
66	0,00655	test vnl_bignum true long double vnl_rational d2 
67	0,00194	opts pp undef rv ac infiles len 
68	0,00515	parameterstype itkoptimizer dicomparser parameters void const optimizer 
69	0,00221	type static char const enum return vr 
70	0,00772	buffer static_cast file std outputfile case break 
71	0,02459	typename image tinputimage typedef toutputimage pixeltype inputimagetype 
72	0,05584	std endl cout cerr exit_failure return itk 
73	0,00403	true false curve number variable descriptor x0020 
74	0,00457	registrator shrink params imagedimension getoutput distributionfunction factors 
75	0,00219	src dst dsttype srctype define endif elif 
76	0,22227	license itk software distributed apache include insight 
77	0,01371	typename labelobjecttype typedef label journal labelobject http 
78	0,00623	region output requested fit input sizevaluetype frame 
79	0,00059	cache_ptr entry_ptr hdassert null cache entry fail 
80	0,00372	cp return int quadedgetype pipe process quadedge1 
81	0,02377	define endif ifndef defined include ifdef extern 
82	0,00675	doublereal integer i__ d__1 goto abs ftnlen 
83	0,00865	tinputimage getoutput progress pointer filter toutputimage ttreetype 
84	0,00218	heap hdr block section indirect hdassert space 
85	0,00137	tif sp return uint32 case td tiff 
86	0,00324	image storage return assert ts photometricinterpretation pixelformat 
87	0,00202	chunk dataset fail hgoto_error fill end layout 
88	0,00823	i__ integer i__1 i__2 temp libf2c continue 
89	0,00158	fspace tempinfo ppar instring sinfo int m_pointer 
90	0,00418	tmeasurementvector ttargetvector scalartype valuetype err jmessage statistics 
91	0,00387	int double buffer return exponent fa vector 
92	0,01846	double vnl_vector const vnl vnl_matrix include void 
93	0,00874	string return char const kwsys_stl defined systemtools 
94	0,00871	realtype int gaussian double sigma mapit unsigned 
95	0,00516	double e0 goto return static status distribution 
96	0,00543	tag const assert ds de std vr 
97	0,00433	typename const threadid point tfixedimage p1 tmovingimage 
98	0,05794	typename template os indent const void std 
99	0,00309	metaio_stream mf void int char endl const 

[beta: 0,0031] 
<950> LL/token: -6,75755
<960> LL/token: -6,75692
<970> LL/token: -6,75717
<980> LL/token: -6,75667
<990> LL/token: -6,75709

0	0,00183	space selection end span hsize_t dataspace null 
1	0,00618	std string file char case const spatialorientation 
2	0,00331	const function param datatype id exception h5 
3	0,01345	timage sa typename image iterator pixel const 
4	0,00098	vr vm false vm1 siemens x0019 philips 
5	0,00687	typename imagedimension image set scalarvaluetype int level 
6	0,00728	tvaluetype vector vec pixel array sum itk 
7	0,00141	nim fslio return int dim null stderr 
8	0,0018	nrrd return nio char int ai const 
9	0,01132	processobject output object void return process const 
10	0,01019	filter image typedef region std size itk 
11	0,00609	histogram histogramtype msg thistogram error false double 
12	0,0029	state int return long strm len length 
13	0,0034	cinfo ci compptr jdimension int row void 
14	0,03012	itk std typedef license argv pointer filter 
15	0,00846	threshold tinput toutput set outputpixeltype node inputpixeltype 
16	0,00525	property null fail list hgoto_error ret_value class 
17	0,00288	object fail link group hgoto_error udata ret_value 
18	0,00136	mm0 movq mm7 edi mm1 ebx v2 
19	0,00188	t1 t2 t3 istart ja u2 jb 
20	0,00278	tif sp return tiff int void tmsize_t 
21	0,00702	sample measurementvectortype tsample int const unsigned statistics 
22	0,00289	file driver return end size null ret_value 
23	0,0021	parser vcl_complex return const pool char xml_char 
24	0,01397	hid_t copyright const void herr_t h5_dll hdf5 
25	0,00127	dctsize multiply fix dataptr const_bits wsptr pass1_bits 
26	0,00444	class return const inline template typedef void 
27	0,01153	case break ptr return const end switch 
28	0,00337	node tree hdr internal child idx null 
29	0,0027	int fprintf return stderr xd da char 
30	0,0081	metric typedef typename itk pointer transform fixedimagetype 
31	0,00182	goto return hid_t char data loc_id attribute 
32	0,00992	transform parameters tscalar const transformtype unsigned matrix 
33	0,00504	include hdr mqc i2l opening io mqc_states 
34	0,00568	itk inputtype std pointer include checkfixedarraytraits outputtype 
35	0,00109	png_ptr endif info_ptr defined null sp int 
36	0,01122	image point index tmovingimage tfixedimage double tcoordrep 
37	0,00501	ndimensions unsigned const int tpointdimension pnt return 
38	0,00625	matrix row pelement col column int size 
39	0,08692	int unsigned double long float char size 
40	0,007	endif ifdef return error include stack char 
41	0,04398	const return operator static bool inline template 
42	0,01816	spacing origin direction size spacingtype pointtype transform 
43	0,02699	image pixel double values number set images 
44	0,00265	cinfo entropy marker int state bits return 
45	0,00117	opj_uint32 p_j2k param return p_manager opj_int32 p_stream 
46	0,00533	x00 typename levelsettype vdimension inputimagetype typedef tinput 
47	0,00475	field typename ndimensions displacementfieldtype tscalar update pointer 
48	0,00128	vr vm vm1 overlay vm1_n cs data 
49	0,00211	integer doublereal ii itcom3_1 ia jj param 
50	0,01349	const gdcm copyright std include dicom char 
51	0,00433	message null hdassert shared mesg end header 
52	0,00521	set itkcontourextractor2dimagefiltertestnamespace element tkernel pixel myvertextype structuring 
53	0,12305	data set number void file values type 
54	0,03513	index region image imagetype size typedef indextype 
55	0,01356	path objectfactorybase void copyright char itk factory 
56	0,01786	tinputimage toutputimage typename output input getoutput region 
57	0,00592	element fem int pt vectortype pointer femobject 
58	0,00968	mesh typename cell meshtype return toutputmesh tinputmesh 
59	0,00464	z__1 integer z__2 ftnlen i__2 i__3 c__ 
60	0,0019	attribute dxpl_id null udata tree fail index 
61	0,08895	typedef const void class typename superclass virtual 
62	0,00662	push_back begin iterator return transform size telement 
63	0,00608	int tdimension point return pointtype unsigned isinside 
64	0,00224	shared size_t dt hid_t datatype type buf 
65	0,00907	v3p_netlib_integer v3p_netlib_doublereal doublereal integer extern info int 
66	0,00649	test vnl_bignum true double long vnl_rational d2 
67	0,00193	opts pp undef rv ac infiles len 
68	0,00511	parameterstype itkoptimizer dicomparser parameters void optimizer const 
69	0,00214	type static char const return enum vr 
70	0,00747	buffer static_cast file std case outputfile break 
71	0,02451	typename image typedef tinputimage toutputimage pixeltype inputimagetype 
72	0,0551	std endl cout cerr exit_failure return itk 
73	0,00388	true false curve number variable descriptor x0020 
74	0,00448	registrator shrink int getoutput imagedimension params distributionfunction 
75	0,00217	src dst dsttype srctype define endif elif 
76	0,21805	license itk distributed software apache include insight 
77	0,01357	typename labelobjecttype typedef label journal labelobject http 
78	0,00597	region output requested fit input sizevaluetype frame 
79	0,00055	cache_ptr entry_ptr hdassert cache null entry fail 
80	0,00369	cp return int quadedgetype pipe process quadedge1 
81	0,02285	define endif ifndef defined include ifdef extern 
82	0,00647	doublereal integer i__ d__1 goto abs ftnlen 
83	0,00862	tinputimage progress getoutput toutputimage pointer filter ttreetype 
84	0,00216	heap hdr block section indirect hdassert space 
85	0,00136	tif sp return uint32 case td tiff 
86	0,00308	image storage return assert ts photometricinterpretation pixelformat 
87	0,00203	chunk dataset fail fill hgoto_error end layout 
88	0,00815	i__ integer i__2 i__1 temp libf2c continue 
89	0,00152	fspace tempinfo ppar instring sinfo int m_pointer 
90	0,00417	tmeasurementvector ttargetvector scalartype valuetype jmessage err statistics 
91	0,00373	int double return buffer exponent fa void 
92	0,01841	double vnl_vector vnl include const vnl_matrix void 
93	0,00859	string return char const kwsys_stl defined systemtools 
94	0,00864	realtype gaussian int double mapit unsigned tpixel 
95	0,00484	double e0 goto return static status distribution 
96	0,00549	tag const assert ds de std return 
97	0,00433	typename const tfixedimage threadid point p1 tmovingimage 
98	0,0565	typename template os indent const std void 
99	0,00305	metaio_stream mf void int char endl const 

[beta: 0,00311] 
<1000> LL/token: -6,75633

Total time: 9 minutes 19 seconds
[arc] LDA done: 100 topics, 1000 iterations
[arc] DocTopics parsed 7782 items, numTopics=100
    src='/itk-0/Modules/Core/SpatialObjects/test/itkPolygonSpatialObjectTest.cxx' cSourced=false
    src='/itk-0/Modules/ThirdParty/VNL/src/vxl/v3p/netlib/libf2c/d_tanh.c' cSourced=true
    src='/itk-0/Modules/Numerics/NeuralNetworks/include/itkIterativeSupervisedTrainingFunction.hxx' cSourced=false
    src='/itk-0/Modules/ThirdParty/VNL/src/vxl/core/vnl/algo/tests/test_minimizers.cxx' cSourced=false
    src='/itk-0/Modules/ThirdParty/DICOMParser/src/DICOMParser/DICOMSource.cxx' cSourced=false
[arc] 4124/7782 DocTopicItems are C-sourced
No DocTopics file found, generating new one.
[arc] architecture initialized: 4123 singleton clusters (entities matched to a topic vector)
[arc] clustered to 13 clusters (target 13)
[arc] wrote <repo>\out\itk\baseline\arc-file\clusters.rsf
[arc-file] 13 clusters / 4123 entities — MoJoFM=49.17 a2a=81.3415933919531 vs reference -> <repo>\out\itk\baseline\arc-file\fidelity.json
