[2026-07-15T20:24:00Z] START limbo cap=21600s heap=15g k=13 graph=graph-file.rsf
[2026-07-15T20:24:00Z] cmd: java -Xmx15g -Xlog:gc:stdout:uptime -cp <repo>\tools\arcade\ARCADE_Core.jar;<repo>\baselines\arc StructuralRunner <repo>\out\itk\architecture\generated\graph\graph-file.rsf limbo <repo>\out\itk\baseline\limbo-file\clusters.rsf 13 itk
[0.012s] Using G1
[0.224s] GC(0) Pause Young (Normal) (G1 Evacuation Pause) 24M->10M(504M) 3.143ms
[0.257s] GC(1) Pause Young (Normal) (G1 Evacuation Pause) 26M->13M(504M) 2.518ms
[0.299s] GC(2) Pause Young (Normal) (G1 Evacuation Pause) 45M->13M(504M) 0.589ms
[0.651s] GC(3) Pause Young (Normal) (G1 Evacuation Pause) 301M->14M(504M) 1.310ms
[0.979s] GC(4) Pause Young (Normal) (G1 Evacuation Pause) 302M->16M(504M) 0.930ms
[limbo] 7782 entities from graph-file.rsf
[limbo] 7782 singleton clusters
[1.239s] GC(5) Pause Young (Normal) (G1 Evacuation Pause) 304M->22M(504M) 3.272ms
[1.632s] GC(6) Pause Young (Normal) (G1 Evacuation Pause) 302M->22M(624M) 1.688ms
[2.082s] GC(7) Pause Young (Normal) (G1 Evacuation Pause) 374M->23M(624M) 1.584ms
[2.510s] GC(8) Pause Young (Normal) (G1 Evacuation Pause) 375M->22M(624M) 2.954ms
[2.840s] GC(9) Pause Young (Normal) (G1 Evacuation Pause) 374M->23M(624M) 1.565ms
[3.152s] GC(10) Pause Young (Normal) (G1 Evacuation Pause) 375M->23M(624M) 2.548ms
[3.435s] GC(11) Pause Young (Normal) (G1 Evacuation Pause) 375M->24M(624M) 1.992ms
[3.689s] GC(12) Pause Young (Normal) (G1 Evacuation Pause) 376M->25M(624M) 2.163ms
[3.939s] GC(13) Pause Young (Normal) (G1 Evacuation Pause) 377M->25M(624M) 2.552ms
[4.171s] GC(14) Pause Young (Normal) (G1 Evacuation Pause) 377M->25M(624M) 2.055ms
[4.392s] GC(15) Pause Young (Normal) (G1 Evacuation Pause) 377M->25M(624M) 1.893ms
[4.584s] GC(16) Pause Young (Normal) (G1 Evacuation Pause) 377M->26M(624M) 2.266ms
[4.776s] GC(17) Pause Young (Normal) (G1 Evacuation Pause) 378M->27M(624M) 2.208ms
[4.964s] GC(18) Pause Young (Normal) (G1 Evacuation Pause) 379M->27M(624M) 2.665ms
[5.154s] GC(19) Pause Young (Normal) (G1 Evacuation Pause) 379M->27M(624M) 2.528ms
[5.314s] GC(20) Pause Young (Normal) (G1 Evacuation Pause) 379M->28M(752M) 2.589ms
[5.517s] GC(21) Pause Young (Normal) (G1 Evacuation Pause) 468M->29M(752M) 1.548ms
[5.723s] GC(22) Pause Young (Normal) (G1 Evacuation Pause) 469M->29M(752M) 2.137ms
[5.912s] GC(23) Pause Young (Normal) (G1 Evacuation Pause) 469M->30M(752M) 1.692ms
[6.085s] GC(24) Pause Young (Normal) (G1 Evacuation Pause) 470M->30M(752M) 1.613ms
[6.255s] GC(25) Pause Young (Normal) (G1 Evacuation Pause) 470M->31M(752M) 2.168ms
[6.410s] GC(26) Pause Young (Normal) (G1 Evacuation Pause) 471M->32M(752M) 1.570ms
[6.579s] GC(27) Pause Young (Normal) (G1 Evacuation Pause) 472M->32M(752M) 1.506ms
[6.720s] GC(28) Pause Young (Normal) (G1 Evacuation Pause) 472M->33M(752M) 2.393ms
[6.879s] GC(29) Pause Young (Normal) (G1 Evacuation Pause) 473M->33M(904M) 2.629ms
[7.051s] GC(30) Pause Young (Normal) (G1 Evacuation Pause) 561M->34M(904M) 1.720ms
[7.226s] GC(31) Pause Young (Normal) (G1 Evacuation Pause) 554M->35M(904M) 1.927ms
[7.398s] GC(32) Pause Young (Normal) (G1 Evacuation Pause) 555M->35M(904M) 2.182ms
[7.567s] GC(33) Pause Young (Normal) (G1 Evacuation Pause) 555M->36M(904M) 1.681ms
[7.723s] GC(34) Pause Young (Normal) (G1 Evacuation Pause) 556M->37M(904M) 2.254ms
[7.879s] GC(35) Pause Young (Normal) (G1 Evacuation Pause) 557M->38M(1088M) 2.920ms
[8.051s] GC(36) Pause Young (Normal) (G1 Evacuation Pause) 670M->38M(1088M) 2.212ms
[8.236s] GC(37) Pause Young (Normal) (G1 Evacuation Pause) 670M->39M(1088M) 2.789ms
[8.403s] GC(38) Pause Young (Normal) (G1 Evacuation Pause) 671M->40M(1088M) 2.265ms
[8.576s] GC(39) Pause Young (Normal) (G1 Evacuation Pause) 672M->41M(1312M) 2.470ms
[8.778s] GC(40) Pause Young (Normal) (G1 Evacuation Pause) 809M->41M(1312M) 2.385ms
[8.966s] GC(41) Pause Young (Normal) (G1 Evacuation Pause) 809M->43M(1312M) 2.827ms
[9.151s] GC(42) Pause Young (Normal) (G1 Evacuation Pause) 811M->44M(1312M) 2.602ms
[9.336s] GC(43) Pause Young (Normal) (G1 Evacuation Pause) 812M->44M(1312M) 2.666ms
[9.525s] GC(44) Pause Young (Normal) (G1 Evacuation Pause) 812M->45M(1576M) 3.340ms
[9.739s] GC(45) Pause Young (Normal) (G1 Evacuation Pause) 973M->47M(1576M) 3.185ms
[9.943s] GC(46) Pause Young (Normal) (G1 Evacuation Pause) 975M->47M(1576M) 2.842ms
[10.160s] GC(47) Pause Young (Normal) (G1 Evacuation Pause) 975M->48M(1576M) 2.568ms
[10.349s] GC(48) Pause Young (Normal) (G1 Evacuation Pause) 976M->50M(1576M) 2.517ms
[10.545s] GC(49) Pause Young (Normal) (G1 Evacuation Pause) 978M->51M(1576M) 2.929ms
[10.734s] GC(50) Pause Young (Normal) (G1 Evacuation Pause) 979M->52M(1576M) 3.194ms
[10.924s] GC(51) Pause Young (Normal) (G1 Evacuation Pause) 980M->54M(1576M) 2.777ms
[11.108s] GC(52) Pause Young (Normal) (G1 Evacuation Pause) 982M->54M(1576M) 2.640ms
[11.297s] GC(53) Pause Young (Normal) (G1 Evacuation Pause) 982M->56M(1576M) 3.263ms
[11.482s] GC(54) Pause Young (Normal) (G1 Evacuation Pause) 976M->57M(1576M) 3.201ms
[11.650s] GC(55) Pause Young (Normal) (G1 Evacuation Pause) 977M->58M(1896M) 4.200ms
[11.852s] GC(56) Pause Young (Normal) (G1 Evacuation Pause) 1170M->59M(1896M) 3.700ms
[12.055s] GC(57) Pause Young (Normal) (G1 Evacuation Pause) 1171M->61M(1896M) 3.654ms
[12.254s] GC(58) Pause Young (Normal) (G1 Evacuation Pause) 1173M->62M(1896M) 3.804ms
[12.452s] GC(59) Pause Young (Normal) (G1 Evacuation Pause) 1174M->63M(1896M) 3.874ms
[12.642s] GC(60) Pause Young (Normal) (G1 Evacuation Pause) 1175M->65M(1896M) 3.661ms
[12.831s] GC(61) Pause Young (Normal) (G1 Evacuation Pause) 1177M->66M(1896M) 3.108ms
[13.015s] GC(62) Pause Young (Normal) (G1 Evacuation Pause) 1178M->68M(1896M) 3.206ms
[13.205s] GC(63) Pause Young (Normal) (G1 Evacuation Pause) 1180M->71M(1896M) 4.402ms
[13.392s] GC(64) Pause Young (Normal) (G1 Evacuation Pause) 1183M->72M(1896M) 3.990ms
[13.578s] GC(65) Pause Young (Normal) (G1 Evacuation Pause) 1184M->73M(2280M) 5.282ms
[13.762s] GC(66) Pause Young (Normal) (G1 Evacuation Pause) 1417M->75M(2280M) 3.724ms
[13.977s] GC(67) Pause Young (Normal) (G1 Evacuation Pause) 1419M->77M(2280M) 4.337ms
[14.167s] GC(68) Pause Young (Normal) (G1 Evacuation Pause) 1421M->78M(2280M) 3.972ms
[14.367s] GC(69) Pause Young (Normal) (G1 Evacuation Pause) 1422M->79M(2280M) 4.226ms
[14.556s] GC(70) Pause Young (Normal) (G1 Evacuation Pause) 1423M->82M(2280M) 4.710ms
[14.742s] GC(71) Pause Young (Normal) (G1 Evacuation Pause) 1418M->83M(2280M) 4.297ms
[14.929s] GC(72) Pause Young (Normal) (G1 Evacuation Pause) 1419M->84M(2280M) 4.645ms
[15.104s] GC(73) Pause Young (Normal) (G1 Evacuation Pause) 1428M->86M(2280M) 4.440ms
[15.290s] GC(74) Pause Young (Normal) (G1 Evacuation Pause) 1422M->87M(2736M) 5.849ms
[15.505s] GC(75) Pause Young (Normal) (G1 Evacuation Pause) 1695M->89M(2736M) 4.656ms
[15.710s] GC(76) Pause Young (Normal) (G1 Evacuation Pause) 1697M->92M(2736M) 4.623ms
[15.926s] GC(77) Pause Young (Normal) (G1 Evacuation Pause) 1700M->93M(2736M) 4.803ms
[16.128s] GC(78) Pause Young (Normal) (G1 Evacuation Pause) 1701M->95M(2736M) 4.986ms
[16.332s] GC(79) Pause Young (Normal) (G1 Evacuation Pause) 1703M->97M(2736M) 4.568ms
[16.533s] GC(80) Pause Young (Normal) (G1 Evacuation Pause) 1705M->99M(2736M) 5.105ms
[16.736s] GC(81) Pause Young (Normal) (G1 Evacuation Pause) 1707M->101M(2736M) 5.143ms
[16.940s] GC(82) Pause Young (Normal) (G1 Evacuation Pause) 1709M->103M(2736M) 5.001ms
[17.132s] GC(83) Pause Young (Normal) (G1 Evacuation Pause) 1711M->105M(2736M) 5.306ms
[17.330s] GC(84) Pause Young (Normal) (G1 Evacuation Pause) 1713M->107M(2736M) 5.490ms
[17.522s] GC(85) Pause Young (Normal) (G1 Evacuation Pause) 1715M->109M(2736M) 6.041ms
[17.724s] GC(86) Pause Young (Normal) (G1 Evacuation Pause) 1717M->110M(2736M) 6.185ms
[17.930s] GC(87) Pause Young (Normal) (G1 Evacuation Pause) 1718M->112M(2736M) 6.864ms
[18.132s] GC(88) Pause Young (Normal) (G1 Evacuation Pause) 1720M->114M(2736M) 7.665ms
[18.339s] GC(89) Pause Young (Normal) (G1 Evacuation Pause) 1722M->117M(3248M) 9.523ms
[18.568s] GC(90) Pause Young (Normal) (G1 Evacuation Pause) 2029M->118M(3248M) 6.795ms
[18.799s] GC(91) Pause Young (Normal) (G1 Evacuation Pause) 2030M->121M(3248M) 7.211ms
[19.018s] GC(92) Pause Young (Normal) (G1 Evacuation Pause) 2033M->124M(3248M) 6.910ms
[19.247s] GC(93) Pause Young (Normal) (G1 Evacuation Pause) 2036M->126M(3248M) 6.786ms
[19.467s] GC(94) Pause Young (Normal) (G1 Evacuation Pause) 2038M->128M(3248M) 7.022ms
[19.687s] GC(95) Pause Young (Normal) (G1 Evacuation Pause) 2040M->130M(3248M) 7.522ms
[19.906s] GC(96) Pause Young (Normal) (G1 Evacuation Pause) 2042M->133M(3248M) 7.660ms
[20.123s] GC(97) Pause Young (Normal) (G1 Evacuation Pause) 2045M->135M(3248M) 8.908ms
[20.339s] GC(98) Pause Young (Normal) (G1 Evacuation Pause) 2039M->137M(3736M) 9.421ms
[20.614s] GC(99) Pause Young (Normal) (G1 Evacuation Pause) 2345M->139M(3736M) 7.699ms
[20.849s] GC(100) Pause Young (Normal) (G1 Evacuation Pause) 2339M->142M(3736M) 7.667ms
[21.108s] GC(101) Pause Young (Normal) (G1 Evacuation Pause) 2342M->145M(3736M) 8.091ms
[21.345s] GC(102) Pause Young (Normal) (G1 Evacuation Pause) 2345M->147M(3736M) 8.456ms
[21.576s] GC(103) Pause Young (Normal) (G1 Evacuation Pause) 2347M->150M(3736M) 8.455ms
[21.823s] GC(104) Pause Young (Normal) (G1 Evacuation Pause) 2350M->152M(3736M) 8.403ms
[22.050s] GC(105) Pause Young (Normal) (G1 Evacuation Pause) 2352M->155M(3736M) 8.617ms
[22.296s] GC(106) Pause Young (Normal) (G1 Evacuation Pause) 2355M->158M(3736M) 8.987ms
[22.524s] GC(107) Pause Young (Normal) (G1 Evacuation Pause) 2358M->160M(3736M) 8.886ms
[22.749s] GC(108) Pause Young (Normal) (G1 Evacuation Pause) 2360M->163M(3736M) 10.004ms
[23.003s] GC(109) Pause Young (Normal) (G1 Evacuation Pause) 2363M->166M(4208M) 10.747ms
[23.307s] GC(110) Pause Young (Normal) (G1 Evacuation Pause) 2646M->168M(4208M) 9.733ms
[23.582s] GC(111) Pause Young (Normal) (G1 Evacuation Pause) 2648M->172M(4208M) 9.676ms
[23.828s] GC(112) Pause Young (Normal) (G1 Evacuation Pause) 2652M->174M(4208M) 10.382ms
[24.130s] GC(113) Pause Young (Normal) (G1 Evacuation Pause) 2654M->178M(4208M) 10.370ms
[24.414s] GC(114) Pause Young (Normal) (G1 Evacuation Pause) 2650M->181M(4208M) 10.561ms
[24.679s] GC(115) Pause Young (Normal) (G1 Evacuation Pause) 2653M->184M(4208M) 11.605ms
[24.947s] GC(116) Pause Young (Normal) (G1 Evacuation Pause) 2656M->186M(4208M) 10.922ms
[25.260s] GC(117) Pause Young (Normal) (G1 Evacuation Pause) 2658M->190M(4208M) 11.716ms
[25.575s] GC(118) Pause Young (Normal) (G1 Evacuation Pause) 2662M->193M(4208M) 11.088ms
[25.882s] GC(119) Pause Young (Normal) (G1 Evacuation Pause) 2665M->196M(4208M) 11.290ms
[26.168s] GC(120) Pause Young (Normal) (G1 Evacuation Pause) 2668M->199M(4208M) 11.612ms
[26.487s] GC(121) Pause Young (Normal) (G1 Evacuation Pause) 2671M->211M(4208M) 13.801ms
[26.774s] GC(122) Pause Young (Normal) (G1 Evacuation Pause) 2675M->214M(4208M) 12.850ms
[27.069s] GC(123) Pause Young (Normal) (G1 Evacuation Pause) 2678M->218M(4208M) 13.118ms
[27.339s] GC(124) Pause Young (Normal) (G1 Evacuation Pause) 2682M->219M(4656M) 14.606ms
[27.673s] GC(125) Pause Young (Normal) (G1 Evacuation Pause) 2955M->223M(4656M) 14.417ms
[28.022s] GC(126) Pause Young (Normal) (G1 Evacuation Pause) 2959M->227M(4656M) 14.420ms
[28.370s] GC(127) Pause Young (Normal) (G1 Evacuation Pause) 2963M->230M(4656M) 13.595ms
[28.651s] GC(128) Pause Young (Normal) (G1 Evacuation Pause) 2966M->234M(4656M) 12.679ms
[28.980s] GC(129) Pause Young (Normal) (G1 Evacuation Pause) 2962M->239M(4656M) 14.225ms
[29.285s] GC(130) Pause Young (Normal) (G1 Evacuation Pause) 2967M->241M(4656M) 12.727ms
[29.626s] GC(131) Pause Young (Normal) (G1 Evacuation Pause) 2969M->244M(4656M) 13.306ms
[30.049s] GC(132) Pause Young (Normal) (G1 Evacuation Pause) 2972M->248M(4656M) 17.592ms
[30.490s] GC(133) Pause Young (Normal) (G1 Evacuation Pause) 2976M->251M(4656M) 17.590ms
[30.919s] GC(134) Pause Young (Normal) (G1 Evacuation Pause) 2979M->255M(4656M) 17.675ms
[31.354s] GC(135) Pause Young (Normal) (G1 Evacuation Pause) 2983M->257M(4656M) 18.523ms
[31.788s] GC(136) Pause Young (Normal) (G1 Evacuation Pause) 2985M->262M(4656M) 18.842ms
[32.215s] GC(137) Pause Young (Normal) (G1 Evacuation Pause) 2998M->265M(4656M) 12.274ms
[32.622s] GC(138) Pause Young (Normal) (G1 Evacuation Pause) 3001M->269M(4656M) 12.724ms
[33.050s] GC(139) Pause Young (Normal) (G1 Evacuation Pause) 3005M->271M(4656M) 13.444ms
[33.474s] GC(140) Pause Young (Normal) (G1 Evacuation Pause) 3007M->275M(4656M) 14.353ms
[33.899s] GC(141) Pause Young (Normal) (G1 Evacuation Pause) 3011M->278M(4656M) 16.465ms
[34.382s] GC(142) Pause Young (Normal) (G1 Evacuation Pause) 3014M->281M(4656M) 15.903ms
[34.800s] GC(143) Pause Young (Normal) (G1 Evacuation Pause) 3017M->284M(4656M) 16.988ms
[35.204s] GC(144) Pause Young (Normal) (G1 Evacuation Pause) 3020M->291M(4656M) 17.841ms
[35.620s] GC(145) Pause Young (Normal) (G1 Evacuation Pause) 3027M->295M(4656M) 20.425ms
[36.020s] GC(146) Pause Young (Normal) (G1 Evacuation Pause) 3031M->297M(4656M) 19.661ms
[36.427s] GC(147) Pause Young (Normal) (G1 Evacuation Pause) 3033M->300M(4656M) 20.128ms
[36.825s] GC(148) Pause Young (Normal) (G1 Evacuation Pause) 3036M->304M(4656M) 19.264ms
[37.230s] GC(149) Pause Young (Normal) (G1 Evacuation Pause) 3040M->308M(5088M) 21.640ms
[37.690s] GC(150) Pause Young (Normal) (G1 Evacuation Pause) 3300M->311M(5088M) 17.724ms
[38.114s] GC(151) Pause Young (Normal) (G1 Evacuation Pause) 3303M->315M(5088M) 16.198ms
[38.559s] GC(152) Pause Young (Normal) (G1 Evacuation Pause) 3307M->317M(5088M) 17.205ms
[38.995s] GC(153) Pause Young (Normal) (G1 Evacuation Pause) 3309M->323M(5088M) 17.498ms
[39.438s] GC(154) Pause Young (Normal) (G1 Evacuation Pause) 3315M->328M(5088M) 17.165ms
[39.941s] GC(155) Pause Young (Normal) (G1 Evacuation Pause) 3312M->330M(5088M) 16.563ms
[40.351s] GC(156) Pause Young (Normal) (G1 Evacuation Pause) 3322M->335M(5088M) 15.825ms
[40.760s] GC(157) Pause Young (Normal) (G1 Evacuation Pause) 3319M->338M(5088M) 17.331ms
[41.183s] GC(158) Pause Young (Normal) (G1 Evacuation Pause) 3330M->342M(5088M) 17.915ms
[41.603s] GC(159) Pause Young (Normal) (G1 Evacuation Pause) 3326M->347M(5088M) 17.127ms
[42.006s] GC(160) Pause Young (Normal) (G1 Evacuation Pause) 3331M->351M(5088M) 15.871ms
[42.415s] GC(161) Pause Young (Normal) (G1 Evacuation Pause) 3335M->354M(5088M) 17.062ms
[42.819s] GC(162) Pause Young (Normal) (G1 Evacuation Pause) 3338M->357M(5088M) 17.193ms
[43.210s] GC(163) Pause Young (Normal) (G1 Evacuation Pause) 3341M->363M(5088M) 15.778ms
[43.603s] GC(164) Pause Young (Normal) (G1 Evacuation Pause) 3347M->368M(5088M) 15.329ms
[43.994s] GC(165) Pause Young (Normal) (G1 Evacuation Pause) 3352M->370M(5088M) 15.697ms
[44.379s] GC(166) Pause Young (Normal) (G1 Evacuation Pause) 3354M->373M(5088M) 14.243ms
[44.769s] GC(167) Pause Young (Normal) (G1 Evacuation Pause) 3357M->377M(5088M) 14.185ms
[45.160s] GC(168) Pause Young (Normal) (G1 Evacuation Pause) 3361M->382M(5088M) 13.908ms
[45.551s] GC(169) Pause Young (Normal) (G1 Evacuation Pause) 3366M->385M(5088M) 14.202ms
[45.934s] GC(170) Pause Young (Normal) (G1 Evacuation Pause) 3369M->389M(5088M) 13.092ms
[46.305s] GC(171) Pause Young (Normal) (G1 Evacuation Pause) 3373M->394M(5088M) 14.153ms
[46.694s] GC(172) Pause Young (Normal) (G1 Evacuation Pause) 3378M->396M(5088M) 13.339ms
[47.077s] GC(173) Pause Young (Normal) (G1 Evacuation Pause) 3380M->401M(5088M) 12.633ms
[47.446s] GC(174) Pause Young (Normal) (G1 Evacuation Pause) 3385M->404M(5088M) 13.112ms
[47.811s] GC(175) Pause Young (Normal) (G1 Evacuation Pause) 3388M->408M(5088M) 12.709ms
[48.177s] GC(176) Pause Young (Normal) (G1 Evacuation Pause) 3392M->412M(5088M) 12.711ms
[48.513s] GC(177) Pause Young (Normal) (G1 Evacuation Pause) 3396M->416M(5088M) 12.372ms
[48.892s] GC(178) Pause Young (Normal) (G1 Evacuation Pause) 3400M->422M(5088M) 12.795ms
[49.240s] GC(179) Pause Young (Normal) (G1 Evacuation Pause) 3406M->425M(5088M) 13.190ms
[49.605s] GC(180) Pause Young (Normal) (G1 Evacuation Pause) 3409M->429M(5088M) 12.480ms
[49.949s] GC(181) Pause Young (Normal) (G1 Evacuation Pause) 3413M->432M(5088M) 12.816ms
[50.307s] GC(182) Pause Young (Normal) (G1 Evacuation Pause) 3416M->436M(5088M) 12.261ms
[50.650s] GC(183) Pause Young (Normal) (G1 Evacuation Pause) 3420M->441M(5088M) 13.033ms
[51.010s] GC(184) Pause Young (Normal) (G1 Evacuation Pause) 3425M->444M(5088M) 13.413ms
[51.368s] GC(185) Pause Young (Normal) (G1 Evacuation Pause) 3428M->446M(5088M) 13.706ms
[51.713s] GC(186) Pause Young (Normal) (G1 Evacuation Pause) 3430M->452M(5088M) 12.519ms
[52.051s] GC(187) Pause Young (Normal) (G1 Evacuation Pause) 3436M->456M(5088M) 12.883ms
[52.393s] GC(188) Pause Young (Normal) (G1 Evacuation Pause) 3440M->461M(5088M) 12.623ms
[52.747s] GC(189) Pause Young (Normal) (G1 Evacuation Pause) 3445M->465M(5088M) 12.922ms
[53.100s] GC(190) Pause Young (Normal) (G1 Evacuation Pause) 3449M->468M(5088M) 12.413ms
[53.441s] GC(191) Pause Young (Normal) (G1 Evacuation Pause) 3452M->472M(5088M) 13.026ms
[53.797s] GC(192) Pause Young (Normal) (G1 Evacuation Pause) 3456M->477M(5088M) 13.085ms
[54.151s] GC(193) Pause Young (Normal) (G1 Evacuation Pause) 3461M->479M(5088M) 13.050ms
[54.487s] GC(194) Pause Young (Normal) (G1 Evacuation Pause) 3463M->484M(5088M) 13.125ms
[54.842s] GC(195) Pause Young (Normal) (G1 Evacuation Pause) 3468M->486M(5088M) 13.773ms
[55.185s] GC(196) Pause Young (Normal) (G1 Evacuation Pause) 3470M->490M(5088M) 14.406ms
[55.530s] GC(197) Pause Young (Normal) (G1 Evacuation Pause) 3474M->495M(5088M) 14.549ms
[55.866s] GC(198) Pause Young (Normal) (G1 Evacuation Pause) 3479M->500M(5088M) 13.632ms
[56.210s] GC(199) Pause Young (Normal) (G1 Evacuation Pause) 3484M->502M(5088M) 14.175ms
[56.548s] GC(200) Pause Young (Normal) (G1 Evacuation Pause) 3486M->508M(5088M) 14.941ms
[56.889s] GC(201) Pause Young (Normal) (G1 Evacuation Pause) 3492M->512M(5088M) 14.526ms
[57.219s] GC(202) Pause Young (Normal) (G1 Evacuation Pause) 3496M->515M(5088M) 14.705ms
[57.558s] GC(203) Pause Young (Normal) (G1 Evacuation Pause) 3499M->518M(5088M) 13.775ms
[57.888s] GC(204) Pause Young (Normal) (G1 Evacuation Pause) 3502M->526M(5088M) 14.461ms
[58.223s] GC(205) Pause Young (Normal) (G1 Evacuation Pause) 3510M->530M(5088M) 14.178ms
[58.555s] GC(206) Pause Young (Normal) (G1 Evacuation Pause) 3514M->532M(5088M) 13.734ms
[58.883s] GC(207) Pause Young (Normal) (G1 Evacuation Pause) 3516M->535M(5088M) 14.035ms
[59.212s] GC(208) Pause Young (Normal) (G1 Evacuation Pause) 3519M->539M(5088M) 14.331ms
[59.545s] GC(209) Pause Young (Normal) (G1 Evacuation Pause) 3523M->543M(5088M) 15.076ms
[59.877s] GC(210) Pause Young (Normal) (G1 Evacuation Pause) 3527M->547M(5088M) 14.882ms
[60.203s] GC(211) Pause Young (Normal) (G1 Evacuation Pause) 3531M->552M(5088M) 15.274ms
[60.527s] GC(212) Pause Young (Normal) (G1 Evacuation Pause) 3536M->556M(5088M) 14.842ms
[60.849s] GC(213) Pause Young (Normal) (G1 Evacuation Pause) 3540M->560M(5088M) 14.764ms
[61.165s] GC(214) Pause Young (Normal) (G1 Evacuation Pause) 3544M->564M(5088M) 15.099ms
[61.484s] GC(215) Pause Young (Normal) (G1 Evacuation Pause) 3548M->568M(5088M) 14.884ms
[61.803s] GC(216) Pause Young (Normal) (G1 Evacuation Pause) 3552M->572M(5088M) 15.495ms
[62.116s] GC(217) Pause Young (Normal) (G1 Evacuation Pause) 3556M->575M(5088M) 14.861ms
[62.441s] GC(218) Pause Young (Normal) (G1 Evacuation Pause) 3559M->579M(5088M) 15.648ms
[62.759s] GC(219) Pause Young (Normal) (G1 Evacuation Pause) 3563M->583M(5088M) 15.121ms
[63.072s] GC(220) Pause Young (Normal) (G1 Evacuation Pause) 3567M->588M(5088M) 14.961ms
[63.407s] GC(221) Pause Young (Normal) (G1 Evacuation Pause) 3572M->592M(5088M) 14.433ms
[63.719s] GC(222) Pause Young (Normal) (G1 Evacuation Pause) 3576M->596M(5088M) 15.748ms
[64.033s] GC(223) Pause Young (Normal) (G1 Evacuation Pause) 3580M->599M(5088M) 14.952ms
[64.337s] GC(224) Pause Young (Normal) (G1 Evacuation Pause) 3583M->604M(5088M) 15.258ms
[64.667s] GC(225) Pause Young (Normal) (G1 Evacuation Pause) 3588M->607M(5088M) 16.208ms
[64.978s] GC(226) Pause Young (Normal) (G1 Evacuation Pause) 3591M->610M(5088M) 16.181ms
[65.291s] GC(227) Pause Young (Normal) (G1 Evacuation Pause) 3594M->615M(5088M) 17.533ms
[65.599s] GC(228) Pause Young (Normal) (G1 Evacuation Pause) 3599M->618M(5088M) 15.484ms
[65.908s] GC(229) Pause Young (Normal) (G1 Evacuation Pause) 3602M->623M(5088M) 15.711ms
[66.218s] GC(230) Pause Young (Normal) (G1 Evacuation Pause) 3607M->626M(5088M) 16.187ms
[66.557s] GC(231) Pause Young (Normal) (G1 Evacuation Pause) 3610M->631M(5088M) 17.149ms
[66.879s] GC(232) Pause Young (Normal) (G1 Evacuation Pause) 3615M->635M(5088M) 16.824ms
[67.203s] GC(233) Pause Young (Normal) (G1 Evacuation Pause) 3619M->639M(5504M) 18.708ms
[67.594s] GC(234) Pause Young (Normal) (G1 Evacuation Pause) 3871M->644M(5504M) 17.090ms
[67.940s] GC(235) Pause Young (Normal) (G1 Evacuation Pause) 3876M->646M(5504M) 17.029ms
[68.342s] GC(236) Pause Young (Normal) (G1 Evacuation Pause) 3878M->652M(5504M) 17.107ms
[68.707s] GC(237) Pause Young (Normal) (G1 Evacuation Pause) 3884M->656M(5504M) 16.329ms
[69.058s] GC(238) Pause Young (Normal) (G1 Evacuation Pause) 3888M->660M(5504M) 16.495ms
[69.389s] GC(239) Pause Young (Normal) (G1 Evacuation Pause) 3892M->665M(5504M) 16.417ms
[69.743s] GC(240) Pause Young (Normal) (G1 Evacuation Pause) 3897M->669M(5504M) 17.179ms
[70.109s] GC(241) Pause Young (Normal) (G1 Evacuation Pause) 3901M->672M(5504M) 17.028ms
[70.473s] GC(242) Pause Young (Normal) (G1 Evacuation Pause) 3904M->678M(5504M) 17.285ms
[70.815s] GC(243) Pause Young (Normal) (G1 Evacuation Pause) 3910M->682M(5504M) 17.530ms
[71.162s] GC(244) Pause Young (Normal) (G1 Evacuation Pause) 3914M->686M(5504M) 16.855ms
[71.543s] GC(245) Pause Young (Normal) (G1 Evacuation Pause) 3918M->690M(5504M) 17.139ms
[71.891s] GC(246) Pause Young (Normal) (G1 Evacuation Pause) 3922M->696M(5504M) 18.032ms
[72.253s] GC(247) Pause Young (Normal) (G1 Evacuation Pause) 3920M->699M(5504M) 17.772ms
[72.621s] GC(248) Pause Young (Normal) (G1 Evacuation Pause) 3923M->705M(5504M) 17.737ms
[72.988s] GC(249) Pause Young (Normal) (G1 Evacuation Pause) 3929M->709M(5504M) 18.255ms
[73.370s] GC(250) Pause Young (Normal) (G1 Evacuation Pause) 3933M->714M(5504M) 19.768ms
[73.738s] GC(251) Pause Young (Normal) (G1 Evacuation Pause) 3938M->719M(5504M) 17.751ms
[74.080s] GC(252) Pause Young (Normal) (G1 Evacuation Pause) 3943M->723M(5504M) 17.383ms
[74.386s] GC(253) Pause Young (Normal) (G1 Evacuation Pause) 3947M->727M(5504M) 17.816ms
[74.738s] GC(254) Pause Young (Normal) (G1 Evacuation Pause) 3951M->733M(5504M) 18.604ms
[75.088s] GC(255) Pause Young (Normal) (G1 Evacuation Pause) 3957M->738M(5504M) 17.353ms
[75.428s] GC(256) Pause Young (Normal) (G1 Evacuation Pause) 3962M->742M(5504M) 16.982ms
[75.799s] GC(257) Pause Young (Normal) (G1 Evacuation Pause) 3966M->749M(5504M) 19.389ms
[76.167s] GC(258) Pause Young (Normal) (G1 Evacuation Pause) 3973M->752M(5504M) 16.931ms
[76.527s] GC(259) Pause Young (Normal) (G1 Evacuation Pause) 3976M->757M(5504M) 19.023ms
[76.935s] GC(260) Pause Young (Normal) (G1 Evacuation Pause) 3981M->781M(5504M) 24.118ms
[77.331s] GC(261) Pause Young (Normal) (G1 Evacuation Pause) 3981M->801M(5504M) 28.222ms
[77.697s] GC(262) Pause Young (Normal) (G1 Evacuation Pause) 3985M->808M(5504M) 28.997ms
[78.062s] GC(263) Pause Young (Normal) (G1 Evacuation Pause) 3992M->811M(5904M) 29.239ms
[78.450s] GC(264) Pause Young (Normal) (G1 Evacuation Pause) 4235M->816M(5904M) 27.524ms
[78.818s] GC(265) Pause Young (Normal) (G1 Evacuation Pause) 4240M->823M(5904M) 27.919ms
[79.178s] GC(266) Pause Young (Normal) (G1 Evacuation Pause) 4247M->825M(5904M) 28.429ms
[79.541s] GC(267) Pause Young (Normal) (G1 Evacuation Pause) 4249M->834M(6328M) 29.963ms
[80.000s] GC(268) Pause Young (Normal) (G1 Evacuation Pause) 4514M->838M(6328M) 29.068ms
[80.432s] GC(269) Pause Young (Normal) (G1 Evacuation Pause) 4518M->840M(6328M) 28.718ms
[80.829s] GC(270) Pause Young (Normal) (G1 Evacuation Pause) 4520M->844M(6328M) 29.841ms
[81.206s] GC(271) Pause Young (Normal) (G1 Evacuation Pause) 4524M->852M(6328M) 28.598ms
[81.617s] GC(272) Pause Young (Normal) (G1 Evacuation Pause) 4532M->856M(6696M) 29.325ms
[82.081s] GC(273) Pause Young (Normal) (G1 Evacuation Pause) 4760M->861M(6696M) 29.117ms
[82.486s] GC(274) Pause Young (Normal) (G1 Evacuation Pause) 4765M->868M(6696M) 30.846ms
[82.970s] GC(275) Pause Young (Normal) (G1 Evacuation Pause) 4764M->875M(6696M) 31.607ms
[83.430s] GC(276) Pause Young (Normal) (G1 Evacuation Pause) 4787M->881M(6696M) 26.020ms
[83.899s] GC(277) Pause Young (Normal) (G1 Evacuation Pause) 4817M->887M(6696M) 21.346ms
[84.353s] GC(278) Pause Young (Normal) (G1 Evacuation Pause) 4823M->892M(6696M) 19.548ms
[84.782s] GC(279) Pause Young (Normal) (G1 Evacuation Pause) 4828M->896M(6696M) 20.947ms
[85.218s] GC(280) Pause Young (Normal) (G1 Evacuation Pause) 4832M->902M(6696M) 20.455ms
[85.604s] GC(281) Pause Young (Normal) (G1 Evacuation Pause) 4830M->910M(6696M) 20.883ms
[86.026s] GC(282) Pause Young (Normal) (G1 Evacuation Pause) 4838M->915M(6696M) 21.412ms
[86.464s] GC(283) Pause Young (Normal) (G1 Evacuation Pause) 4843M->922M(6696M) 20.347ms
[86.899s] GC(284) Pause Young (Normal) (G1 Evacuation Pause) 4850M->925M(6696M) 21.132ms
[87.296s] GC(285) Pause Young (Normal) (G1 Evacuation Pause) 4853M->932M(6696M) 20.596ms
[87.776s] GC(286) Pause Young (Normal) (G1 Evacuation Pause) 4860M->939M(6696M) 20.585ms
[88.234s] GC(287) Pause Young (Normal) (G1 Evacuation Pause) 4867M->945M(6696M) 20.688ms
[88.637s] GC(288) Pause Young (Normal) (G1 Evacuation Pause) 4873M->949M(6696M) 20.530ms
[89.054s] GC(289) Pause Young (Normal) (G1 Evacuation Pause) 4877M->953M(6696M) 20.278ms
[89.437s] GC(290) Pause Young (Normal) (G1 Evacuation Pause) 4881M->962M(6696M) 19.941ms
[89.837s] GC(291) Pause Young (Normal) (G1 Evacuation Pause) 4890M->966M(6696M) 20.145ms
[90.258s] GC(292) Pause Young (Normal) (G1 Evacuation Pause) 4894M->972M(6696M) 20.297ms
[90.689s] GC(293) Pause Young (Normal) (G1 Evacuation Pause) 4900M->979M(6696M) 21.009ms
[91.132s] GC(294) Pause Young (Normal) (G1 Evacuation Pause) 4907M->982M(6696M) 20.434ms
[91.509s] GC(295) Pause Young (Normal) (G1 Evacuation Pause) 4910M->990M(6696M) 20.153ms
[91.949s] GC(296) Pause Young (Normal) (G1 Evacuation Pause) 4918M->994M(6696M) 21.365ms
[92.381s] GC(297) Pause Young (Normal) (G1 Evacuation Pause) 4922M->1000M(6696M) 20.565ms
[92.818s] GC(298) Pause Young (Normal) (G1 Evacuation Pause) 4928M->1006M(6696M) 21.471ms
[93.241s] GC(299) Pause Young (Normal) (G1 Evacuation Pause) 4934M->1011M(6696M) 20.348ms
[93.631s] GC(300) Pause Young (Normal) (G1 Evacuation Pause) 4939M->1017M(6696M) 20.010ms
[94.084s] GC(301) Pause Young (Normal) (G1 Evacuation Pause) 4945M->1023M(6696M) 20.094ms
[94.499s] GC(302) Pause Young (Normal) (G1 Evacuation Pause) 4951M->1028M(6696M) 19.846ms
[94.948s] GC(303) Pause Young (Normal) (G1 Evacuation Pause) 4956M->1034M(6696M) 19.533ms
[95.361s] GC(304) Pause Young (Normal) (G1 Evacuation Pause) 4962M->1039M(6696M) 19.845ms
[95.809s] GC(305) Pause Young (Normal) (G1 Evacuation Pause) 4967M->1043M(6696M) 21.052ms
[96.213s] GC(306) Pause Young (Normal) (G1 Evacuation Pause) 4971M->1050M(6696M) 21.257ms
[96.629s] GC(307) Pause Young (Normal) (G1 Evacuation Pause) 4978M->1054M(6696M) 19.373ms
[97.046s] GC(308) Pause Young (Normal) (G1 Evacuation Pause) 4982M->1060M(6696M) 19.685ms
[97.487s] GC(309) Pause Young (Normal) (G1 Evacuation Pause) 4988M->1065M(6696M) 20.547ms
[97.951s] GC(310) Pause Young (Normal) (G1 Evacuation Pause) 4993M->1071M(6696M) 20.499ms
[98.359s] GC(311) Pause Young (Normal) (G1 Evacuation Pause) 4999M->1075M(6696M) 19.828ms
[98.812s] GC(312) Pause Young (Normal) (G1 Evacuation Pause) 5003M->1081M(6696M) 20.521ms
[99.240s] GC(313) Pause Young (Normal) (G1 Evacuation Pause) 5009M->1087M(6696M) 21.163ms
[99.692s] GC(314) Pause Young (Normal) (G1 Evacuation Pause) 5015M->1092M(6696M) 20.467ms
[100.084s] GC(315) Pause Young (Normal) (G1 Evacuation Pause) 5020M->1098M(6696M) 21.303ms
[100.516s] GC(316) Pause Young (Normal) (G1 Evacuation Pause) 5026M->1105M(6696M) 20.442ms
[100.944s] GC(317) Pause Young (Normal) (G1 Evacuation Pause) 5033M->1109M(6696M) 21.153ms
[101.387s] GC(318) Pause Young (Normal) (G1 Evacuation Pause) 5037M->1116M(6696M) 20.060ms
[101.819s] GC(319) Pause Young (Normal) (G1 Evacuation Pause) 5044M->1123M(6696M) 20.030ms
[102.254s] GC(320) Pause Young (Normal) (G1 Evacuation Pause) 5051M->1128M(6696M) 21.951ms
[102.673s] GC(321) Pause Young (Normal) (G1 Evacuation Pause) 5056M->1133M(6696M) 20.809ms
[103.100s] GC(322) Pause Young (Normal) (G1 Evacuation Pause) 5061M->1138M(6696M) 22.414ms
[103.570s] GC(323) Pause Young (Normal) (G1 Evacuation Pause) 5066M->1144M(6696M) 21.771ms
[104.021s] GC(324) Pause Young (Normal) (G1 Evacuation Pause) 5072M->1148M(6696M) 22.573ms
[104.483s] GC(325) Pause Young (Normal) (G1 Evacuation Pause) 5076M->1156M(6696M) 21.665ms
[104.945s] GC(326) Pause Young (Normal) (G1 Evacuation Pause) 5084M->1162M(6696M) 21.217ms
[105.395s] GC(327) Pause Young (Normal) (G1 Evacuation Pause) 5090M->1167M(6696M) 22.560ms
[105.838s] GC(328) Pause Young (Normal) (G1 Evacuation Pause) 5095M->1171M(6696M) 20.608ms
[106.278s] GC(329) Pause Young (Normal) (G1 Evacuation Pause) 5099M->1176M(6696M) 20.479ms
[106.738s] GC(330) Pause Young (Normal) (G1 Evacuation Pause) 5104M->1183M(6696M) 20.988ms
[107.179s] GC(331) Pause Young (Normal) (G1 Evacuation Pause) 5111M->1189M(6696M) 20.622ms
[107.619s] GC(332) Pause Young (Normal) (G1 Evacuation Pause) 5117M->1193M(6696M) 20.286ms
[108.044s] GC(333) Pause Young (Normal) (G1 Evacuation Pause) 5121M->1199M(6696M) 20.354ms
[108.470s] GC(334) Pause Young (Normal) (G1 Evacuation Pause) 5127M->1205M(6696M) 21.314ms
[108.908s] GC(335) Pause Young (Normal) (G1 Evacuation Pause) 5133M->1211M(6696M) 21.102ms
[109.350s] GC(336) Pause Young (Normal) (G1 Evacuation Pause) 5139M->1217M(6696M) 20.147ms
[109.793s] GC(337) Pause Young (Normal) (G1 Evacuation Pause) 5145M->1222M(6696M) 22.042ms
[110.233s] GC(338) Pause Young (Normal) (G1 Evacuation Pause) 5150M->1228M(6696M) 20.567ms
[110.675s] GC(339) Pause Young (Normal) (G1 Evacuation Pause) 5156M->1233M(6696M) 20.794ms
[111.117s] GC(340) Pause Young (Normal) (G1 Evacuation Pause) 5161M->1239M(6696M) 21.075ms
[111.555s] GC(341) Pause Young (Normal) (G1 Evacuation Pause) 5167M->1243M(6696M) 21.487ms
[111.988s] GC(342) Pause Young (Normal) (G1 Evacuation Pause) 5171M->1250M(6696M) 20.587ms
[112.417s] GC(343) Pause Young (Normal) (G1 Evacuation Pause) 5178M->1255M(6696M) 20.954ms
[112.857s] GC(344) Pause Young (Normal) (G1 Evacuation Pause) 5183M->1260M(6696M) 20.743ms
[113.288s] GC(345) Pause Young (Normal) (G1 Evacuation Pause) 5188M->1266M(6696M) 21.161ms
[113.720s] GC(346) Pause Young (Normal) (G1 Evacuation Pause) 5194M->1271M(6696M) 21.431ms
[114.146s] GC(347) Pause Young (Normal) (G1 Evacuation Pause) 5199M->1279M(6696M) 21.420ms
[114.589s] GC(348) Pause Young (Normal) (G1 Evacuation Pause) 5207M->1284M(6696M) 21.276ms
[115.018s] GC(349) Pause Young (Normal) (G1 Evacuation Pause) 5212M->1290M(6696M) 21.237ms
[115.447s] GC(350) Pause Young (Normal) (G1 Evacuation Pause) 5218M->1295M(6696M) 22.578ms
[115.866s] GC(351) Pause Young (Normal) (G1 Evacuation Pause) 5223M->1301M(6696M) 21.949ms
[116.297s] GC(352) Pause Young (Normal) (G1 Evacuation Pause) 5229M->1305M(6696M) 22.401ms
[116.741s] GC(353) Pause Young (Normal) (G1 Evacuation Pause) 5233M->1311M(6696M) 22.429ms
[117.170s] GC(354) Pause Young (Normal) (G1 Evacuation Pause) 5239M->1316M(6696M) 22.954ms
[117.603s] GC(355) Pause Young (Normal) (G1 Evacuation Pause) 5244M->1322M(6696M) 22.687ms
[118.033s] GC(356) Pause Young (Normal) (G1 Evacuation Pause) 5250M->1329M(6696M) 23.096ms
[118.461s] GC(357) Pause Young (Normal) (G1 Evacuation Pause) 5257M->1335M(6696M) 22.310ms
[118.895s] GC(358) Pause Young (Normal) (G1 Evacuation Pause) 5263M->1341M(6696M) 22.861ms
[119.322s] GC(359) Pause Young (Normal) (G1 Evacuation Pause) 5269M->1344M(6696M) 24.111ms
[119.761s] GC(360) Pause Young (Normal) (G1 Evacuation Pause) 5272M->1351M(6696M) 23.038ms
[120.194s] GC(361) Pause Young (Normal) (G1 Evacuation Pause) 5279M->1356M(6696M) 22.811ms
[120.629s] GC(362) Pause Young (Normal) (G1 Evacuation Pause) 5284M->1361M(6696M) 22.587ms
[121.044s] GC(363) Pause Young (Normal) (G1 Evacuation Pause) 5289M->1369M(6696M) 23.613ms
[121.466s] GC(364) Pause Young (Normal) (G1 Evacuation Pause) 5297M->1375M(6696M) 22.968ms
[121.893s] GC(365) Pause Young (Normal) (G1 Evacuation Pause) 5303M->1377M(6696M) 24.435ms
[122.366s] GC(366) Pause Young (Normal) (G1 Evacuation Pause) 5305M->1383M(6696M) 22.615ms
[122.777s] GC(367) Pause Young (Normal) (G1 Evacuation Pause) 5311M->1389M(6696M) 25.174ms
[123.225s] GC(368) Pause Young (Normal) (G1 Evacuation Pause) 5317M->1395M(6696M) 23.508ms
[123.653s] GC(369) Pause Young (Normal) (G1 Evacuation Pause) 5323M->1400M(6696M) 23.715ms
[124.097s] GC(370) Pause Young (Normal) (G1 Evacuation Pause) 5328M->1405M(6696M) 22.289ms
[124.544s] GC(371) Pause Young (Normal) (G1 Evacuation Pause) 5333M->1410M(6696M) 23.930ms
[124.972s] GC(372) Pause Young (Normal) (G1 Evacuation Pause) 5338M->1416M(6696M) 22.345ms
[125.414s] GC(373) Pause Young (Normal) (G1 Evacuation Pause) 5344M->1422M(6696M) 23.355ms
[125.853s] GC(374) Pause Young (Normal) (G1 Evacuation Pause) 5350M->1430M(6696M) 23.143ms
[126.279s] GC(375) Pause Young (Normal) (G1 Evacuation Pause) 5358M->1430M(6696M) 23.220ms
[126.705s] GC(376) Pause Young (Normal) (G1 Evacuation Pause) 5366M->1439M(6696M) 22.998ms
[127.146s] GC(377) Pause Young (Normal) (G1 Evacuation Pause) 5367M->1444M(6696M) 23.615ms
[127.583s] GC(378) Pause Young (Normal) (G1 Evacuation Pause) 5372M->1449M(6696M) 22.568ms
[128.015s] GC(379) Pause Young (Normal) (G1 Evacuation Pause) 5377M->1454M(6696M) 22.948ms
[128.438s] GC(380) Pause Young (Normal) (G1 Evacuation Pause) 5382M->1459M(6696M) 24.915ms
[128.856s] GC(381) Pause Young (Normal) (G1 Evacuation Pause) 5387M->1465M(6696M) 22.960ms
[129.278s] GC(382) Pause Young (Normal) (G1 Evacuation Pause) 5393M->1472M(6696M) 24.232ms
[129.693s] GC(383) Pause Young (Normal) (G1 Evacuation Pause) 5400M->1477M(6696M) 23.395ms
[130.126s] GC(384) Pause Young (Normal) (G1 Evacuation Pause) 5405M->1483M(6696M) 22.722ms
[130.584s] GC(385) Pause Young (Normal) (G1 Evacuation Pause) 5411M->1488M(6696M) 23.486ms
[131.017s] GC(386) Pause Young (Normal) (G1 Evacuation Pause) 5416M->1492M(6696M) 25.377ms
[131.465s] GC(387) Pause Young (Normal) (G1 Evacuation Pause) 5420M->1499M(6696M) 24.356ms
[131.889s] GC(388) Pause Young (Normal) (G1 Evacuation Pause) 5427M->1503M(6696M) 24.490ms
[132.314s] GC(389) Pause Young (Normal) (G1 Evacuation Pause) 5431M->1508M(6696M) 24.427ms
[132.760s] GC(390) Pause Young (Normal) (G1 Evacuation Pause) 5436M->1514M(6696M) 24.519ms
[133.200s] GC(391) Pause Young (Normal) (G1 Evacuation Pause) 5442M->1521M(6696M) 24.913ms
[133.655s] GC(392) Pause Young (Normal) (G1 Evacuation Pause) 5449M->1526M(6696M) 24.386ms
[134.084s] GC(393) Pause Young (Normal) (G1 Evacuation Pause) 5454M->1532M(6696M) 24.053ms
[134.513s] GC(394) Pause Young (Normal) (G1 Evacuation Pause) 5460M->1539M(6696M) 24.004ms
[134.932s] GC(395) Pause Young (Normal) (G1 Evacuation Pause) 5467M->1543M(6696M) 24.587ms
[135.370s] GC(396) Pause Young (Normal) (G1 Evacuation Pause) 5471M->1546M(6696M) 23.892ms
[135.808s] GC(397) Pause Young (Normal) (G1 Evacuation Pause) 5474M->1554M(6696M) 25.402ms
[136.218s] GC(398) Pause Young (Normal) (G1 Evacuation Pause) 5482M->1557M(6696M) 24.329ms
[136.644s] GC(399) Pause Young (Normal) (G1 Evacuation Pause) 5485M->1567M(6696M) 25.744ms
[137.101s] GC(400) Pause Young (Normal) (G1 Evacuation Pause) 5495M->1570M(6696M) 24.282ms
[137.566s] GC(401) Pause Young (Normal) (G1 Evacuation Pause) 5498M->1578M(6696M) 24.821ms
[137.976s] GC(402) Pause Young (Normal) (G1 Evacuation Pause) 5506M->1581M(6696M) 25.489ms
[138.421s] GC(403) Pause Young (Normal) (G1 Evacuation Pause) 5509M->1588M(6696M) 24.146ms
[138.864s] GC(404) Pause Young (Normal) (G1 Evacuation Pause) 5516M->1594M(6696M) 23.122ms
[139.281s] GC(405) Pause Young (Normal) (G1 Evacuation Pause) 5522M->1598M(6696M) 25.250ms
[139.706s] GC(406) Pause Young (Normal) (G1 Evacuation Pause) 5526M->1604M(6696M) 25.137ms
[140.122s] GC(407) Pause Young (Normal) (G1 Evacuation Pause) 5532M->1611M(6696M) 24.074ms
[140.567s] GC(408) Pause Young (Normal) (G1 Evacuation Pause) 5539M->1614M(6696M) 24.785ms
[141.015s] GC(409) Pause Young (Normal) (G1 Evacuation Pause) 5542M->1621M(6696M) 24.748ms
[141.447s] GC(410) Pause Young (Normal) (G1 Evacuation Pause) 5549M->1624M(6696M) 23.453ms
[141.875s] GC(411) Pause Young (Normal) (G1 Evacuation Pause) 5552M->1631M(6696M) 23.280ms
[142.318s] GC(412) Pause Young (Normal) (G1 Evacuation Pause) 5559M->1637M(6696M) 22.745ms
[142.753s] GC(413) Pause Young (Normal) (G1 Evacuation Pause) 5565M->1643M(6696M) 23.124ms
[143.186s] GC(414) Pause Young (Normal) (G1 Evacuation Pause) 5571M->1648M(6696M) 22.970ms
[143.600s] GC(415) Pause Young (Normal) (G1 Evacuation Pause) 5576M->1653M(6696M) 23.414ms
[144.033s] GC(416) Pause Young (Normal) (G1 Evacuation Pause) 5581M->1660M(6696M) 24.701ms
[144.476s] GC(417) Pause Young (Normal) (G1 Evacuation Pause) 5588M->1667M(6696M) 24.300ms
[144.905s] GC(418) Pause Young (Normal) (G1 Evacuation Pause) 5595M->1671M(6696M) 22.820ms
[145.333s] GC(419) Pause Young (Normal) (G1 Evacuation Pause) 5599M->1676M(6696M) 23.864ms
[145.752s] GC(420) Pause Young (Normal) (G1 Evacuation Pause) 5604M->1681M(6696M) 24.454ms
[146.193s] GC(421) Pause Young (Normal) (G1 Evacuation Pause) 5609M->1688M(6696M) 23.848ms
[146.626s] GC(422) Pause Young (Normal) (G1 Evacuation Pause) 5616M->1694M(6696M) 24.579ms
[147.066s] GC(423) Pause Young (Normal) (G1 Evacuation Pause) 5622M->1696M(6696M) 24.444ms
[147.493s] GC(424) Pause Young (Normal) (G1 Evacuation Pause) 5624M->1703M(6696M) 24.553ms
[147.915s] GC(425) Pause Young (Normal) (G1 Evacuation Pause) 5631M->1711M(6696M) 25.724ms
[148.348s] GC(426) Pause Young (Normal) (G1 Evacuation Pause) 5639M->1717M(6696M) 25.096ms
[148.816s] GC(427) Pause Young (Normal) (G1 Evacuation Pause) 5645M->1721M(6696M) 24.938ms
[149.270s] GC(428) Pause Young (Normal) (G1 Evacuation Pause) 5649M->1728M(6696M) 24.550ms
[149.728s] GC(429) Pause Young (Normal) (G1 Evacuation Pause) 5656M->1735M(6696M) 25.120ms
[150.197s] GC(430) Pause Young (Normal) (G1 Evacuation Pause) 5663M->1739M(6696M) 25.024ms
[150.652s] GC(431) Pause Young (Normal) (G1 Evacuation Pause) 5667M->1743M(6696M) 24.654ms
[151.095s] GC(432) Pause Young (Normal) (G1 Evacuation Pause) 5671M->1746M(6696M) 24.614ms
[151.571s] GC(433) Pause Young (Normal) (G1 Evacuation Pause) 5674M->1754M(6696M) 23.455ms
[152.004s] GC(434) Pause Young (Normal) (G1 Evacuation Pause) 5682M->1758M(6696M) 23.939ms
[152.452s] GC(435) Pause Young (Normal) (G1 Evacuation Pause) 5686M->1763M(6696M) 23.313ms
[152.873s] GC(436) Pause Young (Normal) (G1 Evacuation Pause) 5691M->1771M(6696M) 24.255ms
[153.341s] GC(437) Pause Young (Normal) (G1 Evacuation Pause) 5699M->1775M(6696M) 23.884ms
[153.760s] GC(438) Pause Young (Normal) (G1 Evacuation Pause) 5703M->1780M(6696M) 24.404ms
[154.209s] GC(439) Pause Young (Normal) (G1 Evacuation Pause) 5708M->1787M(6696M) 23.745ms
[154.656s] GC(440) Pause Young (Normal) (G1 Evacuation Pause) 5715M->1795M(6696M) 23.988ms
[155.067s] GC(441) Pause Young (Normal) (G1 Evacuation Pause) 5723M->1802M(6696M) 22.965ms
[155.493s] GC(442) Pause Young (Normal) (G1 Evacuation Pause) 5730M->1804M(6696M) 24.678ms
[155.939s] GC(443) Pause Young (Normal) (G1 Evacuation Pause) 5732M->1811M(6696M) 23.378ms
[156.384s] GC(444) Pause Young (Normal) (G1 Evacuation Pause) 5739M->1816M(6696M) 24.105ms
[156.848s] GC(445) Pause Young (Normal) (G1 Evacuation Pause) 5744M->1820M(6696M) 24.826ms
[157.293s] GC(446) Pause Young (Normal) (G1 Evacuation Pause) 5748M->1827M(6696M) 25.005ms
[157.757s] GC(447) Pause Young (Normal) (G1 Evacuation Pause) 5755M->1833M(6696M) 25.067ms
[158.229s] GC(448) Pause Young (Normal) (G1 Evacuation Pause) 5761M->1841M(6696M) 25.008ms
[158.676s] GC(449) Pause Young (Normal) (G1 Evacuation Pause) 5769M->1843M(6696M) 24.985ms
[159.132s] GC(450) Pause Young (Normal) (G1 Evacuation Pause) 5771M->1849M(6696M) 24.639ms
[159.580s] GC(451) Pause Young (Normal) (G1 Evacuation Pause) 5777M->1856M(6696M) 24.862ms
[160.004s] GC(452) Pause Young (Normal) (G1 Evacuation Pause) 5784M->1863M(6696M) 25.715ms
[160.495s] GC(453) Pause Young (Normal) (G1 Evacuation Pause) 5791M->1867M(6696M) 24.514ms
[160.947s] GC(454) Pause Young (Normal) (G1 Evacuation Pause) 5795M->1872M(6696M) 23.506ms
[161.370s] GC(455) Pause Young (Normal) (G1 Evacuation Pause) 5800M->1879M(6696M) 26.113ms
[161.836s] GC(456) Pause Young (Normal) (G1 Evacuation Pause) 5807M->1884M(6696M) 23.744ms
[162.277s] GC(457) Pause Young (Normal) (G1 Evacuation Pause) 5812M->1889M(6696M) 23.755ms
[162.722s] GC(458) Pause Young (Normal) (G1 Evacuation Pause) 5817M->1895M(6696M) 24.500ms
[163.151s] GC(459) Pause Young (Normal) (G1 Evacuation Pause) 5823M->1902M(6696M) 24.962ms
[163.620s] GC(460) Pause Young (Normal) (G1 Evacuation Pause) 5830M->1908M(6696M) 26.820ms
[164.085s] GC(461) Pause Young (Normal) (G1 Evacuation Pause) 5836M->1913M(6696M) 26.228ms
[164.554s] GC(462) Pause Young (Normal) (G1 Evacuation Pause) 5841M->1917M(6696M) 26.202ms
[165.048s] GC(463) Pause Young (Normal) (G1 Evacuation Pause) 5845M->1924M(6696M) 25.353ms
[165.513s] GC(464) Pause Young (Normal) (G1 Evacuation Pause) 5852M->1929M(6696M) 24.155ms
[165.956s] GC(465) Pause Young (Normal) (G1 Evacuation Pause) 5857M->1934M(6696M) 24.869ms
[166.439s] GC(466) Pause Young (Normal) (G1 Evacuation Pause) 5862M->1941M(6696M) 24.274ms
[166.890s] GC(467) Pause Young (Normal) (G1 Evacuation Pause) 5869M->1948M(6696M) 24.179ms
[167.324s] GC(468) Pause Young (Normal) (G1 Evacuation Pause) 5876M->1949M(6696M) 25.940ms
[167.772s] GC(469) Pause Young (Normal) (G1 Evacuation Pause) 5877M->1956M(6696M) 24.516ms
[168.201s] GC(470) Pause Young (Normal) (G1 Evacuation Pause) 5884M->1961M(6696M) 24.872ms
[168.649s] GC(471) Pause Young (Normal) (G1 Evacuation Pause) 5889M->1966M(6696M) 24.497ms
[169.062s] GC(472) Pause Young (Normal) (G1 Evacuation Pause) 5894M->1971M(6696M) 23.867ms
[169.507s] GC(473) Pause Young (Normal) (G1 Evacuation Pause) 5899M->1977M(6696M) 25.875ms
[169.920s] GC(474) Pause Young (Normal) (G1 Evacuation Pause) 5905M->1982M(6696M) 25.364ms
[170.330s] GC(475) Pause Young (Normal) (G1 Evacuation Pause) 5910M->1989M(6696M) 24.665ms
[170.771s] GC(476) Pause Young (Normal) (G1 Evacuation Pause) 5917M->1993M(6696M) 24.207ms
[171.196s] GC(477) Pause Young (Normal) (G1 Evacuation Pause) 5921M->2002M(6696M) 24.977ms
[171.661s] GC(478) Pause Young (Normal) (G1 Evacuation Pause) 5930M->2005M(6696M) 25.028ms
[172.083s] GC(479) Pause Young (Normal) (G1 Evacuation Pause) 5925M->2011M(6696M) 23.452ms
[172.533s] GC(480) Pause Young (Normal) (G1 Evacuation Pause) 5923M->2017M(6696M) 24.573ms
[172.968s] GC(481) Pause Young (Normal) (G1 Evacuation Pause) 5929M->2022M(6696M) 24.602ms
[173.426s] GC(482) Pause Young (Normal) (G1 Evacuation Pause) 5926M->2027M(6696M) 23.938ms
[173.863s] GC(483) Pause Young (Normal) (G1 Evacuation Pause) 5923M->2034M(6696M) 23.050ms
[174.310s] GC(484) Pause Young (Normal) (G1 Evacuation Pause) 5930M->2040M(6696M) 24.605ms
[174.753s] GC(485) Pause Young (Normal) (G1 Evacuation Pause) 5928M->2044M(6696M) 23.519ms
[175.179s] GC(486) Pause Young (Normal) (G1 Evacuation Pause) 5924M->2047M(6696M) 24.396ms
[175.608s] GC(487) Pause Young (Normal) (G1 Evacuation Pause) 5943M->2055M(6696M) 24.215ms
[176.040s] GC(488) Pause Young (Normal) (G1 Evacuation Pause) 5927M->2061M(6696M) 23.602ms
[176.498s] GC(489) Pause Young (Normal) (G1 Evacuation Pause) 5925M->2065M(6696M) 23.053ms
[176.880s] GC(490) Pause Young (Normal) (G1 Evacuation Pause) 5929M->2073M(6696M) 22.623ms
[177.281s] GC(491) Pause Young (Normal) (G1 Evacuation Pause) 5929M->2075M(6696M) 24.085ms
[177.698s] GC(492) Pause Young (Normal) (G1 Evacuation Pause) 5923M->2084M(6696M) 25.023ms
[178.147s] GC(493) Pause Young (Normal) (G1 Evacuation Pause) 5924M->2088M(6696M) 23.598ms
[178.560s] GC(494) Pause Young (Normal) (G1 Evacuation Pause) 5928M->2094M(6696M) 23.182ms
[178.970s] GC(495) Pause Young (Normal) (G1 Evacuation Pause) 5926M->2101M(6696M) 23.973ms
[179.401s] GC(496) Pause Young (Normal) (G1 Evacuation Pause) 5925M->2106M(6696M) 24.156ms
[179.858s] GC(497) Pause Young (Normal) (G1 Evacuation Pause) 5930M->2109M(6696M) 25.110ms
[180.247s] GC(498) Pause Young (Normal) (G1 Evacuation Pause) 5925M->2118M(6696M) 24.953ms
[180.662s] GC(499) Pause Young (Normal) (G1 Evacuation Pause) 5926M->2118M(6696M) 23.172ms
[181.105s] GC(500) Pause Young (Normal) (G1 Evacuation Pause) 5942M->2126M(6696M) 23.499ms
[181.505s] GC(501) Pause Young (Normal) (G1 Evacuation Pause) 5926M->2133M(6696M) 24.809ms
[181.931s] GC(502) Pause Young (Normal) (G1 Evacuation Pause) 5925M->2137M(6696M) 23.287ms
[182.366s] GC(503) Pause Young (Normal) (G1 Evacuation Pause) 5929M->2142M(6696M) 24.062ms
[182.787s] GC(504) Pause Young (Normal) (G1 Evacuation Pause) 5926M->2147M(6696M) 24.882ms
[183.223s] GC(505) Pause Young (Normal) (G1 Evacuation Pause) 5923M->2154M(6696M) 24.478ms
[183.634s] GC(506) Pause Young (Normal) (G1 Evacuation Pause) 5922M->2159M(6696M) 24.158ms
[184.070s] GC(507) Pause Young (Normal) (G1 Evacuation Pause) 5927M->2165M(6696M) 23.469ms
[184.500s] GC(508) Pause Young (Normal) (G1 Evacuation Pause) 5925M->2170M(6696M) 23.182ms
[184.912s] GC(509) Pause Young (Normal) (G1 Evacuation Pause) 5922M->2176M(6696M) 22.682ms
[185.346s] GC(510) Pause Young (Normal) (G1 Evacuation Pause) 5928M->2182M(6696M) 23.547ms
[185.748s] GC(511) Pause Young (Normal) (G1 Evacuation Pause) 5926M->2186M(6696M) 24.090ms
[186.155s] GC(512) Pause Young (Normal) (G1 Evacuation Pause) 5922M->2191M(6696M) 23.376ms
[186.555s] GC(513) Pause Young (Normal) (G1 Evacuation Pause) 5943M->2196M(6696M) 24.233ms
[186.957s] GC(514) Pause Young (Normal) (G1 Evacuation Pause) 5940M->2201M(6696M) 24.730ms
[187.372s] GC(515) Pause Young (Normal) (G1 Evacuation Pause) 5937M->2208M(6696M) 23.674ms
[187.770s] GC(516) Pause Young (Normal) (G1 Evacuation Pause) 5928M->2214M(6696M) 24.297ms
[188.174s] GC(517) Pause Young (Normal) (G1 Evacuation Pause) 5926M->2222M(6696M) 25.600ms
[188.593s] GC(518) Pause Young (Normal) (G1 Evacuation Pause) 5926M->2226M(6696M) 25.154ms
[189.019s] GC(519) Pause Young (Normal) (G1 Evacuation Pause) 5930M->2233M(6696M) 25.495ms
[189.446s] GC(520) Pause Young (Normal) (G1 Evacuation Pause) 5929M->2236M(6696M) 25.160ms
[189.864s] GC(521) Pause Young (Normal) (G1 Evacuation Pause) 5924M->2241M(6696M) 25.624ms
[190.285s] GC(522) Pause Young (Normal) (G1 Evacuation Pause) 5929M->2246M(6696M) 25.679ms
[190.696s] GC(523) Pause Young (Normal) (G1 Evacuation Pause) 5926M->2253M(6696M) 25.854ms
[191.116s] GC(524) Pause Young (Normal) (G1 Evacuation Pause) 5925M->2259M(6696M) 25.277ms
[191.541s] GC(525) Pause Young (Normal) (G1 Evacuation Pause) 5923M->2263M(6696M) 25.309ms
[191.956s] GC(526) Pause Young (Normal) (G1 Evacuation Pause) 5927M->2269M(6696M) 25.345ms
[192.363s] GC(527) Pause Young (Normal) (G1 Evacuation Pause) 5925M->2275M(6696M) 24.193ms
[192.779s] GC(528) Pause Young (Normal) (G1 Evacuation Pause) 5923M->2279M(6696M) 26.280ms
[193.202s] GC(529) Pause Young (Normal) (G1 Evacuation Pause) 5927M->2284M(6696M) 24.535ms
[193.613s] GC(530) Pause Young (Normal) (G1 Evacuation Pause) 5924M->2289M(6696M) 25.196ms
[194.026s] GC(531) Pause Young (Normal) (G1 Evacuation Pause) 5921M->2299M(6696M) 25.070ms
[194.438s] GC(532) Pause Young (Normal) (G1 Evacuation Pause) 5931M->2300M(6696M) 24.676ms
[194.848s] GC(533) Pause Young (Normal) (G1 Evacuation Pause) 5924M->2308M(6696M) 23.808ms
[195.246s] GC(534) Pause Young (Normal) (G1 Evacuation Pause) 5924M->2315M(6696M) 24.368ms
[195.658s] GC(535) Pause Young (Normal) (G1 Evacuation Pause) 5931M->2318M(6696M) 23.910ms
[196.071s] GC(536) Pause Young (Normal) (G1 Evacuation Pause) 5926M->2324M(6696M) 24.859ms
[196.478s] GC(537) Pause Young (Normal) (G1 Evacuation Pause) 5924M->2329M(6696M) 24.289ms
[196.873s] GC(538) Pause Young (Normal) (G1 Evacuation Pause) 5929M->2335M(6696M) 25.235ms
[197.286s] GC(539) Pause Young (Normal) (G1 Evacuation Pause) 5927M->2339M(6696M) 24.382ms
[197.694s] GC(540) Pause Young (Normal) (G1 Evacuation Pause) 5923M->2344M(6696M) 24.832ms
[198.118s] GC(541) Pause Young (Normal) (G1 Evacuation Pause) 5936M->2349M(6696M) 24.971ms
[198.521s] GC(542) Pause Young (Normal) (G1 Evacuation Pause) 5941M->2355M(6696M) 23.926ms
[198.930s] GC(543) Pause Young (Normal) (G1 Evacuation Pause) 5923M->2361M(6696M) 23.905ms
[199.339s] GC(544) Pause Young (Normal) (G1 Evacuation Pause) 5929M->2369M(6696M) 24.502ms
[199.762s] GC(545) Pause Young (Normal) (G1 Evacuation Pause) 5929M->2371M(6696M) 24.474ms
[200.170s] GC(546) Pause Young (Normal) (G1 Evacuation Pause) 5923M->2377M(6696M) 25.482ms
[200.591s] GC(547) Pause Young (Normal) (G1 Evacuation Pause) 5921M->2384M(6696M) 24.746ms
[201.006s] GC(548) Pause Young (Normal) (G1 Evacuation Pause) 5928M->2387M(6696M) 23.762ms
[201.414s] GC(549) Pause Young (Normal) (G1 Evacuation Pause) 5939M->2393M(6696M) 24.159ms
[201.848s] GC(550) Pause Young (Normal) (G1 Evacuation Pause) 5921M->2398M(6696M) 25.168ms
[202.240s] GC(551) Pause Young (Normal) (G1 Evacuation Pause) 5942M->2403M(6696M) 24.791ms
[202.641s] GC(552) Pause Young (Normal) (G1 Evacuation Pause) 5939M->2409M(6696M) 24.199ms
[203.041s] GC(553) Pause Young (Normal) (G1 Evacuation Pause) 5937M->2413M(6696M) 24.758ms
[203.451s] GC(554) Pause Young (Normal) (G1 Evacuation Pause) 5941M->2420M(6696M) 23.881ms
[203.834s] GC(555) Pause Young (Normal) (G1 Evacuation Pause) 5940M->2423M(6696M) 24.115ms
[204.221s] GC(556) Pause Young (Normal) (G1 Evacuation Pause) 5935M->2427M(6696M) 24.965ms
[204.605s] GC(557) Pause Young (Normal) (G1 Evacuation Pause) 5939M->2433M(6696M) 23.036ms
[205.004s] GC(558) Pause Young (Normal) (G1 Evacuation Pause) 5937M->2438M(6696M) 24.754ms
[205.404s] GC(559) Pause Young (Normal) (G1 Evacuation Pause) 5934M->2441M(6696M) 23.412ms
[205.793s] GC(560) Pause Young (Normal) (G1 Evacuation Pause) 5937M->2445M(6696M) 21.663ms
[206.189s] GC(561) Pause Young (Normal) (G1 Evacuation Pause) 5933M->2450M(6696M) 22.300ms
[206.583s] GC(562) Pause Young (Normal) (G1 Evacuation Pause) 5930M->2457M(6696M) 22.158ms
[206.975s] GC(563) Pause Young (Normal) (G1 Evacuation Pause) 5937M->2460M(6696M) 22.943ms
[207.371s] GC(564) Pause Young (Normal) (G1 Evacuation Pause) 5948M->2465M(6696M) 22.432ms
[207.763s] GC(565) Pause Young (Normal) (G1 Evacuation Pause) 5945M->2471M(6696M) 24.282ms
[208.161s] GC(566) Pause Young (Normal) (G1 Evacuation Pause) 5935M->2474M(6696M) 24.091ms
[208.546s] GC(567) Pause Young (Normal) (G1 Evacuation Pause) 5946M->2478M(6696M) 21.825ms
[208.939s] GC(568) Pause Young (Normal) (G1 Evacuation Pause) 5942M->2486M(6696M) 22.850ms
[209.339s] GC(569) Pause Young (Normal) (G1 Evacuation Pause) 5934M->2491M(6696M) 20.851ms
[209.716s] GC(570) Pause Young (Normal) (G1 Evacuation Pause) 5931M->2495M(6696M) 23.057ms
[210.116s] GC(571) Pause Young (Normal) (G1 Evacuation Pause) 5935M->2500M(6696M) 21.400ms
[210.489s] GC(572) Pause Young (Normal) (G1 Evacuation Pause) 5932M->2506M(6696M) 23.596ms
[210.874s] GC(573) Pause Young (Normal) (G1 Evacuation Pause) 5930M->2513M(6696M) 22.637ms
[211.270s] GC(574) Pause Young (Normal) (G1 Evacuation Pause) 5937M->2516M(6696M) 22.120ms
[211.650s] GC(575) Pause Young (Normal) (G1 Evacuation Pause) 5932M->2522M(6696M) 21.821ms
[212.022s] GC(576) Pause Young (Normal) (G1 Evacuation Pause) 5938M->2527M(6696M) 23.277ms
[212.422s] GC(577) Pause Young (Normal) (G1 Evacuation Pause) 5935M->2532M(6696M) 24.091ms
[212.797s] GC(578) Pause Young (Normal) (G1 Evacuation Pause) 5932M->2539M(6696M) 24.085ms
[213.190s] GC(579) Pause Young (Normal) (G1 Evacuation Pause) 5939M->2540M(6696M) 22.977ms
[213.568s] GC(580) Pause Young (Normal) (G1 Evacuation Pause) 5932M->2546M(6696M) 23.994ms
[213.955s] GC(581) Pause Young (Normal) (G1 Evacuation Pause) 5938M->2554M(6696M) 23.256ms
[214.350s] GC(582) Pause Young (Normal) (G1 Evacuation Pause) 5938M->2559M(6696M) 23.880ms
[214.737s] GC(583) Pause Young (Normal) (G1 Evacuation Pause) 5935M->2563M(6696M) 23.937ms
[215.124s] GC(584) Pause Young (Normal) (G1 Evacuation Pause) 5939M->2568M(6696M) 22.902ms
[215.514s] GC(585) Pause Young (Normal) (G1 Evacuation Pause) 5936M->2573M(6696M) 23.447ms
[215.881s] GC(586) Pause Young (Normal) (G1 Evacuation Pause) 5941M->2577M(6696M) 23.197ms
[216.270s] GC(587) Pause Young (Normal) (G1 Evacuation Pause) 5937M->2581M(6696M) 23.709ms
[216.662s] GC(588) Pause Young (Normal) (G1 Evacuation Pause) 5933M->2586M(6696M) 23.569ms
[217.042s] GC(589) Pause Young (Normal) (G1 Evacuation Pause) 5938M->2592M(6696M) 23.288ms
[217.427s] GC(590) Pause Young (Normal) (G1 Evacuation Pause) 5936M->2598M(6696M) 23.682ms
[217.809s] GC(591) Pause Young (Normal) (G1 Evacuation Pause) 5934M->2601M(6696M) 23.913ms
[218.185s] GC(592) Pause Young (Normal) (G1 Evacuation Pause) 5937M->2607M(6696M) 24.495ms
[218.580s] GC(593) Pause Young (Normal) (G1 Evacuation Pause) 5935M->2614M(6696M) 23.849ms
[218.964s] GC(594) Pause Young (Normal) (G1 Evacuation Pause) 5934M->2617M(6696M) 24.744ms
[219.375s] GC(595) Pause Young (Normal) (G1 Evacuation Pause) 5937M->2619M(6696M) 26.597ms
[219.768s] GC(596) Pause Young (Normal) (G1 Evacuation Pause) 5947M->2625M(6696M) 23.511ms
[220.153s] GC(597) Pause Young (Normal) (G1 Evacuation Pause) 5929M->2632M(6696M) 23.495ms
[220.543s] GC(598) Pause Young (Normal) (G1 Evacuation Pause) 5936M->2635M(6696M) 24.508ms
[220.940s] GC(599) Pause Young (Normal) (G1 Evacuation Pause) 5931M->2640M(6696M) 24.242ms
[221.355s] GC(600) Pause Young (Normal) (G1 Evacuation Pause) 5936M->2646M(6696M) 23.772ms
[221.754s] GC(601) Pause Young (Normal) (G1 Evacuation Pause) 5934M->2650M(6696M) 23.756ms
[222.119s] GC(602) Pause Young (Normal) (G1 Evacuation Pause) 5930M->2654M(6696M) 23.312ms
[222.492s] GC(603) Pause Young (Normal) (G1 Evacuation Pause) 5934M->2658M(6696M) 24.132ms
[222.884s] GC(604) Pause Young (Normal) (G1 Evacuation Pause) 5946M->2665M(6696M) 22.541ms
[223.258s] GC(605) Pause Young (Normal) (G1 Evacuation Pause) 5937M->2669M(6696M) 23.945ms
[223.641s] GC(606) Pause Young (Normal) (G1 Evacuation Pause) 5933M->2674M(6696M) 22.695ms
[224.007s] GC(607) Pause Young (Normal) (G1 Evacuation Pause) 5930M->2678M(6696M) 23.880ms
[224.404s] GC(608) Pause Young (Normal) (G1 Evacuation Pause) 5950M->2684M(6696M) 22.192ms
[224.783s] GC(609) Pause Young (Normal) (G1 Evacuation Pause) 5932M->2687M(6696M) 21.752ms
[225.160s] GC(610) Pause Young (Normal) (G1 Evacuation Pause) 5943M->2692M(6696M) 22.560ms
[225.534s] GC(611) Pause Young (Normal) (G1 Evacuation Pause) 5948M->2698M(6696M) 21.309ms
[225.896s] GC(612) Pause Young (Normal) (G1 Evacuation Pause) 5930M->2701M(6696M) 21.381ms
[226.245s] GC(613) Pause Young (Normal) (G1 Evacuation Pause) 5949M->2705M(6696M) 21.656ms
[226.630s] GC(614) Pause Young (Normal) (G1 Evacuation Pause) 5945M->2710M(6696M) 21.674ms
[226.994s] GC(615) Pause Young (Normal) (G1 Evacuation Pause) 5942M->2714M(6696M) 22.906ms
[227.361s] GC(616) Pause Young (Normal) (G1 Evacuation Pause) 5946M->2720M(6696M) 21.844ms
[227.711s] GC(617) Pause Young (Normal) (G1 Evacuation Pause) 5944M->2726M(6696M) 21.658ms
[228.068s] GC(618) Pause Young (Normal) (G1 Evacuation Pause) 5950M->2730M(6696M) 22.099ms
[228.431s] GC(619) Pause Young (Normal) (G1 Evacuation Pause) 5946M->2734M(6696M) 22.565ms
[228.785s] GC(620) Pause Young (Normal) (G1 Evacuation Pause) 5950M->2739M(6696M) 22.097ms
[229.145s] GC(621) Pause Young (Normal) (G1 Evacuation Pause) 5947M->2743M(6696M) 22.410ms
[229.519s] GC(622) Pause Young (Normal) (G1 Evacuation Pause) 5943M->2748M(6696M) 22.027ms
[229.887s] GC(623) Pause Young (Normal) (G1 Evacuation Pause) 5948M->2754M(6696M) 23.052ms
[230.250s] GC(624) Pause Young (Normal) (G1 Evacuation Pause) 5946M->2757M(6696M) 22.432ms
[230.612s] GC(625) Pause Young (Normal) (G1 Evacuation Pause) 5949M->2763M(6696M) 21.810ms
[230.984s] GC(626) Pause Young (Normal) (G1 Evacuation Pause) 5947M->2766M(6696M) 22.839ms
[231.368s] GC(627) Pause Young (Normal) (G1 Evacuation Pause) 5942M->2773M(6696M) 22.322ms
[231.736s] GC(628) Pause Young (Normal) (G1 Evacuation Pause) 5949M->2776M(6696M) 21.922ms
[232.093s] GC(629) Pause Young (Normal) (G1 Evacuation Pause) 5944M->2781M(6696M) 21.259ms
[232.457s] GC(630) Pause Young (Normal) (G1 Evacuation Pause) 5949M->2784M(6696M) 22.012ms
[232.840s] GC(631) Pause Young (Normal) (G1 Evacuation Pause) 5944M->2789M(6696M) 21.616ms
[233.192s] GC(632) Pause Young (Normal) (G1 Evacuation Pause) 5941M->2793M(6696M) 20.833ms
[233.539s] GC(633) Pause Young (Normal) (G1 Evacuation Pause) 5945M->2796M(6696M) 22.044ms
[233.892s] GC(634) Pause Young (Normal) (G1 Evacuation Pause) 5940M->2799M(6696M) 21.631ms
[234.254s] GC(635) Pause Young (Normal) (G1 Evacuation Pause) 5943M->2804M(6696M) 22.149ms
[234.620s] GC(636) Pause Young (Normal) (G1 Evacuation Pause) 5940M->2808M(6696M) 21.797ms
[234.988s] GC(637) Pause Young (Normal) (G1 Evacuation Pause) 5952M->2813M(6696M) 22.102ms
[235.320s] GC(638) Pause Young (Normal) (G1 Evacuation Pause) 5941M->2817M(6696M) 21.524ms
[235.635s] GC(639) Pause Young (Normal) (G1 Evacuation Pause) 5953M->2822M(6696M) 22.037ms
[236.001s] GC(640) Pause Young (Normal) (G1 Evacuation Pause) 5942M->2828M(6696M) 21.763ms
[236.358s] GC(641) Pause Young (Normal) (G1 Evacuation Pause) 5940M->2829M(6696M) 21.766ms
[236.708s] GC(642) Pause Young (Normal) (G1 Evacuation Pause) 5957M->2834M(6696M) 21.384ms
[237.052s] GC(643) Pause Young (Normal) (G1 Evacuation Pause) 5954M->2838M(6696M) 22.859ms
[237.423s] GC(644) Pause Young (Normal) (G1 Evacuation Pause) 5958M->2841M(6696M) 23.453ms
[237.786s] GC(645) Pause Young (Normal) (G1 Evacuation Pause) 5953M->2847M(6696M) 22.926ms
[238.116s] GC(646) Pause Young (Normal) (G1 Evacuation Pause) 5951M->2849M(6696M) 21.608ms
[238.490s] GC(647) Pause Young (Normal) (G1 Evacuation Pause) 5953M->2856M(6696M) 22.600ms
[238.847s] GC(648) Pause Young (Normal) (G1 Evacuation Pause) 5952M->2858M(6696M) 22.252ms
[239.193s] GC(649) Pause Young (Normal) (G1 Evacuation Pause) 5954M->2863M(6696M) 23.148ms
[239.513s] GC(650) Pause Young (Normal) (G1 Evacuation Pause) 5951M->2866M(6696M) 22.640ms
[239.871s] GC(651) Pause Young (Normal) (G1 Evacuation Pause) 5954M->2872M(6696M) 22.593ms
[240.227s] GC(652) Pause Young (Normal) (G1 Evacuation Pause) 5952M->2876M(6696M) 22.180ms
[240.580s] GC(653) Pause Young (Normal) (G1 Evacuation Pause) 5956M->2880M(6696M) 22.100ms
[240.954s] GC(654) Pause Young (Normal) (G1 Evacuation Pause) 5952M->2883M(6696M) 22.105ms
[241.323s] GC(655) Pause Young (Normal) (G1 Evacuation Pause) 5955M->2887M(6696M) 22.281ms
[241.686s] GC(656) Pause Young (Normal) (G1 Evacuation Pause) 5951M->2892M(6696M) 21.975ms
[242.049s] GC(657) Pause Young (Normal) (G1 Evacuation Pause) 5956M->2893M(6696M) 22.536ms
[242.398s] GC(658) Pause Young (Normal) (G1 Evacuation Pause) 5949M->2899M(6696M) 22.015ms
[242.758s] GC(659) Pause Young (Normal) (G1 Evacuation Pause) 5955M->2903M(6696M) 22.246ms
[243.133s] GC(660) Pause Young (Normal) (G1 Evacuation Pause) 5951M->2909M(6696M) 21.906ms
[243.496s] GC(661) Pause Young (Normal) (G1 Evacuation Pause) 5957M->2910M(6696M) 22.209ms
[243.835s] GC(662) Pause Young (Normal) (G1 Evacuation Pause) 5950M->2914M(6696M) 21.604ms
[244.184s] GC(663) Pause Young (Normal) (G1 Evacuation Pause) 5954M->2918M(6696M) 22.114ms
[244.575s] GC(664) Pause Young (Normal) (G1 Evacuation Pause) 5950M->2923M(6696M) 23.003ms
[244.908s] GC(665) Pause Young (Normal) (G1 Evacuation Pause) 5955M->2927M(6696M) 21.399ms
[245.255s] GC(666) Pause Young (Normal) (G1 Evacuation Pause) 5951M->2932M(6696M) 21.040ms
[245.578s] GC(667) Pause Young (Normal) (G1 Evacuation Pause) 5956M->2934M(6696M) 21.257ms
[245.909s] GC(668) Pause Young (Normal) (G1 Evacuation Pause) 5950M->2939M(6696M) 20.933ms
[246.253s] GC(669) Pause Young (Normal) (G1 Evacuation Pause) 5955M->2944M(6696M) 22.241ms
[246.585s] GC(670) Pause Young (Normal) (G1 Evacuation Pause) 5952M->2948M(6696M) 21.153ms
[246.897s] GC(671) Pause Young (Normal) (G1 Evacuation Pause) 5956M->2952M(6696M) 21.524ms
[247.195s] GC(672) Pause Young (Normal) (G1 Evacuation Pause) 5952M->2955M(6696M) 21.018ms
[247.515s] GC(673) Pause Young (Normal) (G1 Evacuation Pause) 5955M->2959M(6696M) 21.314ms
[247.833s] GC(674) Pause Young (Normal) (G1 Evacuation Pause) 5951M->2963M(6696M) 20.975ms
[248.157s] GC(675) Pause Young (Normal) (G1 Evacuation Pause) 5955M->2968M(6696M) 21.355ms
[248.471s] GC(676) Pause Young (Normal) (G1 Evacuation Pause) 5952M->2972M(6696M) 20.274ms
[248.784s] GC(677) Pause Young (Normal) (G1 Evacuation Pause) 5956M->2976M(6696M) 20.705ms
[249.105s] GC(678) Pause Young (Normal) (G1 Evacuation Pause) 5952M->2980M(6696M) 20.265ms
[249.429s] GC(679) Pause Young (Normal) (G1 Evacuation Pause) 5956M->2983M(6696M) 19.878ms
[249.745s] GC(680) Pause Young (Normal) (G1 Evacuation Pause) 5951M->2987M(6696M) 20.794ms
[250.049s] GC(681) Pause Young (Normal) (G1 Evacuation Pause) 5955M->2991M(6696M) 19.641ms
[250.357s] GC(682) Pause Young (Normal) (G1 Evacuation Pause) 5951M->2996M(6696M) 20.836ms
[250.654s] GC(683) Pause Young (Normal) (G1 Evacuation Pause) 5956M->3000M(6696M) 20.187ms
[250.975s] GC(684) Pause Young (Normal) (G1 Evacuation Pause) 5952M->3005M(6696M) 19.935ms
[251.291s] GC(685) Pause Young (Normal) (G1 Evacuation Pause) 5957M->3008M(6696M) 19.837ms
[251.616s] GC(686) Pause Young (Normal) (G1 Evacuation Pause) 5952M->3012M(6696M) 19.849ms
[251.923s] GC(687) Pause Young (Normal) (G1 Evacuation Pause) 5956M->3015M(6696M) 20.260ms
[252.225s] GC(688) Pause Young (Normal) (G1 Evacuation Pause) 5951M->3021M(6696M) 20.222ms
[252.542s] GC(689) Pause Young (Normal) (G1 Evacuation Pause) 5957M->3024M(6696M) 20.852ms
[252.856s] GC(690) Pause Young (Normal) (G1 Evacuation Pause) 5952M->3027M(6696M) 20.389ms
[253.169s] GC(691) Pause Young (Normal) (G1 Evacuation Pause) 5955M->3034M(6696M) 21.659ms
[253.492s] GC(692) Pause Young (Normal) (G1 Evacuation Pause) 5954M->3037M(6696M) 20.415ms
[253.827s] GC(693) Pause Young (Normal) (G1 Evacuation Pause) 5957M->3042M(6696M) 21.400ms
[254.158s] GC(694) Pause Young (Normal) (G1 Evacuation Pause) 5954M->3046M(6696M) 20.342ms
[254.470s] GC(695) Pause Young (Normal) (G1 Evacuation Pause) 5958M->3049M(6696M) 20.174ms
[254.783s] GC(696) Pause Young (Normal) (G1 Evacuation Pause) 5953M->3051M(6696M) 19.504ms
[255.113s] GC(697) Pause Young (Normal) (G1 Evacuation Pause) 5955M->3055M(6696M) 21.003ms
[255.420s] GC(698) Pause Young (Normal) (G1 Evacuation Pause) 5951M->3058M(6696M) 19.998ms
[255.729s] GC(699) Pause Young (Normal) (G1 Evacuation Pause) 5946M->3062M(6696M) 20.417ms
[256.127s] GC(700) Pause Young (Normal) (G1 Evacuation Pause) 5950M->3114M(6696M) 34.826ms
[256.551s] GC(701) Pause Young (Concurrent Start) (G1 Evacuation Pause) 5898M->3217M(6696M) 71.294ms
[256.551s] GC(702) Concurrent Mark Cycle
[256.900s] GC(703) Pause Young (Normal) (G1 Evacuation Pause) 5809M->3228M(6696M) 70.591ms
[257.260s] GC(704) Pause Young (Normal) (G1 Evacuation Pause) 5812M->3233M(6696M) 67.721ms
[257.668s] GC(705) Pause Young (Normal) (G1 Evacuation Pause) 5817M->3237M(8432M) 81.935ms
[258.341s] GC(706) Pause Young (Normal) (G1 Evacuation Pause) 7373M->3245M(8432M) 79.482ms
[258.691s] GC(702) Pause Remark 5509M->5509M(9200M) 4.759ms
[259.027s] GC(707) Pause Young (Normal) (G1 Evacuation Pause) 7365M->3245M(9200M) 52.042ms
[259.757s] GC(708) Pause Young (Normal) (G1 Evacuation Pause) 8061M->3250M(9200M) 53.699ms
[260.007s] GC(702) Pause Cleanup 4890M->4890M(9200M) 0.386ms
[260.028s] GC(702) Concurrent Mark Cycle 3477.255ms
[260.404s] GC(709) Pause Young (Prepare Mixed) (G1 Evacuation Pause) 8066M->3259M(9200M) 58.480ms
[260.512s] GC(710) Pause Young (Mixed) (G1 Evacuation Pause) 3499M->3230M(9200M) 66.640ms
[261.139s] GC(711) Pause Young (Normal) (G1 Evacuation Pause) 8214M->3226M(11136M) 34.971ms
[262.086s] GC(712) Pause Young (Normal) (G1 Evacuation Pause) 9858M->3230M(11136M) 24.885ms
[262.872s] GC(713) Pause Young (Normal) (G1 Evacuation Pause) 9854M->3238M(11136M) 26.960ms
[263.687s] GC(714) Pause Young (Normal) (G1 Evacuation Pause) 9854M->3248M(11136M) 30.279ms
[264.465s] GC(715) Pause Young (Normal) (G1 Evacuation Pause) 9856M->3255M(11136M) 32.046ms
[265.268s] GC(716) Pause Young (Normal) (G1 Evacuation Pause) 9855M->3263M(11136M) 32.657ms
[266.052s] GC(717) Pause Young (Normal) (G1 Evacuation Pause) 9855M->3275M(11136M) 35.399ms
[266.862s] GC(718) Pause Young (Normal) (G1 Evacuation Pause) 9859M->3281M(11136M) 38.682ms
[267.702s] GC(719) Pause Young (Normal) (G1 Evacuation Pause) 9857M->3291M(11136M) 40.670ms
[268.526s] GC(720) Pause Young (Normal) (G1 Evacuation Pause) 9859M->3297M(11136M) 42.630ms
[269.412s] GC(721) Pause Young (Normal) (G1 Evacuation Pause) 9865M->3308M(11136M) 42.650ms
[270.182s] GC(722) Pause Young (Normal) (G1 Evacuation Pause) 9868M->3315M(11136M) 45.025ms
[271.005s] GC(723) Pause Young (Normal) (G1 Evacuation Pause) 9875M->3326M(11136M) 43.888ms
[271.787s] GC(724) Pause Young (Normal) (G1 Evacuation Pause) 9886M->3334M(11136M) 45.873ms
[272.587s] GC(725) Pause Young (Normal) (G1 Evacuation Pause) 9878M->3345M(11136M) 45.471ms
[273.421s] GC(726) Pause Young (Normal) (G1 Evacuation Pause) 9873M->3351M(11136M) 45.088ms
[274.177s] GC(727) Pause Young (Normal) (G1 Evacuation Pause) 9871M->3358M(11136M) 45.684ms
[274.885s] GC(728) Pause Young (Normal) (G1 Evacuation Pause) 9870M->3369M(11136M) 47.256ms
[275.625s] GC(729) Pause Young (Normal) (G1 Evacuation Pause) 9873M->3378M(11136M) 46.300ms
[276.402s] GC(730) Pause Young (Normal) (G1 Evacuation Pause) 9874M->3384M(11136M) 46.608ms
[277.162s] GC(731) Pause Young (Normal) (G1 Evacuation Pause) 9888M->3394M(11136M) 46.504ms
[277.918s] GC(732) Pause Young (Normal) (G1 Evacuation Pause) 9866M->3401M(11136M) 47.249ms
[278.678s] GC(733) Pause Young (Normal) (G1 Evacuation Pause) 9881M->3416M(11136M) 47.203ms
[279.457s] GC(734) Pause Young (Normal) (G1 Evacuation Pause) 9872M->3418M(11136M) 45.946ms
[280.229s] GC(735) Pause Young (Normal) (G1 Evacuation Pause) 9882M->3430M(11136M) 46.664ms
[281.028s] GC(736) Pause Young (Normal) (G1 Evacuation Pause) 9870M->3438M(11136M) 43.114ms
[281.824s] GC(737) Pause Young (Normal) (G1 Evacuation Pause) 9870M->3448M(11136M) 42.736ms
[282.578s] GC(738) Pause Young (Normal) (G1 Evacuation Pause) 9872M->3455M(11136M) 42.784ms
[283.299s] GC(739) Pause Young (Normal) (G1 Evacuation Pause) 9871M->3464M(11136M) 42.267ms
[284.055s] GC(740) Pause Young (Normal) (G1 Evacuation Pause) 9872M->3472M(11136M) 42.056ms
[284.773s] GC(741) Pause Young (Normal) (G1 Evacuation Pause) 9872M->3482M(11136M) 44.428ms
[285.517s] GC(742) Pause Young (Normal) (G1 Evacuation Pause) 9874M->3489M(11136M) 46.496ms
[286.404s] GC(743) Pause Young (Normal) (G1 Evacuation Pause) 9865M->3499M(11136M) 47.729ms
[287.149s] GC(744) Pause Young (Normal) (G1 Evacuation Pause) 9867M->3506M(11136M) 50.365ms
[287.943s] GC(745) Pause Young (Normal) (G1 Evacuation Pause) 9866M->3518M(11136M) 52.084ms
[288.753s] GC(746) Pause Young (Normal) (G1 Evacuation Pause) 9870M->3527M(11136M) 53.184ms
[289.547s] GC(747) Pause Young (Normal) (G1 Evacuation Pause) 9871M->3531M(11136M) 50.840ms
[290.330s] GC(748) Pause Young (Normal) (G1 Evacuation Pause) 9883M->3541M(11136M) 48.314ms
[291.052s] GC(749) Pause Young (Normal) (G1 Evacuation Pause) 9869M->3549M(11136M) 47.555ms
[291.804s] GC(750) Pause Young (Normal) (G1 Evacuation Pause) 9885M->3560M(11136M) 48.415ms
[292.530s] GC(751) Pause Young (Normal) (G1 Evacuation Pause) 9872M->3569M(11136M) 45.314ms
[293.265s] GC(752) Pause Young (Normal) (G1 Evacuation Pause) 9873M->3579M(11136M) 43.817ms
[294.059s] GC(753) Pause Young (Normal) (G1 Evacuation Pause) 9875M->3586M(11136M) 49.900ms
[294.846s] GC(754) Pause Young (Normal) (G1 Evacuation Pause) 9874M->3596M(11136M) 57.356ms
[295.654s] GC(755) Pause Young (Normal) (G1 Evacuation Pause) 9868M->3604M(11136M) 55.522ms
[296.509s] GC(756) Pause Young (Normal) (G1 Evacuation Pause) 9868M->3610M(11136M) 60.345ms
[297.366s] GC(757) Pause Young (Normal) (G1 Evacuation Pause) 9866M->3620M(11136M) 60.251ms
[298.228s] GC(758) Pause Young (Normal) (G1 Evacuation Pause) 9868M->3627M(11136M) 47.060ms
[299.049s] GC(759) Pause Young (Normal) (G1 Evacuation Pause) 9867M->3635M(11136M) 46.442ms
[299.768s] GC(760) Pause Young (Normal) (G1 Evacuation Pause) 9883M->3644M(11136M) 45.504ms
[300.482s] GC(761) Pause Young (Normal) (G1 Evacuation Pause) 9884M->3652M(11136M) 41.709ms
[301.186s] GC(762) Pause Young (Normal) (G1 Evacuation Pause) 9884M->3660M(11136M) 40.264ms
[301.895s] GC(763) Pause Young (Normal) (G1 Evacuation Pause) 9884M->3665M(11136M) 39.915ms
[302.561s] GC(764) Pause Young (Normal) (G1 Evacuation Pause) 9881M->3676M(11136M) 40.973ms
[303.211s] GC(765) Pause Young (Normal) (G1 Evacuation Pause) 9884M->3681M(11136M) 39.806ms
[303.878s] GC(766) Pause Young (Normal) (G1 Evacuation Pause) 9881M->3692M(11136M) 40.454ms
[304.525s] GC(767) Pause Young (Normal) (G1 Evacuation Pause) 9884M->3702M(11136M) 39.647ms
[305.217s] GC(768) Pause Young (Normal) (G1 Evacuation Pause) 9878M->3712M(11136M) 39.292ms
[305.877s] GC(769) Pause Young (Normal) (G1 Evacuation Pause) 9880M->3718M(11136M) 38.317ms
[306.545s] GC(770) Pause Young (Normal) (G1 Evacuation Pause) 9878M->3730M(11136M) 39.590ms
[307.202s] GC(771) Pause Young (Normal) (G1 Evacuation Pause) 9882M->3736M(11136M) 39.226ms
[307.861s] GC(772) Pause Young (Normal) (G1 Evacuation Pause) 9880M->3746M(11136M) 40.256ms
[308.586s] GC(773) Pause Young (Normal) (G1 Evacuation Pause) 9882M->3754M(11136M) 46.374ms
[309.275s] GC(774) Pause Young (Normal) (G1 Evacuation Pause) 9882M->3761M(11136M) 43.602ms
[310.028s] GC(775) Pause Young (Normal) (G1 Evacuation Pause) 9881M->3771M(11136M) 45.422ms
[310.775s] GC(776) Pause Young (Normal) (G1 Evacuation Pause) 9883M->3781M(11136M) 48.967ms
[311.537s] GC(777) Pause Young (Normal) (G1 Evacuation Pause) 9869M->3787M(11136M) 48.163ms
[312.278s] GC(778) Pause Young (Normal) (G1 Evacuation Pause) 9883M->3798M(11136M) 44.742ms
[312.997s] GC(779) Pause Young (Normal) (G1 Evacuation Pause) 9870M->3807M(11136M) 46.330ms
[313.707s] GC(780) Pause Young (Normal) (G1 Evacuation Pause) 9871M->3814M(11136M) 44.830ms
[314.430s] GC(781) Pause Young (Normal) (G1 Evacuation Pause) 9870M->3823M(11136M) 44.709ms
[315.153s] GC(782) Pause Young (Normal) (G1 Evacuation Pause) 9871M->3828M(11136M) 50.920ms
[315.861s] GC(783) Pause Young (Normal) (G1 Evacuation Pause) 9884M->3837M(11136M) 45.832ms
[316.578s] GC(784) Pause Young (Normal) (G1 Evacuation Pause) 9885M->3849M(11136M) 44.252ms
[317.278s] GC(785) Pause Young (Normal) (G1 Evacuation Pause) 9873M->3858M(11136M) 44.238ms
[317.962s] GC(786) Pause Young (Normal) (G1 Evacuation Pause) 9874M->3864M(11136M) 44.906ms
[318.416s] GC(787) Pause Young (Normal) (G1 Evacuation Pause) 9880M->3877M(11136M) 24.367ms
[318.800s] GC(788) Pause Young (Normal) (G1 Evacuation Pause) 9869M->3882M(11136M) 24.644ms
[319.212s] GC(789) Pause Young (Normal) (G1 Evacuation Pause) 9866M->3891M(11136M) 25.071ms
[319.582s] GC(790) Pause Young (Normal) (G1 Evacuation Pause) 9867M->3898M(11136M) 23.139ms
[319.970s] GC(791) Pause Young (Normal) (G1 Evacuation Pause) 9882M->3909M(11136M) 23.860ms
[320.353s] GC(792) Pause Young (Normal) (G1 Evacuation Pause) 9869M->3916M(11136M) 23.467ms
[320.740s] GC(793) Pause Young (Normal) (G1 Evacuation Pause) 9884M->3927M(11136M) 23.765ms
[321.125s] GC(794) Pause Young (Normal) (G1 Evacuation Pause) 9871M->3934M(11136M) 24.012ms
[321.514s] GC(795) Pause Young (Normal) (G1 Evacuation Pause) 9886M->3944M(11136M) 23.978ms
[321.899s] GC(796) Pause Young (Normal) (G1 Evacuation Pause) 9872M->3949M(11136M) 22.993ms
[322.282s] GC(797) Pause Young (Normal) (G1 Evacuation Pause) 9885M->3963M(11136M) 22.725ms
[322.678s] GC(798) Pause Young (Normal) (G1 Evacuation Pause) 9867M->3970M(11136M) 23.369ms
[323.047s] GC(799) Pause Young (Normal) (G1 Evacuation Pause) 9866M->3975M(11136M) 23.684ms
[323.441s] GC(800) Pause Young (Normal) (G1 Evacuation Pause) 9879M->3988M(11136M) 24.320ms
[323.822s] GC(801) Pause Young (Normal) (G1 Evacuation Pause) 9868M->3995M(11136M) 23.547ms
[324.214s] GC(802) Pause Young (Normal) (G1 Evacuation Pause) 9867M->4003M(11136M) 24.050ms
[324.594s] GC(803) Pause Young (Normal) (G1 Evacuation Pause) 9883M->4011M(11136M) 23.283ms
[324.971s] GC(804) Pause Young (Normal) (G1 Evacuation Pause) 9883M->4017M(11136M) 23.201ms
[325.354s] GC(805) Pause Young (Normal) (G1 Evacuation Pause) 9881M->4028M(11136M) 23.303ms
[325.730s] GC(806) Pause Young (Normal) (G1 Evacuation Pause) 9884M->4036M(11136M) 23.645ms
[326.108s] GC(807) Pause Young (Normal) (G1 Evacuation Pause) 9884M->4045M(11136M) 23.050ms
[326.478s] GC(808) Pause Young (Normal) (G1 Evacuation Pause) 9885M->4053M(11136M) 23.648ms
[326.840s] GC(809) Pause Young (Normal) (G1 Evacuation Pause) 9885M->4062M(11136M) 23.966ms
[327.224s] GC(810) Pause Young (Normal) (G1 Evacuation Pause) 9886M->4071M(11136M) 23.165ms
[327.596s] GC(811) Pause Young (Normal) (G1 Evacuation Pause) 9887M->4076M(11136M) 23.782ms
[327.976s] GC(812) Pause Young (Normal) (G1 Evacuation Pause) 9884M->4087M(11136M) 23.201ms
[328.345s] GC(813) Pause Young (Normal) (G1 Evacuation Pause) 9879M->4093M(11136M) 24.286ms
[328.717s] GC(814) Pause Young (Normal) (G1 Evacuation Pause) 9877M->4103M(11136M) 23.835ms
[329.080s] GC(815) Pause Young (Normal) (G1 Evacuation Pause) 9879M->4111M(11136M) 22.943ms
[329.463s] GC(816) Pause Young (Normal) (G1 Evacuation Pause) 9879M->4116M(11136M) 23.371ms
[329.829s] GC(817) Pause Young (Normal) (G1 Evacuation Pause) 9876M->4129M(11136M) 23.127ms
[330.203s] GC(818) Pause Young (Normal) (G1 Evacuation Pause) 9881M->4132M(11136M) 22.778ms
[330.568s] GC(819) Pause Young (Normal) (G1 Evacuation Pause) 9876M->4139M(11136M) 22.998ms
[330.939s] GC(820) Pause Young (Normal) (G1 Evacuation Pause) 9875M->4151M(11136M) 23.503ms
[331.314s] GC(821) Pause Young (Normal) (G1 Evacuation Pause) 9879M->4158M(11136M) 23.501ms
[331.682s] GC(822) Pause Young (Normal) (G1 Evacuation Pause) 9878M->4169M(11136M) 22.873ms
[332.038s] GC(823) Pause Young (Normal) (G1 Evacuation Pause) 9881M->4178M(11136M) 23.147ms
[332.399s] GC(824) Pause Young (Normal) (G1 Evacuation Pause) 9882M->4182M(11136M) 23.658ms
[332.770s] GC(825) Pause Young (Normal) (G1 Evacuation Pause) 9878M->4192M(11136M) 24.334ms
[333.139s] GC(826) Pause Young (Normal) (G1 Evacuation Pause) 9880M->4202M(11136M) 23.783ms
[333.517s] GC(827) Pause Young (Normal) (G1 Evacuation Pause) 9882M->4208M(11136M) 23.026ms
[333.902s] GC(828) Pause Young (Normal) (G1 Evacuation Pause) 9880M->4216M(11136M) 24.241ms
[334.268s] GC(829) Pause Young (Normal) (G1 Evacuation Pause) 9880M->4225M(11136M) 23.885ms
[334.640s] GC(830) Pause Young (Normal) (G1 Evacuation Pause) 9881M->4231M(11136M) 24.109ms
[334.998s] GC(831) Pause Young (Normal) (G1 Evacuation Pause) 9879M->4239M(11136M) 23.365ms
[335.368s] GC(832) Pause Young (Normal) (G1 Evacuation Pause) 9879M->4249M(11136M) 23.349ms
[335.728s] GC(833) Pause Young (Normal) (G1 Evacuation Pause) 9881M->4255M(11136M) 24.558ms
[336.108s] GC(834) Pause Young (Normal) (G1 Evacuation Pause) 9879M->4266M(11136M) 24.315ms
[336.464s] GC(835) Pause Young (Normal) (G1 Evacuation Pause) 9882M->4273M(11136M) 24.436ms
[336.845s] GC(836) Pause Young (Normal) (G1 Evacuation Pause) 9881M->4278M(11136M) 23.513ms
[337.200s] GC(837) Pause Young (Normal) (G1 Evacuation Pause) 9894M->4286M(11136M) 23.252ms
[337.547s] GC(838) Pause Young (Normal) (G1 Evacuation Pause) 9894M->4295M(11136M) 23.096ms
[337.907s] GC(839) Pause Young (Normal) (G1 Evacuation Pause) 9887M->4304M(11136M) 24.142ms
[338.283s] GC(840) Pause Young (Normal) (G1 Evacuation Pause) 9888M->4315M(11136M) 23.384ms
[338.648s] GC(841) Pause Young (Normal) (G1 Evacuation Pause) 9875M->4321M(11136M) 23.407ms
[339.018s] GC(842) Pause Young (Normal) (G1 Evacuation Pause) 9889M->4329M(11136M) 23.818ms
[339.373s] GC(843) Pause Young (Normal) (G1 Evacuation Pause) 9889M->4334M(11136M) 23.833ms
[339.756s] GC(844) Pause Young (Normal) (G1 Evacuation Pause) 9886M->4341M(11136M) 23.322ms
[340.120s] GC(845) Pause Young (Normal) (G1 Evacuation Pause) 9885M->4350M(11136M) 22.751ms
[340.472s] GC(846) Pause Young (Normal) (G1 Evacuation Pause) 9886M->4356M(11136M) 22.968ms
[340.844s] GC(847) Pause Young (Normal) (G1 Evacuation Pause) 9884M->4364M(11136M) 24.281ms
[341.196s] GC(848) Pause Young (Normal) (G1 Evacuation Pause) 9884M->4373M(11136M) 22.288ms
[341.524s] GC(849) Pause Young (Normal) (G1 Evacuation Pause) 9885M->4378M(11136M) 23.080ms
[341.899s] GC(850) Pause Young (Normal) (G1 Evacuation Pause) 9882M->4386M(11136M) 22.842ms
[342.259s] GC(851) Pause Young (Normal) (G1 Evacuation Pause) 9882M->4393M(11136M) 23.965ms
[342.620s] GC(852) Pause Young (Normal) (G1 Evacuation Pause) 9897M->4402M(11136M) 22.594ms
[342.974s] GC(853) Pause Young (Normal) (G1 Evacuation Pause) 9882M->4407M(11136M) 22.698ms
[343.339s] GC(854) Pause Young (Normal) (G1 Evacuation Pause) 9895M->4416M(11136M) 23.011ms
[343.706s] GC(855) Pause Young (Normal) (G1 Evacuation Pause) 9896M->4423M(11136M) 22.520ms
[344.049s] GC(856) Pause Young (Normal) (G1 Evacuation Pause) 9903M->4431M(11136M) 22.433ms
[344.391s] GC(857) Pause Young (Normal) (G1 Evacuation Pause) 9903M->4440M(11136M) 21.966ms
[344.756s] GC(858) Pause Young (Normal) (G1 Evacuation Pause) 9888M->4450M(11136M) 22.870ms
[345.112s] GC(859) Pause Young (Normal) (G1 Evacuation Pause) 9890M->4454M(11136M) 22.215ms
[345.490s] GC(860) Pause Young (Normal) (G1 Evacuation Pause) 9902M->4462M(11136M) 22.646ms
[345.843s] GC(861) Pause Young (Normal) (G1 Evacuation Pause) 9886M->4471M(11136M) 21.945ms
[346.207s] GC(862) Pause Young (Normal) (G1 Evacuation Pause) 9887M->4480M(11136M) 23.599ms
[346.549s] GC(863) Pause Young (Normal) (G1 Evacuation Pause) 9888M->4486M(11136M) 23.781ms
[346.879s] GC(864) Pause Young (Normal) (G1 Evacuation Pause) 9886M->4490M(11136M) 22.529ms
[347.219s] GC(865) Pause Young (Normal) (G1 Evacuation Pause) 9898M->4498M(11136M) 22.357ms
[347.557s] GC(866) Pause Young (Normal) (G1 Evacuation Pause) 9898M->4507M(11136M) 22.747ms
[347.899s] GC(867) Pause Young (Normal) (G1 Evacuation Pause) 9883M->4516M(11136M) 22.929ms
[348.229s] GC(868) Pause Young (Normal) (G1 Evacuation Pause) 9884M->4521M(11136M) 22.744ms
[348.586s] GC(869) Pause Young (Normal) (G1 Evacuation Pause) 9897M->4531M(11136M) 22.312ms
[348.924s] GC(870) Pause Young (Normal) (G1 Evacuation Pause) 9883M->4534M(11136M) 23.014ms
[349.281s] GC(871) Pause Young (Normal) (G1 Evacuation Pause) 9894M->4544M(11136M) 22.693ms
[349.627s] GC(872) Pause Young (Normal) (G1 Evacuation Pause) 9896M->4554M(11136M) 23.346ms
[349.971s] GC(873) Pause Young (Normal) (G1 Evacuation Pause) 9890M->4559M(11136M) 22.781ms
[350.314s] GC(874) Pause Young (Normal) (G1 Evacuation Pause) 9903M->4567M(11136M) 22.321ms
[350.650s] GC(875) Pause Young (Normal) (G1 Evacuation Pause) 9903M->4575M(11136M) 22.684ms
[351.003s] GC(876) Pause Young (Normal) (G1 Evacuation Pause) 9903M->4581M(11136M) 22.115ms
[351.318s] GC(877) Pause Young (Normal) (G1 Evacuation Pause) 9901M->4590M(11136M) 23.564ms
[351.659s] GC(878) Pause Young (Normal) (G1 Evacuation Pause) 9902M->4597M(11136M) 21.603ms
[352.005s] GC(879) Pause Young (Normal) (G1 Evacuation Pause) 9901M->4604M(11136M) 21.790ms
[352.350s] GC(880) Pause Young (Normal) (G1 Evacuation Pause) 9900M->4610M(11136M) 22.314ms
[352.679s] GC(881) Pause Young (Normal) (G1 Evacuation Pause) 9898M->4619M(11136M) 21.886ms
[353.012s] GC(882) Pause Young (Normal) (G1 Evacuation Pause) 9899M->4626M(11136M) 21.377ms
[353.370s] GC(883) Pause Young (Normal) (G1 Evacuation Pause) 9898M->4633M(11136M) 22.795ms
[353.710s] GC(884) Pause Young (Normal) (G1 Evacuation Pause) 9897M->4640M(11136M) 22.926ms
[354.048s] GC(885) Pause Young (Normal) (G1 Evacuation Pause) 9896M->4649M(11136M) 23.036ms
[354.394s] GC(886) Pause Young (Normal) (G1 Evacuation Pause) 9897M->4657M(11136M) 22.827ms
[354.740s] GC(887) Pause Young (Normal) (G1 Evacuation Pause) 9897M->4662M(11136M) 23.224ms
[355.076s] GC(888) Pause Young (Normal) (G1 Evacuation Pause) 9894M->4670M(11136M) 21.949ms
[355.388s] GC(889) Pause Young (Normal) (G1 Evacuation Pause) 9894M->4678M(11136M) 21.849ms
[355.711s] GC(890) Pause Young (Normal) (G1 Evacuation Pause) 9894M->4689M(11136M) 22.700ms
[356.045s] GC(891) Pause Young (Normal) (G1 Evacuation Pause) 9889M->4693M(11136M) 22.912ms
[356.394s] GC(892) Pause Young (Normal) (G1 Evacuation Pause) 9901M->4701M(11136M) 21.574ms
[356.744s] GC(893) Pause Young (Normal) (G1 Evacuation Pause) 9901M->4707M(11136M) 21.681ms
[357.078s] GC(894) Pause Young (Normal) (G1 Evacuation Pause) 9899M->4715M(11136M) 22.047ms
[357.399s] GC(895) Pause Young (Normal) (G1 Evacuation Pause) 9899M->4725M(11136M) 21.920ms
[357.732s] GC(896) Pause Young (Normal) (G1 Evacuation Pause) 9885M->4731M(11136M) 21.306ms
[358.064s] GC(897) Pause Young (Normal) (G1 Evacuation Pause) 9899M->4738M(11136M) 20.905ms
[358.396s] GC(898) Pause Young (Normal) (G1 Evacuation Pause) 9898M->4745M(11136M) 21.744ms
[358.723s] GC(899) Pause Young (Normal) (G1 Evacuation Pause) 9897M->4752M(11136M) 21.286ms
[359.059s] GC(900) Pause Young (Normal) (G1 Evacuation Pause) 9896M->4761M(11136M) 21.630ms
[359.372s] GC(901) Pause Young (Normal) (G1 Evacuation Pause) 9881M->4769M(11136M) 21.358ms
[359.688s] GC(902) Pause Young (Normal) (G1 Evacuation Pause) 9889M->4775M(11136M) 21.186ms
[360.034s] GC(903) Pause Young (Normal) (G1 Evacuation Pause) 9903M->4784M(11136M) 21.127ms
[360.393s] GC(904) Pause Young (Normal) (G1 Evacuation Pause) 9888M->4790M(11136M) 21.788ms
[360.738s] GC(905) Pause Young (Normal) (G1 Evacuation Pause) 9902M->4798M(11136M) 21.929ms
[361.088s] GC(906) Pause Young (Normal) (G1 Evacuation Pause) 9902M->4806M(11136M) 20.919ms
[361.400s] GC(907) Pause Young (Normal) (G1 Evacuation Pause) 9902M->4811M(11136M) 20.796ms
[361.719s] GC(908) Pause Young (Normal) (G1 Evacuation Pause) 9899M->4820M(11136M) 21.856ms
[362.050s] GC(909) Pause Young (Normal) (G1 Evacuation Pause) 9900M->4825M(11136M) 21.110ms
[362.360s] GC(910) Pause Young (Normal) (G1 Evacuation Pause) 9897M->4835M(11136M) 21.478ms
[362.706s] GC(911) Pause Young (Normal) (G1 Evacuation Pause) 9899M->4842M(11136M) 22.125ms
[363.031s] GC(912) Pause Young (Normal) (G1 Evacuation Pause) 9898M->4850M(11136M) 22.538ms
[363.359s] GC(913) Pause Young (Normal) (G1 Evacuation Pause) 9898M->4853M(11136M) 21.540ms
[363.699s] GC(914) Pause Young (Normal) (G1 Evacuation Pause) 9893M->4862M(11136M) 21.602ms
[364.021s] GC(915) Pause Young (Normal) (G1 Evacuation Pause) 9894M->4868M(11136M) 22.011ms
[364.343s] GC(916) Pause Young (Normal) (G1 Evacuation Pause) 9892M->4877M(11136M) 22.258ms
[364.679s] GC(917) Pause Young (Normal) (G1 Evacuation Pause) 9893M->4881M(11136M) 20.674ms
[365.005s] GC(918) Pause Young (Normal) (G1 Evacuation Pause) 9897M->4887M(11136M) 20.666ms
[365.325s] GC(919) Pause Young (Normal) (G1 Evacuation Pause) 9895M->4897M(11136M) 21.299ms
[365.655s] GC(920) Pause Young (Normal) (G1 Evacuation Pause) 9897M->4905M(11136M) 21.523ms
[365.994s] GC(921) Pause Young (Normal) (G1 Evacuation Pause) 9897M->4912M(11136M) 21.398ms
[366.326s] GC(922) Pause Young (Normal) (G1 Evacuation Pause) 9896M->4918M(11136M) 21.066ms
[366.630s] GC(923) Pause Young (Normal) (G1 Evacuation Pause) 9894M->4925M(11136M) 21.409ms
[366.946s] GC(924) Pause Young (Normal) (G1 Evacuation Pause) 9893M->4930M(11136M) 21.775ms
[367.280s] GC(925) Pause Young (Normal) (G1 Evacuation Pause) 9906M->4940M(11136M) 21.655ms
[367.597s] GC(926) Pause Young (Normal) (G1 Evacuation Pause) 9892M->4944M(11136M) 21.392ms
[367.927s] GC(927) Pause Young (Normal) (G1 Evacuation Pause) 9904M->4955M(11136M) 20.367ms
[368.218s] GC(928) Pause Young (Normal) (G1 Evacuation Pause) 9899M->4961M(11136M) 20.734ms
[368.549s] GC(929) Pause Young (Normal) (G1 Evacuation Pause) 9897M->4969M(11136M) 21.301ms
[368.867s] GC(930) Pause Young (Normal) (G1 Evacuation Pause) 9897M->4974M(11136M) 20.998ms
[369.194s] GC(931) Pause Young (Normal) (G1 Evacuation Pause) 9894M->4982M(11136M) 20.616ms
[369.506s] GC(932) Pause Young (Normal) (G1 Evacuation Pause) 9894M->4987M(11136M) 19.971ms
[369.795s] GC(933) Pause Young (Normal) (G1 Evacuation Pause) 9907M->4998M(11136M) 20.614ms
[370.109s] GC(934) Pause Young (Normal) (G1 Evacuation Pause) 9894M->5006M(11136M) 21.794ms
[370.436s] GC(935) Pause Young (Normal) (G1 Evacuation Pause) 9894M->5009M(11136M) 21.794ms
[370.759s] GC(936) Pause Young (Normal) (G1 Evacuation Pause) 9905M->5019M(11136M) 21.541ms
[371.079s] GC(937) Pause Young (Normal) (G1 Evacuation Pause) 9891M->5025M(11136M) 21.121ms
[371.400s] GC(938) Pause Young (Normal) (G1 Evacuation Pause) 9897M->5034M(11136M) 21.006ms
[371.709s] GC(939) Pause Young (Normal) (G1 Evacuation Pause) 9898M->5039M(11136M) 21.213ms
[372.036s] GC(940) Pause Young (Normal) (G1 Evacuation Pause) 9895M->5046M(11136M) 20.888ms
[372.340s] GC(941) Pause Young (Normal) (G1 Evacuation Pause) 9894M->5051M(11136M) 21.279ms
[372.661s] GC(942) Pause Young (Normal) (G1 Evacuation Pause) 9907M->5060M(11136M) 20.304ms
[372.982s] GC(943) Pause Young (Normal) (G1 Evacuation Pause) 9892M->5065M(11136M) 22.466ms
[373.334s] GC(944) Pause Young (Normal) (G1 Evacuation Pause) 9905M->5076M(11136M) 21.843ms
[373.649s] GC(945) Pause Young (Normal) (G1 Evacuation Pause) 9892M->5083M(11136M) 21.233ms
[373.967s] GC(946) Pause Young (Normal) (G1 Evacuation Pause) 9899M->5090M(11136M) 21.360ms
[374.268s] GC(947) Pause Young (Normal) (G1 Evacuation Pause) 9898M->5093M(11136M) 21.467ms
[374.575s] GC(948) Pause Young (Normal) (G1 Evacuation Pause) 9909M->5101M(11136M) 21.762ms
[374.894s] GC(949) Pause Young (Normal) (G1 Evacuation Pause) 9893M->5108M(11136M) 21.465ms
[375.201s] GC(950) Pause Young (Normal) (G1 Evacuation Pause) 9892M->5115M(11136M) 21.073ms
[375.522s] GC(951) Pause Young (Concurrent Start) (G1 Evacuation Pause) 9891M->5124M(11136M) 21.147ms
[375.522s] GC(952) Concurrent Mark Cycle
[375.860s] GC(953) Pause Young (Normal) (G1 Evacuation Pause) 9892M->5131M(11136M) 21.264ms
[376.205s] GC(954) Pause Young (Normal) (G1 Evacuation Pause) 9891M->5139M(11136M) 20.687ms
[376.555s] GC(955) Pause Young (Normal) (G1 Evacuation Pause) 9899M->5144M(11136M) 20.537ms
[376.876s] GC(956) Pause Young (Normal) (G1 Evacuation Pause) 9896M->5151M(11136M) 20.004ms
[377.225s] GC(957) Pause Young (Normal) (G1 Evacuation Pause) 9895M->5156M(11136M) 21.679ms
[377.558s] GC(958) Pause Young (Normal) (G1 Evacuation Pause) 9908M->5167M(11136M) 20.396ms
[377.928s] GC(959) Pause Young (Normal) (G1 Evacuation Pause) 9895M->5173M(11136M) 20.829ms
[378.007s] GC(952) Pause Remark 6205M->6205M(11136M) 0.794ms
[378.280s] GC(960) Pause Young (Normal) (G1 Evacuation Pause) 9893M->5181M(11136M) 20.069ms
[378.612s] GC(961) Pause Young (Normal) (G1 Evacuation Pause) 9893M->5187M(11136M) 21.176ms
[378.946s] GC(962) Pause Young (Normal) (G1 Evacuation Pause) 9891M->5194M(11136M) 20.323ms
[378.970s] GC(952) Pause Cleanup 5476M->5476M(11136M) 0.238ms
[378.984s] GC(952) Concurrent Mark Cycle 3461.653ms
[379.236s] GC(963) Pause Young (Prepare Mixed) (G1 Evacuation Pause) 9890M->5202M(11136M) 21.313ms
[379.289s] GC(964) Pause Young (Mixed) (G1 Evacuation Pause) 5642M->5187M(11136M) 25.033ms
[379.560s] GC(965) Pause Young (Concurrent Start) (G1 Evacuation Pause) 9955M->5189M(11136M) 10.386ms
[379.560s] GC(966) Concurrent Mark Cycle
[379.902s] GC(967) Pause Young (Normal) (G1 Evacuation Pause) 9957M->5193M(11136M) 11.239ms
[380.223s] GC(968) Pause Young (Normal) (G1 Evacuation Pause) 9945M->5200M(11136M) 11.663ms
[380.552s] GC(969) Pause Young (Normal) (G1 Evacuation Pause) 9952M->5205M(11136M) 12.901ms
[380.903s] GC(970) Pause Young (Normal) (G1 Evacuation Pause) 9941M->5213M(11136M) 14.753ms
[381.250s] GC(971) Pause Young (Normal) (G1 Evacuation Pause) 9933M->5219M(11136M) 15.102ms
[381.596s] GC(972) Pause Young (Normal) (G1 Evacuation Pause) 9923M->5228M(11136M) 16.219ms
[381.672s] GC(966) Pause Remark 6260M->6260M(11136M) 0.729ms
[381.914s] GC(973) Pause Young (Normal) (G1 Evacuation Pause) 9916M->5234M(11136M) 16.999ms
[382.263s] GC(974) Pause Young (Normal) (G1 Evacuation Pause) 9906M->5239M(11136M) 18.302ms
[382.590s] GC(975) Pause Young (Normal) (G1 Evacuation Pause) 9911M->5248M(11136M) 20.182ms
[382.666s] GC(966) Pause Cleanup 6380M->6380M(11136M) 0.258ms
[382.680s] GC(966) Concurrent Mark Cycle 3120.162ms
[382.899s] GC(976) Pause Young (Prepare Mixed) (G1 Evacuation Pause) 9904M->5253M(11136M) 19.168ms
[382.960s] GC(977) Pause Young (Mixed) (G1 Evacuation Pause) 5709M->5245M(11136M) 22.454ms
[383.241s] GC(978) Pause Young (Concurrent Start) (G1 Evacuation Pause) 9973M->5249M(11136M) 10.925ms
[383.241s] GC(979) Concurrent Mark Cycle
[383.587s] GC(980) Pause Young (Normal) (G1 Evacuation Pause) 9961M->5255M(11136M) 10.952ms
[383.935s] GC(981) Pause Young (Normal) (G1 Evacuation Pause) 9951M->5261M(11136M) 12.069ms
[384.278s] GC(982) Pause Young (Normal) (G1 Evacuation Pause) 9957M->5267M(11136M) 13.220ms
[384.604s] GC(983) Pause Young (Normal) (G1 Evacuation Pause) 9947M->5274M(11136M) 15.360ms
[384.950s] GC(984) Pause Young (Normal) (G1 Evacuation Pause) 9938M->5281M(11136M) 15.359ms
[385.286s] GC(985) Pause Young (Normal) (G1 Evacuation Pause) 9929M->5288M(11136M) 17.066ms
[385.569s] GC(979) Pause Remark 9244M->9244M(15360M) 8.567ms
[385.642s] GC(986) Pause Young (Normal) (G1 Evacuation Pause) 9920M->5294M(15360M) 19.603ms
[386.339s] GC(987) Pause Young (Normal) (G1 Evacuation Pause) 13734M->5304M(15360M) 20.944ms
[386.606s] GC(979) Pause Cleanup 8952M->8952M(15360M) 0.274ms
[386.628s] GC(979) Concurrent Mark Cycle 3386.775ms
[386.922s] GC(988) Pause Young (Prepare Mixed) (G1 Evacuation Pause) 13712M->5318M(15360M) 22.635ms
[386.995s] GC(989) Pause Young (Mixed) (G1 Evacuation Pause) 5974M->5314M(15360M) 24.237ms
[387.532s] GC(990) Pause Young (Normal) (G1 Evacuation Pause) 13762M->5322M(15360M) 15.406ms
[388.028s] GC(991) Pause Young (Normal) (G1 Evacuation Pause) 13754M->5332M(15360M) 17.045ms
[388.598s] GC(992) Pause Young (Concurrent Start) (G1 Evacuation Pause) 13732M->5344M(15360M) 18.433ms
[388.598s] GC(993) Concurrent Mark Cycle
[389.168s] GC(994) Pause Young (Normal) (G1 Evacuation Pause) 13728M->5354M(15360M) 19.740ms
[389.735s] GC(995) Pause Young (Normal) (G1 Evacuation Pause) 13722M->5365M(15360M) 22.074ms
[390.315s] GC(996) Pause Young (Normal) (G1 Evacuation Pause) 13701M->5380M(15360M) 23.903ms
[390.911s] GC(997) Pause Young (Normal) (G1 Evacuation Pause) 13684M->5391M(15360M) 26.261ms
[391.277s] GC(993) Pause Remark 10739M->10739M(15360M) 0.818ms
[391.512s] GC(998) Pause Young (Normal) (G1 Evacuation Pause) 13679M->5403M(15360M) 28.400ms
[392.103s] GC(999) Pause Young (Normal) (G1 Evacuation Pause) 13659M->5413M(15360M) 30.323ms
[392.389s] GC(993) Pause Cleanup 9713M->9713M(15360M) 0.301ms
[392.408s] GC(993) Concurrent Mark Cycle 3810.729ms
[392.670s] GC(1000) Pause Young (Prepare Mixed) (G1 Evacuation Pause) 13661M->5426M(15360M) 29.409ms
[392.736s] GC(1001) Pause Young (Mixed) (G1 Evacuation Pause) 6034M->5421M(15360M) 32.874ms
[393.239s] GC(1002) Pause Young (Normal) (G1 Evacuation Pause) 13765M->5429M(15360M) 15.649ms
[393.789s] GC(1003) Pause Young (Normal) (G1 Evacuation Pause) 13757M->5438M(15360M) 17.004ms
[394.283s] GC(1004) Pause Young (Concurrent Start) (G1 Evacuation Pause) 13734M->5448M(15360M) 19.010ms
[394.283s] GC(1005) Concurrent Mark Cycle
[394.877s] GC(1006) Pause Young (Normal) (G1 Evacuation Pause) 13728M->5460M(15360M) 21.098ms
[395.452s] GC(1007) Pause Young (Normal) (G1 Evacuation Pause) 13724M->5472M(15360M) 22.982ms
[396.052s] GC(1008) Pause Young (Normal) (G1 Evacuation Pause) 13704M->5486M(15360M) 25.424ms
[396.639s] GC(1009) Pause Young (Normal) (G1 Evacuation Pause) 13686M->5497M(15360M) 26.941ms
[397.072s] GC(1005) Pause Remark 11829M->11829M(15360M) 0.909ms
[397.227s] GC(1010) Pause Young (Normal) (G1 Evacuation Pause) 13681M->5505M(15360M) 28.490ms
[397.816s] GC(1011) Pause Young (Normal) (G1 Evacuation Pause) 13673M->5520M(15360M) 30.339ms
[398.252s] GC(1005) Pause Cleanup 11760M->11760M(15360M) 0.285ms
[398.261s] GC(1005) Concurrent Mark Cycle 3977.524ms
[398.412s] GC(1012) Pause Young (Prepare Mixed) (G1 Evacuation Pause) 13656M->5531M(15360M) 30.888ms
[398.490s] GC(1013) Pause Young (Mixed) (G1 Evacuation Pause) 6131M->5529M(15360M) 36.422ms
[398.993s] GC(1014) Pause Young (Normal) (G1 Evacuation Pause) 13761M->5535M(15360M) 15.283ms
[399.533s] GC(1015) Pause Young (Normal) (G1 Evacuation Pause) 13751M->5545M(15360M) 16.460ms
[400.009s] GC(1016) Pause Young (Concurrent Start) (G1 Evacuation Pause) 13745M->5556M(15360M) 17.835ms
[400.009s] GC(1017) Concurrent Mark Cycle
[400.620s] GC(1018) Pause Young (Normal) (G1 Evacuation Pause) 13724M->5568M(15360M) 21.003ms
[401.248s] GC(1019) Pause Young (Normal) (G1 Evacuation Pause) 13720M->5577M(15360M) 22.089ms
[401.859s] GC(1020) Pause Young (Normal) (G1 Evacuation Pause) 13713M->5591M(15360M) 25.448ms
[402.457s] GC(1021) Pause Young (Normal) (G1 Evacuation Pause) 13695M->5601M(15360M) 26.620ms
[402.698s] GC(1017) Pause Remark 8869M->8869M(15360M) 0.862ms
[403.078s] GC(1022) Pause Young (Normal) (G1 Evacuation Pause) 13689M->5611M(15360M) 28.767ms
[403.726s] GC(1023) Pause Young (Normal) (G1 Evacuation Pause) 13667M->5624M(15360M) 31.298ms
[403.920s] GC(1017) Pause Cleanup 8024M->8024M(15360M) 0.495ms
[403.932s] GC(1017) Concurrent Mark Cycle 3922.478ms
[404.338s] GC(1024) Pause Young (Prepare Mixed) (G1 Evacuation Pause) 13664M->5633M(15360M) 31.692ms
[404.417s] GC(1025) Pause Young (Mixed) (G1 Evacuation Pause) 6241M->5637M(15360M) 38.630ms
[404.953s] GC(1026) Pause Young (Normal) (G1 Evacuation Pause) 13749M->5639M(15360M) 16.088ms
[405.497s] GC(1027) Pause Young (Normal) (G1 Evacuation Pause) 13751M->5650M(15360M) 16.523ms
[406.044s] GC(1028) Pause Young (Concurrent Start) (G1 Evacuation Pause) 13746M->5662M(15360M) 18.556ms
[406.044s] GC(1029) Concurrent Mark Cycle
[406.673s] GC(1030) Pause Young (Normal) (G1 Evacuation Pause) 13726M->5674M(15360M) 23.026ms
[407.363s] GC(1031) Pause Young (Normal) (G1 Evacuation Pause) 13722M->5682M(15360M) 23.997ms
[408.016s] GC(1032) Pause Young (Normal) (G1 Evacuation Pause) 13714M->5695M(15360M) 27.677ms
[408.665s] GC(1033) Pause Young (Normal) (G1 Evacuation Pause) 13695M->5706M(15360M) 29.335ms
[409.005s] GC(1029) Pause Remark 9726M->9726M(15360M) 1.010ms
[409.366s] GC(1034) Pause Young (Normal) (G1 Evacuation Pause) 13690M->5719M(15360M) 31.928ms
[410.077s] GC(1035) Pause Young (Normal) (G1 Evacuation Pause) 13671M->5731M(15360M) 36.550ms
[410.461s] GC(1029) Pause Cleanup 10423M->10423M(15360M) 0.262ms
[410.470s] GC(1029) Concurrent Mark Cycle 4425.618ms
[410.747s] GC(1036) Pause Young (Prepare Mixed) (G1 Evacuation Pause) 13667M->5738M(15360M) 36.238ms
[410.846s] GC(1037) Pause Young (Mixed) (G1 Evacuation Pause) 6346M->5744M(15360M) 42.599ms
[411.427s] GC(1038) Pause Young (Normal) (G1 Evacuation Pause) 13752M->5748M(15360M) 16.039ms
[412.045s] GC(1039) Pause Young (Normal) (G1 Evacuation Pause) 13756M->5758M(15360M) 18.308ms
[412.667s] GC(1040) Pause Young (Concurrent Start) (G1 Evacuation Pause) 13750M->5768M(15360M) 24.411ms
[412.667s] GC(1041) Concurrent Mark Cycle
[413.477s] GC(1042) Pause Young (Normal) (G1 Evacuation Pause) 13728M->5783M(15360M) 32.063ms
[414.341s] GC(1043) Pause Young (Normal) (G1 Evacuation Pause) 13711M->5794M(15360M) 34.468ms
[415.225s] GC(1044) Pause Young (Normal) (G1 Evacuation Pause) 13706M->5807M(15360M) 36.401ms
[416.097s] GC(1045) Pause Young (Normal) (G1 Evacuation Pause) 13687M->5814M(15360M) 40.592ms
[416.457s] GC(1041) Pause Remark 9298M->9298M(15360M) 1.253ms
[416.948s] GC(1046) Pause Young (Normal) (G1 Evacuation Pause) 13694M->5828M(15360M) 40.296ms
[417.762s] GC(1047) Pause Young (Normal) (G1 Evacuation Pause) 13676M->5839M(15360M) 43.063ms
[418.442s] GC(1041) Pause Cleanup 12363M->12363M(15360M) 0.397ms
[418.454s] GC(1041) Concurrent Mark Cycle 5786.738ms
[418.627s] GC(1048) Pause Young (Prepare Mixed) (G1 Evacuation Pause) 13655M->5854M(15360M) 44.695ms
[418.752s] GC(1049) Pause Young (Mixed) (G1 Evacuation Pause) 6454M->5851M(15360M) 60.440ms
[419.559s] GC(1050) Pause Young (Normal) (G1 Evacuation Pause) 13763M->5859M(15360M) 20.331ms
[420.357s] GC(1051) Pause Young (Normal) (G1 Evacuation Pause) 13755M->5866M(15360M) 23.371ms
[421.156s] GC(1052) Pause Young (Concurrent Start) (G1 Evacuation Pause) 13746M->5876M(15360M) 26.236ms
[421.156s] GC(1053) Concurrent Mark Cycle
[422.012s] GC(1054) Pause Young (Normal) (G1 Evacuation Pause) 13724M->5889M(15360M) 32.030ms
[422.937s] GC(1055) Pause Young (Normal) (G1 Evacuation Pause) 13721M->5901M(15360M) 38.739ms
[424.006s] GC(1056) Pause Young (Normal) (G1 Evacuation Pause) 13701M->5912M(15360M) 44.465ms
[425.177s] GC(1057) Pause Young (Normal) (G1 Evacuation Pause) 13696M->5923M(15360M) 46.237ms
[426.142s] GC(1053) Pause Remark 12571M->12571M(15360M) 1.881ms
[426.358s] GC(1058) Pause Young (Normal) (G1 Evacuation Pause) 13691M->5934M(15360M) 52.545ms
[427.535s] GC(1059) Pause Young (Normal) (G1 Evacuation Pause) 13670M->5947M(15360M) 54.528ms
[428.571s] GC(1053) Pause Cleanup 13363M->13363M(15360M) 0.498ms
[428.582s] GC(1053) Concurrent Mark Cycle 7426.115ms
[428.672s] GC(1060) Pause Young (Prepare Mixed) (G1 Evacuation Pause) 13667M->5959M(15360M) 53.943ms
[428.819s] GC(1061) Pause Young (Mixed) (G1 Evacuation Pause) 6559M->5960M(15360M) 73.322ms
[429.724s] GC(1062) Pause Young (Normal) (G1 Evacuation Pause) 13760M->5964M(15360M) 25.849ms
[430.734s] GC(1063) Pause Young (Normal) (G1 Evacuation Pause) 13748M->5974M(15360M) 35.936ms
[431.731s] GC(1064) Pause Young (Concurrent Start) (G1 Evacuation Pause) 13742M->5987M(15360M) 43.753ms
[431.731s] GC(1065) Concurrent Mark Cycle
[433.132s] GC(1066) Pause Young (Normal) (G1 Evacuation Pause) 13723M->5997M(15360M) 48.562ms
[434.511s] GC(1067) Pause Young (Normal) (G1 Evacuation Pause) 13717M->6007M(15360M) 50.261ms
[435.541s] GC(1068) Pause Young (Normal) (G1 Evacuation Pause) 13711M->6019M(15360M) 47.252ms
[436.482s] GC(1065) Pause Remark 13475M->13475M(15360M) 1.804ms
[436.552s] GC(1069) Pause Young (Normal) (G1 Evacuation Pause) 13691M->6030M(15360M) 45.697ms
[437.614s] GC(1070) Pause Young (Normal) (G1 Evacuation Pause) 13686M->6041M(15360M) 53.126ms
[438.784s] GC(1071) Pause Young (Normal) (G1 Evacuation Pause) 13665M->6054M(15360M) 56.133ms
[439.164s] GC(1065) Pause Cleanup 8842M->8842M(15360M) 0.497ms
[439.176s] GC(1065) Concurrent Mark Cycle 7444.768ms
[439.839s] GC(1072) Pause Young (Prepare Mixed) (G1 Evacuation Pause) 13662M->6060M(15360M) 55.854ms
[439.999s] GC(1073) Pause Young (Mixed) (G1 Evacuation Pause) 6668M->6068M(15360M) 70.539ms
[440.879s] GC(1074) Pause Young (Normal) (G1 Evacuation Pause) 13748M->6068M(15360M) 23.890ms
[441.755s] GC(1075) Pause Young (Normal) (G1 Evacuation Pause) 13748M->6079M(15360M) 26.967ms
[442.619s] GC(1076) Pause Young (Concurrent Start) (G1 Evacuation Pause) 13743M->6090M(15360M) 29.677ms
[442.619s] GC(1077) Concurrent Mark Cycle
[443.663s] GC(1078) Pause Young (Normal) (G1 Evacuation Pause) 13738M->6101M(15360M) 33.111ms
[444.749s] GC(1079) Pause Young (Normal) (G1 Evacuation Pause) 13717M->6112M(15360M) 39.044ms
[445.854s] GC(1080) Pause Young (Normal) (G1 Evacuation Pause) 13712M->6122M(15360M) 41.543ms
[446.940s] GC(1081) Pause Young (Normal) (G1 Evacuation Pause) 13706M->6135M(15360M) 45.918ms
[447.704s] GC(1077) Pause Remark 11575M->11575M(15360M) 1.543ms
[448.025s] GC(1082) Pause Young (Normal) (G1 Evacuation Pause) 13687M->6146M(15360M) 49.982ms
[449.126s] GC(1083) Pause Young (Normal) (G1 Evacuation Pause) 13682M->6155M(15360M) 53.841ms
[450.212s] GC(1084) Pause Young (Normal) (G1 Evacuation Pause) 13659M->6168M(15360M) 58.743ms
[450.432s] GC(1077) Pause Cleanup 7720M->7720M(15360M) 0.569ms
[450.443s] GC(1077) Concurrent Mark Cycle 7824.129ms
[451.182s] GC(1085) Pause Young (Prepare Mixed) (G1 Evacuation Pause) 13656M->6176M(15360M) 56.639ms
[451.309s] GC(1086) Pause Young (Mixed) (G1 Evacuation Pause) 6784M->6177M(15360M) 53.176ms
[452.173s] GC(1087) Pause Young (Normal) (G1 Evacuation Pause) 13761M->6184M(15360M) 26.271ms
[453.011s] GC(1088) Pause Young (Normal) (G1 Evacuation Pause) 13752M->6193M(15360M) 28.260ms
[453.862s] GC(1089) Pause Young (Concurrent Start) (G1 Evacuation Pause) 13745M->6202M(15360M) 30.434ms
[453.862s] GC(1090) Concurrent Mark Cycle
[454.823s] GC(1091) Pause Young (Normal) (G1 Evacuation Pause) 13738M->6217M(15360M) 34.557ms
[455.871s] GC(1092) Pause Young (Normal) (G1 Evacuation Pause) 13721M->6225M(15360M) 38.142ms
[456.846s] GC(1093) Pause Young (Normal) (G1 Evacuation Pause) 13713M->6238M(15360M) 42.641ms
[457.888s] GC(1094) Pause Young (Normal) (G1 Evacuation Pause) 13694M->6249M(15360M) 48.077ms
[458.973s] GC(1095) Pause Young (Normal) (G1 Evacuation Pause) 13689M->6260M(15360M) 49.643ms
[459.130s] GC(1090) Pause Remark 7516M->7516M(15360M) 1.790ms
[459.999s] GC(1096) Pause Young (Normal) (G1 Evacuation Pause) 13668M->6272M(15360M) 54.388ms
[461.001s] GC(1097) Pause Young (Normal) (G1 Evacuation Pause) 13664M->6281M(15360M) 57.062ms
[461.776s] GC(1090) Pause Cleanup 12097M->12097M(15360M) 0.437ms
[461.787s] GC(1090) Concurrent Mark Cycle 7924.615ms
[462.026s] GC(1098) Pause Young (Prepare Mixed) (G1 Evacuation Pause) 13657M->6294M(15360M) 60.291ms
[462.173s] GC(1099) Pause Young (Mixed) (G1 Evacuation Pause) 6894M->6291M(15360M) 57.617ms
[463.073s] GC(1100) Pause Young (Normal) (G1 Evacuation Pause) 13763M->6298M(15360M) 27.272ms
[463.856s] GC(1101) Pause Young (Normal) (G1 Evacuation Pause) 13754M->6305M(15360M) 27.830ms
[464.660s] GC(1102) Pause Young (Concurrent Start) (G1 Evacuation Pause) 13745M->6315M(15360M) 31.192ms
[464.660s] GC(1103) Concurrent Mark Cycle
[465.679s] GC(1104) Pause Young (Normal) (G1 Evacuation Pause) 13739M->6329M(15360M) 34.888ms
[466.680s] GC(1105) Pause Young (Normal) (G1 Evacuation Pause) 13721M->6338M(15360M) 37.580ms
[467.638s] GC(1106) Pause Young (Normal) (G1 Evacuation Pause) 13714M->6349M(15360M) 40.700ms
[468.688s] GC(1107) Pause Young (Normal) (G1 Evacuation Pause) 13709M->6360M(15360M) 44.709ms
[469.705s] GC(1108) Pause Young (Normal) (G1 Evacuation Pause) 13688M->6373M(15360M) 48.725ms
[469.970s] GC(1103) Pause Remark 8357M->8357M(15360M) 1.907ms
[470.688s] GC(1109) Pause Young (Normal) (G1 Evacuation Pause) 13685M->6381M(15360M) 51.972ms
[471.741s] GC(1110) Pause Young (Normal) (G1 Evacuation Pause) 13677M->6394M(15360M) 55.724ms
[472.813s] GC(1111) Pause Young (Normal) (G1 Evacuation Pause) 13658M->6404M(15360M) 56.992ms
[472.864s] GC(1103) Pause Cleanup 6796M->6796M(15360M) 0.649ms
[472.882s] GC(1103) Concurrent Mark Cycle 8221.970ms
[473.786s] GC(1112) Pause Young (Prepare Mixed) (G1 Evacuation Pause) 13652M->6415M(15360M) 55.395ms
[473.911s] GC(1113) Pause Young (Mixed) (G1 Evacuation Pause) 7023M->6418M(15360M) 50.373ms
[474.764s] GC(1114) Pause Young (Normal) (G1 Evacuation Pause) 13762M->6421M(15360M) 25.830ms
[475.588s] GC(1115) Pause Young (Normal) (G1 Evacuation Pause) 13749M->6429M(15360M) 26.731ms
[476.445s] GC(1116) Pause Young (Concurrent Start) (G1 Evacuation Pause) 13741M->6440M(15360M) 28.232ms
[476.446s] GC(1117) Concurrent Mark Cycle
[477.401s] GC(1118) Pause Young (Normal) (G1 Evacuation Pause) 13736M->6450M(15360M) 31.094ms
[478.332s] GC(1119) Pause Young (Normal) (G1 Evacuation Pause) 13730M->6460M(15360M) 35.405ms
[479.335s] GC(1120) Pause Young (Normal) (G1 Evacuation Pause) 13708M->6470M(15360M) 38.340ms
[480.334s] GC(1121) Pause Young (Normal) (G1 Evacuation Pause) 13702M->6482M(15360M) 43.812ms
[481.356s] GC(1122) Pause Young (Normal) (G1 Evacuation Pause) 13698M->6495M(15360M) 48.703ms
[481.558s] GC(1117) Pause Remark 7959M->7959M(15360M) 1.565ms
[482.366s] GC(1123) Pause Young (Normal) (G1 Evacuation Pause) 13679M->6505M(15360M) 51.140ms
[483.365s] GC(1124) Pause Young (Normal) (G1 Evacuation Pause) 13673M->6517M(15360M) 57.089ms
[484.394s] GC(1125) Pause Young (Normal) (G1 Evacuation Pause) 13653M->6526M(15360M) 57.865ms
[484.462s] GC(1117) Pause Cleanup 7054M->7054M(15360M) 0.444ms
[484.474s] GC(1117) Concurrent Mark Cycle 8028.693ms
[485.267s] GC(1126) Pause Young (Prepare Mixed) (G1 Evacuation Pause) 13654M->6535M(15360M) 56.413ms
[485.397s] GC(1127) Pause Young (Mixed) (G1 Evacuation Pause) 7151M->6538M(15360M) 52.322ms
[486.191s] GC(1128) Pause Young (Normal) (G1 Evacuation Pause) 13762M->6540M(15360M) 27.138ms
[487.010s] GC(1129) Pause Young (Normal) (G1 Evacuation Pause) 13764M->6547M(15360M) 28.561ms
[487.809s] GC(1130) Pause Young (Concurrent Start) (G1 Evacuation Pause) 13755M->6555M(15360M) 31.832ms
[487.809s] GC(1131) Concurrent Mark Cycle
[488.734s] GC(1132) Pause Young (Normal) (G1 Evacuation Pause) 13747M->6564M(15360M) 36.261ms
[489.758s] GC(1133) Pause Young (Normal) (G1 Evacuation Pause) 13740M->6577M(15360M) 40.760ms
[490.837s] GC(1134) Pause Young (Normal) (G1 Evacuation Pause) 13721M->6586M(15360M) 46.478ms
[491.900s] GC(1135) Pause Young (Normal) (G1 Evacuation Pause) 13714M->6597M(15360M) 46.482ms
[492.767s] GC(1131) Pause Remark 12953M->12953M(15360M) 1.432ms
[492.908s] GC(1136) Pause Young (Normal) (G1 Evacuation Pause) 13693M->6608M(15360M) 49.736ms
[493.875s] GC(1137) Pause Young (Normal) (G1 Evacuation Pause) 13688M->6618M(15360M) 54.356ms
[494.917s] GC(1138) Pause Young (Normal) (G1 Evacuation Pause) 13682M->6626M(15360M) 60.320ms
[495.729s] GC(1131) Pause Cleanup 12694M->12694M(15360M) 0.460ms
[495.743s] GC(1131) Concurrent Mark Cycle 7934.544ms
[495.915s] GC(1139) Pause Young (Prepare Mixed) (G1 Evacuation Pause) 13674M->6640M(15360M) 58.408ms
[496.058s] GC(1140) Pause Young (Mixed) (G1 Evacuation Pause) 7256M->6644M(15360M) 53.468ms
[496.889s] GC(1141) Pause Young (Normal) (G1 Evacuation Pause) 13740M->6643M(15360M) 29.566ms
[497.738s] GC(1142) Pause Young (Normal) (G1 Evacuation Pause) 13755M->6652M(15360M) 31.290ms
[498.582s] GC(1143) Pause Young (Concurrent Start) (G1 Evacuation Pause) 13732M->6663M(15360M) 32.678ms
[498.582s] GC(1144) Concurrent Mark Cycle
[499.451s] GC(1145) Pause Young (Normal) (G1 Evacuation Pause) 13727M->6672M(15360M) 37.440ms
[500.360s] GC(1146) Pause Young (Normal) (G1 Evacuation Pause) 13720M->6686M(15360M) 41.707ms
[501.283s] GC(1147) Pause Young (Normal) (G1 Evacuation Pause) 13702M->6695M(15360M) 46.126ms
[502.279s] GC(1148) Pause Young (Normal) (G1 Evacuation Pause) 13695M->6707M(15360M) 49.558ms
[503.273s] GC(1149) Pause Young (Normal) (G1 Evacuation Pause) 13691M->6716M(15360M) 53.902ms
[504.222s] GC(1144) Pause Remark 13596M->13596M(15360M) 1.202ms
[504.285s] GC(1150) Pause Young (Normal) (G1 Evacuation Pause) 13668M->6727M(15360M) 53.731ms
[505.276s] GC(1151) Pause Young (Normal) (G1 Evacuation Pause) 13663M->6736M(15360M) 56.533ms
[506.206s] GC(1152) Pause Young (Normal) (G1 Evacuation Pause) 13664M->6749M(15360M) 58.787ms
[507.157s] GC(1153) Pause Young (Normal) (G1 Evacuation Pause) 13669M->6754M(15360M) 59.581ms
[507.173s] GC(1144) Pause Cleanup 6845M->6845M(15360M) 0.417ms
[507.187s] GC(1144) Concurrent Mark Cycle 8604.974ms
[508.064s] GC(1154) Pause Young (Prepare Mixed) (G1 Evacuation Pause) 13658M->6770M(15360M) 53.533ms
[508.204s] GC(1155) Pause Young (Mixed) (G1 Evacuation Pause) 7386M->6769M(15360M) 50.995ms
[508.999s] GC(1156) Pause Young (Normal) (G1 Evacuation Pause) 13753M->6772M(15360M) 26.484ms
[509.784s] GC(1157) Pause Young (Normal) (G1 Evacuation Pause) 13756M->6779M(15360M) 28.293ms
[510.569s] GC(1158) Pause Young (Concurrent Start) (G1 Evacuation Pause) 13747M->6790M(15360M) 30.978ms
[510.570s] GC(1159) Concurrent Mark Cycle
[511.452s] GC(1160) Pause Young (Normal) (G1 Evacuation Pause) 13726M->6801M(15360M) 32.911ms
[512.325s] GC(1161) Pause Young (Normal) (G1 Evacuation Pause) 13721M->6810M(15360M) 36.535ms
[513.245s] GC(1162) Pause Young (Normal) (G1 Evacuation Pause) 13714M->6818M(15360M) 39.841ms
[514.183s] GC(1163) Pause Young (Normal) (G1 Evacuation Pause) 13706M->6831M(15360M) 44.482ms
[515.151s] GC(1164) Pause Young (Normal) (G1 Evacuation Pause) 13687M->6841M(15360M) 46.651ms
[515.429s] GC(1159) Pause Remark 9093M->9093M(15360M) 1.381ms
[516.090s] GC(1165) Pause Young (Normal) (G1 Evacuation Pause) 13681M->6853M(15360M) 50.641ms
[517.074s] GC(1166) Pause Young (Normal) (G1 Evacuation Pause) 13661M->6862M(15360M) 53.092ms
[517.982s] GC(1159) Pause Cleanup 13646M->13646M(15360M) 0.397ms
[518.042s] GC(1167) Pause Young (Prepare Mixed) (G1 Evacuation Pause) 13678M->6875M(15360M) 54.311ms
[518.049s] GC(1159) Concurrent Mark Cycle 7479.881ms
[518.165s] GC(1168) Pause Young (Mixed) (G1 Evacuation Pause) 7491M->6873M(15360M) 50.382ms
[518.984s] GC(1169) Pause Young (Normal) (G1 Evacuation Pause) 13753M->6874M(15360M) 29.385ms
[519.795s] GC(1170) Pause Young (Normal) (G1 Evacuation Pause) 13754M->6884M(15360M) 29.520ms
[520.583s] GC(1171) Pause Young (Concurrent Start) (G1 Evacuation Pause) 13748M->6895M(15360M) 30.180ms
[520.584s] GC(1172) Concurrent Mark Cycle
[521.461s] GC(1173) Pause Young (Normal) (G1 Evacuation Pause) 13727M->6904M(15360M) 33.511ms
[522.347s] GC(1174) Pause Young (Normal) (G1 Evacuation Pause) 13720M->6914M(15360M) 40.142ms
[523.322s] GC(1175) Pause Young (Normal) (G1 Evacuation Pause) 13714M->6924M(15360M) 43.130ms
[524.334s] GC(1176) Pause Young (Normal) (G1 Evacuation Pause) 13708M->6933M(15360M) 47.916ms
[525.368s] GC(1177) Pause Young (Normal) (G1 Evacuation Pause) 13685M->6944M(15360M) 53.728ms
[526.069s] GC(1172) Pause Remark 11944M->11944M(15360M) 1.503ms
[526.336s] GC(1178) Pause Young (Normal) (G1 Evacuation Pause) 13680M->6956M(15360M) 50.282ms
[527.274s] GC(1179) Pause Young (Normal) (G1 Evacuation Pause) 13676M->6967M(15360M) 50.845ms
[528.159s] GC(1180) Pause Young (Normal) (G1 Evacuation Pause) 13663M->6974M(15360M) 52.709ms
[528.761s] GC(1172) Pause Cleanup 11902M->11902M(15360M) 0.365ms
[528.777s] GC(1172) Concurrent Mark Cycle 8193.303ms
[529.047s] GC(1181) Pause Young (Prepare Mixed) (G1 Evacuation Pause) 13670M->6984M(15360M) 55.995ms
[529.172s] GC(1182) Pause Young (Mixed) (G1 Evacuation Pause) 7608M->6985M(15360M) 50.771ms
[529.922s] GC(1183) Pause Young (Normal) (G1 Evacuation Pause) 13753M->6988M(15360M) 27.381ms
[530.652s] GC(1184) Pause Young (Normal) (G1 Evacuation Pause) 13756M->6997M(15360M) 28.053ms
[531.373s] GC(1185) Pause Young (Concurrent Start) (G1 Evacuation Pause) 13749M->7004M(15360M) 30.273ms
[531.373s] GC(1186) Concurrent Mark Cycle
[532.228s] GC(1187) Pause Young (Normal) (G1 Evacuation Pause) 13740M->7015M(15360M) 34.171ms
[533.158s] GC(1188) Pause Young (Normal) (G1 Evacuation Pause) 13719M->7022M(15360M) 37.392ms
[534.116s] GC(1189) Pause Young (Normal) (G1 Evacuation Pause) 13710M->7037M(15360M) 39.316ms
[535.074s] GC(1190) Pause Young (Normal) (G1 Evacuation Pause) 13709M->7045M(15360M) 44.334ms
[536.064s] GC(1191) Pause Young (Normal) (G1 Evacuation Pause) 13701M->7053M(15360M) 47.246ms
[537.005s] GC(1192) Pause Young (Normal) (G1 Evacuation Pause) 13693M->7066M(15360M) 50.146ms
[537.081s] GC(1186) Pause Remark 7623M->7623M(15360M) 1.229ms
[537.911s] GC(1193) Pause Young (Normal) (G1 Evacuation Pause) 13674M->7077M(15360M) 52.173ms
[538.826s] GC(1194) Pause Young (Normal) (G1 Evacuation Pause) 13677M->7087M(15360M) 55.008ms
[539.811s] GC(1195) Pause Young (Normal) (G1 Evacuation Pause) 13671M->7095M(15360M) 55.635ms
[540.087s] GC(1186) Pause Cleanup 9167M->9167M(15360M) 0.333ms
[540.100s] GC(1186) Concurrent Mark Cycle 8726.678ms
[540.702s] GC(1196) Pause Young (Prepare Mixed) (G1 Evacuation Pause) 13671M->7105M(15360M) 52.578ms
[540.831s] GC(1197) Pause Young (Mixed) (G1 Evacuation Pause) 7729M->7106M(15360M) 49.242ms
[541.564s] GC(1198) Pause Young (Normal) (G1 Evacuation Pause) 13754M->7109M(15360M) 28.292ms
[542.432s] GC(1199) Pause Young (Normal) (G1 Evacuation Pause) 13757M->7117M(15360M) 29.898ms
[543.288s] GC(1200) Pause Young (Concurrent Start) (G1 Evacuation Pause) 13749M->7128M(15360M) 33.466ms
[543.288s] GC(1201) Concurrent Mark Cycle
[544.233s] GC(1202) Pause Young (Normal) (G1 Evacuation Pause) 13728M->7137M(15360M) 35.936ms
[545.144s] GC(1203) Pause Young (Normal) (G1 Evacuation Pause) 13721M->7148M(15360M) 38.454ms
[546.047s] GC(1204) Pause Young (Normal) (G1 Evacuation Pause) 13716M->7157M(15360M) 40.524ms
[546.989s] GC(1205) Pause Young (Normal) (G1 Evacuation Pause) 13709M->7165M(15360M) 42.966ms
[547.990s] GC(1206) Pause Young (Normal) (G1 Evacuation Pause) 13701M->7175M(15360M) 47.470ms
[548.904s] GC(1207) Pause Young (Normal) (G1 Evacuation Pause) 13695M->7183M(15360M) 48.882ms
[549.212s] GC(1201) Pause Remark 9363M->9363M(15360M) 2.344ms
[549.827s] GC(1208) Pause Young (Normal) (G1 Evacuation Pause) 13687M->7194M(15360M) 54.914ms
[550.784s] GC(1209) Pause Young (Normal) (G1 Evacuation Pause) 13666M->7202M(15360M) 55.819ms
[551.711s] GC(1210) Pause Young (Normal) (G1 Evacuation Pause) 13682M->7212M(15360M) 55.591ms
[552.473s] GC(1201) Pause Cleanup 12680M->12680M(15360M) 0.572ms
[552.485s] GC(1201) Concurrent Mark Cycle 9196.045ms
[552.673s] GC(1211) Pause Young (Normal) (G1 Evacuation Pause) 13684M->7222M(15360M) 55.639ms
[553.473s] GC(1212) Pause Young (Concurrent Start) (G1 Evacuation Pause) 13686M->7232M(15360M) 50.892ms
[553.473s] GC(1213) Concurrent Mark Cycle
[554.389s] GC(1214) Pause Young (Normal) (G1 Evacuation Pause) 13680M->7244M(15360M) 50.621ms
[555.286s] GC(1215) Pause Young (Normal) (G1 Evacuation Pause) 13660M->7255M(15360M) 56.239ms
[556.174s] GC(1216) Pause Young (Normal) (G1 Evacuation Pause) 13663M->7260M(15360M) 52.205ms
[557.036s] GC(1217) Pause Young (Normal) (G1 Evacuation Pause) 13676M->7271M(15360M) 58.993ms
[557.981s] GC(1218) Pause Young (Normal) (G1 Evacuation Pause) 13679M->7280M(15360M) 54.164ms
[558.868s] GC(1219) Pause Young (Normal) (G1 Evacuation Pause) 13672M->7290M(15360M) 58.511ms
[559.279s] GC(1213) Pause Remark 10186M->10186M(15360M) 1.565ms
[559.805s] GC(1220) Pause Young (Normal) (G1 Evacuation Pause) 13674M->7304M(15360M) 56.830ms
[560.685s] GC(1221) Pause Young (Normal) (G1 Evacuation Pause) 13664M->7308M(15360M) 58.867ms
[561.623s] GC(1222) Pause Young (Normal) (G1 Evacuation Pause) 13676M->7317M(15360M) 57.376ms
[562.536s] GC(1223) Pause Young (Normal) (G1 Evacuation Pause) 13677M->7330M(15360M) 56.891ms
[562.641s] GC(1213) Pause Cleanup 8138M->8138M(15360M) 0.458ms
[562.654s] GC(1213) Concurrent Mark Cycle 9180.812ms
[563.369s] GC(1224) Pause Young (Normal) (G1 Evacuation Pause) 13658M->7335M(15360M) 57.203ms
[564.156s] GC(1225) Pause Young (Concurrent Start) (G1 Evacuation Pause) 13671M->7348M(15360M) 53.989ms
[564.156s] GC(1226) Concurrent Mark Cycle
[565.030s] GC(1227) Pause Young (Normal) (G1 Evacuation Pause) 13676M->7356M(15360M) 55.584ms
[565.939s] GC(1228) Pause Young (Normal) (G1 Evacuation Pause) 13676M->7364M(15360M) 56.466ms
[566.864s] GC(1229) Pause Young (Normal) (G1 Evacuation Pause) 13676M->7374M(15360M) 55.301ms
[567.725s] GC(1230) Pause Young (Normal) (G1 Evacuation Pause) 13670M->7384M(15360M) 57.626ms
[568.616s] GC(1231) Pause Young (Normal) (G1 Evacuation Pause) 13672M->7390M(15360M) 58.258ms
[569.596s] GC(1232) Pause Young (Normal) (G1 Evacuation Pause) 13670M->7403M(15360M) 62.232ms
[570.139s] GC(1226) Pause Remark 11451M->11451M(15360M) 1.381ms
[570.552s] GC(1233) Pause Young (Normal) (G1 Evacuation Pause) 13675M->7410M(15360M) 76.918ms
[571.642s] GC(1234) Pause Young (Normal) (G1 Evacuation Pause) 13674M->7425M(15360M) 65.160ms
[572.637s] GC(1235) Pause Young (Normal) (G1 Evacuation Pause) 13673M->7432M(15360M) 65.831ms
[573.593s] GC(1236) Pause Young (Normal) (G1 Evacuation Pause) 13672M->7440M(15360M) 56.431ms
[573.646s] GC(1226) Pause Cleanup 7869M->7869M(15360M) 0.449ms
[573.660s] GC(1226) Concurrent Mark Cycle 9503.140ms
[574.428s] GC(1237) Pause Young (Prepare Mixed) (G1 Evacuation Pause) 13672M->7448M(15360M) 52.604ms
[574.537s] GC(1238) Pause Young (Mixed) (G1 Evacuation Pause) 8072M->7452M(15360M) 47.998ms
[575.214s] GC(1239) Pause Young (Normal) (G1 Evacuation Pause) 13748M->7452M(15360M) 25.969ms
[575.889s] GC(1240) Pause Young (Normal) (G1 Evacuation Pause) 13748M->7461M(15360M) 28.430ms
[576.563s] GC(1241) Pause Young (Concurrent Start) (G1 Evacuation Pause) 13741M->7469M(15360M) 31.186ms
[576.563s] GC(1242) Concurrent Mark Cycle
[577.417s] GC(1243) Pause Young (Normal) (G1 Evacuation Pause) 13733M->7477M(15360M) 34.273ms
[578.278s] GC(1244) Pause Young (Normal) (G1 Evacuation Pause) 13725M->7486M(15360M) 37.538ms
[579.189s] GC(1245) Pause Young (Normal) (G1 Evacuation Pause) 13718M->7497M(15360M) 41.145ms
[580.061s] GC(1246) Pause Young (Normal) (G1 Evacuation Pause) 13713M->7506M(15360M) 41.650ms
[580.894s] GC(1247) Pause Young (Normal) (G1 Evacuation Pause) 13690M->7513M(15360M) 44.444ms
[581.804s] GC(1248) Pause Young (Normal) (G1 Evacuation Pause) 13697M->7525M(15360M) 48.869ms
[582.562s] GC(1242) Pause Remark 12749M->12749M(15360M) 1.868ms
[582.749s] GC(1249) Pause Young (Normal) (G1 Evacuation Pause) 13677M->7532M(15360M) 51.057ms
[583.651s] GC(1250) Pause Young (Normal) (G1 Evacuation Pause) 13676M->7545M(15360M) 52.937ms
[584.553s] GC(1251) Pause Young (Normal) (G1 Evacuation Pause) 13681M->7555M(15360M) 55.667ms
[585.450s] GC(1252) Pause Young (Normal) (G1 Evacuation Pause) 13683M->7560M(15360M) 52.236ms
[586.028s] GC(1242) Pause Cleanup 11860M->11860M(15360M) 0.415ms
[586.041s] GC(1242) Concurrent Mark Cycle 9478.239ms
[586.342s] GC(1253) Pause Young (Normal) (G1 Evacuation Pause) 13680M->7569M(15360M) 51.711ms
[587.079s] GC(1254) Pause Young (Concurrent Start) (G1 Evacuation Pause) 13681M->7581M(15360M) 49.087ms
[587.079s] GC(1255) Concurrent Mark Cycle
[588.013s] GC(1256) Pause Young (Normal) (G1 Evacuation Pause) 13669M->7590M(15360M) 62.754ms
[589.165s] GC(1257) Pause Young (Normal) (G1 Evacuation Pause) 13670M->7599M(15360M) 75.602ms
[590.378s] GC(1258) Pause Young (Normal) (G1 Evacuation Pause) 13671M->7610M(15360M) 87.084ms
[591.520s] GC(1259) Pause Young (Normal) (G1 Evacuation Pause) 13674M->7621M(15360M) 71.829ms
[592.430s] GC(1260) Pause Young (Normal) (G1 Evacuation Pause) 13677M->7628M(15360M) 62.459ms
[592.999s] GC(1255) Pause Remark 11704M->11704M(15360M) 1.369ms
[593.327s] GC(1261) Pause Young (Normal) (G1 Evacuation Pause) 13676M->7637M(15360M) 57.488ms
[594.202s] GC(1262) Pause Young (Normal) (G1 Evacuation Pause) 13669M->7646M(15360M) 58.424ms
[595.100s] GC(1263) Pause Young (Normal) (G1 Evacuation Pause) 13670M->7657M(15360M) 56.638ms
[596.010s] GC(1264) Pause Young (Normal) (G1 Evacuation Pause) 13673M->7665M(15360M) 58.471ms
[596.381s] GC(1255) Pause Cleanup 10117M->10117M(15360M) 0.516ms
[596.394s] GC(1255) Concurrent Mark Cycle 9315.032ms
[596.879s] GC(1265) Pause Young (Normal) (G1 Evacuation Pause) 13673M->7674M(15360M) 56.884ms
[597.673s] GC(1266) Pause Young (Concurrent Start) (G1 Evacuation Pause) 13674M->7682M(15360M) 51.160ms
[597.673s] GC(1267) Concurrent Mark Cycle
[598.516s] GC(1268) Pause Young (Normal) (G1 Evacuation Pause) 13674M->7695M(15360M) 49.859ms
[599.307s] GC(1269) Pause Young (Normal) (G1 Evacuation Pause) 13671M->7704M(15360M) 53.190ms
[600.141s] GC(1270) Pause Young (Normal) (G1 Evacuation Pause) 13672M->7709M(15360M) 50.070ms
[600.973s] GC(1271) Pause Young (Normal) (G1 Evacuation Pause) 13669M->7720M(15360M) 52.310ms
[601.854s] GC(1272) Pause Young (Normal) (G1 Evacuation Pause) 13672M->7726M(15360M) 50.269ms
[602.673s] GC(1273) Pause Young (Normal) (G1 Evacuation Pause) 13686M->7737M(15360M) 55.067ms
[603.545s] GC(1274) Pause Young (Normal) (G1 Evacuation Pause) 13665M->7744M(15360M) 48.457ms
[603.700s] GC(1267) Pause Remark 9488M->9488M(15360M) 0.901ms
[604.011s] GC(1275) Pause Young (Normal) (G1 Evacuation Pause) 13680M->7752M(15360M) 27.068ms
[604.461s] GC(1276) Pause Young (Normal) (G1 Evacuation Pause) 13680M->7764M(15360M) 28.413ms
[604.885s] GC(1277) Pause Young (Normal) (G1 Evacuation Pause) 13684M->7771M(15360M) 27.712ms
[605.204s] GC(1267) Pause Cleanup 12367M->12367M(15360M) 0.206ms
[605.215s] GC(1267) Concurrent Mark Cycle 7541.791ms
[605.327s] GC(1278) Pause Young (Normal) (G1 Evacuation Pause) 13683M->7778M(15360M) 28.098ms
[605.699s] GC(1279) Pause Young (Concurrent Start) (G1 Evacuation Pause) 13682M->7790M(15360M) 27.658ms
[605.699s] GC(1280) Concurrent Mark Cycle
[606.113s] GC(1281) Pause Young (Normal) (G1 Evacuation Pause) 13686M->7794M(15360M) 27.518ms
[606.545s] GC(1282) Pause Young (Normal) (G1 Evacuation Pause) 13674M->7805M(15360M) 26.765ms
[606.944s] GC(1283) Pause Young (Normal) (G1 Evacuation Pause) 13677M->7814M(15360M) 26.908ms
[607.361s] GC(1284) Pause Young (Normal) (G1 Evacuation Pause) 13678M->7821M(15360M) 27.242ms
[607.806s] GC(1285) Pause Young (Normal) (G1 Evacuation Pause) 13677M->7832M(15360M) 28.753ms
[608.247s] GC(1286) Pause Young (Normal) (G1 Evacuation Pause) 13680M->7838M(15360M) 29.145ms
[608.663s] GC(1287) Pause Young (Normal) (G1 Evacuation Pause) 13694M->7847M(15360M) 27.111ms
[609.078s] GC(1288) Pause Young (Normal) (G1 Evacuation Pause) 13695M->7854M(15360M) 27.394ms
[609.480s] GC(1289) Pause Young (Normal) (G1 Evacuation Pause) 13694M->7864M(15360M) 26.892ms
[609.606s] GC(1280) Pause Remark 9640M->9640M(15360M) 1.105ms
[609.884s] GC(1290) Pause Young (Normal) (G1 Evacuation Pause) 13688M->7871M(15360M) 27.968ms
[610.279s] GC(1291) Pause Young (Normal) (G1 Evacuation Pause) 13687M->7881M(15360M) 29.535ms
[610.703s] GC(1292) Pause Young (Normal) (G1 Evacuation Pause) 13689M->7890M(15360M) 28.629ms
[611.103s] GC(1293) Pause Young (Normal) (G1 Evacuation Pause) 13690M->7899M(15360M) 29.128ms
[611.280s] GC(1280) Pause Cleanup 10647M->10647M(15360M) 0.251ms
[611.297s] GC(1280) Concurrent Mark Cycle 5597.847ms
[611.511s] GC(1294) Pause Young (Normal) (G1 Evacuation Pause) 13691M->7907M(15360M) 27.797ms
[611.883s] GC(1295) Pause Young (Concurrent Start) (G1 Evacuation Pause) 13691M->7914M(15360M) 28.025ms
[611.883s] GC(1296) Concurrent Mark Cycle
[612.296s] GC(1297) Pause Young (Normal) (G1 Evacuation Pause) 13690M->7923M(15360M) 26.809ms
[612.727s] GC(1298) Pause Young (Normal) (G1 Evacuation Pause) 13691M->7933M(15360M) 28.348ms
[613.168s] GC(1299) Pause Young (Normal) (G1 Evacuation Pause) 13693M->7941M(15360M) 26.329ms
[613.591s] GC(1300) Pause Young (Normal) (G1 Evacuation Pause) 13693M->7947M(15360M) 26.147ms
[614.004s] GC(1301) Pause Young (Normal) (G1 Evacuation Pause) 13691M->7958M(15360M) 25.436ms
[614.364s] GC(1302) Pause Young (Normal) (G1 Evacuation Pause) 13694M->7965M(15360M) 25.995ms
[614.716s] GC(1303) Pause Young (Normal) (G1 Evacuation Pause) 13693M->7973M(15360M) 25.619ms
[615.083s] GC(1304) Pause Young (Normal) (G1 Evacuation Pause) 13693M->7984M(15360M) 25.984ms
[615.498s] GC(1305) Pause Young (Normal) (G1 Evacuation Pause) 13688M->7984M(15360M) 25.925ms
[615.765s] GC(1296) Pause Remark 12144M->12144M(15360M) 0.935ms
[615.884s] GC(1306) Pause Young (Normal) (G1 Evacuation Pause) 13696M->7993M(15360M) 26.843ms
[616.242s] GC(1307) Pause Young (Normal) (G1 Evacuation Pause) 13697M->8001M(15360M) 27.389ms
[616.647s] GC(1308) Pause Young (Normal) (G1 Evacuation Pause) 13697M->8012M(15360M) 28.006ms
[617.036s] GC(1309) Pause Young (Normal) (G1 Evacuation Pause) 13684M->8016M(15360M) 27.704ms
[617.450s] GC(1310) Pause Young (Normal) (G1 Evacuation Pause) 13696M->8025M(15360M) 29.793ms
[617.502s] GC(1296) Pause Cleanup 8780M->8780M(15360M) 0.228ms
[617.512s] GC(1296) Concurrent Mark Cycle 5628.924ms
[617.830s] GC(1311) Pause Young (Normal) (G1 Evacuation Pause) 13697M->8034M(15360M) 28.041ms
[618.223s] GC(1312) Pause Young (Concurrent Start) (G1 Evacuation Pause) 13698M->8043M(15360M) 25.964ms
[618.224s] GC(1313) Concurrent Mark Cycle
[618.653s] GC(1314) Pause Young (Normal) (G1 Evacuation Pause) 13683M->8052M(15360M) 24.577ms
[619.059s] GC(1315) Pause Young (Normal) (G1 Evacuation Pause) 13684M->8058M(15360M) 25.131ms
[619.425s] GC(1316) Pause Young (Normal) (G1 Evacuation Pause) 13698M->8066M(15360M) 24.435ms
[619.788s] GC(1317) Pause Young (Normal) (G1 Evacuation Pause) 13698M->8073M(15360M) 25.053ms
[620.193s] GC(1318) Pause Young (Normal) (G1 Evacuation Pause) 13697M->8082M(15360M) 24.392ms
[620.586s] GC(1319) Pause Young (Normal) (G1 Evacuation Pause) 13698M->8090M(15360M) 24.759ms
[620.981s] GC(1320) Pause Young (Normal) (G1 Evacuation Pause) 13698M->8099M(15360M) 24.198ms
[621.386s] GC(1321) Pause Young (Normal) (G1 Evacuation Pause) 13699M->8106M(15360M) 24.607ms
[621.776s] GC(1322) Pause Young (Normal) (G1 Evacuation Pause) 13698M->8114M(15360M) 24.698ms
[621.783s] GC(1313) Pause Remark 8218M->8218M(15360M) 0.723ms
[622.181s] GC(1323) Pause Young (Normal) (G1 Evacuation Pause) 13698M->8123M(15360M) 24.242ms
[622.593s] GC(1324) Pause Young (Normal) (G1 Evacuation Pause) 13683M->8128M(15360M) 24.929ms
[622.961s] GC(1325) Pause Young (Normal) (G1 Evacuation Pause) 13696M->8139M(15360M) 25.220ms
[623.361s] GC(1326) Pause Young (Normal) (G1 Evacuation Pause) 13683M->8148M(15360M) 26.039ms
[623.364s] GC(1313) Pause Cleanup 8191M->8191M(15360M) 0.235ms
[623.374s] GC(1313) Concurrent Mark Cycle 5149.922ms
[623.710s] GC(1327) Pause Young (Normal) (G1 Evacuation Pause) 13684M->8153M(15360M) 25.989ms
[624.061s] GC(1328) Pause Young (Concurrent Start) (G1 Evacuation Pause) 13697M->8163M(15360M) 25.026ms
[624.061s] GC(1329) Concurrent Mark Cycle
[624.433s] GC(1330) Pause Young (Normal) (G1 Evacuation Pause) 13683M->8169M(15360M) 25.544ms
[624.789s] GC(1331) Pause Young (Normal) (G1 Evacuation Pause) 13697M->8177M(15360M) 24.975ms
[625.161s] GC(1332) Pause Young (Normal) (G1 Evacuation Pause) 13697M->8188M(15360M) 24.172ms
[625.531s] GC(1333) Pause Young (Normal) (G1 Evacuation Pause) 13684M->8192M(15360M) 25.141ms
[625.910s] GC(1334) Pause Young (Normal) (G1 Evacuation Pause) 13696M->8201M(15360M) 25.002ms
[626.306s] GC(1335) Pause Young (Normal) (G1 Evacuation Pause) 13697M->8210M(15360M) 24.063ms
[626.680s] GC(1336) Pause Young (Normal) (G1 Evacuation Pause) 13698M->8221M(15360M) 23.847ms
[627.080s] GC(1337) Pause Young (Normal) (G1 Evacuation Pause) 13685M->8225M(15360M) 24.143ms
[627.469s] GC(1338) Pause Young (Normal) (G1 Evacuation Pause) 13697M->8233M(15360M) 24.716ms
[627.883s] GC(1339) Pause Young (Normal) (G1 Evacuation Pause) 13697M->8243M(15360M) 24.925ms
[628.001s] GC(1329) Pause Remark 10119M->10119M(15360M) 0.792ms
[628.250s] GC(1340) Pause Young (Normal) (G1 Evacuation Pause) 13683M->8250M(15360M) 25.034ms
[628.663s] GC(1341) Pause Young (Normal) (G1 Evacuation Pause) 13698M->8256M(15360M) 25.921ms
[629.035s] GC(1342) Pause Young (Normal) (G1 Evacuation Pause) 13696M->8264M(15360M) 27.112ms
[629.407s] GC(1343) Pause Young (Normal) (G1 Evacuation Pause) 13696M->8273M(15360M) 26.769ms
[629.649s] GC(1329) Pause Cleanup 11669M->11669M(15360M) 0.245ms
[629.663s] GC(1329) Concurrent Mark Cycle 5602.334ms
[629.806s] GC(1344) Pause Young (Normal) (G1 Evacuation Pause) 13697M->8284M(15360M) 27.788ms
[630.140s] GC(1345) Pause Young (Concurrent Start) (G1 Evacuation Pause) 13684M->8292M(15360M) 25.633ms
[630.141s] GC(1346) Concurrent Mark Cycle
[630.542s] GC(1347) Pause Young (Normal) (G1 Evacuation Pause) 13684M->8300M(15360M) 24.764ms
[630.949s] GC(1348) Pause Young (Normal) (G1 Evacuation Pause) 13684M->8308M(15360M) 26.150ms
[631.325s] GC(1349) Pause Young (Normal) (G1 Evacuation Pause) 13684M->8314M(15360M) 25.192ms
[631.709s] GC(1350) Pause Young (Normal) (G1 Evacuation Pause) 13682M->8325M(15360M) 25.456ms
[632.099s] GC(1351) Pause Young (Normal) (G1 Evacuation Pause) 13685M->8332M(15360M) 25.560ms
[632.493s] GC(1352) Pause Young (Normal) (G1 Evacuation Pause) 13684M->8344M(15360M) 25.216ms
[632.897s] GC(1353) Pause Young (Normal) (G1 Evacuation Pause) 13688M->8349M(15360M) 25.364ms
[633.294s] GC(1354) Pause Young (Normal) (G1 Evacuation Pause) 13685M->8359M(15360M) 23.844ms
[633.669s] GC(1355) Pause Young (Normal) (G1 Evacuation Pause) 13687M->8365M(15360M) 24.774ms
[633.955s] GC(1346) Pause Remark 12585M->12585M(15360M) 0.846ms
[634.068s] GC(1356) Pause Young (Normal) (G1 Evacuation Pause) 13685M->8375M(15360M) 25.444ms
[634.461s] GC(1357) Pause Young (Normal) (G1 Evacuation Pause) 13687M->8381M(15360M) 25.694ms
[634.853s] GC(1358) Pause Young (Normal) (G1 Evacuation Pause) 13685M->8393M(15360M) 25.859ms
[635.242s] GC(1359) Pause Young (Normal) (G1 Evacuation Pause) 13689M->8398M(15360M) 27.093ms
[635.643s] GC(1360) Pause Young (Normal) (G1 Evacuation Pause) 13686M->8406M(15360M) 26.730ms
[635.757s] GC(1346) Pause Cleanup 10114M->10114M(15360M) 0.309ms
[635.767s] GC(1346) Concurrent Mark Cycle 5626.727ms
[635.999s] GC(1361) Pause Young (Normal) (G1 Evacuation Pause) 13686M->8415M(15360M) 26.982ms
[636.349s] GC(1362) Pause Young (Concurrent Start) (G1 Evacuation Pause) 13687M->8426M(15360M) 24.939ms
[636.349s] GC(1363) Concurrent Mark Cycle
[636.725s] GC(1364) Pause Young (Normal) (G1 Evacuation Pause) 13690M->8433M(15360M) 25.296ms
[637.102s] GC(1365) Pause Young (Normal) (G1 Evacuation Pause) 13689M->8443M(15360M) 26.240ms
[637.486s] GC(1366) Pause Young (Normal) (G1 Evacuation Pause) 13691M->8449M(15360M) 25.431ms
[637.868s] GC(1367) Pause Young (Normal) (G1 Evacuation Pause) 13689M->8457M(15360M) 24.777ms
[638.254s] GC(1368) Pause Young (Normal) (G1 Evacuation Pause) 13689M->8464M(15360M) 25.230ms
[638.639s] GC(1369) Pause Young (Normal) (G1 Evacuation Pause) 13688M->8473M(15360M) 25.390ms
[639.030s] GC(1370) Pause Young (Normal) (G1 Evacuation Pause) 13689M->8480M(15360M) 26.274ms
[639.418s] GC(1371) Pause Young (Normal) (G1 Evacuation Pause) 13688M->8492M(15360M) 25.698ms
[639.807s] GC(1372) Pause Young (Normal) (G1 Evacuation Pause) 13692M->8496M(15360M) 25.947ms
[640.213s] GC(1373) Pause Young (Normal) (G1 Evacuation Pause) 13688M->8506M(15360M) 27.397ms
[640.601s] GC(1374) Pause Young (Normal) (G1 Evacuation Pause) 13690M->8514M(15360M) 26.402ms
[640.704s] GC(1363) Pause Remark 9798M->9798M(15360M) 0.938ms
[641.007s] GC(1375) Pause Young (Normal) (G1 Evacuation Pause) 13690M->8522M(15360M) 27.212ms
[641.432s] GC(1376) Pause Young (Normal) (G1 Evacuation Pause) 13690M->8529M(15360M) 28.235ms
[641.867s] GC(1377) Pause Young (Normal) (G1 Evacuation Pause) 13681M->8539M(15360M) 30.044ms
[642.274s] GC(1378) Pause Young (Normal) (G1 Evacuation Pause) 13683M->8547M(15360M) 30.086ms
[642.690s] GC(1379) Pause Young (Normal) (G1 Evacuation Pause) 13683M->8554M(15360M) 30.503ms
[642.744s] GC(1363) Pause Cleanup 9354M->9354M(15360M) 0.257ms
[642.753s] GC(1363) Concurrent Mark Cycle 6403.469ms
[643.053s] GC(1380) Pause Young (Normal) (G1 Evacuation Pause) 13682M->8562M(15360M) 28.205ms
[643.402s] GC(1381) Pause Young (Concurrent Start) (G1 Evacuation Pause) 13682M->8570M(15360M) 27.060ms
[643.402s] GC(1382) Concurrent Mark Cycle
[643.807s] GC(1383) Pause Young (Normal) (G1 Evacuation Pause) 13682M->8576M(15360M) 26.449ms
[644.215s] GC(1384) Pause Young (Normal) (G1 Evacuation Pause) 13696M->8585M(15360M) 26.252ms
[644.596s] GC(1385) Pause Young (Normal) (G1 Evacuation Pause) 13697M->8590M(15360M) 27.980ms
[645.025s] GC(1386) Pause Young (Normal) (G1 Evacuation Pause) 13694M->8602M(15360M) 27.162ms
[645.471s] GC(1387) Pause Young (Normal) (G1 Evacuation Pause) 13698M->8610M(15360M) 28.152ms
[645.895s] GC(1388) Pause Young (Normal) (G1 Evacuation Pause) 13698M->8617M(15360M) 26.552ms
[646.309s] GC(1389) Pause Young (Normal) (G1 Evacuation Pause) 13697M->8624M(15360M) 27.243ms
[646.734s] GC(1390) Pause Young (Normal) (G1 Evacuation Pause) 13696M->8631M(15360M) 28.128ms
[647.164s] GC(1391) Pause Young (Normal) (G1 Evacuation Pause) 13695M->8641M(15360M) 27.615ms
[647.594s] GC(1392) Pause Young (Normal) (G1 Evacuation Pause) 13697M->8648M(15360M) 28.727ms
[648.021s] GC(1393) Pause Young (Normal) (G1 Evacuation Pause) 13696M->8654M(15360M) 28.956ms
[648.098s] GC(1382) Pause Remark 9538M->9538M(15360M) 0.986ms
[648.454s] GC(1394) Pause Young (Normal) (G1 Evacuation Pause) 13694M->8661M(15360M) 29.154ms
[648.884s] GC(1395) Pause Young (Normal) (G1 Evacuation Pause) 13693M->8671M(15360M) 30.872ms
[649.300s] GC(1396) Pause Young (Normal) (G1 Evacuation Pause) 13695M->8677M(15360M) 31.504ms
[649.760s] GC(1397) Pause Young (Normal) (G1 Evacuation Pause) 13693M->8685M(15360M) 30.672ms
[650.206s] GC(1398) Pause Young (Normal) (G1 Evacuation Pause) 13693M->8694M(15360M) 34.603ms
[650.460s] GC(1382) Pause Cleanup 11574M->11574M(15360M) 0.248ms
[650.472s] GC(1382) Concurrent Mark Cycle 7070.063ms
[650.657s] GC(1399) Pause Young (Normal) (G1 Evacuation Pause) 13694M->8701M(15360M) 32.446ms
[651.064s] GC(1400) Pause Young (Concurrent Start) (G1 Evacuation Pause) 13693M->8710M(15360M) 28.316ms
[651.064s] GC(1401) Concurrent Mark Cycle
[651.504s] GC(1402) Pause Young (Normal) (G1 Evacuation Pause) 13694M->8715M(15360M) 29.909ms
[651.961s] GC(1403) Pause Young (Normal) (G1 Evacuation Pause) 13691M->8725M(15360M) 30.842ms
[652.408s] GC(1404) Pause Young (Normal) (G1 Evacuation Pause) 13693M->8728M(15360M) 32.070ms
[652.875s] GC(1405) Pause Young (Normal) (G1 Evacuation Pause) 13704M->8738M(15360M) 29.763ms
[653.362s] GC(1406) Pause Young (Normal) (G1 Evacuation Pause) 13690M->8745M(15360M) 31.802ms
[653.842s] GC(1407) Pause Young (Normal) (G1 Evacuation Pause) 13697M->8751M(15360M) 32.639ms
[654.356s] GC(1408) Pause Young (Normal) (G1 Evacuation Pause) 13711M->8759M(15360M) 33.303ms
[654.859s] GC(1409) Pause Young (Normal) (G1 Evacuation Pause) 13711M->8770M(15360M) 32.704ms
[655.393s] GC(1410) Pause Young (Normal) (G1 Evacuation Pause) 13698M->8776M(15360M) 33.259ms
[655.935s] GC(1411) Pause Young (Normal) (G1 Evacuation Pause) 13696M->8780M(15360M) 35.831ms
[656.495s] GC(1412) Pause Young (Normal) (G1 Evacuation Pause) 13708M->8791M(15360M) 33.533ms
[656.697s] GC(1401) Pause Remark 10755M->10755M(15360M) 1.637ms
[657.044s] GC(1413) Pause Young (Normal) (G1 Evacuation Pause) 13695M->8798M(15360M) 37.582ms
[657.625s] GC(1414) Pause Young (Normal) (G1 Evacuation Pause) 13694M->8805M(15360M) 39.552ms
[658.224s] GC(1415) Pause Young (Normal) (G1 Evacuation Pause) 13709M->8812M(15360M) 39.808ms
[658.811s] GC(1416) Pause Young (Normal) (G1 Evacuation Pause) 13708M->8821M(15360M) 39.665ms
[659.397s] GC(1417) Pause Young (Normal) (G1 Evacuation Pause) 13693M->8829M(15360M) 41.768ms
[660.010s] GC(1418) Pause Young (Normal) (G1 Evacuation Pause) 13693M->8839M(15360M) 45.539ms
[660.135s] GC(1401) Pause Cleanup 9987M->9987M(15360M) 0.451ms
[660.148s] GC(1401) Concurrent Mark Cycle 9083.894ms
[660.623s] GC(1419) Pause Young (Normal) (G1 Evacuation Pause) 13695M->8844M(15360M) 45.712ms
[661.276s] GC(1420) Pause Young (Concurrent Start) (G1 Evacuation Pause) 13692M->8853M(15360M) 42.005ms
[661.276s] GC(1421) Concurrent Mark Cycle
[661.986s] GC(1422) Pause Young (Normal) (G1 Evacuation Pause) 13693M->8862M(15360M) 46.157ms
[662.701s] GC(1423) Pause Young (Normal) (G1 Evacuation Pause) 13694M->8866M(15360M) 50.343ms
[663.465s] GC(1424) Pause Young (Normal) (G1 Evacuation Pause) 13706M->8876M(15360M) 47.623ms
[664.199s] GC(1425) Pause Young (Normal) (G1 Evacuation Pause) 13692M->8881M(15360M) 61.059ms
[665.252s] GC(1426) Pause Young (Normal) (G1 Evacuation Pause) 13705M->8891M(15360M) 67.116ms
[666.059s] GC(1427) Pause Young (Normal) (G1 Evacuation Pause) 13691M->8896M(15360M) 52.263ms
[666.775s] GC(1428) Pause Young (Normal) (G1 Evacuation Pause) 13704M->8907M(15360M) 49.165ms
[667.463s] GC(1429) Pause Young (Normal) (G1 Evacuation Pause) 13699M->8911M(15360M) 47.558ms
[668.184s] GC(1430) Pause Young (Normal) (G1 Evacuation Pause) 13711M->8919M(15360M) 50.557ms
[668.948s] GC(1421) Pause Remark 13679M->13679M(15360M) 1.582ms
[669.002s] GC(1431) Pause Young (Normal) (G1 Evacuation Pause) 13711M->8926M(15360M) 48.840ms
[669.873s] GC(1432) Pause Young (Normal) (G1 Evacuation Pause) 13710M->8933M(15360M) 53.653ms
[670.564s] GC(1433) Pause Young (Normal) (G1 Evacuation Pause) 13709M->8941M(15360M) 44.453ms
[671.223s] GC(1434) Pause Young (Normal) (G1 Evacuation Pause) 13709M->8949M(15360M) 47.770ms
[671.886s] GC(1435) Pause Young (Normal) (G1 Evacuation Pause) 13709M->8956M(15360M) 56.549ms
[672.672s] GC(1436) Pause Young (Normal) (G1 Evacuation Pause) 13708M->8961M(15360M) 61.480ms
[673.268s] GC(1421) Pause Cleanup 12473M->12473M(15360M) 0.657ms
[673.283s] GC(1421) Concurrent Mark Cycle 12006.966ms
[673.499s] GC(1437) Pause Young (Normal) (G1 Evacuation Pause) 13705M->8971M(15360M) 65.094ms
[674.180s] GC(1438) Pause Young (Concurrent Start) (G1 Evacuation Pause) 13707M->8976M(15360M) 62.777ms
[674.180s] GC(1439) Concurrent Mark Cycle
[674.963s] GC(1440) Pause Young (Normal) (G1 Evacuation Pause) 13704M->8983M(15360M) 56.090ms
[675.682s] GC(1441) Pause Young (Normal) (G1 Evacuation Pause) 13703M->8991M(15360M) 53.977ms
[676.497s] GC(1442) Pause Young (Normal) (G1 Evacuation Pause) 13703M->8997M(15360M) 55.239ms
[677.278s] GC(1443) Pause Young (Normal) (G1 Evacuation Pause) 13701M->9006M(15360M) 62.152ms
[678.062s] GC(1444) Pause Young (Normal) (G1 Evacuation Pause) 13702M->9013M(15360M) 58.401ms
[678.855s] GC(1445) Pause Young (Normal) (G1 Evacuation Pause) 13701M->9019M(15360M) 52.121ms
[679.687s] GC(1446) Pause Young (Normal) (G1 Evacuation Pause) 13699M->9027M(15360M) 51.735ms
[680.444s] GC(1447) Pause Young (Normal) (G1 Evacuation Pause) 13707M->9035M(15360M) 54.855ms
[681.374s] GC(1448) Pause Young (Normal) (G1 Evacuation Pause) 13707M->9042M(15360M) 59.179ms
[681.473s] GC(1439) Pause Remark 9594M->9594M(15360M) 1.395ms
[682.080s] GC(1449) Pause Young (Normal) (G1 Evacuation Pause) 13706M->9047M(15360M) 54.309ms
[682.870s] GC(1450) Pause Young (Normal) (G1 Evacuation Pause) 13703M->9057M(15360M) 62.055ms
[683.584s] GC(1451) Pause Young (Normal) (G1 Evacuation Pause) 13705M->9062M(15360M) 57.605ms
[684.397s] GC(1452) Pause Young (Normal) (G1 Evacuation Pause) 13702M->9069M(15360M) 61.709ms
[685.190s] GC(1453) Pause Young (Normal) (G1 Evacuation Pause) 13701M->9076M(15360M) 57.424ms
[685.398s] GC(1439) Pause Cleanup 10656M->10656M(15360M) 0.515ms
[685.411s] GC(1439) Concurrent Mark Cycle 11230.902ms
[685.839s] GC(1454) Pause Young (Normal) (G1 Evacuation Pause) 13700M->9083M(15360M) 58.585ms
[686.457s] GC(1455) Pause Young (Concurrent Start) (G1 Evacuation Pause) 13699M->9090M(15360M) 58.807ms
[686.457s] GC(1456) Concurrent Mark Cycle
[687.183s] GC(1457) Pause Young (Normal) (G1 Evacuation Pause) 13698M->9098M(15360M) 56.028ms
[688.025s] GC(1458) Pause Young (Normal) (G1 Evacuation Pause) 13706M->9105M(15360M) 64.288ms
[688.880s] GC(1459) Pause Young (Normal) (G1 Evacuation Pause) 13705M->9115M(15360M) 56.438ms
[689.551s] GC(1460) Pause Young (Normal) (G1 Evacuation Pause) 13707M->9119M(15360M) 52.320ms
[690.235s] GC(1461) Pause Young (Normal) (G1 Evacuation Pause) 13703M->9128M(15360M) 53.295ms
[690.997s] GC(1462) Pause Young (Normal) (G1 Evacuation Pause) 13704M->9132M(15360M) 58.914ms
[691.793s] GC(1463) Pause Young (Normal) (G1 Evacuation Pause) 13700M->9140M(15360M) 55.966ms
[692.672s] GC(1464) Pause Young (Normal) (G1 Evacuation Pause) 13700M->9147M(15360M) 56.344ms
[693.436s] GC(1465) Pause Young (Normal) (G1 Evacuation Pause) 13699M->9155M(15360M) 44.960ms
[693.761s] GC(1456) Pause Remark 11567M->11567M(15360M) 1.247ms
[694.088s] GC(1466) Pause Young (Normal) (G1 Evacuation Pause) 13699M->9162M(15360M) 50.054ms
[694.700s] GC(1467) Pause Young (Normal) (G1 Evacuation Pause) 13698M->9168M(15360M) 53.134ms
[695.456s] GC(1468) Pause Young (Normal) (G1 Evacuation Pause) 13704M->9173M(15360M) 55.582ms
[696.297s] GC(1469) Pause Young (Normal) (G1 Evacuation Pause) 13717M->9182M(15360M) 60.911ms
[697.008s] GC(1470) Pause Young (Normal) (G1 Evacuation Pause) 13702M->9190M(15360M) 58.935ms
[697.765s] GC(1471) Pause Young (Normal) (G1 Evacuation Pause) 13702M->9194M(15360M) 51.087ms
[697.893s] GC(1456) Pause Cleanup 10222M->10222M(15360M) 0.557ms
[697.909s] GC(1456) Concurrent Mark Cycle 11451.711ms
[698.305s] GC(1472) Pause Young (Normal) (G1 Evacuation Pause) 13714M->9199M(15360M) 50.341ms
[698.773s] GC(1473) Pause Young (Concurrent Start) (G1 Evacuation Pause) 13711M->9207M(15360M) 46.875ms
[698.773s] GC(1474) Concurrent Mark Cycle
[699.418s] GC(1475) Pause Young (Normal) (G1 Evacuation Pause) 13711M->9214M(15360M) 50.042ms
[700.127s] GC(1476) Pause Young (Normal) (G1 Evacuation Pause) 13710M->9221M(15360M) 59.000ms
[700.964s] GC(1477) Pause Young (Normal) (G1 Evacuation Pause) 13717M->9225M(15360M) 60.622ms
[701.805s] GC(1478) Pause Young (Normal) (G1 Evacuation Pause) 13713M->9233M(15360M) 53.036ms
[702.565s] GC(1479) Pause Young (Normal) (G1 Evacuation Pause) 13713M->9240M(15360M) 52.730ms
[703.133s] GC(1480) Pause Young (Normal) (G1 Evacuation Pause) 13712M->9243M(15360M) 49.387ms
[703.778s] GC(1481) Pause Young (Normal) (G1 Evacuation Pause) 13723M->9250M(15360M) 54.265ms
[704.550s] GC(1482) Pause Young (Normal) (G1 Evacuation Pause) 13722M->9257M(15360M) 59.127ms
[705.384s] GC(1483) Pause Young (Normal) (G1 Evacuation Pause) 13721M->9266M(15360M) 56.280ms
[706.082s] GC(1484) Pause Young (Normal) (G1 Evacuation Pause) 13706M->9269M(15360M) 52.807ms
[706.217s] GC(1474) Pause Remark 10373M->10373M(15360M) 1.450ms
[706.689s] GC(1485) Pause Young (Normal) (G1 Evacuation Pause) 13725M->9275M(15360M) 51.846ms
[707.420s] GC(1486) Pause Young (Normal) (G1 Evacuation Pause) 13723M->9281M(15360M) 60.558ms
[708.293s] GC(1487) Pause Young (Normal) (G1 Evacuation Pause) 13721M->9289M(15360M) 63.170ms
[708.954s] GC(1488) Pause Young (Normal) (G1 Evacuation Pause) 13721M->9295M(15360M) 53.858ms
[709.602s] GC(1489) Pause Young (Normal) (G1 Evacuation Pause) 13727M->9303M(15360M) 57.053ms
[710.177s] GC(1474) Pause Cleanup 13643M->13643M(15360M) 0.331ms
[710.235s] GC(1490) Pause Young (Normal) (G1 Evacuation Pause) 13711M->9308M(15360M) 49.624ms
[710.240s] GC(1474) Concurrent Mark Cycle 11466.873ms
[710.846s] GC(1491) Pause Young (Normal) (G1 Evacuation Pause) 13724M->9317M(15360M) 52.454ms
[711.424s] GC(1492) Pause Young (Concurrent Start) (G1 Evacuation Pause) 13709M->9321M(15360M) 57.254ms
[711.424s] GC(1493) Concurrent Mark Cycle
[712.166s] GC(1494) Pause Young (Normal) (G1 Evacuation Pause) 13721M->9327M(15360M) 54.634ms
[712.919s] GC(1495) Pause Young (Normal) (G1 Evacuation Pause) 13727M->9331M(15360M) 61.116ms
[713.800s] GC(1496) Pause Young (Normal) (G1 Evacuation Pause) 13723M->9338M(15360M) 54.745ms
[714.571s] GC(1497) Pause Young (Normal) (G1 Evacuation Pause) 13722M->9346M(15360M) 51.716ms
[715.260s] GC(1498) Pause Young (Normal) (G1 Evacuation Pause) 13722M->9351M(15360M) 51.046ms
[715.889s] GC(1499) Pause Young (Normal) (G1 Evacuation Pause) 13719M->9358M(15360M) 46.943ms
[716.707s] GC(1500) Pause Young (Normal) (G1 Evacuation Pause) 13718M->9364M(15360M) 48.114ms
[717.497s] GC(1501) Pause Young (Normal) (G1 Evacuation Pause) 13724M->9370M(15360M) 70.033ms
[718.341s] GC(1502) Pause Young (Normal) (G1 Evacuation Pause) 13722M->9378M(15360M) 58.197ms
[719.073s] GC(1493) Pause Remark 13638M->13638M(15360M) 1.325ms
[719.145s] GC(1503) Pause Young (Normal) (G1 Evacuation Pause) 13722M->9380M(15360M) 59.193ms
[719.911s] GC(1504) Pause Young (Normal) (G1 Evacuation Pause) 13716M->9389M(15360M) 57.035ms
[720.509s] GC(1505) Pause Young (Normal) (G1 Evacuation Pause) 13725M->9396M(15360M) 49.871ms
[721.174s] GC(1506) Pause Young (Normal) (G1 Evacuation Pause) 13724M->9403M(15360M) 48.114ms
[721.834s] GC(1507) Pause Young (Normal) (G1 Evacuation Pause) 13723M->9406M(15360M) 58.428ms
[722.606s] GC(1508) Pause Young (Normal) (G1 Evacuation Pause) 13718M->9414M(15360M) 57.571ms
[723.162s] GC(1493) Pause Cleanup 12574M->12574M(15360M) 0.602ms
[723.177s] GC(1493) Concurrent Mark Cycle 11752.677ms
[723.391s] GC(1509) Pause Young (Prepare Mixed) (G1 Evacuation Pause) 13718M->9420M(15360M) 59.608ms
[723.556s] GC(1510) Pause Young (Mixed) (G1 Evacuation Pause) 10092M->9418M(15360M) 63.891ms
[724.118s] GC(1511) Pause Young (Normal) (G1 Evacuation Pause) 13762M->9423M(15360M) 38.156ms
[724.656s] GC(1512) Pause Young (Normal) (G1 Evacuation Pause) 13751M->9428M(15360M) 35.431ms
[725.158s] GC(1513) Pause Young (Concurrent Start) (G1 Evacuation Pause) 13756M->9432M(15360M) 39.121ms
[725.158s] GC(1514) Concurrent Mark Cycle
[725.762s] GC(1515) Pause Young (Normal) (G1 Evacuation Pause) 13744M->9440M(15360M) 40.129ms
[726.422s] GC(1516) Pause Young (Normal) (G1 Evacuation Pause) 13736M->9446M(15360M) 45.171ms
[727.147s] GC(1517) Pause Young (Normal) (G1 Evacuation Pause) 13726M->9452M(15360M) 50.661ms
[727.876s] GC(1518) Pause Young (Normal) (G1 Evacuation Pause) 13732M->9458M(15360M) 53.133ms
[728.605s] GC(1519) Pause Young (Normal) (G1 Evacuation Pause) 13730M->9464M(15360M) 50.206ms
[729.313s] GC(1520) Pause Young (Normal) (G1 Evacuation Pause) 13728M->9469M(15360M) 54.481ms
[729.991s] GC(1521) Pause Young (Normal) (G1 Evacuation Pause) 13733M->9477M(15360M) 55.844ms
[730.608s] GC(1522) Pause Young (Normal) (G1 Evacuation Pause) 13733M->9484M(15360M) 50.476ms
[731.322s] GC(1523) Pause Young (Normal) (G1 Evacuation Pause) 13732M->9489M(15360M) 52.938ms
[731.962s] GC(1524) Pause Young (Normal) (G1 Evacuation Pause) 13729M->9494M(15360M) 47.418ms
[732.716s] GC(1525) Pause Young (Normal) (G1 Evacuation Pause) 13726M->9499M(15360M) 46.611ms
[733.150s] GC(1514) Pause Remark 11915M->11915M(15360M) 1.274ms
[733.576s] GC(1526) Pause Young (Normal) (G1 Evacuation Pause) 13731M->9507M(15360M) 53.460ms
[734.354s] GC(1527) Pause Young (Normal) (G1 Evacuation Pause) 13723M->9511M(15360M) 51.136ms
[734.904s] GC(1528) Pause Young (Normal) (G1 Evacuation Pause) 13719M->9518M(15360M) 47.380ms
[735.615s] GC(1529) Pause Young (Normal) (G1 Evacuation Pause) 13718M->9523M(15360M) 55.207ms
[736.357s] GC(1530) Pause Young (Normal) (G1 Evacuation Pause) 13715M->9530M(15360M) 62.891ms
[737.134s] GC(1531) Pause Young (Normal) (G1 Evacuation Pause) 13714M->9538M(15360M) 59.227ms
[737.341s] GC(1514) Pause Cleanup 10834M->10834M(15360M) 0.353ms
[737.353s] GC(1514) Concurrent Mark Cycle 12195.175ms
[737.777s] GC(1532) Pause Young (Normal) (G1 Evacuation Pause) 13722M->9541M(15360M) 56.953ms
[738.306s] GC(1533) Pause Young (Concurrent Start) (G1 Evacuation Pause) 13717M->9549M(15360M) 54.105ms
[738.306s] GC(1534) Concurrent Mark Cycle
[739.102s] GC(1535) Pause Young (Normal) (G1 Evacuation Pause) 13717M->9555M(15360M) 50.498ms
[739.779s] GC(1536) Pause Young (Normal) (G1 Evacuation Pause) 13715M->9562M(15360M) 55.870ms
[740.547s] GC(1537) Pause Young (Normal) (G1 Evacuation Pause) 13722M->9566M(15360M) 53.261ms
[741.158s] GC(1538) Pause Young (Normal) (G1 Evacuation Pause) 13718M->9571M(15360M) 50.474ms
[741.741s] GC(1539) Pause Young (Normal) (G1 Evacuation Pause) 13715M->9577M(15360M) 48.050ms
[742.345s] GC(1540) Pause Young (Normal) (G1 Evacuation Pause) 13713M->9580M(15360M) 49.246ms
[743.045s] GC(1541) Pause Young (Normal) (G1 Evacuation Pause) 13732M->9588M(15360M) 48.180ms
[743.738s] GC(1542) Pause Young (Normal) (G1 Evacuation Pause) 13732M->9592M(15360M) 52.646ms
[744.506s] GC(1543) Pause Young (Normal) (G1 Evacuation Pause) 13728M->9602M(15360M) 51.702ms
[745.192s] GC(1544) Pause Young (Normal) (G1 Evacuation Pause) 13714M->9606M(15360M) 52.002ms
[745.767s] GC(1545) Pause Young (Normal) (G1 Evacuation Pause) 13734M->9612M(15360M) 49.592ms
[745.970s] GC(1534) Pause Remark 11404M->11404M(15360M) 1.176ms
[746.303s] GC(1546) Pause Young (Normal) (G1 Evacuation Pause) 13732M->9618M(15360M) 44.688ms
[746.837s] GC(1547) Pause Young (Normal) (G1 Evacuation Pause) 13730M->9622M(15360M) 45.432ms
[747.469s] GC(1548) Pause Young (Normal) (G1 Evacuation Pause) 13726M->9630M(15360M) 50.610ms
[748.123s] GC(1549) Pause Young (Normal) (G1 Evacuation Pause) 13734M->9637M(15360M) 57.825ms
[748.744s] GC(1550) Pause Young (Normal) (G1 Evacuation Pause) 13717M->9640M(15360M) 42.073ms
[749.300s] GC(1551) Pause Young (Normal) (G1 Evacuation Pause) 13728M->9645M(15360M) 42.536ms
[749.842s] GC(1552) Pause Young (Normal) (G1 Evacuation Pause) 13733M->9651M(15360M) 48.641ms
[750.426s] GC(1553) Pause Young (Normal) (G1 Evacuation Pause) 13731M->9659M(15360M) 57.852ms
[750.440s] GC(1534) Pause Cleanup 9714M->9714M(15360M) 0.587ms
[750.453s] GC(1534) Concurrent Mark Cycle 12147.167ms
[750.948s] GC(1554) Pause Young (Prepare Mixed) (G1 Evacuation Pause) 13731M->9662M(15360M) 42.901ms
[751.082s] GC(1555) Pause Young (Mixed) (G1 Evacuation Pause) 10342M->9663M(15360M) 44.336ms
[751.562s] GC(1556) Pause Young (Normal) (G1 Evacuation Pause) 13767M->9666M(15360M) 42.328ms
[752.047s] GC(1557) Pause Young (Normal) (G1 Evacuation Pause) 13754M->9670M(15360M) 32.586ms
[752.570s] GC(1558) Pause Young (Concurrent Start) (G1 Evacuation Pause) 13758M->9676M(15360M) 31.970ms
[752.571s] GC(1559) Concurrent Mark Cycle
[753.077s] GC(1560) Pause Young (Normal) (G1 Evacuation Pause) 13748M->9682M(15360M) 33.902ms
[753.622s] GC(1561) Pause Young (Normal) (G1 Evacuation Pause) 13738M->9687M(15360M) 36.223ms
[754.158s] GC(1562) Pause Young (Normal) (G1 Evacuation Pause) 13743M->9694M(15360M) 41.507ms
[754.694s] GC(1563) Pause Young (Normal) (G1 Evacuation Pause) 13726M->9698M(15360M) 44.738ms
[755.223s] GC(1564) Pause Young (Normal) (G1 Evacuation Pause) 13738M->9707M(15360M) 39.047ms
[755.787s] GC(1565) Pause Young (Normal) (G1 Evacuation Pause) 13723M->9709M(15360M) 39.305ms
[756.328s] GC(1566) Pause Young (Normal) (G1 Evacuation Pause) 13741M->9716M(15360M) 35.850ms
[756.816s] GC(1567) Pause Young (Normal) (G1 Evacuation Pause) 13724M->9722M(15360M) 39.683ms
[757.360s] GC(1568) Pause Young (Normal) (G1 Evacuation Pause) 13722M->9727M(15360M) 42.312ms
[757.969s] GC(1569) Pause Young (Normal) (G1 Evacuation Pause) 13743M->9734M(15360M) 44.064ms
[758.504s] GC(1570) Pause Young (Normal) (G1 Evacuation Pause) 13726M->9737M(15360M) 41.880ms
[759.110s] GC(1571) Pause Young (Normal) (G1 Evacuation Pause) 13737M->9744M(15360M) 39.629ms
[759.643s] GC(1572) Pause Young (Normal) (G1 Evacuation Pause) 13728M->9749M(15360M) 45.382ms
[760.239s] GC(1573) Pause Young (Normal) (G1 Evacuation Pause) 13725M->9754M(15360M) 48.117ms
[760.778s] GC(1574) Pause Young (Normal) (G1 Evacuation Pause) 13730M->9762M(15360M) 42.317ms
[760.795s] GC(1559) Pause Remark 9911M->9911M(15360M) 1.600ms
[761.321s] GC(1575) Pause Young (Normal) (G1 Evacuation Pause) 13730M->9765M(15360M) 42.068ms
[761.858s] GC(1576) Pause Young (Normal) (G1 Evacuation Pause) 13725M->9769M(15360M) 47.231ms
[762.536s] GC(1577) Pause Young (Normal) (G1 Evacuation Pause) 13729M->9776M(15360M) 46.586ms
[763.076s] GC(1578) Pause Young (Normal) (G1 Evacuation Pause) 13728M->9782M(15360M) 40.644ms
[763.637s] GC(1579) Pause Young (Normal) (G1 Evacuation Pause) 13726M->9787M(15360M) 49.183ms
[764.172s] GC(1580) Pause Young (Normal) (G1 Evacuation Pause) 13723M->9792M(15360M) 49.325ms
[764.763s] GC(1581) Pause Young (Normal) (G1 Evacuation Pause) 13728M->9798M(15360M) 47.782ms
[765.348s] GC(1582) Pause Young (Normal) (G1 Evacuation Pause) 13726M->9802M(15360M) 44.227ms
[765.493s] GC(1559) Pause Cleanup 11214M->11214M(15360M) 0.537ms
[765.507s] GC(1559) Concurrent Mark Cycle 12936.604ms
[765.850s] GC(1583) Pause Young (Normal) (G1 Evacuation Pause) 13722M->9811M(15360M) 38.711ms
[766.363s] GC(1584) Pause Young (Concurrent Start) (G1 Evacuation Pause) 13731M->9814M(15360M) 36.945ms
[766.363s] GC(1585) Concurrent Mark Cycle
[766.847s] GC(1586) Pause Young (Normal) (G1 Evacuation Pause) 13726M->9821M(15360M) 36.518ms
[767.339s] GC(1587) Pause Young (Normal) (G1 Evacuation Pause) 13725M->9826M(15360M) 38.495ms
[767.900s] GC(1588) Pause Young (Normal) (G1 Evacuation Pause) 13730M->9830M(15360M) 38.641ms
[768.385s] GC(1589) Pause Young (Normal) (G1 Evacuation Pause) 13726M->9834M(15360M) 39.327ms
[768.933s] GC(1590) Pause Young (Normal) (G1 Evacuation Pause) 13738M->9842M(15360M) 39.762ms
[769.462s] GC(1591) Pause Young (Normal) (G1 Evacuation Pause) 13722M->9847M(15360M) 38.385ms
[770.008s] GC(1592) Pause Young (Normal) (G1 Evacuation Pause) 13727M->9850M(15360M) 36.561ms
[770.533s] GC(1593) Pause Young (Normal) (G1 Evacuation Pause) 13738M->9857M(15360M) 36.421ms
[771.075s] GC(1594) Pause Young (Normal) (G1 Evacuation Pause) 13721M->9863M(15360M) 37.405ms
[771.596s] GC(1595) Pause Young (Normal) (G1 Evacuation Pause) 13727M->9867M(15360M) 38.208ms
[772.185s] GC(1596) Pause Young (Normal) (G1 Evacuation Pause) 13739M->9872M(15360M) 37.743ms
[772.750s] GC(1597) Pause Young (Normal) (G1 Evacuation Pause) 13736M->9877M(15360M) 38.146ms
[773.304s] GC(1598) Pause Young (Normal) (G1 Evacuation Pause) 13741M->9884M(15360M) 38.495ms
[773.865s] GC(1599) Pause Young (Normal) (G1 Evacuation Pause) 13724M->9889M(15360M) 37.115ms
[774.427s] GC(1600) Pause Young (Normal) (G1 Evacuation Pause) 13737M->9894M(15360M) 36.332ms
[774.957s] GC(1585) Pause Remark 13710M->13710M(15360M) 2.031ms
[775.001s] GC(1601) Pause Young (Normal) (G1 Evacuation Pause) 13742M->9897M(15360M) 38.470ms
[775.555s] GC(1602) Pause Young (Normal) (G1 Evacuation Pause) 13737M->9905M(15360M) 38.750ms
[776.102s] GC(1603) Pause Young (Normal) (G1 Evacuation Pause) 13737M->9911M(15360M) 39.503ms
[776.691s] GC(1604) Pause Young (Normal) (G1 Evacuation Pause) 13727M->9915M(15360M) 38.713ms
[777.211s] GC(1605) Pause Young (Normal) (G1 Evacuation Pause) 13739M->9919M(15360M) 38.243ms
[777.721s] GC(1606) Pause Young (Normal) (G1 Evacuation Pause) 13735M->9926M(15360M) 40.249ms
[778.285s] GC(1607) Pause Young (Normal) (G1 Evacuation Pause) 13742M->9930M(15360M) 49.972ms
[778.860s] GC(1608) Pause Young (Normal) (G1 Evacuation Pause) 13738M->9935M(15360M) 51.319ms
[779.463s] GC(1609) Pause Young (Normal) (G1 Evacuation Pause) 13735M->9942M(15360M) 56.574ms
[779.608s] GC(1585) Pause Cleanup 10762M->10762M(15360M) 0.754ms
[779.623s] GC(1585) Concurrent Mark Cycle 13259.419ms
[780.047s] GC(1610) Pause Young (Normal) (G1 Evacuation Pause) 13742M->9944M(15360M) 42.517ms
[780.516s] GC(1611) Pause Young (Concurrent Start) (G1 Evacuation Pause) 13736M->9950M(15360M) 35.628ms
[780.516s] GC(1612) Concurrent Mark Cycle
[781.036s] GC(1613) Pause Young (Normal) (G1 Evacuation Pause) 13734M->9957M(15360M) 34.362ms
[781.572s] GC(1614) Pause Young (Normal) (G1 Evacuation Pause) 13741M->9960M(15360M) 36.691ms
[782.135s] GC(1615) Pause Young (Normal) (G1 Evacuation Pause) 13736M->9964M(15360M) 34.134ms
[782.639s] GC(1616) Pause Young (Normal) (G1 Evacuation Pause) 13732M->9972M(15360M) 33.934ms
[783.174s] GC(1617) Pause Young (Normal) (G1 Evacuation Pause) 13740M->9975M(15360M) 34.965ms
[783.654s] GC(1618) Pause Young (Normal) (G1 Evacuation Pause) 13735M->9982M(15360M) 34.236ms
[784.204s] GC(1619) Pause Young (Normal) (G1 Evacuation Pause) 13742M->9986M(15360M) 36.640ms
[784.736s] GC(1620) Pause Young (Normal) (G1 Evacuation Pause) 13738M->9993M(15360M) 35.464ms
[785.302s] GC(1621) Pause Young (Normal) (G1 Evacuation Pause) 13737M->9995M(15360M) 33.993ms
[785.821s] GC(1622) Pause Young (Normal) (G1 Evacuation Pause) 13739M->10001M(15360M) 32.622ms
[786.321s] GC(1623) Pause Young (Normal) (G1 Evacuation Pause) 13737M->10007M(15360M) 31.934ms
[786.864s] GC(1624) Pause Young (Normal) (G1 Evacuation Pause) 13735M->10012M(15360M) 32.270ms
[787.401s] GC(1625) Pause Young (Normal) (G1 Evacuation Pause) 13740M->10019M(15360M) 31.591ms
[787.906s] GC(1626) Pause Young (Normal) (G1 Evacuation Pause) 13739M->10021M(15360M) 32.546ms
[788.479s] GC(1627) Pause Young (Normal) (G1 Evacuation Pause) 13733M->10028M(15360M) 33.093ms
[788.832s] GC(1612) Pause Remark 12592M->12592M(15360M) 2.276ms
[789.023s] GC(1628) Pause Young (Normal) (G1 Evacuation Pause) 13740M->10032M(15360M) 34.259ms
[789.564s] GC(1629) Pause Young (Normal) (G1 Evacuation Pause) 13736M->10037M(15360M) 34.336ms
[790.044s] GC(1630) Pause Young (Normal) (G1 Evacuation Pause) 13733M->10040M(15360M) 35.316ms
[790.570s] GC(1631) Pause Young (Normal) (G1 Evacuation Pause) 13736M->10047M(15360M) 35.716ms
[791.058s] GC(1632) Pause Young (Normal) (G1 Evacuation Pause) 13735M->10052M(15360M) 34.730ms
[791.615s] GC(1633) Pause Young (Normal) (G1 Evacuation Pause) 13740M->10057M(15360M) 36.111ms
[792.080s] GC(1634) Pause Young (Normal) (G1 Evacuation Pause) 13737M->10063M(15360M) 36.379ms
[792.604s] GC(1635) Pause Young (Normal) (G1 Evacuation Pause) 13735M->10066M(15360M) 37.230ms
[793.061s] GC(1636) Pause Young (Normal) (G1 Evacuation Pause) 13738M->10072M(15360M) 37.319ms
[793.530s] GC(1612) Pause Cleanup 13696M->13696M(15360M) 0.606ms
[793.574s] GC(1637) Pause Young (Normal) (G1 Evacuation Pause) 13736M->10078M(15360M) 37.855ms
[793.581s] GC(1612) Concurrent Mark Cycle 13064.426ms
[794.055s] GC(1638) Pause Young (Normal) (G1 Evacuation Pause) 13734M->10079M(15360M) 33.777ms
[794.520s] GC(1639) Pause Young (Concurrent Start) (G1 Evacuation Pause) 13735M->10085M(15360M) 31.825ms
[794.520s] GC(1640) Concurrent Mark Cycle
[795.007s] GC(1641) Pause Young (Normal) (G1 Evacuation Pause) 13733M->10091M(15360M) 34.185ms
[795.530s] GC(1642) Pause Young (Normal) (G1 Evacuation Pause) 13731M->10097M(15360M) 33.598ms
[796.061s] GC(1643) Pause Young (Normal) (G1 Evacuation Pause) 13737M->10101M(15360M) 35.145ms
[796.545s] GC(1644) Pause Young (Normal) (G1 Evacuation Pause) 13733M->10106M(15360M) 35.206ms
[797.046s] GC(1645) Pause Young (Normal) (G1 Evacuation Pause) 13738M->10111M(15360M) 34.081ms
[797.557s] GC(1646) Pause Young (Normal) (G1 Evacuation Pause) 13735M->10115M(15360M) 34.276ms
[798.027s] GC(1647) Pause Young (Normal) (G1 Evacuation Pause) 13731M->10119M(15360M) 33.697ms
[798.485s] GC(1648) Pause Young (Normal) (G1 Evacuation Pause) 13735M->10126M(15360M) 34.930ms
[798.988s] GC(1649) Pause Young (Normal) (G1 Evacuation Pause) 13734M->10130M(15360M) 36.733ms
[799.510s] GC(1650) Pause Young (Normal) (G1 Evacuation Pause) 13730M->10134M(15360M) 35.091ms
[800.029s] GC(1651) Pause Young (Normal) (G1 Evacuation Pause) 13734M->10143M(15360M) 34.397ms
[800.577s] GC(1652) Pause Young (Normal) (G1 Evacuation Pause) 13735M->10146M(15360M) 32.746ms
[801.073s] GC(1653) Pause Young (Normal) (G1 Evacuation Pause) 13738M->10149M(15360M) 32.502ms
[801.585s] GC(1654) Pause Young (Normal) (G1 Evacuation Pause) 13733M->10154M(15360M) 33.278ms
[802.134s] GC(1655) Pause Young (Normal) (G1 Evacuation Pause) 13730M->10161M(15360M) 32.991ms
[802.648s] GC(1656) Pause Young (Normal) (G1 Evacuation Pause) 13737M->10166M(15360M) 31.352ms
[803.110s] GC(1657) Pause Young (Normal) (G1 Evacuation Pause) 13734M->10169M(15360M) 32.135ms
[803.521s] GC(1640) Pause Remark 13181M->13181M(15360M) 1.196ms
[803.622s] GC(1658) Pause Young (Normal) (G1 Evacuation Pause) 13737M->10175M(15360M) 35.252ms
[804.120s] GC(1659) Pause Young (Normal) (G1 Evacuation Pause) 13735M->10179M(15360M) 42.298ms
[804.716s] GC(1660) Pause Young (Normal) (G1 Evacuation Pause) 13731M->10183M(15360M) 49.833ms
[805.388s] GC(1661) Pause Young (Normal) (G1 Evacuation Pause) 13735M->10189M(15360M) 49.578ms
[805.977s] GC(1662) Pause Young (Normal) (G1 Evacuation Pause) 13733M->10194M(15360M) 41.144ms
[806.540s] GC(1663) Pause Young (Normal) (G1 Evacuation Pause) 13730M->10197M(15360M) 42.279ms
[807.101s] GC(1664) Pause Young (Normal) (G1 Evacuation Pause) 13749M->10204M(15360M) 41.801ms
[807.631s] GC(1665) Pause Young (Normal) (G1 Evacuation Pause) 13732M->10207M(15360M) 39.488ms
[808.078s] GC(1640) Pause Cleanup 13375M->13375M(15360M) 0.338ms
[808.090s] GC(1640) Concurrent Mark Cycle 13569.834ms
[808.172s] GC(1666) Pause Young (Normal) (G1 Evacuation Pause) 13751M->10213M(15360M) 39.504ms
[808.675s] GC(1667) Pause Young (Concurrent Start) (G1 Evacuation Pause) 13733M->10218M(15360M) 32.354ms
[808.675s] GC(1668) Concurrent Mark Cycle
[809.133s] GC(1669) Pause Young (Normal) (G1 Evacuation Pause) 13730M->10222M(15360M) 34.493ms
[809.639s] GC(1670) Pause Young (Normal) (G1 Evacuation Pause) 13734M->10227M(15360M) 32.234ms
[810.144s] GC(1671) Pause Young (Normal) (G1 Evacuation Pause) 13731M->10231M(15360M) 33.416ms
[810.636s] GC(1672) Pause Young (Normal) (G1 Evacuation Pause) 13751M->10236M(15360M) 38.806ms
[811.134s] GC(1673) Pause Young (Normal) (G1 Evacuation Pause) 13748M->10242M(15360M) 34.208ms
[811.623s] GC(1674) Pause Young (Normal) (G1 Evacuation Pause) 13730M->10245M(15360M) 32.069ms
[812.098s] GC(1675) Pause Young (Normal) (G1 Evacuation Pause) 13749M->10253M(15360M) 34.002ms
[812.568s] GC(1676) Pause Young (Normal) (G1 Evacuation Pause) 13733M->10255M(15360M) 32.497ms
[813.053s] GC(1677) Pause Young (Normal) (G1 Evacuation Pause) 13743M->10261M(15360M) 32.417ms
[813.550s] GC(1678) Pause Young (Normal) (G1 Evacuation Pause) 13749M->10267M(15360M) 32.615ms
[814.022s] GC(1679) Pause Young (Normal) (G1 Evacuation Pause) 13731M->10270M(15360M) 31.824ms
[814.541s] GC(1680) Pause Young (Normal) (G1 Evacuation Pause) 13750M->10273M(15360M) 33.882ms
[815.059s] GC(1681) Pause Young (Normal) (G1 Evacuation Pause) 13745M->10280M(15360M) 32.568ms
[815.586s] GC(1682) Pause Young (Normal) (G1 Evacuation Pause) 13744M->10282M(15360M) 40.476ms
[816.085s] GC(1683) Pause Young (Normal) (G1 Evacuation Pause) 13746M->10289M(15360M) 32.891ms
[816.606s] GC(1684) Pause Young (Normal) (G1 Evacuation Pause) 13745M->10293M(15360M) 34.246ms
[817.107s] GC(1685) Pause Young (Normal) (G1 Evacuation Pause) 13749M->10298M(15360M) 34.793ms
[817.628s] GC(1686) Pause Young (Normal) (G1 Evacuation Pause) 13746M->10303M(15360M) 34.151ms
[817.692s] GC(1668) Pause Remark 10882M->10882M(15360M) 1.795ms
[818.066s] GC(1687) Pause Young (Normal) (G1 Evacuation Pause) 13751M->10307M(15360M) 33.385ms
[818.587s] GC(1688) Pause Young (Normal) (G1 Evacuation Pause) 13747M->10312M(15360M) 33.836ms
[819.053s] GC(1689) Pause Young (Normal) (G1 Evacuation Pause) 13744M->10317M(15360M) 33.946ms
[819.546s] GC(1690) Pause Young (Normal) (G1 Evacuation Pause) 13749M->10321M(15360M) 35.462ms
[820.024s] GC(1691) Pause Young (Normal) (G1 Evacuation Pause) 13745M->10325M(15360M) 35.192ms
[820.550s] GC(1692) Pause Young (Normal) (G1 Evacuation Pause) 13749M->10330M(15360M) 37.437ms
[821.035s] GC(1693) Pause Young (Normal) (G1 Evacuation Pause) 13746M->10334M(15360M) 37.016ms
[821.506s] GC(1694) Pause Young (Normal) (G1 Evacuation Pause) 13742M->10340M(15360M) 37.902ms
[822.003s] GC(1695) Pause Young (Normal) (G1 Evacuation Pause) 13748M->10343M(15360M) 39.919ms
[822.419s] GC(1668) Pause Cleanup 13355M->13355M(15360M) 0.481ms
[822.431s] GC(1668) Concurrent Mark Cycle 13756.572ms
[822.511s] GC(1696) Pause Young (Normal) (G1 Evacuation Pause) 13743M->10348M(15360M) 39.735ms
[823.002s] GC(1697) Pause Young (Concurrent Start) (G1 Evacuation Pause) 13748M->10353M(15360M) 33.655ms
[823.002s] GC(1698) Concurrent Mark Cycle
[823.481s] GC(1699) Pause Young (Normal) (G1 Evacuation Pause) 13745M->10357M(15360M) 33.558ms
[823.982s] GC(1700) Pause Young (Normal) (G1 Evacuation Pause) 13741M->10362M(15360M) 33.132ms
[824.482s] GC(1701) Pause Young (Normal) (G1 Evacuation Pause) 13746M->10366M(15360M) 32.974ms
[824.973s] GC(1702) Pause Young (Normal) (G1 Evacuation Pause) 13742M->10371M(15360M) 34.366ms
[825.469s] GC(1703) Pause Young (Normal) (G1 Evacuation Pause) 13747M->10376M(15360M) 33.918ms
[825.969s] GC(1704) Pause Young (Normal) (G1 Evacuation Pause) 13744M->10382M(15360M) 35.838ms
[826.434s] GC(1705) Pause Young (Normal) (G1 Evacuation Pause) 13750M->10385M(15360M) 33.996ms
[826.915s] GC(1706) Pause Young (Normal) (G1 Evacuation Pause) 13745M->10391M(15360M) 34.558ms
[827.410s] GC(1707) Pause Young (Normal) (G1 Evacuation Pause) 13743M->10396M(15360M) 33.323ms
[827.877s] GC(1708) Pause Young (Normal) (G1 Evacuation Pause) 13748M->10401M(15360M) 34.334ms
[828.369s] GC(1709) Pause Young (Normal) (G1 Evacuation Pause) 13745M->10404M(15360M) 31.801ms
[828.837s] GC(1710) Pause Young (Normal) (G1 Evacuation Pause) 13748M->10409M(15360M) 31.648ms
[829.274s] GC(1711) Pause Young (Normal) (G1 Evacuation Pause) 13745M->10413M(15360M) 30.786ms
[829.718s] GC(1712) Pause Young (Normal) (G1 Evacuation Pause) 13741M->10417M(15360M) 32.064ms
[830.147s] GC(1713) Pause Young (Normal) (G1 Evacuation Pause) 13745M->10422M(15360M) 31.882ms
[830.603s] GC(1714) Pause Young (Normal) (G1 Evacuation Pause) 13742M->10426M(15360M) 32.070ms
[831.030s] GC(1715) Pause Young (Normal) (G1 Evacuation Pause) 13746M->10429M(15360M) 33.333ms
[831.552s] GC(1716) Pause Young (Normal) (G1 Evacuation Pause) 13741M->10435M(15360M) 32.754ms
[832.037s] GC(1717) Pause Young (Normal) (G1 Evacuation Pause) 13747M->10440M(15360M) 34.013ms
[832.444s] GC(1698) Pause Remark 13652M->13652M(15360M) 1.950ms
[832.489s] GC(1718) Pause Young (Normal) (G1 Evacuation Pause) 13744M->10446M(15360M) 32.564ms
[832.951s] GC(1719) Pause Young (Normal) (G1 Evacuation Pause) 13742M->10450M(15360M) 33.524ms
[833.404s] GC(1720) Pause Young (Normal) (G1 Evacuation Pause) 13746M->10454M(15360M) 32.169ms
[833.849s] GC(1721) Pause Young (Normal) (G1 Evacuation Pause) 13742M->10457M(15360M) 32.781ms
[834.320s] GC(1722) Pause Young (Normal) (G1 Evacuation Pause) 13745M->10462M(15360M) 32.204ms
[834.761s] GC(1723) Pause Young (Normal) (G1 Evacuation Pause) 13742M->10468M(15360M) 32.551ms
[835.228s] GC(1724) Pause Young (Normal) (G1 Evacuation Pause) 13748M->10471M(15360M) 33.552ms
[835.693s] GC(1725) Pause Young (Normal) (G1 Evacuation Pause) 13743M->10475M(15360M) 33.637ms
[836.160s] GC(1726) Pause Young (Normal) (G1 Evacuation Pause) 13739M->10480M(15360M) 35.289ms
[836.628s] GC(1727) Pause Young (Normal) (G1 Evacuation Pause) 13744M->10484M(15360M) 35.749ms
[837.044s] GC(1728) Pause Young (Normal) (G1 Evacuation Pause) 13740M->10489M(15360M) 37.309ms
[837.109s] GC(1698) Pause Cleanup 11036M->11036M(15360M) 0.431ms
[837.121s] GC(1698) Concurrent Mark Cycle 14118.969ms
[837.507s] GC(1729) Pause Young (Normal) (G1 Evacuation Pause) 13745M->10492M(15360M) 42.373ms
[837.991s] GC(1730) Pause Young (Concurrent Start) (G1 Evacuation Pause) 13740M->10498M(15360M) 39.865ms
[837.991s] GC(1731) Concurrent Mark Cycle
[838.526s] GC(1732) Pause Young (Normal) (G1 Evacuation Pause) 13746M->10501M(15360M) 40.149ms
[839.108s] GC(1733) Pause Young (Normal) (G1 Evacuation Pause) 13741M->10506M(15360M) 42.636ms
[839.799s] GC(1734) Pause Young (Normal) (G1 Evacuation Pause) 13738M->10511M(15360M) 43.672ms
[840.425s] GC(1735) Pause Young (Normal) (G1 Evacuation Pause) 13743M->10515M(15360M) 45.376ms
[840.972s] GC(1736) Pause Young (Normal) (G1 Evacuation Pause) 13739M->10520M(15360M) 39.677ms
[841.418s] GC(1737) Pause Young (Normal) (G1 Evacuation Pause) 13744M->10524M(15360M) 33.916ms
[841.797s] GC(1738) Pause Young (Normal) (G1 Evacuation Pause) 13740M->10528M(15360M) 32.857ms
[842.239s] GC(1739) Pause Young (Normal) (G1 Evacuation Pause) 13744M->10533M(15360M) 35.781ms
[842.686s] GC(1740) Pause Young (Normal) (G1 Evacuation Pause) 13741M->10538M(15360M) 38.766ms
[843.135s] GC(1741) Pause Young (Normal) (G1 Evacuation Pause) 13746M->10541M(15360M) 38.861ms
[843.613s] GC(1742) Pause Young (Normal) (G1 Evacuation Pause) 13741M->10546M(15360M) 34.895ms
[844.073s] GC(1743) Pause Young (Normal) (G1 Evacuation Pause) 13738M->10549M(15360M) 40.614ms
[844.566s] GC(1744) Pause Young (Normal) (G1 Evacuation Pause) 13741M->10555M(15360M) 33.935ms
[845.008s] GC(1745) Pause Young (Normal) (G1 Evacuation Pause) 13739M->10559M(15360M) 34.242ms
[845.531s] GC(1746) Pause Young (Normal) (G1 Evacuation Pause) 13743M->10563M(15360M) 32.631ms
[845.994s] GC(1747) Pause Young (Normal) (G1 Evacuation Pause) 13739M->10567M(15360M) 31.080ms
[846.446s] GC(1748) Pause Young (Normal) (G1 Evacuation Pause) 13743M->10570M(15360M) 30.898ms
[846.910s] GC(1749) Pause Young (Normal) (G1 Evacuation Pause) 13754M->10576M(15360M) 29.917ms
[847.109s] GC(1731) Pause Remark 12120M->12120M(15360M) 2.036ms
[847.331s] GC(1750) Pause Young (Normal) (G1 Evacuation Pause) 13744M->10579M(15360M) 32.338ms
[847.720s] GC(1751) Pause Young (Normal) (G1 Evacuation Pause) 13755M->10584M(15360M) 32.816ms
[848.188s] GC(1752) Pause Young (Normal) (G1 Evacuation Pause) 13744M->10588M(15360M) 35.290ms
[848.635s] GC(1753) Pause Young (Normal) (G1 Evacuation Pause) 13740M->10592M(15360M) 36.888ms
[849.118s] GC(1754) Pause Young (Normal) (G1 Evacuation Pause) 13736M->10597M(15360M) 35.979ms
[849.568s] GC(1755) Pause Young (Normal) (G1 Evacuation Pause) 13741M->10602M(15360M) 34.611ms
[850.069s] GC(1756) Pause Young (Normal) (G1 Evacuation Pause) 13738M->10605M(15360M) 37.423ms
[850.532s] GC(1757) Pause Young (Normal) (G1 Evacuation Pause) 13741M->10610M(15360M) 37.985ms
[850.977s] GC(1758) Pause Young (Normal) (G1 Evacuation Pause) 13738M->10613M(15360M) 37.258ms
[851.411s] GC(1759) Pause Young (Normal) (G1 Evacuation Pause) 13757M->10618M(15360M) 38.268ms
[851.885s] GC(1760) Pause Young (Normal) (G1 Evacuation Pause) 13754M->10623M(15360M) 39.030ms
[851.992s] GC(1731) Pause Cleanup 11367M->11367M(15360M) 0.442ms
[852.006s] GC(1731) Concurrent Mark Cycle 14015.071ms
[852.335s] GC(1761) Pause Young (Normal) (G1 Evacuation Pause) 13743M->10625M(15360M) 38.049ms
[852.697s] GC(1762) Pause Young (Concurrent Start) (G1 Evacuation Pause) 13753M->10633M(15360M) 30.961ms
[852.697s] GC(1763) Concurrent Mark Cycle
[853.158s] GC(1764) Pause Young (Normal) (G1 Evacuation Pause) 13745M->10636M(15360M) 29.833ms
[853.573s] GC(1765) Pause Young (Normal) (G1 Evacuation Pause) 13740M->10640M(15360M) 30.209ms
[853.975s] GC(1766) Pause Young (Normal) (G1 Evacuation Pause) 13744M->10644M(15360M) 29.349ms
[854.432s] GC(1767) Pause Young (Normal) (G1 Evacuation Pause) 13740M->10651M(15360M) 31.054ms
[854.867s] GC(1768) Pause Young (Normal) (G1 Evacuation Pause) 13739M->10653M(15360M) 29.223ms
[855.324s] GC(1769) Pause Young (Normal) (G1 Evacuation Pause) 13741M->10657M(15360M) 29.809ms
[855.759s] GC(1770) Pause Young (Normal) (G1 Evacuation Pause) 13737M->10661M(15360M) 29.104ms
[856.182s] GC(1771) Pause Young (Normal) (G1 Evacuation Pause) 13741M->10667M(15360M) 32.700ms
[856.609s] GC(1772) Pause Young (Normal) (G1 Evacuation Pause) 13739M->10668M(15360M) 29.833ms
[857.071s] GC(1773) Pause Young (Normal) (G1 Evacuation Pause) 13756M->10673M(15360M) 30.306ms
[857.526s] GC(1774) Pause Young (Normal) (G1 Evacuation Pause) 13753M->10677M(15360M) 31.173ms
[857.994s] GC(1775) Pause Young (Normal) (G1 Evacuation Pause) 13757M->10681M(15360M) 32.725ms
[858.430s] GC(1776) Pause Young (Normal) (G1 Evacuation Pause) 13753M->10686M(15360M) 32.094ms
[858.880s] GC(1777) Pause Young (Normal) (G1 Evacuation Pause) 13758M->10690M(15360M) 31.172ms
[859.319s] GC(1778) Pause Young (Normal) (G1 Evacuation Pause) 13754M->10695M(15360M) 30.903ms
[859.783s] GC(1779) Pause Young (Normal) (G1 Evacuation Pause) 13759M->10697M(15360M) 33.685ms
[860.208s] GC(1780) Pause Young (Normal) (G1 Evacuation Pause) 13753M->10701M(15360M) 33.181ms
[860.664s] GC(1781) Pause Young (Normal) (G1 Evacuation Pause) 13757M->10706M(15360M) 33.379ms
[861.144s] GC(1782) Pause Young (Normal) (G1 Evacuation Pause) 13754M->10710M(15360M) 33.238ms
[861.634s] GC(1783) Pause Young (Normal) (G1 Evacuation Pause) 13758M->10714M(15360M) 36.059ms
[861.744s] GC(1763) Pause Remark 11542M->11542M(15360M) 2.080ms
[862.064s] GC(1784) Pause Young (Normal) (G1 Evacuation Pause) 13754M->10719M(15360M) 30.619ms
[862.492s] GC(1785) Pause Young (Normal) (G1 Evacuation Pause) 13751M->10723M(15360M) 31.867ms
[862.918s] GC(1786) Pause Young (Normal) (G1 Evacuation Pause) 13755M->10727M(15360M) 31.743ms
[863.376s] GC(1787) Pause Young (Normal) (G1 Evacuation Pause) 13751M->10730M(15360M) 32.169ms
[863.810s] GC(1788) Pause Young (Normal) (G1 Evacuation Pause) 13754M->10734M(15360M) 34.684ms
[864.242s] GC(1789) Pause Young (Normal) (G1 Evacuation Pause) 13750M->10738M(15360M) 35.062ms
[864.652s] GC(1790) Pause Young (Normal) (G1 Evacuation Pause) 13754M->10743M(15360M) 35.903ms
[865.081s] GC(1791) Pause Young (Normal) (G1 Evacuation Pause) 13751M->10748M(15360M) 34.886ms
[865.481s] GC(1792) Pause Young (Normal) (G1 Evacuation Pause) 13756M->10751M(15360M) 35.194ms
[865.920s] GC(1793) Pause Young (Normal) (G1 Evacuation Pause) 13751M->10755M(15360M) 33.590ms
[866.349s] GC(1794) Pause Young (Normal) (G1 Evacuation Pause) 13755M->10761M(15360M) 33.337ms
[866.400s] GC(1763) Pause Cleanup 11240M->11240M(15360M) 0.435ms
[866.413s] GC(1763) Concurrent Mark Cycle 13715.566ms
[866.717s] GC(1795) Pause Young (Normal) (G1 Evacuation Pause) 13753M->10765M(15360M) 36.265ms
[867.062s] GC(1796) Pause Young (Concurrent Start) (G1 Evacuation Pause) 13757M->10767M(15360M) 28.300ms
[867.062s] GC(1797) Concurrent Mark Cycle
[867.452s] GC(1798) Pause Young (Normal) (G1 Evacuation Pause) 13751M->10771M(15360M) 30.757ms
[867.894s] GC(1799) Pause Young (Normal) (G1 Evacuation Pause) 13755M->10777M(15360M) 28.828ms
[868.290s] GC(1800) Pause Young (Normal) (G1 Evacuation Pause) 13753M->10781M(15360M) 28.726ms
[868.730s] GC(1801) Pause Young (Normal) (G1 Evacuation Pause) 13757M->10783M(15360M) 30.153ms
[869.175s] GC(1802) Pause Young (Normal) (G1 Evacuation Pause) 13751M->10788M(15360M) 30.075ms
[869.616s] GC(1803) Pause Young (Normal) (G1 Evacuation Pause) 13756M->10793M(15360M) 28.900ms
[870.029s] GC(1804) Pause Young (Normal) (G1 Evacuation Pause) 13753M->10798M(15360M) 29.508ms
[870.448s] GC(1805) Pause Young (Normal) (G1 Evacuation Pause) 13758M->10800M(15360M) 30.781ms
[870.865s] GC(1806) Pause Young (Normal) (G1 Evacuation Pause) 13752M->10805M(15360M) 29.652ms
[871.328s] GC(1807) Pause Young (Normal) (G1 Evacuation Pause) 13757M->10807M(15360M) 32.568ms
[871.803s] GC(1808) Pause Young (Normal) (G1 Evacuation Pause) 13751M->10812M(15360M) 32.010ms
[872.231s] GC(1809) Pause Young (Normal) (G1 Evacuation Pause) 13756M->10816M(15360M) 28.974ms
[872.661s] GC(1810) Pause Young (Normal) (G1 Evacuation Pause) 13752M->10820M(15360M) 27.777ms
[873.042s] GC(1811) Pause Young (Normal) (G1 Evacuation Pause) 13756M->10822M(15360M) 30.299ms
[873.458s] GC(1812) Pause Young (Normal) (G1 Evacuation Pause) 13750M->10828M(15360M) 32.240ms
[873.875s] GC(1813) Pause Young (Normal) (G1 Evacuation Pause) 13756M->10831M(15360M) 30.378ms
[874.318s] GC(1814) Pause Young (Normal) (G1 Evacuation Pause) 13751M->10836M(15360M) 30.660ms
[874.732s] GC(1815) Pause Young (Normal) (G1 Evacuation Pause) 13756M->10840M(15360M) 27.789ms
[875.139s] GC(1816) Pause Young (Normal) (G1 Evacuation Pause) 13752M->10843M(15360M) 28.239ms
[875.570s] GC(1817) Pause Young (Normal) (G1 Evacuation Pause) 13755M->10846M(15360M) 27.828ms
[875.981s] GC(1818) Pause Young (Normal) (G1 Evacuation Pause) 13750M->10851M(15360M) 27.142ms
[876.390s] GC(1819) Pause Young (Normal) (G1 Evacuation Pause) 13755M->10854M(15360M) 27.308ms
[876.721s] GC(1797) Pause Remark 13490M->13490M(15360M) 1.525ms
[876.787s] GC(1820) Pause Young (Normal) (G1 Evacuation Pause) 13750M->10858M(15360M) 26.053ms
[877.158s] GC(1821) Pause Young (Normal) (G1 Evacuation Pause) 13754M->10864M(15360M) 30.154ms
[877.605s] GC(1822) Pause Young (Normal) (G1 Evacuation Pause) 13752M->10867M(15360M) 30.380ms
[878.013s] GC(1823) Pause Young (Normal) (G1 Evacuation Pause) 13755M->10871M(15360M) 29.650ms
[878.426s] GC(1824) Pause Young (Normal) (G1 Evacuation Pause) 13751M->10873M(15360M) 29.965ms
[878.837s] GC(1825) Pause Young (Normal) (G1 Evacuation Pause) 13753M->10879M(15360M) 31.450ms
[879.246s] GC(1826) Pause Young (Normal) (G1 Evacuation Pause) 13751M->10882M(15360M) 33.115ms
[879.679s] GC(1827) Pause Young (Normal) (G1 Evacuation Pause) 13754M->10887M(15360M) 33.581ms
[880.082s] GC(1828) Pause Young (Normal) (G1 Evacuation Pause) 13751M->10889M(15360M) 33.527ms
[880.490s] GC(1829) Pause Young (Normal) (G1 Evacuation Pause) 13753M->10895M(15360M) 34.065ms
[880.904s] GC(1830) Pause Young (Normal) (G1 Evacuation Pause) 13751M->10899M(15360M) 35.262ms
[881.323s] GC(1831) Pause Young (Normal) (G1 Evacuation Pause) 13755M->10903M(15360M) 34.784ms
[881.520s] GC(1797) Pause Cleanup 12363M->12363M(15360M) 0.579ms
[881.535s] GC(1797) Concurrent Mark Cycle 14472.938ms
[881.729s] GC(1832) Pause Young (Normal) (G1 Evacuation Pause) 13751M->10906M(15360M) 35.214ms
[882.087s] GC(1833) Pause Young (Concurrent Start) (G1 Evacuation Pause) 13754M->10909M(15360M) 30.250ms
[882.088s] GC(1834) Concurrent Mark Cycle
[882.502s] GC(1835) Pause Young (Normal) (G1 Evacuation Pause) 13749M->10913M(15360M) 28.588ms
[882.881s] GC(1836) Pause Young (Normal) (G1 Evacuation Pause) 13753M->10916M(15360M) 28.372ms
[883.286s] GC(1837) Pause Young (Normal) (G1 Evacuation Pause) 13748M->10922M(15360M) 27.723ms
[883.679s] GC(1838) Pause Young (Normal) (G1 Evacuation Pause) 13754M->10925M(15360M) 30.036ms
[884.079s] GC(1839) Pause Young (Normal) (G1 Evacuation Pause) 13749M->10931M(15360M) 28.035ms
[884.497s] GC(1840) Pause Young (Normal) (G1 Evacuation Pause) 13755M->10935M(15360M) 27.788ms
[884.913s] GC(1841) Pause Young (Normal) (G1 Evacuation Pause) 13751M->10937M(15360M) 26.759ms
[885.304s] GC(1842) Pause Young (Normal) (G1 Evacuation Pause) 13753M->10940M(15360M) 28.502ms
[885.689s] GC(1843) Pause Young (Normal) (G1 Evacuation Pause) 13748M->10947M(15360M) 30.682ms
[886.080s] GC(1844) Pause Young (Normal) (G1 Evacuation Pause) 13755M->10949M(15360M) 37.836ms
[886.518s] GC(1845) Pause Young (Normal) (G1 Evacuation Pause) 13749M->10952M(15360M) 44.594ms
[887.044s] GC(1846) Pause Young (Normal) (G1 Evacuation Pause) 13752M->10956M(15360M) 41.946ms
[887.597s] GC(1847) Pause Young (Normal) (G1 Evacuation Pause) 13748M->10960M(15360M) 42.031ms
[888.112s] GC(1848) Pause Young (Normal) (G1 Evacuation Pause) 13752M->10963M(15360M) 38.792ms
[888.546s] GC(1849) Pause Young (Normal) (G1 Evacuation Pause) 13747M->10967M(15360M) 38.035ms
[888.972s] GC(1850) Pause Young (Normal) (G1 Evacuation Pause) 13751M->10971M(15360M) 34.024ms
[889.390s] GC(1851) Pause Young (Normal) (G1 Evacuation Pause) 13747M->10975M(15360M) 36.807ms
[889.810s] GC(1852) Pause Young (Normal) (G1 Evacuation Pause) 13751M->10979M(15360M) 31.261ms
[890.273s] GC(1853) Pause Young (Normal) (G1 Evacuation Pause) 13747M->10982M(15360M) 34.707ms
[890.697s] GC(1854) Pause Young (Normal) (G1 Evacuation Pause) 13750M->10986M(15360M) 29.056ms
[891.041s] GC(1855) Pause Young (Normal) (G1 Evacuation Pause) 13746M->10990M(15360M) 29.857ms
[891.456s] GC(1856) Pause Young (Normal) (G1 Evacuation Pause) 13750M->10993M(15360M) 29.662ms
[891.656s] GC(1834) Pause Remark 12325M->12325M(15360M) 1.819ms
[891.865s] GC(1857) Pause Young (Normal) (G1 Evacuation Pause) 13745M->10998M(15360M) 28.156ms
[892.266s] GC(1858) Pause Young (Normal) (G1 Evacuation Pause) 13750M->11001M(15360M) 30.302ms
[892.655s] GC(1859) Pause Young (Normal) (G1 Evacuation Pause) 13745M->11005M(15360M) 31.535ms
[893.015s] GC(1860) Pause Young (Normal) (G1 Evacuation Pause) 13749M->11008M(15360M) 31.138ms
[893.388s] GC(1861) Pause Young (Normal) (G1 Evacuation Pause) 13744M->11013M(15360M) 31.064ms
[893.729s] GC(1862) Pause Young (Normal) (G1 Evacuation Pause) 13749M->11015M(15360M) 31.871ms
[894.143s] GC(1863) Pause Young (Normal) (G1 Evacuation Pause) 13767M->11019M(15360M) 31.717ms
[894.531s] GC(1864) Pause Young (Normal) (G1 Evacuation Pause) 13763M->11024M(15360M) 31.643ms
[894.954s] GC(1865) Pause Young (Normal) (G1 Evacuation Pause) 13752M->11025M(15360M) 31.806ms
[895.319s] GC(1866) Pause Young (Normal) (G1 Evacuation Pause) 13761M->11031M(15360M) 32.322ms
[895.648s] GC(1867) Pause Young (Normal) (G1 Evacuation Pause) 13751M->11034M(15360M) 32.352ms
[896.013s] GC(1868) Pause Young (Normal) (G1 Evacuation Pause) 13762M->11038M(15360M) 34.367ms
[896.392s] GC(1869) Pause Young (Normal) (G1 Evacuation Pause) 13766M->11041M(15360M) 37.073ms
[896.705s] GC(1834) Pause Cleanup 13429M->13429M(15360M) 0.583ms
[896.718s] GC(1834) Concurrent Mark Cycle 14630.574ms
[896.789s] GC(1870) Pause Young (Normal) (G1 Evacuation Pause) 13761M->11044M(15360M) 35.858ms
[897.164s] GC(1871) Pause Young (Concurrent Start) (G1 Evacuation Pause) 13764M->11049M(15360M) 27.793ms
[897.164s] GC(1872) Concurrent Mark Cycle
[897.563s] GC(1873) Pause Young (Normal) (G1 Evacuation Pause) 13761M->11052M(15360M) 28.695ms
[897.981s] GC(1874) Pause Young (Normal) (G1 Evacuation Pause) 13764M->11055M(15360M) 27.204ms
[898.381s] GC(1875) Pause Young (Normal) (G1 Evacuation Pause) 13759M->11061M(15360M) 27.758ms
[898.748s] GC(1876) Pause Young (Normal) (G1 Evacuation Pause) 13749M->11063M(15360M) 25.301ms
[899.121s] GC(1877) Pause Young (Normal) (G1 Evacuation Pause) 13759M->11068M(15360M) 26.335ms
[899.481s] GC(1878) Pause Young (Normal) (G1 Evacuation Pause) 13764M->11071M(15360M) 26.197ms
[899.874s] GC(1879) Pause Young (Normal) (G1 Evacuation Pause) 13767M->11075M(15360M) 25.232ms
[900.259s] GC(1880) Pause Young (Normal) (G1 Evacuation Pause) 13763M->11077M(15360M) 26.020ms
[900.651s] GC(1881) Pause Young (Normal) (G1 Evacuation Pause) 13765M->11082M(15360M) 27.757ms
[901.044s] GC(1882) Pause Young (Normal) (G1 Evacuation Pause) 13762M->11085M(15360M) 29.604ms
[901.418s] GC(1883) Pause Young (Normal) (G1 Evacuation Pause) 13765M->11089M(15360M) 27.387ms
[901.818s] GC(1884) Pause Young (Normal) (G1 Evacuation Pause) 13761M->11092M(15360M) 27.492ms
[902.219s] GC(1885) Pause Young (Normal) (G1 Evacuation Pause) 13764M->11095M(15360M) 26.506ms
[902.611s] GC(1886) Pause Young (Normal) (G1 Evacuation Pause) 13759M->11100M(15360M) 24.952ms
[902.976s] GC(1887) Pause Young (Normal) (G1 Evacuation Pause) 13764M->11103M(15360M) 26.007ms
[903.392s] GC(1888) Pause Young (Normal) (G1 Evacuation Pause) 13759M->11106M(15360M) 26.907ms
[903.787s] GC(1889) Pause Young (Normal) (G1 Evacuation Pause) 13762M->11109M(15360M) 26.104ms
[904.183s] GC(1890) Pause Young (Normal) (G1 Evacuation Pause) 13757M->11113M(15360M) 25.898ms
[904.535s] GC(1891) Pause Young (Normal) (G1 Evacuation Pause) 13761M->11116M(15360M) 26.757ms
[904.921s] GC(1892) Pause Young (Normal) (G1 Evacuation Pause) 13764M->11120M(15360M) 27.999ms
[905.321s] GC(1893) Pause Young (Normal) (G1 Evacuation Pause) 13760M->11123M(15360M) 27.596ms
[905.711s] GC(1894) Pause Young (Normal) (G1 Evacuation Pause) 13763M->11128M(15360M) 28.348ms
[906.063s] GC(1895) Pause Young (Normal) (G1 Evacuation Pause) 13760M->11132M(15360M) 28.741ms
[906.416s] GC(1896) Pause Young (Normal) (G1 Evacuation Pause) 13764M->11134M(15360M) 28.728ms
[906.845s] GC(1897) Pause Young (Normal) (G1 Evacuation Pause) 13758M->11138M(15360M) 28.070ms
[906.931s] GC(1872) Pause Remark 11824M->11824M(15360M) 1.701ms
[907.215s] GC(1898) Pause Young (Normal) (G1 Evacuation Pause) 13762M->11141M(15360M) 26.715ms
[907.594s] GC(1899) Pause Young (Normal) (G1 Evacuation Pause) 13757M->11145M(15360M) 28.523ms
[907.960s] GC(1900) Pause Young (Normal) (G1 Evacuation Pause) 13761M->11149M(15360M) 28.349ms
[908.355s] GC(1901) Pause Young (Normal) (G1 Evacuation Pause) 13765M->11152M(15360M) 28.383ms
[908.730s] GC(1902) Pause Young (Normal) (G1 Evacuation Pause) 13760M->11157M(15360M) 27.940ms
[909.045s] GC(1903) Pause Young (Normal) (G1 Evacuation Pause) 13765M->11158M(15360M) 30.424ms
[909.424s] GC(1904) Pause Young (Normal) (G1 Evacuation Pause) 13758M->11162M(15360M) 30.040ms
[909.784s] GC(1905) Pause Young (Normal) (G1 Evacuation Pause) 13762M->11166M(15360M) 29.866ms
[910.147s] GC(1906) Pause Young (Normal) (G1 Evacuation Pause) 13758M->11170M(15360M) 30.391ms
[910.499s] GC(1907) Pause Young (Normal) (G1 Evacuation Pause) 13762M->11173M(15360M) 30.365ms
[910.771s] GC(1908) Pause Young (Normal) (G1 Evacuation Pause) 13757M->11176M(15360M) 31.781ms
[911.134s] GC(1909) Pause Young (Normal) (G1 Evacuation Pause) 13760M->11179M(15360M) 33.132ms
[911.523s] GC(1910) Pause Young (Normal) (G1 Evacuation Pause) 13763M->11183M(15360M) 32.939ms
[911.888s] GC(1911) Pause Young (Normal) (G1 Evacuation Pause) 13759M->11188M(15360M) 33.473ms
[911.960s] GC(1872) Pause Cleanup 11696M->11696M(15360M) 0.538ms
[911.971s] GC(1872) Concurrent Mark Cycle 14806.599ms
[912.248s] GC(1912) Pause Young (Normal) (G1 Evacuation Pause) 13764M->11189M(15360M) 33.703ms
[912.589s] GC(1913) Pause Young (Concurrent Start) (G1 Evacuation Pause) 13757M->11193M(15360M) 26.987ms
[912.589s] GC(1914) Concurrent Mark Cycle
[912.937s] GC(1915) Pause Young (Normal) (G1 Evacuation Pause) 13761M->11196M(15360M) 26.400ms
[913.291s] GC(1916) Pause Young (Normal) (G1 Evacuation Pause) 13756M->11201M(15360M) 24.898ms
[913.678s] GC(1917) Pause Young (Normal) (G1 Evacuation Pause) 13761M->11204M(15360M) 26.193ms
[914.043s] GC(1918) Pause Young (Normal) (G1 Evacuation Pause) 13764M->11208M(15360M) 26.560ms
[914.379s] GC(1919) Pause Young (Normal) (G1 Evacuation Pause) 13760M->11210M(15360M) 27.312ms
[914.700s] GC(1920) Pause Young (Normal) (G1 Evacuation Pause) 13762M->11212M(15360M) 27.365ms
[915.007s] GC(1921) Pause Young (Normal) (G1 Evacuation Pause) 13756M->11217M(15360M) 26.325ms
[915.360s] GC(1922) Pause Young (Normal) (G1 Evacuation Pause) 13761M->11221M(15360M) 25.314ms
[915.711s] GC(1923) Pause Young (Normal) (G1 Evacuation Pause) 13757M->11224M(15360M) 24.040ms
[916.054s] GC(1924) Pause Young (Normal) (G1 Evacuation Pause) 13760M->11227M(15360M) 24.909ms
[916.435s] GC(1925) Pause Young (Normal) (G1 Evacuation Pause) 13755M->11230M(15360M) 25.950ms
[916.778s] GC(1926) Pause Young (Normal) (G1 Evacuation Pause) 13758M->11233M(15360M) 25.137ms
[917.096s] GC(1927) Pause Young (Normal) (G1 Evacuation Pause) 13761M->11237M(15360M) 25.888ms
[917.443s] GC(1928) Pause Young (Normal) (G1 Evacuation Pause) 13757M->11240M(15360M) 24.128ms
[917.808s] GC(1929) Pause Young (Normal) (G1 Evacuation Pause) 13760M->11244M(15360M) 25.494ms
[918.165s] GC(1930) Pause Young (Normal) (G1 Evacuation Pause) 13756M->11248M(15360M) 25.665ms
[918.536s] GC(1931) Pause Young (Normal) (G1 Evacuation Pause) 13760M->11252M(15360M) 24.546ms
[918.926s] GC(1932) Pause Young (Normal) (G1 Evacuation Pause) 13756M->11255M(15360M) 24.833ms
[919.269s] GC(1933) Pause Young (Normal) (G1 Evacuation Pause) 13759M->11259M(15360M) 24.735ms
[919.579s] GC(1934) Pause Young (Normal) (G1 Evacuation Pause) 13763M->11261M(15360M) 23.484ms
[919.944s] GC(1935) Pause Young (Normal) (G1 Evacuation Pause) 13757M->11264M(15360M) 23.814ms
[920.302s] GC(1936) Pause Young (Normal) (G1 Evacuation Pause) 13760M->11268M(15360M) 24.284ms
[920.685s] GC(1937) Pause Young (Normal) (G1 Evacuation Pause) 13756M->11271M(15360M) 24.437ms
[921.067s] GC(1938) Pause Young (Normal) (G1 Evacuation Pause) 13759M->11274M(15360M) 27.141ms
[921.448s] GC(1939) Pause Young (Normal) (G1 Evacuation Pause) 13762M->11278M(15360M) 26.589ms
[921.845s] GC(1940) Pause Young (Normal) (G1 Evacuation Pause) 13758M->11282M(15360M) 24.728ms
[922.180s] GC(1941) Pause Young (Normal) (G1 Evacuation Pause) 13762M->11285M(15360M) 25.861ms
[922.410s] GC(1914) Pause Remark 13053M->13053M(15360M) 2.240ms
[922.553s] GC(1942) Pause Young (Normal) (G1 Evacuation Pause) 13757M->11287M(15360M) 26.342ms
[922.879s] GC(1943) Pause Young (Normal) (G1 Evacuation Pause) 13759M->11292M(15360M) 26.730ms
[923.214s] GC(1944) Pause Young (Normal) (G1 Evacuation Pause) 13756M->11295M(15360M) 28.925ms
[923.545s] GC(1945) Pause Young (Normal) (G1 Evacuation Pause) 13759M->11297M(15360M) 28.640ms
[923.891s] GC(1946) Pause Young (Normal) (G1 Evacuation Pause) 13761M->11302M(15360M) 29.170ms
[924.241s] GC(1947) Pause Young (Normal) (G1 Evacuation Pause) 13758M->11304M(15360M) 30.395ms
[924.618s] GC(1948) Pause Young (Normal) (G1 Evacuation Pause) 13760M->11308M(15360M) 30.832ms
[924.951s] GC(1949) Pause Young (Normal) (G1 Evacuation Pause) 13756M->11309M(15360M) 30.291ms
[925.336s] GC(1950) Pause Young (Normal) (G1 Evacuation Pause) 13757M->11315M(15360M) 31.001ms
[925.687s] GC(1951) Pause Young (Normal) (G1 Evacuation Pause) 13755M->11318M(15360M) 30.383ms
[926.032s] GC(1952) Pause Young (Normal) (G1 Evacuation Pause) 13758M->11323M(15360M) 29.872ms
[926.371s] GC(1953) Pause Young (Normal) (G1 Evacuation Pause) 13763M->11324M(15360M) 28.597ms
[926.714s] GC(1954) Pause Young (Normal) (G1 Evacuation Pause) 13756M->11328M(15360M) 30.006ms
[927.068s] GC(1955) Pause Young (Normal) (G1 Evacuation Pause) 13760M->11332M(15360M) 30.072ms
[927.400s] GC(1956) Pause Young (Normal) (G1 Evacuation Pause) 13756M->11336M(15360M) 30.640ms
[927.680s] GC(1914) Pause Cleanup 13324M->13324M(15360M) 0.488ms
[927.692s] GC(1914) Concurrent Mark Cycle 15102.789ms
[927.776s] GC(1957) Pause Young (Normal) (G1 Evacuation Pause) 13760M->11339M(15360M) 31.059ms
[928.047s] GC(1958) Pause Young (Concurrent Start) (G1 Evacuation Pause) 13763M->11342M(15360M) 24.696ms
[928.047s] GC(1959) Concurrent Mark Cycle
[928.340s] GC(1960) Pause Young (Normal) (G1 Evacuation Pause) 13758M->11346M(15360M) 22.696ms
[928.675s] GC(1961) Pause Young (Normal) (G1 Evacuation Pause) 13762M->11348M(15360M) 23.219ms
[928.991s] GC(1962) Pause Young (Normal) (G1 Evacuation Pause) 13756M->11351M(15360M) 22.242ms
[929.343s] GC(1963) Pause Young (Normal) (G1 Evacuation Pause) 13759M->11355M(15360M) 22.920ms
[929.674s] GC(1964) Pause Young (Normal) (G1 Evacuation Pause) 13755M->11358M(15360M) 22.690ms
[930.010s] GC(1965) Pause Young (Normal) (G1 Evacuation Pause) 13758M->11361M(15360M) 24.053ms
[930.361s] GC(1966) Pause Young (Normal) (G1 Evacuation Pause) 13761M->11363M(15360M) 23.347ms
[930.696s] GC(1967) Pause Young (Normal) (G1 Evacuation Pause) 13755M->11368M(15360M) 23.491ms
[931.036s] GC(1968) Pause Young (Normal) (G1 Evacuation Pause) 13760M->11370M(15360M) 22.804ms
[931.379s] GC(1969) Pause Young (Normal) (G1 Evacuation Pause) 13754M->11374M(15360M) 23.467ms
[931.701s] GC(1970) Pause Young (Normal) (G1 Evacuation Pause) 13758M->11377M(15360M) 23.786ms
[932.044s] GC(1971) Pause Young (Normal) (G1 Evacuation Pause) 13753M->11380M(15360M) 23.691ms
[932.374s] GC(1972) Pause Young (Normal) (G1 Evacuation Pause) 13756M->11385M(15360M) 22.535ms
[932.714s] GC(1973) Pause Young (Normal) (G1 Evacuation Pause) 13761M->11387M(15360M) 22.627ms
[933.053s] GC(1974) Pause Young (Normal) (G1 Evacuation Pause) 13755M->11390M(15360M) 24.342ms
[933.391s] GC(1975) Pause Young (Normal) (G1 Evacuation Pause) 13758M->11394M(15360M) 23.992ms
[933.748s] GC(1976) Pause Young (Normal) (G1 Evacuation Pause) 13754M->11396M(15360M) 23.797ms
[934.106s] GC(1977) Pause Young (Normal) (G1 Evacuation Pause) 13756M->11400M(15360M) 25.296ms
[934.428s] GC(1978) Pause Young (Normal) (G1 Evacuation Pause) 13760M->11402M(15360M) 27.219ms
[934.768s] GC(1979) Pause Young (Normal) (G1 Evacuation Pause) 13770M->11405M(15360M) 25.076ms
[935.128s] GC(1980) Pause Young (Normal) (G1 Evacuation Pause) 13773M->11409M(15360M) 24.671ms
[935.478s] GC(1981) Pause Young (Normal) (G1 Evacuation Pause) 13753M->11413M(15360M) 23.287ms
[935.816s] GC(1982) Pause Young (Normal) (G1 Evacuation Pause) 13757M->11416M(15360M) 23.721ms
[936.165s] GC(1983) Pause Young (Normal) (G1 Evacuation Pause) 13760M->11418M(15360M) 23.240ms
[936.496s] GC(1984) Pause Young (Normal) (G1 Evacuation Pause) 13770M->11422M(15360M) 24.476ms
[936.810s] GC(1985) Pause Young (Normal) (G1 Evacuation Pause) 13758M->11425M(15360M) 23.918ms
[937.182s] GC(1986) Pause Young (Normal) (G1 Evacuation Pause) 13753M->11427M(15360M) 23.676ms
[937.537s] GC(1987) Pause Young (Normal) (G1 Evacuation Pause) 13771M->11430M(15360M) 23.201ms
[937.844s] GC(1988) Pause Young (Normal) (G1 Evacuation Pause) 13774M->11433M(15360M) 22.356ms
[938.044s] GC(1959) Pause Remark 12949M->12949M(15360M) 1.492ms
[938.151s] GC(1989) Pause Young (Normal) (G1 Evacuation Pause) 13769M->11436M(15360M) 22.474ms
[938.468s] GC(1990) Pause Young (Normal) (G1 Evacuation Pause) 13772M->11440M(15360M) 23.494ms
[938.802s] GC(1991) Pause Young (Normal) (G1 Evacuation Pause) 13768M->11444M(15360M) 22.877ms
[939.115s] GC(1992) Pause Young (Normal) (G1 Evacuation Pause) 13756M->11447M(15360M) 23.948ms
[939.416s] GC(1993) Pause Young (Normal) (G1 Evacuation Pause) 13775M->11449M(15360M) 23.995ms
[939.725s] GC(1994) Pause Young (Normal) (G1 Evacuation Pause) 13769M->11454M(15360M) 23.802ms
[940.046s] GC(1995) Pause Young (Normal) (G1 Evacuation Pause) 13758M->11456M(15360M) 25.602ms
[940.392s] GC(1996) Pause Young (Normal) (G1 Evacuation Pause) 13768M->11459M(15360M) 26.326ms
[940.700s] GC(1997) Pause Young (Normal) (G1 Evacuation Pause) 13771M->11463M(15360M) 25.473ms
[941.031s] GC(1998) Pause Young (Normal) (G1 Evacuation Pause) 13775M->11466M(15360M) 26.626ms
[941.357s] GC(1999) Pause Young (Normal) (G1 Evacuation Pause) 13770M->11469M(15360M) 26.741ms
[941.666s] GC(2000) Pause Young (Normal) (G1 Evacuation Pause) 13773M->11472M(15360M) 27.045ms
[941.995s] GC(2001) Pause Young (Normal) (G1 Evacuation Pause) 13768M->11476M(15360M) 27.569ms
[942.310s] GC(2002) Pause Young (Normal) (G1 Evacuation Pause) 13756M->11479M(15360M) 27.413ms
[942.659s] GC(2003) Pause Young (Normal) (G1 Evacuation Pause) 13775M->11482M(15360M) 28.000ms
[942.981s] GC(2004) Pause Young (Normal) (G1 Evacuation Pause) 13770M->11485M(15360M) 27.611ms
[943.157s] GC(1959) Pause Cleanup 12661M->12661M(15360M) 0.643ms
[943.169s] GC(1959) Concurrent Mark Cycle 15121.531ms
[943.339s] GC(2005) Pause Young (Normal) (G1 Evacuation Pause) 13773M->11487M(15360M) 28.113ms
[943.626s] GC(2006) Pause Young (Concurrent Start) (G1 Evacuation Pause) 13767M->11489M(15360M) 24.131ms
[943.626s] GC(2007) Concurrent Mark Cycle
[943.931s] GC(2008) Pause Young (Normal) (G1 Evacuation Pause) 13769M->11494M(15360M) 22.125ms
[944.254s] GC(2009) Pause Young (Normal) (G1 Evacuation Pause) 13774M->11497M(15360M) 23.027ms
[944.579s] GC(2010) Pause Young (Normal) (G1 Evacuation Pause) 13769M->11500M(15360M) 22.234ms
[944.903s] GC(2011) Pause Young (Normal) (G1 Evacuation Pause) 13772M->11502M(15360M) 22.810ms
[945.212s] GC(2012) Pause Young (Normal) (G1 Evacuation Pause) 13766M->11506M(15360M) 21.748ms
[945.531s] GC(2013) Pause Young (Normal) (G1 Evacuation Pause) 13770M->11510M(15360M) 21.942ms
[945.870s] GC(2014) Pause Young (Normal) (G1 Evacuation Pause) 13774M->11513M(15360M) 21.906ms
[946.169s] GC(2015) Pause Young (Normal) (G1 Evacuation Pause) 13769M->11515M(15360M) 23.108ms
[946.500s] GC(2016) Pause Young (Normal) (G1 Evacuation Pause) 13771M->11519M(15360M) 21.863ms
[946.827s] GC(2017) Pause Young (Normal) (G1 Evacuation Pause) 13775M->11520M(15360M) 22.774ms
[947.133s] GC(2018) Pause Young (Normal) (G1 Evacuation Pause) 13768M->11524M(15360M) 21.064ms
[947.457s] GC(2019) Pause Young (Normal) (G1 Evacuation Pause) 13772M->11527M(15360M) 22.389ms
[947.758s] GC(2020) Pause Young (Normal) (G1 Evacuation Pause) 13767M->11529M(15360M) 21.729ms
[948.060s] GC(2021) Pause Young (Normal) (G1 Evacuation Pause) 13769M->11534M(15360M) 23.732ms
[948.394s] GC(2022) Pause Young (Normal) (G1 Evacuation Pause) 13774M->11537M(15360M) 23.372ms
[948.728s] GC(2023) Pause Young (Normal) (G1 Evacuation Pause) 13769M->11539M(15360M) 22.546ms
[949.058s] GC(2024) Pause Young (Normal) (G1 Evacuation Pause) 13771M->11543M(15360M) 21.741ms
[949.380s] GC(2025) Pause Young (Normal) (G1 Evacuation Pause) 13767M->11546M(15360M) 21.977ms
[949.693s] GC(2026) Pause Young (Normal) (G1 Evacuation Pause) 13770M->11548M(15360M) 22.901ms
[949.982s] GC(2027) Pause Young (Normal) (G1 Evacuation Pause) 13772M->11550M(15360M) 23.251ms
[950.278s] GC(2028) Pause Young (Normal) (G1 Evacuation Pause) 13766M->11556M(15360M) 22.449ms
[950.575s] GC(2029) Pause Young (Normal) (G1 Evacuation Pause) 13772M->11559M(15360M) 22.581ms
[950.867s] GC(2030) Pause Young (Normal) (G1 Evacuation Pause) 13775M->11561M(15360M) 22.301ms
[951.167s] GC(2031) Pause Young (Normal) (G1 Evacuation Pause) 13769M->11563M(15360M) 23.392ms
[951.484s] GC(2032) Pause Young (Normal) (G1 Evacuation Pause) 13771M->11567M(15360M) 23.987ms
[951.808s] GC(2033) Pause Young (Normal) (G1 Evacuation Pause) 13767M->11569M(15360M) 23.662ms
[952.127s] GC(2034) Pause Young (Normal) (G1 Evacuation Pause) 13769M->11573M(15360M) 24.755ms
[952.415s] GC(2035) Pause Young (Normal) (G1 Evacuation Pause) 13773M->11577M(15360M) 23.282ms
[952.747s] GC(2036) Pause Young (Normal) (G1 Evacuation Pause) 13769M->11580M(15360M) 22.742ms
[953.080s] GC(2037) Pause Young (Normal) (G1 Evacuation Pause) 13772M->11583M(15360M) 24.600ms
[953.382s] GC(2038) Pause Young (Normal) (G1 Evacuation Pause) 13767M->11586M(15360M) 23.474ms
[953.649s] GC(2007) Pause Remark 13558M->13558M(15360M) 2.046ms
[953.701s] GC(2039) Pause Young (Normal) (G1 Evacuation Pause) 13770M->11589M(15360M) 24.289ms
[954.009s] GC(2040) Pause Young (Normal) (G1 Evacuation Pause) 13773M->11592M(15360M) 24.666ms
[954.292s] GC(2041) Pause Young (Normal) (G1 Evacuation Pause) 13768M->11596M(15360M) 26.368ms
[954.598s] GC(2042) Pause Young (Normal) (G1 Evacuation Pause) 13772M->11598M(15360M) 24.732ms
[954.900s] GC(2043) Pause Young (Normal) (G1 Evacuation Pause) 13774M->11602M(15360M) 26.013ms
[955.200s] GC(2044) Pause Young (Normal) (G1 Evacuation Pause) 13770M->11602M(15360M) 26.605ms
[955.488s] GC(2045) Pause Young (Normal) (G1 Evacuation Pause) 13770M->11607M(15360M) 26.438ms
[955.741s] GC(2046) Pause Young (Normal) (G1 Evacuation Pause) 13767M->11610M(15360M) 25.697ms
[956.029s] GC(2047) Pause Young (Normal) (G1 Evacuation Pause) 13770M->11614M(15360M) 27.093ms
[956.328s] GC(2048) Pause Young (Normal) (G1 Evacuation Pause) 13774M->11617M(15360M) 27.168ms
[956.649s] GC(2049) Pause Young (Normal) (G1 Evacuation Pause) 13769M->11619M(15360M) 27.269ms
[956.961s] GC(2050) Pause Young (Normal) (G1 Evacuation Pause) 13771M->11623M(15360M) 27.645ms
[957.234s] GC(2051) Pause Young (Normal) (G1 Evacuation Pause) 13767M->11625M(15360M) 27.091ms
[957.505s] GC(2052) Pause Young (Normal) (G1 Evacuation Pause) 13769M->11628M(15360M) 26.916ms
[957.787s] GC(2053) Pause Young (Normal) (G1 Evacuation Pause) 13772M->11632M(15360M) 28.731ms
[958.104s] GC(2054) Pause Young (Normal) (G1 Evacuation Pause) 13768M->11634M(15360M) 28.606ms
[958.414s] GC(2055) Pause Young (Normal) (G1 Evacuation Pause) 13770M->11637M(15360M) 28.966ms
[958.731s] GC(2056) Pause Young (Normal) (G1 Evacuation Pause) 13765M->11640M(15360M) 29.601ms
[959.057s] GC(2057) Pause Young (Normal) (G1 Evacuation Pause) 13768M->11643M(15360M) 28.859ms
[959.240s] GC(2007) Pause Cleanup 12999M->12999M(15360M) 0.513ms
[959.253s] GC(2007) Concurrent Mark Cycle 15627.571ms
[959.374s] GC(2058) Pause Young (Normal) (G1 Evacuation Pause) 13771M->11645M(15360M) 29.663ms
[959.653s] GC(2059) Pause Young (Concurrent Start) (G1 Evacuation Pause) 13765M->11650M(15360M) 21.656ms
[959.653s] GC(2060) Concurrent Mark Cycle
[959.925s] GC(2061) Pause Young (Normal) (G1 Evacuation Pause) 13770M->11652M(15360M) 21.210ms
[960.159s] GC(2062) Pause Young (Normal) (G1 Evacuation Pause) 13772M->11655M(15360M) 22.523ms
[960.436s] GC(2063) Pause Young (Normal) (G1 Evacuation Pause) 13767M->11657M(15360M) 21.766ms
[960.673s] GC(2064) Pause Young (Normal) (G1 Evacuation Pause) 13769M->11660M(15360M) 21.221ms
[960.937s] GC(2065) Pause Young (Normal) (G1 Evacuation Pause) 13764M->11664M(15360M) 22.567ms
[961.233s] GC(2066) Pause Young (Normal) (G1 Evacuation Pause) 13768M->11666M(15360M) 21.259ms
[961.543s] GC(2067) Pause Young (Normal) (G1 Evacuation Pause) 13770M->11670M(15360M) 21.244ms
[961.827s] GC(2068) Pause Young (Normal) (G1 Evacuation Pause) 13766M->11672M(15360M) 20.643ms
[962.121s] GC(2069) Pause Young (Normal) (G1 Evacuation Pause) 13768M->11674M(15360M) 19.919ms
[962.402s] GC(2070) Pause Young (Normal) (G1 Evacuation Pause) 13770M->11677M(15360M) 18.278ms
[962.676s] GC(2071) Pause Young (Normal) (G1 Evacuation Pause) 13765M->11681M(15360M) 18.156ms
[962.954s] GC(2072) Pause Young (Normal) (G1 Evacuation Pause) 13769M->11683M(15360M) 18.740ms
[963.229s] GC(2073) Pause Young (Normal) (G1 Evacuation Pause) 13763M->11686M(15360M) 19.378ms
[963.527s] GC(2074) Pause Young (Normal) (G1 Evacuation Pause) 13766M->11690M(15360M) 18.977ms
[963.814s] GC(2075) Pause Young (Normal) (G1 Evacuation Pause) 13770M->11692M(15360M) 18.929ms
[964.124s] GC(2076) Pause Young (Normal) (G1 Evacuation Pause) 13764M->11694M(15360M) 19.131ms
[964.407s] GC(2077) Pause Young (Normal) (G1 Evacuation Pause) 13766M->11698M(15360M) 19.150ms
[964.693s] GC(2078) Pause Young (Normal) (G1 Evacuation Pause) 13770M->11701M(15360M) 19.578ms
[964.970s] GC(2079) Pause Young (Normal) (G1 Evacuation Pause) 13765M->11705M(15360M) 19.079ms
[965.281s] GC(2080) Pause Young (Normal) (G1 Evacuation Pause) 13769M->11706M(15360M) 19.856ms
[965.571s] GC(2081) Pause Young (Normal) (G1 Evacuation Pause) 13770M->11710M(15360M) 21.733ms
[965.844s] GC(2082) Pause Young (Normal) (G1 Evacuation Pause) 13766M->11712M(15360M) 21.069ms
[966.130s] GC(2083) Pause Young (Normal) (G1 Evacuation Pause) 13768M->11715M(15360M) 21.008ms
[966.413s] GC(2084) Pause Young (Normal) (G1 Evacuation Pause) 13763M->11717M(15360M) 22.429ms
[966.723s] GC(2085) Pause Young (Normal) (G1 Evacuation Pause) 13765M->11720M(15360M) 21.632ms
[967.009s] GC(2086) Pause Young (Normal) (G1 Evacuation Pause) 13768M->11722M(15360M) 23.294ms
[967.298s] GC(2087) Pause Young (Normal) (G1 Evacuation Pause) 13762M->11726M(15360M) 23.726ms
[967.597s] GC(2088) Pause Young (Normal) (G1 Evacuation Pause) 13766M->11728M(15360M) 22.632ms
[967.903s] GC(2089) Pause Young (Normal) (G1 Evacuation Pause) 13768M->11731M(15360M) 23.033ms
[968.191s] GC(2090) Pause Young (Normal) (G1 Evacuation Pause) 13763M->11733M(15360M) 21.470ms
[968.475s] GC(2091) Pause Young (Normal) (G1 Evacuation Pause) 13765M->11737M(15360M) 21.216ms
[968.754s] GC(2092) Pause Young (Normal) (G1 Evacuation Pause) 13769M->11740M(15360M) 20.263ms
[969.051s] GC(2093) Pause Young (Normal) (G1 Evacuation Pause) 13764M->11742M(15360M) 21.263ms
[969.317s] GC(2094) Pause Young (Normal) (G1 Evacuation Pause) 13766M->11745M(15360M) 20.258ms
[969.603s] GC(2095) Pause Young (Normal) (G1 Evacuation Pause) 13769M->11748M(15360M) 21.947ms
[969.879s] GC(2096) Pause Young (Normal) (G1 Evacuation Pause) 13764M->11751M(15360M) 22.386ms
[970.046s] GC(2060) Pause Remark 12959M->12959M(15360M) 1.657ms
[970.175s] GC(2097) Pause Young (Normal) (G1 Evacuation Pause) 13767M->11753M(15360M) 20.785ms
[970.464s] GC(2098) Pause Young (Normal) (G1 Evacuation Pause) 13769M->11755M(15360M) 22.049ms
[970.733s] GC(2099) Pause Young (Normal) (G1 Evacuation Pause) 13763M->11758M(15360M) 21.405ms
[971.022s] GC(2100) Pause Young (Normal) (G1 Evacuation Pause) 13766M->11761M(15360M) 21.836ms
[971.299s] GC(2101) Pause Young (Normal) (G1 Evacuation Pause) 13769M->11765M(15360M) 21.198ms
[971.568s] GC(2102) Pause Young (Normal) (G1 Evacuation Pause) 13765M->11767M(15360M) 22.364ms
[971.824s] GC(2103) Pause Young (Normal) (G1 Evacuation Pause) 13767M->11769M(15360M) 22.056ms
[972.088s] GC(2104) Pause Young (Normal) (G1 Evacuation Pause) 13761M->11771M(15360M) 24.177ms
[972.370s] GC(2105) Pause Young (Normal) (G1 Evacuation Pause) 13779M->11774M(15360M) 24.187ms
[972.669s] GC(2106) Pause Young (Normal) (G1 Evacuation Pause) 13766M->11777M(15360M) 23.568ms
[972.942s] GC(2107) Pause Young (Normal) (G1 Evacuation Pause) 13761M->11780M(15360M) 24.733ms
[973.246s] GC(2108) Pause Young (Normal) (G1 Evacuation Pause) 13764M->11783M(15360M) 27.206ms
[973.500s] GC(2109) Pause Young (Normal) (G1 Evacuation Pause) 13767M->11784M(15360M) 25.933ms
[973.801s] GC(2110) Pause Young (Normal) (G1 Evacuation Pause) 13776M->11788M(15360M) 27.068ms
[974.077s] GC(2111) Pause Young (Normal) (G1 Evacuation Pause) 13764M->11791M(15360M) 26.297ms
[974.367s] GC(2112) Pause Young (Normal) (G1 Evacuation Pause) 13767M->11792M(15360M) 26.810ms
[974.656s] GC(2113) Pause Young (Normal) (G1 Evacuation Pause) 13776M->11795M(15360M) 26.542ms
[974.945s] GC(2114) Pause Young (Normal) (G1 Evacuation Pause) 13779M->11799M(15360M) 26.111ms
[975.227s] GC(2115) Pause Young (Normal) (G1 Evacuation Pause) 13767M->11801M(15360M) 27.996ms
[975.327s] GC(2060) Pause Cleanup 12545M->12545M(15360M) 0.515ms
[975.341s] GC(2060) Concurrent Mark Cycle 15687.420ms
[975.517s] GC(2116) Pause Young (Normal) (G1 Evacuation Pause) 13761M->11803M(15360M) 26.835ms
[975.779s] GC(2117) Pause Young (Concurrent Start) (G1 Evacuation Pause) 13763M->11806M(15360M) 19.781ms
[975.779s] GC(2118) Concurrent Mark Cycle
[976.025s] GC(2119) Pause Young (Normal) (G1 Evacuation Pause) 13782M->11808M(15360M) 19.236ms
[976.294s] GC(2120) Pause Young (Normal) (G1 Evacuation Pause) 13776M->11812M(15360M) 19.935ms
[976.544s] GC(2121) Pause Young (Normal) (G1 Evacuation Pause) 13764M->11814M(15360M) 19.455ms
[976.822s] GC(2122) Pause Young (Normal) (G1 Evacuation Pause) 13782M->11817M(15360M) 18.888ms
[977.067s] GC(2123) Pause Young (Normal) (G1 Evacuation Pause) 13761M->11819M(15360M) 18.743ms
[977.342s] GC(2124) Pause Young (Normal) (G1 Evacuation Pause) 13779M->11821M(15360M) 19.581ms
[977.588s] GC(2125) Pause Young (Normal) (G1 Evacuation Pause) 13781M->11824M(15360M) 18.966ms
[977.834s] GC(2126) Pause Young (Normal) (G1 Evacuation Pause) 13776M->11827M(15360M) 19.395ms
[978.121s] GC(2127) Pause Young (Normal) (G1 Evacuation Pause) 13779M->11830M(15360M) 20.616ms
[978.365s] GC(2128) Pause Young (Normal) (G1 Evacuation Pause) 13782M->11832M(15360M) 20.323ms
[978.607s] GC(2129) Pause Young (Normal) (G1 Evacuation Pause) 13776M->11835M(15360M) 20.364ms
[978.821s] GC(2130) Pause Young (Normal) (G1 Evacuation Pause) 13779M->11838M(15360M) 20.707ms
[979.044s] GC(2131) Pause Young (Normal) (G1 Evacuation Pause) 13782M->11841M(15360M) 20.697ms
[979.270s] GC(2132) Pause Young (Normal) (G1 Evacuation Pause) 13777M->11843M(15360M) 21.218ms
[979.560s] GC(2133) Pause Young (Normal) (G1 Evacuation Pause) 13779M->11845M(15360M) 21.662ms
[979.869s] GC(2134) Pause Young (Normal) (G1 Evacuation Pause) 13781M->11849M(15360M) 22.076ms
[980.143s] GC(2135) Pause Young (Normal) (G1 Evacuation Pause) 13777M->11852M(15360M) 21.790ms
[980.423s] GC(2136) Pause Young (Normal) (G1 Evacuation Pause) 13764M->11854M(15360M) 20.699ms
[980.703s] GC(2137) Pause Young (Normal) (G1 Evacuation Pause) 13782M->11857M(15360M) 22.216ms
[981.000s] GC(2138) Pause Young (Normal) (G1 Evacuation Pause) 13761M->11858M(15360M) 23.402ms
[981.247s] GC(2139) Pause Young (Normal) (G1 Evacuation Pause) 13778M->11861M(15360M) 22.093ms
[981.479s] GC(2140) Pause Young (Normal) (G1 Evacuation Pause) 13781M->11864M(15360M) 22.276ms
[981.705s] GC(2141) Pause Young (Normal) (G1 Evacuation Pause) 13776M->11866M(15360M) 22.725ms
[981.957s] GC(2142) Pause Young (Normal) (G1 Evacuation Pause) 13778M->11869M(15360M) 22.559ms
[982.233s] GC(2143) Pause Young (Normal) (G1 Evacuation Pause) 13781M->11871M(15360M) 21.104ms
[982.487s] GC(2144) Pause Young (Normal) (G1 Evacuation Pause) 13775M->11874M(15360M) 20.407ms
[982.753s] GC(2145) Pause Young (Normal) (G1 Evacuation Pause) 13778M->11878M(15360M) 20.846ms
[983.046s] GC(2146) Pause Young (Normal) (G1 Evacuation Pause) 13782M->11879M(15360M) 20.945ms
[983.300s] GC(2147) Pause Young (Normal) (G1 Evacuation Pause) 13775M->11882M(15360M) 20.860ms
[983.576s] GC(2148) Pause Young (Normal) (G1 Evacuation Pause) 13778M->11884M(15360M) 20.875ms
[983.848s] GC(2149) Pause Young (Normal) (G1 Evacuation Pause) 13780M->11886M(15360M) 19.288ms
[984.114s] GC(2150) Pause Young (Normal) (G1 Evacuation Pause) 13774M->11889M(15360M) 20.181ms
[984.378s] GC(2151) Pause Young (Normal) (G1 Evacuation Pause) 13777M->11891M(15360M) 20.356ms
[984.662s] GC(2152) Pause Young (Normal) (G1 Evacuation Pause) 13779M->11894M(15360M) 19.640ms
[984.935s] GC(2153) Pause Young (Normal) (G1 Evacuation Pause) 13782M->11897M(15360M) 19.894ms
[985.226s] GC(2154) Pause Young (Normal) (G1 Evacuation Pause) 13777M->11900M(15360M) 20.121ms
[985.483s] GC(2155) Pause Young (Normal) (G1 Evacuation Pause) 13780M->11902M(15360M) 19.986ms
[985.746s] GC(2156) Pause Young (Normal) (G1 Evacuation Pause) 13782M->11904M(15360M) 19.317ms
[986.035s] GC(2157) Pause Young (Normal) (G1 Evacuation Pause) 13776M->11907M(15360M) 19.146ms
[986.308s] GC(2158) Pause Young (Normal) (G1 Evacuation Pause) 13779M->11910M(15360M) 19.414ms
[986.347s] GC(2118) Pause Remark 12166M->12166M(15360M) 1.514ms
[986.605s] GC(2159) Pause Young (Normal) (G1 Evacuation Pause) 13782M->11912M(15360M) 20.321ms
[986.869s] GC(2160) Pause Young (Normal) (G1 Evacuation Pause) 13776M->11914M(15360M) 21.055ms
[987.131s] GC(2161) Pause Young (Normal) (G1 Evacuation Pause) 13778M->11917M(15360M) 21.159ms
[987.403s] GC(2162) Pause Young (Normal) (G1 Evacuation Pause) 13781M->11920M(15360M) 20.414ms
[987.663s] GC(2163) Pause Young (Normal) (G1 Evacuation Pause) 13776M->11922M(15360M) 20.451ms
[987.950s] GC(2164) Pause Young (Normal) (G1 Evacuation Pause) 13778M->11925M(15360M) 22.283ms
[988.199s] GC(2165) Pause Young (Normal) (G1 Evacuation Pause) 13781M->11928M(15360M) 23.020ms
[988.449s] GC(2166) Pause Young (Normal) (G1 Evacuation Pause) 13776M->11929M(15360M) 23.277ms
[988.963s] GC(2167) Pause Young (Normal) (G1 Evacuation Pause) 13777M->12028M(15360M) 65.320ms
[989.217s] GC(2168) Pause Young (Normal) (G1 Evacuation Pause) 13684M->12037M(15360M) 67.926ms
[989.497s] GC(2169) Pause Young (Normal) (G1 Evacuation Pause) 13685M->12042M(15360M) 62.339ms
[989.766s] GC(2170) Pause Young (Normal) (G1 Evacuation Pause) 13690M->12049M(15360M) 66.237ms
[990.034s] GC(2171) Pause Young (Normal) (G1 Evacuation Pause) 13681M->12046M(15360M) 66.167ms
[991.006s] GC(2172) Pause Young (Normal) (G1 Evacuation Pause) 13686M->12394M(15360M) 233.732ms
[991.464s] GC(2173) Pause Young (Normal) (G1 Evacuation Pause) 13482M->12544M(15360M) 149.330ms
[991.669s] GC(2174) Pause Young (Normal) (G1 Evacuation Pause) 13512M->12568M(15360M) 88.746ms
[991.811s] GC(2175) Pause Young (Normal) (G1 Evacuation Pause) 13560M->12550M(15360M) 27.478ms
[991.964s] GC(2176) Pause Young (Normal) (G1 Evacuation Pause) 13598M->12548M(15360M) 18.610ms
[992.121s] GC(2177) Pause Young (Normal) (G1 Evacuation Pause) 13628M->12549M(15360M) 19.670ms
[992.264s] GC(2178) Pause Young (Normal) (G1 Evacuation Pause) 13661M->12550M(15360M) 21.900ms
[992.319s] GC(2118) Pause Cleanup 13070M->13070M(15360M) 0.538ms
[992.335s] GC(2118) Concurrent Mark Cycle 16555.868ms
[992.421s] GC(2179) Pause Young (Normal) (G1 Evacuation Pause) 13686M->12551M(15360M) 21.954ms
[992.574s] GC(2180) Pause Young (Concurrent Start) (G1 Evacuation Pause) 13703M->12553M(15360M) 9.306ms
[992.574s] GC(2181) Concurrent Mark Cycle
[992.726s] GC(2182) Pause Young (Normal) (G1 Evacuation Pause) 13721M->12555M(15360M) 8.583ms
[992.918s] GC(2183) Pause Young (Normal) (G1 Evacuation Pause) 13739M->12556M(15360M) 10.033ms
[993.094s] GC(2184) Pause Young (Normal) (G1 Evacuation Pause) 13748M->12558M(15360M) 10.696ms
[993.269s] GC(2185) Pause Young (Normal) (G1 Evacuation Pause) 13758M->12560M(15360M) 11.023ms
[993.451s] GC(2186) Pause Young (Normal) (G1 Evacuation Pause) 13768M->12561M(15360M) 12.171ms
[993.613s] GC(2187) Pause Young (Normal) (G1 Evacuation Pause) 13769M->12563M(15360M) 11.898ms
[993.788s] GC(2188) Pause Young (Normal) (G1 Evacuation Pause) 13779M->12564M(15360M) 13.682ms
[993.960s] GC(2189) Pause Young (Normal) (G1 Evacuation Pause) 13788M->12566M(15360M) 13.464ms
[994.137s] GC(2190) Pause Young (Normal) (G1 Evacuation Pause) 13790M->12568M(15360M) 15.034ms
[994.311s] GC(2191) Pause Young (Normal) (G1 Evacuation Pause) 13776M->12569M(15360M) 16.303ms
[994.500s] GC(2192) Pause Young (Normal) (G1 Evacuation Pause) 13777M->12571M(15360M) 15.407ms
[994.673s] GC(2193) Pause Young (Normal) (G1 Evacuation Pause) 13779M->12573M(15360M) 16.467ms
[994.864s] GC(2194) Pause Young (Normal) (G1 Evacuation Pause) 13781M->12574M(15360M) 15.049ms
[995.045s] GC(2195) Pause Young (Normal) (G1 Evacuation Pause) 13782M->12575M(15360M) 14.758ms
[995.213s] GC(2196) Pause Young (Normal) (G1 Evacuation Pause) 13783M->12577M(15360M) 13.670ms
[995.398s] GC(2197) Pause Young (Normal) (G1 Evacuation Pause) 13777M->12579M(15360M) 14.376ms
[995.552s] GC(2198) Pause Young (Normal) (G1 Evacuation Pause) 13779M->12580M(15360M) 13.315ms
[995.753s] GC(2199) Pause Young (Normal) (G1 Evacuation Pause) 13796M->12582M(15360M) 14.613ms
[995.915s] GC(2200) Pause Young (Normal) (G1 Evacuation Pause) 13782M->12584M(15360M) 13.810ms
[996.073s] GC(2201) Pause Young (Normal) (G1 Evacuation Pause) 13784M->12586M(15360M) 15.356ms
[996.213s] GC(2202) Pause Young (Normal) (G1 Evacuation Pause) 13778M->12587M(15360M) 15.454ms
[996.365s] GC(2203) Pause Young (Normal) (G1 Evacuation Pause) 13779M->12589M(15360M) 15.218ms
[996.556s] GC(2204) Pause Young (Normal) (G1 Evacuation Pause) 13781M->12589M(15360M) 15.697ms
[996.721s] GC(2205) Pause Young (Normal) (G1 Evacuation Pause) 13797M->12592M(15360M) 15.369ms
[996.890s] GC(2206) Pause Young (Normal) (G1 Evacuation Pause) 13784M->12593M(15360M) 15.780ms
[997.058s] GC(2207) Pause Young (Normal) (G1 Evacuation Pause) 13793M->12594M(15360M) 14.962ms
[997.249s] GC(2208) Pause Young (Normal) (G1 Evacuation Pause) 13794M->12596M(15360M) 14.946ms
[997.430s] GC(2209) Pause Young (Normal) (G1 Evacuation Pause) 13796M->12598M(15360M) 14.591ms
[997.611s] GC(2210) Pause Young (Normal) (G1 Evacuation Pause) 13782M->12600M(15360M) 15.239ms
[997.800s] GC(2211) Pause Young (Normal) (G1 Evacuation Pause) 13784M->12601M(15360M) 15.515ms
[997.976s] GC(2212) Pause Young (Normal) (G1 Evacuation Pause) 13777M->12603M(15360M) 16.581ms
[998.158s] GC(2213) Pause Young (Normal) (G1 Evacuation Pause) 13779M->12604M(15360M) 16.279ms
[998.324s] GC(2214) Pause Young (Normal) (G1 Evacuation Pause) 13796M->12606M(15360M) 15.135ms
[998.536s] GC(2215) Pause Young (Normal) (G1 Evacuation Pause) 13782M->12608M(15360M) 16.211ms
[998.713s] GC(2216) Pause Young (Normal) (G1 Evacuation Pause) 13784M->12609M(15360M) 15.396ms
[998.864s] GC(2217) Pause Young (Normal) (G1 Evacuation Pause) 13777M->12611M(15360M) 14.048ms
[999.014s] GC(2218) Pause Young (Normal) (G1 Evacuation Pause) 13779M->12612M(15360M) 14.315ms
[999.157s] GC(2219) Pause Young (Normal) (G1 Evacuation Pause) 13780M->12614M(15360M) 14.653ms
[999.321s] GC(2220) Pause Young (Normal) (G1 Evacuation Pause) 13782M->12615M(15360M) 13.470ms
[999.477s] GC(2221) Pause Young (Normal) (G1 Evacuation Pause) 13799M->12617M(15360M) 13.026ms
[999.653s] GC(2222) Pause Young (Normal) (G1 Evacuation Pause) 13793M->12618M(15360M) 13.322ms
[999.815s] GC(2223) Pause Young (Normal) (G1 Evacuation Pause) 13794M->12620M(15360M) 12.746ms
[999.991s] GC(2224) Pause Young (Normal) (G1 Evacuation Pause) 13796M->12622M(15360M) 14.200ms
[1000.156s] GC(2225) Pause Young (Normal) (G1 Evacuation Pause) 13782M->12624M(15360M) 13.368ms
[1000.318s] GC(2226) Pause Young (Normal) (G1 Evacuation Pause) 13784M->12625M(15360M) 13.199ms
[1000.484s] GC(2227) Pause Young (Normal) (G1 Evacuation Pause) 13793M->12626M(15360M) 13.821ms
[1000.627s] GC(2228) Pause Young (Normal) (G1 Evacuation Pause) 13794M->12628M(15360M) 12.855ms
[1000.798s] GC(2229) Pause Young (Normal) (G1 Evacuation Pause) 13796M->12631M(15360M) 13.974ms
[1000.951s] GC(2230) Pause Young (Normal) (G1 Evacuation Pause) 13783M->12632M(15360M) 14.226ms
[1001.119s] GC(2231) Pause Young (Normal) (G1 Evacuation Pause) 13784M->12634M(15360M) 13.904ms
[1001.300s] GC(2232) Pause Young (Normal) (G1 Evacuation Pause) 13778M->12636M(15360M) 14.186ms
[1001.461s] GC(2233) Pause Young (Normal) (G1 Evacuation Pause) 13780M->12637M(15360M) 13.835ms
[1001.626s] GC(2234) Pause Young (Normal) (G1 Evacuation Pause) 13781M->12639M(15360M) 14.970ms
[1001.787s] GC(2235) Pause Young (Normal) (G1 Evacuation Pause) 13783M->12640M(15360M) 13.348ms
[1001.959s] GC(2236) Pause Young (Normal) (G1 Evacuation Pause) 13784M->12642M(15360M) 13.683ms
[1002.120s] GC(2237) Pause Young (Normal) (G1 Evacuation Pause) 13778M->12643M(15360M) 15.059ms
[1002.276s] GC(2238) Pause Young (Normal) (G1 Evacuation Pause) 13779M->12644M(15360M) 14.577ms
[1002.450s] GC(2239) Pause Young (Normal) (G1 Evacuation Pause) 13780M->12646M(15360M) 15.886ms
[1002.597s] GC(2240) Pause Young (Normal) (G1 Evacuation Pause) 13782M->12647M(15360M) 15.118ms
[1002.775s] GC(2241) Pause Young (Normal) (G1 Evacuation Pause) 13783M->12649M(15360M) 14.845ms
[1002.932s] GC(2242) Pause Young (Normal) (G1 Evacuation Pause) 13777M->12651M(15360M) 14.305ms
[1003.084s] GC(2243) Pause Young (Normal) (G1 Evacuation Pause) 13779M->12652M(15360M) 14.125ms
[1003.251s] GC(2244) Pause Young (Normal) (G1 Evacuation Pause) 13780M->12654M(15360M) 14.960ms
[1003.398s] GC(2245) Pause Young (Normal) (G1 Evacuation Pause) 13798M->12655M(15360M) 13.817ms
[1003.550s] GC(2246) Pause Young (Normal) (G1 Evacuation Pause) 13791M->12657M(15360M) 13.301ms
[1003.714s] GC(2247) Pause Young (Normal) (G1 Evacuation Pause) 13793M->12658M(15360M) 13.851ms
[1003.820s] GC(2181) Pause Remark 13453M->13453M(15360M) 1.615ms
[1003.875s] GC(2248) Pause Young (Normal) (G1 Evacuation Pause) 13794M->12660M(15360M) 13.597ms
[1004.028s] GC(2249) Pause Young (Normal) (G1 Evacuation Pause) 13796M->12661M(15360M) 14.280ms
[1004.182s] GC(2250) Pause Young (Normal) (G1 Evacuation Pause) 13797M->12663M(15360M) 14.694ms
[1004.331s] GC(2251) Pause Young (Normal) (G1 Evacuation Pause) 13799M->12664M(15360M) 16.501ms
[1004.470s] GC(2252) Pause Young (Normal) (G1 Evacuation Pause) 13792M->12666M(15360M) 15.132ms
[1004.633s] GC(2253) Pause Young (Normal) (G1 Evacuation Pause) 13794M->12668M(15360M) 16.764ms
[1004.786s] GC(2254) Pause Young (Normal) (G1 Evacuation Pause) 13796M->12669M(15360M) 16.862ms
[1004.938s] GC(2255) Pause Young (Normal) (G1 Evacuation Pause) 13797M->12671M(15360M) 16.618ms
[1005.101s] GC(2256) Pause Young (Normal) (G1 Evacuation Pause) 13799M->12672M(15360M) 17.726ms
[1005.248s] GC(2257) Pause Young (Normal) (G1 Evacuation Pause) 13792M->12673M(15360M) 18.234ms
[1005.393s] GC(2258) Pause Young (Normal) (G1 Evacuation Pause) 13793M->12675M(15360M) 19.110ms
[1005.550s] GC(2259) Pause Young (Normal) (G1 Evacuation Pause) 13795M->12677M(15360M) 18.213ms
[1005.718s] GC(2260) Pause Young (Normal) (G1 Evacuation Pause) 13797M->12678M(15360M) 19.159ms
[1005.877s] GC(2261) Pause Young (Normal) (G1 Evacuation Pause) 13798M->12679M(15360M) 19.808ms
[1006.044s] GC(2262) Pause Young (Normal) (G1 Evacuation Pause) 13791M->12681M(15360M) 19.773ms
[1006.202s] GC(2263) Pause Young (Normal) (G1 Evacuation Pause) 13793M->12683M(15360M) 19.879ms
[1006.357s] GC(2264) Pause Young (Normal) (G1 Evacuation Pause) 13795M->12684M(15360M) 20.152ms
[1006.520s] GC(2265) Pause Young (Normal) (G1 Evacuation Pause) 13796M->12686M(15360M) 22.851ms
[1006.686s] GC(2266) Pause Young (Normal) (G1 Evacuation Pause) 13798M->12688M(15360M) 21.150ms
[1006.834s] GC(2267) Pause Young (Normal) (G1 Evacuation Pause) 13792M->12688M(15360M) 21.463ms
[1006.988s] GC(2268) Pause Young (Normal) (G1 Evacuation Pause) 13792M->12690M(15360M) 21.691ms
[1007.144s] GC(2269) Pause Young (Normal) (G1 Evacuation Pause) 13794M->12691M(15360M) 22.252ms
[1007.290s] GC(2270) Pause Young (Normal) (G1 Evacuation Pause) 13795M->12693M(15360M) 22.985ms
[1007.437s] GC(2271) Pause Young (Normal) (G1 Evacuation Pause) 13797M->12694M(15360M) 23.528ms
[1007.582s] GC(2272) Pause Young (Normal) (G1 Evacuation Pause) 13798M->12696M(15360M) 22.891ms
[1007.742s] GC(2273) Pause Young (Normal) (G1 Evacuation Pause) 13792M->12698M(15360M) 23.478ms
[1007.906s] GC(2274) Pause Young (Normal) (G1 Evacuation Pause) 13794M->12699M(15360M) 24.248ms
[1008.089s] GC(2275) Pause Young (Normal) (G1 Evacuation Pause) 13795M->12700M(15360M) 25.203ms
[1008.267s] GC(2276) Pause Young (Normal) (G1 Evacuation Pause) 13796M->12702M(15360M) 24.549ms
[1008.441s] GC(2277) Pause Young (Normal) (G1 Evacuation Pause) 13798M->12704M(15360M) 25.066ms
[1008.588s] GC(2278) Pause Young (Normal) (G1 Evacuation Pause) 13792M->12705M(15360M) 25.478ms
[1008.747s] GC(2279) Pause Young (Normal) (G1 Evacuation Pause) 13793M->12706M(15360M) 24.890ms
[1008.912s] GC(2280) Pause Young (Normal) (G1 Evacuation Pause) 13794M->12708M(15360M) 25.724ms
[1009.089s] GC(2281) Pause Young (Normal) (G1 Evacuation Pause) 13796M->12709M(15360M) 26.759ms
[1009.259s] GC(2282) Pause Young (Normal) (G1 Evacuation Pause) 13797M->12710M(15360M) 27.267ms
[1009.421s] GC(2283) Pause Young (Normal) (G1 Evacuation Pause) 13790M->12712M(15360M) 27.159ms
[1009.593s] GC(2284) Pause Young (Normal) (G1 Evacuation Pause) 13792M->12714M(15360M) 29.888ms
[1009.773s] GC(2285) Pause Young (Normal) (G1 Evacuation Pause) 13794M->12715M(15360M) 28.304ms
[1009.932s] GC(2286) Pause Young (Normal) (G1 Evacuation Pause) 13795M->12716M(15360M) 26.970ms
[1010.103s] GC(2287) Pause Young (Normal) (G1 Evacuation Pause) 13796M->12718M(15360M) 25.829ms
[1010.256s] GC(2288) Pause Young (Normal) (G1 Evacuation Pause) 13798M->12720M(15360M) 27.240ms
[1010.419s] GC(2289) Pause Young (Normal) (G1 Evacuation Pause) 13792M->12721M(15360M) 26.269ms
[1010.575s] GC(2290) Pause Young (Normal) (G1 Evacuation Pause) 13793M->12722M(15360M) 26.729ms
[1010.740s] GC(2291) Pause Young (Normal) (G1 Evacuation Pause) 13794M->12725M(15360M) 28.809ms
[1010.901s] GC(2292) Pause Young (Normal) (G1 Evacuation Pause) 13797M->12725M(15360M) 28.601ms
[1011.050s] GC(2293) Pause Young (Normal) (G1 Evacuation Pause) 13797M->12727M(15360M) 28.393ms
[1011.205s] GC(2294) Pause Young (Normal) (G1 Evacuation Pause) 13791M->12728M(15360M) 25.301ms
[1011.291s] GC(2181) Pause Cleanup 13339M->13339M(15360M) 4.510ms
[1011.303s] GC(2181) Concurrent Mark Cycle 18729.542ms
[1011.381s] GC(2295) Pause Young (Prepare Mixed) (G1 Evacuation Pause) 13792M->12730M(15360M) 24.339ms
[1011.545s] GC(2296) Pause Young (Mixed) (G1 Evacuation Pause) 13474M->12616M(15360M) 67.689ms
[1011.698s] GC(2297) Pause Young (Normal) (G1 Evacuation Pause) 13792M->12626M(15360M) 13.904ms
[1011.858s] GC(2298) Pause Young (Normal) (G1 Evacuation Pause) 13794M->12629M(15360M) 14.928ms
[1012.013s] GC(2299) Pause Young (Concurrent Start) (G1 Evacuation Pause) 13797M->12631M(15360M) 14.129ms
[1012.013s] GC(2300) Concurrent Mark Cycle
[1012.160s] GC(2301) Pause Young (Normal) (G1 Evacuation Pause) 13791M->12633M(15360M) 13.474ms
[1012.311s] GC(2302) Pause Young (Normal) (G1 Evacuation Pause) 13793M->12634M(15360M) 14.206ms
[1012.457s] GC(2303) Pause Young (Normal) (G1 Evacuation Pause) 13794M->12635M(15360M) 13.161ms
[1012.587s] GC(2304) Pause Young (Normal) (G1 Evacuation Pause) 13795M->12638M(15360M) 14.720ms
[1012.732s] GC(2305) Pause Young (Normal) (G1 Evacuation Pause) 13798M->12640M(15360M) 13.875ms
[1012.893s] GC(2306) Pause Young (Normal) (G1 Evacuation Pause) 13792M->12641M(15360M) 13.742ms
[1013.054s] GC(2307) Pause Young (Normal) (G1 Evacuation Pause) 13793M->12642M(15360M) 14.752ms
[1013.207s] GC(2308) Pause Young (Normal) (G1 Evacuation Pause) 13794M->12643M(15360M) 14.539ms
[1013.370s] GC(2309) Pause Young (Normal) (G1 Evacuation Pause) 13795M->12645M(15360M) 14.086ms
[1013.511s] GC(2310) Pause Young (Normal) (G1 Evacuation Pause) 13797M->12647M(15360M) 14.209ms
[1013.665s] GC(2311) Pause Young (Normal) (G1 Evacuation Pause) 13791M->12648M(15360M) 13.914ms
[1013.828s] GC(2312) Pause Young (Normal) (G1 Evacuation Pause) 13792M->12651M(15360M) 13.543ms
[1013.984s] GC(2313) Pause Young (Normal) (G1 Evacuation Pause) 13779M->12651M(15360M) 13.948ms
[1014.154s] GC(2314) Pause Young (Normal) (G1 Evacuation Pause) 13795M->12654M(15360M) 14.663ms
[1014.317s] GC(2315) Pause Young (Normal) (G1 Evacuation Pause) 13782M->12655M(15360M) 14.450ms
[1014.474s] GC(2316) Pause Young (Normal) (G1 Evacuation Pause) 13799M->12656M(15360M) 14.335ms
[1014.639s] GC(2317) Pause Young (Normal) (G1 Evacuation Pause) 13792M->12658M(15360M) 14.400ms
[1014.814s] GC(2318) Pause Young (Normal) (G1 Evacuation Pause) 13778M->12659M(15360M) 13.880ms
[1014.978s] GC(2319) Pause Young (Normal) (G1 Evacuation Pause) 13795M->12661M(15360M) 14.117ms
[1015.130s] GC(2320) Pause Young (Normal) (G1 Evacuation Pause) 13797M->12663M(15360M) 13.280ms
[1015.287s] GC(2321) Pause Young (Normal) (G1 Evacuation Pause) 13783M->12664M(15360M) 14.111ms
[1015.428s] GC(2322) Pause Young (Normal) (G1 Evacuation Pause) 13792M->12666M(15360M) 13.094ms
[1015.593s] GC(2323) Pause Young (Normal) (G1 Evacuation Pause) 13778M->12667M(15360M) 14.024ms
[1015.753s] GC(2324) Pause Young (Normal) (G1 Evacuation Pause) 13795M->12669M(15360M) 14.718ms
[1015.922s] GC(2325) Pause Young (Normal) (G1 Evacuation Pause) 13797M->12670M(15360M) 13.121ms
[1016.099s] GC(2326) Pause Young (Normal) (G1 Evacuation Pause) 13798M->12672M(15360M) 14.164ms
[1016.237s] GC(2327) Pause Young (Normal) (G1 Evacuation Pause) 13792M->12673M(15360M) 13.635ms
[1016.393s] GC(2328) Pause Young (Normal) (G1 Evacuation Pause) 13793M->12675M(15360M) 13.999ms
[1016.545s] GC(2329) Pause Young (Normal) (G1 Evacuation Pause) 13795M->12677M(15360M) 13.683ms
[1016.694s] GC(2330) Pause Young (Normal) (G1 Evacuation Pause) 13797M->12678M(15360M) 15.457ms
[1016.851s] GC(2331) Pause Young (Normal) (G1 Evacuation Pause) 13798M->12679M(15360M) 15.187ms
[1017.004s] GC(2332) Pause Young (Normal) (G1 Evacuation Pause) 13791M->12681M(15360M) 14.885ms
[1017.171s] GC(2333) Pause Young (Normal) (G1 Evacuation Pause) 13793M->12682M(15360M) 15.768ms
[1017.340s] GC(2334) Pause Young (Normal) (G1 Evacuation Pause) 13794M->12684M(15360M) 14.885ms
[1017.524s] GC(2335) Pause Young (Normal) (G1 Evacuation Pause) 13796M->12686M(15360M) 13.988ms
[1017.707s] GC(2336) Pause Young (Normal) (G1 Evacuation Pause) 13798M->12687M(15360M) 15.309ms
[1017.856s] GC(2337) Pause Young (Normal) (G1 Evacuation Pause) 13791M->12689M(15360M) 15.868ms
[1018.044s] GC(2338) Pause Young (Normal) (G1 Evacuation Pause) 13793M->12691M(15360M) 16.936ms
[1018.218s] GC(2339) Pause Young (Normal) (G1 Evacuation Pause) 13795M->12692M(15360M) 15.695ms
[1018.380s] GC(2340) Pause Young (Normal) (G1 Evacuation Pause) 13796M->12693M(15360M) 18.218ms
[1018.552s] GC(2341) Pause Young (Normal) (G1 Evacuation Pause) 13797M->12695M(15360M) 19.172ms
[1018.700s] GC(2342) Pause Young (Normal) (G1 Evacuation Pause) 13799M->12696M(15360M) 15.533ms
[1018.878s] GC(2343) Pause Young (Normal) (G1 Evacuation Pause) 13792M->12698M(15360M) 14.763ms
[1019.037s] GC(2344) Pause Young (Normal) (G1 Evacuation Pause) 13794M->12699M(15360M) 13.855ms
[1019.192s] GC(2345) Pause Young (Normal) (G1 Evacuation Pause) 13795M->12701M(15360M) 13.685ms
[1019.348s] GC(2346) Pause Young (Normal) (G1 Evacuation Pause) 13797M->12702M(15360M) 14.966ms
[1019.482s] GC(2347) Pause Young (Normal) (G1 Evacuation Pause) 13798M->12704M(15360M) 14.002ms
[1019.645s] GC(2348) Pause Young (Normal) (G1 Evacuation Pause) 13792M->12705M(15360M) 14.382ms
[1019.802s] GC(2349) Pause Young (Normal) (G1 Evacuation Pause) 13793M->12707M(15360M) 13.449ms
[1019.966s] GC(2350) Pause Young (Normal) (G1 Evacuation Pause) 13795M->12708M(15360M) 13.694ms
[1020.129s] GC(2351) Pause Young (Normal) (G1 Evacuation Pause) 13796M->12709M(15360M) 13.210ms
[1020.270s] GC(2352) Pause Young (Normal) (G1 Evacuation Pause) 13797M->12711M(15360M) 12.655ms
[1020.428s] GC(2353) Pause Young (Normal) (G1 Evacuation Pause) 13791M->12712M(15360M) 14.984ms
[1020.578s] GC(2354) Pause Young (Normal) (G1 Evacuation Pause) 13792M->12714M(15360M) 13.689ms
[1020.726s] GC(2355) Pause Young (Normal) (G1 Evacuation Pause) 13794M->12715M(15360M) 14.053ms
[1020.878s] GC(2356) Pause Young (Normal) (G1 Evacuation Pause) 13795M->12716M(15360M) 14.085ms
[1021.021s] GC(2357) Pause Young (Normal) (G1 Evacuation Pause) 13796M->12717M(15360M) 13.151ms
[1021.165s] GC(2358) Pause Young (Normal) (G1 Evacuation Pause) 13797M->12720M(15360M) 13.160ms
[1021.302s] GC(2359) Pause Young (Normal) (G1 Evacuation Pause) 13792M->12721M(15360M) 13.532ms
[1021.434s] GC(2360) Pause Young (Normal) (G1 Evacuation Pause) 13793M->12723M(15360M) 12.876ms
[1021.576s] GC(2361) Pause Young (Normal) (G1 Evacuation Pause) 13795M->12724M(15360M) 13.440ms
[1021.719s] GC(2362) Pause Young (Normal) (G1 Evacuation Pause) 13796M->12725M(15360M) 16.096ms
[1021.874s] GC(2363) Pause Young (Normal) (G1 Evacuation Pause) 13797M->12727M(15360M) 13.976ms
[1022.040s] GC(2364) Pause Young (Normal) (G1 Evacuation Pause) 13791M->12728M(15360M) 14.060ms
[1022.170s] GC(2365) Pause Young (Normal) (G1 Evacuation Pause) 13792M->12729M(15360M) 13.218ms
[1022.310s] GC(2366) Pause Young (Normal) (G1 Evacuation Pause) 13793M->12731M(15360M) 13.445ms
[1022.437s] GC(2367) Pause Young (Normal) (G1 Evacuation Pause) 13795M->12733M(15360M) 13.290ms
[1022.577s] GC(2368) Pause Young (Normal) (G1 Evacuation Pause) 13797M->12734M(15360M) 13.858ms
[1022.741s] GC(2369) Pause Young (Normal) (G1 Evacuation Pause) 13790M->12735M(15360M) 13.647ms
[1022.874s] GC(2370) Pause Young (Normal) (G1 Evacuation Pause) 13791M->12737M(15360M) 13.056ms
[1023.033s] GC(2371) Pause Young (Normal) (G1 Evacuation Pause) 13793M->12738M(15360M) 13.124ms
[1023.185s] GC(2372) Pause Young (Normal) (G1 Evacuation Pause) 13794M->12740M(15360M) 13.238ms
[1023.326s] GC(2373) Pause Young (Normal) (G1 Evacuation Pause) 13796M->12741M(15360M) 13.814ms
[1023.388s] GC(2300) Pause Remark 13265M->13265M(15360M) 1.844ms
[1023.467s] GC(2374) Pause Young (Normal) (G1 Evacuation Pause) 13797M->12743M(15360M) 13.856ms
[1023.609s] GC(2375) Pause Young (Normal) (G1 Evacuation Pause) 13791M->12744M(15360M) 14.289ms
[1023.769s] GC(2376) Pause Young (Normal) (G1 Evacuation Pause) 13792M->12745M(15360M) 14.862ms
[1023.914s] GC(2377) Pause Young (Normal) (G1 Evacuation Pause) 13793M->12748M(15360M) 15.124ms
[1024.048s] GC(2378) Pause Young (Normal) (G1 Evacuation Pause) 13796M->12748M(15360M) 17.093ms
[1024.201s] GC(2379) Pause Young (Normal) (G1 Evacuation Pause) 13796M->12750M(15360M) 16.088ms
[1024.349s] GC(2380) Pause Young (Normal) (G1 Evacuation Pause) 13790M->12751M(15360M) 18.017ms
[1024.490s] GC(2381) Pause Young (Normal) (G1 Evacuation Pause) 13791M->12753M(15360M) 17.489ms
[1024.636s] GC(2382) Pause Young (Normal) (G1 Evacuation Pause) 13793M->12754M(15360M) 17.688ms
[1024.794s] GC(2383) Pause Young (Normal) (G1 Evacuation Pause) 13794M->12756M(15360M) 17.649ms
[1024.949s] GC(2384) Pause Young (Normal) (G1 Evacuation Pause) 13796M->12757M(15360M) 18.755ms
[1025.098s] GC(2385) Pause Young (Normal) (G1 Evacuation Pause) 13797M->12758M(15360M) 19.686ms
[1025.232s] GC(2386) Pause Young (Normal) (G1 Evacuation Pause) 13790M->12760M(15360M) 19.198ms
[1025.392s] GC(2387) Pause Young (Normal) (G1 Evacuation Pause) 13792M->12761M(15360M) 21.588ms
[1025.547s] GC(2388) Pause Young (Normal) (G1 Evacuation Pause) 13793M->12763M(15360M) 21.416ms
[1025.698s] GC(2389) Pause Young (Normal) (G1 Evacuation Pause) 13795M->12764M(15360M) 20.170ms
[1025.838s] GC(2390) Pause Young (Normal) (G1 Evacuation Pause) 13796M->12765M(15360M) 21.186ms
[1025.976s] GC(2391) Pause Young (Normal) (G1 Evacuation Pause) 13797M->12766M(15360M) 21.843ms
[1026.139s] GC(2392) Pause Young (Normal) (G1 Evacuation Pause) 13790M->12768M(15360M) 23.104ms
[1026.295s] GC(2393) Pause Young (Normal) (G1 Evacuation Pause) 13792M->12769M(15360M) 22.035ms
[1026.428s] GC(2394) Pause Young (Normal) (G1 Evacuation Pause) 13793M->12771M(15360M) 23.143ms
[1026.598s] GC(2395) Pause Young (Normal) (G1 Evacuation Pause) 13795M->12772M(15360M) 22.832ms
[1026.756s] GC(2396) Pause Young (Normal) (G1 Evacuation Pause) 13796M->12773M(15360M) 24.854ms
[1026.916s] GC(2397) Pause Young (Normal) (G1 Evacuation Pause) 13789M->12775M(15360M) 24.988ms
[1027.075s] GC(2398) Pause Young (Normal) (G1 Evacuation Pause) 13791M->12776M(15360M) 27.540ms
[1027.234s] GC(2399) Pause Young (Normal) (G1 Evacuation Pause) 13792M->12778M(15360M) 25.511ms
[1027.386s] GC(2400) Pause Young (Normal) (G1 Evacuation Pause) 13794M->12779M(15360M) 24.686ms
[1027.542s] GC(2401) Pause Young (Normal) (G1 Evacuation Pause) 13795M->12780M(15360M) 27.337ms
[1027.691s] GC(2402) Pause Young (Normal) (G1 Evacuation Pause) 13796M->12782M(15360M) 26.390ms
[1027.854s] GC(2403) Pause Young (Normal) (G1 Evacuation Pause) 13790M->12783M(15360M) 25.668ms
[1028.003s] GC(2404) Pause Young (Normal) (G1 Evacuation Pause) 13791M->12785M(15360M) 27.464ms
[1028.153s] GC(2405) Pause Young (Normal) (G1 Evacuation Pause) 13793M->12786M(15360M) 27.562ms
[1028.300s] GC(2406) Pause Young (Normal) (G1 Evacuation Pause) 13794M->12787M(15360M) 27.721ms
[1028.458s] GC(2407) Pause Young (Normal) (G1 Evacuation Pause) 13795M->12789M(15360M) 26.261ms
[1028.615s] GC(2408) Pause Young (Normal) (G1 Evacuation Pause) 13789M->12790M(15360M) 26.851ms
[1028.775s] GC(2409) Pause Young (Normal) (G1 Evacuation Pause) 13790M->12791M(15360M) 27.352ms
[1028.943s] GC(2410) Pause Young (Normal) (G1 Evacuation Pause) 13791M->12793M(15360M) 27.678ms
[1029.128s] GC(2411) Pause Young (Normal) (G1 Evacuation Pause) 13793M->12794M(15360M) 28.135ms
[1029.287s] GC(2412) Pause Young (Normal) (G1 Evacuation Pause) 13794M->12795M(15360M) 27.240ms
[1029.438s] GC(2413) Pause Young (Normal) (G1 Evacuation Pause) 13795M->12797M(15360M) 26.981ms
[1029.582s] GC(2414) Pause Young (Normal) (G1 Evacuation Pause) 13789M->12798M(15360M) 28.959ms
[1029.715s] GC(2415) Pause Young (Normal) (G1 Evacuation Pause) 13790M->12800M(15360M) 26.653ms
[1029.853s] GC(2416) Pause Young (Normal) (G1 Evacuation Pause) 13792M->12801M(15360M) 26.005ms
[1030.012s] GC(2417) Pause Young (Normal) (G1 Evacuation Pause) 13793M->12802M(15360M) 29.905ms
[1030.186s] GC(2418) Pause Young (Normal) (G1 Evacuation Pause) 13794M->12803M(15360M) 26.736ms
[1030.358s] GC(2419) Pause Young (Normal) (G1 Evacuation Pause) 13795M->12804M(15360M) 28.096ms
[1030.513s] GC(2420) Pause Young (Normal) (G1 Evacuation Pause) 13788M->12806M(15360M) 27.772ms
[1030.696s] GC(2421) Pause Young (Normal) (G1 Evacuation Pause) 13790M->12807M(15360M) 28.232ms
[1030.872s] GC(2422) Pause Young (Normal) (G1 Evacuation Pause) 13791M->12808M(15360M) 26.317ms
[1031.052s] GC(2423) Pause Young (Normal) (G1 Evacuation Pause) 13792M->12810M(15360M) 25.940ms
[1031.194s] GC(2424) Pause Young (Normal) (G1 Evacuation Pause) 13794M->12811M(15360M) 27.736ms
[1031.242s] GC(2300) Pause Cleanup 13163M->13163M(15360M) 3.173ms
[1031.251s] GC(2300) Concurrent Mark Cycle 19238.214ms
[1031.331s] GC(2425) Pause Young (Prepare Mixed) (G1 Evacuation Pause) 13795M->12813M(15360M) 24.710ms
[1031.470s] GC(2426) Pause Young (Mixed) (G1 Evacuation Pause) 13557M->12763M(15360M) 66.946ms
[1031.588s] GC(2427) Pause Young (Normal) (G1 Evacuation Pause) 13795M->12777M(15360M) 13.324ms
[1031.710s] GC(2428) Pause Young (Normal) (G1 Evacuation Pause) 13793M->12781M(15360M) 13.962ms
[1031.858s] GC(2429) Pause Young (Concurrent Start) (G1 Evacuation Pause) 13789M->12784M(15360M) 14.907ms
[1031.858s] GC(2430) Concurrent Mark Cycle
[1031.984s] GC(2431) Pause Young (Normal) (G1 Evacuation Pause) 13792M->12785M(15360M) 13.925ms
[1032.107s] GC(2432) Pause Young (Normal) (G1 Evacuation Pause) 13793M->12786M(15360M) 13.771ms
[1032.227s] GC(2433) Pause Young (Normal) (G1 Evacuation Pause) 13794M->12787M(15360M) 13.819ms
[1032.359s] GC(2434) Pause Young (Normal) (G1 Evacuation Pause) 13795M->12789M(15360M) 13.679ms
[1032.504s] GC(2435) Pause Young (Normal) (G1 Evacuation Pause) 13789M->12790M(15360M) 14.420ms
[1032.668s] GC(2436) Pause Young (Normal) (G1 Evacuation Pause) 13790M->12792M(15360M) 14.025ms
[1032.808s] GC(2437) Pause Young (Normal) (G1 Evacuation Pause) 13792M->12793M(15360M) 13.043ms
[1032.934s] GC(2438) Pause Young (Normal) (G1 Evacuation Pause) 13793M->12795M(15360M) 13.861ms
[1033.068s] GC(2439) Pause Young (Normal) (G1 Evacuation Pause) 13795M->12797M(15360M) 12.934ms
[1033.219s] GC(2440) Pause Young (Normal) (G1 Evacuation Pause) 13797M->12798M(15360M) 14.620ms
[1033.379s] GC(2441) Pause Young (Normal) (G1 Evacuation Pause) 13790M->12799M(15360M) 13.412ms
[1033.511s] GC(2442) Pause Young (Normal) (G1 Evacuation Pause) 13791M->12801M(15360M) 13.846ms
[1033.636s] GC(2443) Pause Young (Normal) (G1 Evacuation Pause) 13793M->12801M(15360M) 13.553ms
[1033.757s] GC(2444) Pause Young (Normal) (G1 Evacuation Pause) 13793M->12803M(15360M) 14.533ms
[1033.874s] GC(2445) Pause Young (Normal) (G1 Evacuation Pause) 13795M->12805M(15360M) 13.872ms
[1034.017s] GC(2446) Pause Young (Normal) (G1 Evacuation Pause) 13797M->12806M(15360M) 14.072ms
[1034.164s] GC(2447) Pause Young (Normal) (G1 Evacuation Pause) 13790M->12808M(15360M) 14.080ms
[1034.313s] GC(2448) Pause Young (Normal) (G1 Evacuation Pause) 13792M->12809M(15360M) 14.436ms
[1034.462s] GC(2449) Pause Young (Normal) (G1 Evacuation Pause) 13793M->12810M(15360M) 14.018ms
[1034.606s] GC(2450) Pause Young (Normal) (G1 Evacuation Pause) 13794M->12811M(15360M) 13.759ms
[1034.764s] GC(2451) Pause Young (Normal) (G1 Evacuation Pause) 13795M->12813M(15360M) 12.833ms
[1034.904s] GC(2452) Pause Young (Normal) (G1 Evacuation Pause) 13797M->12814M(15360M) 12.966ms
[1035.046s] GC(2453) Pause Young (Normal) (G1 Evacuation Pause) 13790M->12816M(15360M) 12.291ms
[1035.198s] GC(2454) Pause Young (Normal) (G1 Evacuation Pause) 13792M->12817M(15360M) 11.880ms
[1035.348s] GC(2455) Pause Young (Normal) (G1 Evacuation Pause) 13793M->12819M(15360M) 12.795ms
[1035.481s] GC(2456) Pause Young (Normal) (G1 Evacuation Pause) 13795M->12820M(15360M) 12.440ms
[1035.638s] GC(2457) Pause Young (Normal) (G1 Evacuation Pause) 13796M->12822M(15360M) 12.221ms
[1035.796s] GC(2458) Pause Young (Normal) (G1 Evacuation Pause) 13790M->12823M(15360M) 11.315ms
[1035.933s] GC(2459) Pause Young (Normal) (G1 Evacuation Pause) 13791M->12825M(15360M) 11.224ms
[1036.080s] GC(2460) Pause Young (Normal) (G1 Evacuation Pause) 13793M->12826M(15360M) 13.297ms
[1036.232s] GC(2461) Pause Young (Normal) (G1 Evacuation Pause) 13794M->12827M(15360M) 12.943ms
[1036.370s] GC(2462) Pause Young (Normal) (G1 Evacuation Pause) 13795M->12828M(15360M) 11.512ms
[1036.495s] GC(2463) Pause Young (Normal) (G1 Evacuation Pause) 13796M->12830M(15360M) 12.918ms
[1036.641s] GC(2464) Pause Young (Normal) (G1 Evacuation Pause) 13790M->12831M(15360M) 12.574ms
[1036.781s] GC(2465) Pause Young (Normal) (G1 Evacuation Pause) 13791M->12833M(15360M) 11.739ms
[1036.918s] GC(2466) Pause Young (Normal) (G1 Evacuation Pause) 13793M->12834M(15360M) 14.002ms
[1037.052s] GC(2467) Pause Young (Normal) (G1 Evacuation Pause) 13794M->12836M(15360M) 12.490ms
[1037.193s] GC(2468) Pause Young (Normal) (G1 Evacuation Pause) 13796M->12837M(15360M) 12.801ms
[1037.326s] GC(2469) Pause Young (Normal) (G1 Evacuation Pause) 13797M->12838M(15360M) 13.498ms
[1037.462s] GC(2470) Pause Young (Normal) (G1 Evacuation Pause) 13790M->12840M(15360M) 12.974ms
[1037.604s] GC(2471) Pause Young (Normal) (G1 Evacuation Pause) 13792M->12842M(15360M) 12.006ms
[1037.744s] GC(2472) Pause Young (Normal) (G1 Evacuation Pause) 13794M->12842M(15360M) 13.363ms
[1037.887s] GC(2473) Pause Young (Normal) (G1 Evacuation Pause) 13794M->12844M(15360M) 12.337ms
[1038.019s] GC(2474) Pause Young (Normal) (G1 Evacuation Pause) 13796M->12846M(15360M) 11.584ms
[1038.141s] GC(2475) Pause Young (Normal) (G1 Evacuation Pause) 13790M->12848M(15360M) 12.576ms
[1038.247s] GC(2476) Pause Young (Normal) (G1 Evacuation Pause) 13792M->12848M(15360M) 11.541ms
[1038.386s] GC(2477) Pause Young (Normal) (G1 Evacuation Pause) 13792M->12850M(15360M) 10.564ms
[1038.508s] GC(2478) Pause Young (Normal) (G1 Evacuation Pause) 13794M->12852M(15360M) 12.054ms
[1038.641s] GC(2479) Pause Young (Normal) (G1 Evacuation Pause) 13796M->12853M(15360M) 10.993ms
[1038.778s] GC(2480) Pause Young (Normal) (G1 Evacuation Pause) 13797M->12854M(15360M) 11.197ms
[1038.924s] GC(2481) Pause Young (Normal) (G1 Evacuation Pause) 13790M->12856M(15360M) 12.137ms
[1039.049s] GC(2482) Pause Young (Normal) (G1 Evacuation Pause) 13792M->12857M(15360M) 10.935ms
[1039.185s] GC(2483) Pause Young (Normal) (G1 Evacuation Pause) 13793M->12859M(15360M) 11.336ms
[1039.325s] GC(2484) Pause Young (Normal) (G1 Evacuation Pause) 13795M->12860M(15360M) 11.768ms
[1039.444s] GC(2485) Pause Young (Normal) (G1 Evacuation Pause) 13796M->12861M(15360M) 11.760ms
[1039.583s] GC(2486) Pause Young (Normal) (G1 Evacuation Pause) 13789M->12863M(15360M) 10.690ms
[1039.727s] GC(2487) Pause Young (Normal) (G1 Evacuation Pause) 13791M->12864M(15360M) 12.270ms
[1039.845s] GC(2488) Pause Young (Normal) (G1 Evacuation Pause) 13792M->12865M(15360M) 10.745ms
[1039.975s] GC(2489) Pause Young (Normal) (G1 Evacuation Pause) 13793M->12867M(15360M) 11.719ms
[1040.108s] GC(2490) Pause Young (Normal) (G1 Evacuation Pause) 13795M->12868M(15360M) 10.838ms
[1040.227s] GC(2491) Pause Young (Normal) (G1 Evacuation Pause) 13796M->12870M(15360M) 9.987ms
[1040.362s] GC(2492) Pause Young (Normal) (G1 Evacuation Pause) 13790M->12871M(15360M) 10.480ms
[1040.504s] GC(2493) Pause Young (Normal) (G1 Evacuation Pause) 13791M->12872M(15360M) 10.726ms
[1040.614s] GC(2494) Pause Young (Normal) (G1 Evacuation Pause) 13792M->12873M(15360M) 9.914ms
[1040.751s] GC(2495) Pause Young (Normal) (G1 Evacuation Pause) 13793M->12875M(15360M) 11.126ms
[1040.884s] GC(2496) Pause Young (Normal) (G1 Evacuation Pause) 13795M->12876M(15360M) 10.928ms
[1040.997s] GC(2497) Pause Young (Normal) (G1 Evacuation Pause) 13796M->12878M(15360M) 10.773ms
[1041.130s] GC(2498) Pause Young (Normal) (G1 Evacuation Pause) 13790M->12879M(15360M) 11.042ms
[1041.272s] GC(2499) Pause Young (Normal) (G1 Evacuation Pause) 13791M->12880M(15360M) 11.235ms
[1041.394s] GC(2500) Pause Young (Normal) (G1 Evacuation Pause) 13792M->12881M(15360M) 10.574ms
[1041.522s] GC(2501) Pause Young (Normal) (G1 Evacuation Pause) 13793M->12884M(15360M) 11.204ms
[1041.663s] GC(2502) Pause Young (Normal) (G1 Evacuation Pause) 13796M->12884M(15360M) 10.981ms
[1041.773s] GC(2503) Pause Young (Normal) (G1 Evacuation Pause) 13788M->12886M(15360M) 10.107ms
[1041.907s] GC(2504) Pause Young (Normal) (G1 Evacuation Pause) 13790M->12887M(15360M) 10.874ms
[1042.025s] GC(2505) Pause Young (Normal) (G1 Evacuation Pause) 13791M->12889M(15360M) 10.586ms
[1042.149s] GC(2506) Pause Young (Normal) (G1 Evacuation Pause) 13793M->12890M(15360M) 9.997ms
[1042.275s] GC(2507) Pause Young (Normal) (G1 Evacuation Pause) 13794M->12892M(15360M) 10.559ms
[1042.396s] GC(2508) Pause Young (Normal) (G1 Evacuation Pause) 13796M->12892M(15360M) 10.845ms
[1042.528s] GC(2509) Pause Young (Normal) (G1 Evacuation Pause) 13788M->12894M(15360M) 10.445ms
[1042.661s] GC(2510) Pause Young (Normal) (G1 Evacuation Pause) 13790M->12895M(15360M) 10.845ms
[1042.785s] GC(2511) Pause Young (Normal) (G1 Evacuation Pause) 13791M->12897M(15360M) 10.608ms
[1042.916s] GC(2512) Pause Young (Normal) (G1 Evacuation Pause) 13793M->12899M(15360M) 10.453ms
[1043.046s] GC(2513) Pause Young (Normal) (G1 Evacuation Pause) 13795M->12900M(15360M) 10.859ms
[1043.157s] GC(2514) Pause Young (Normal) (G1 Evacuation Pause) 13796M->12900M(15360M) 11.157ms
[1043.290s] GC(2515) Pause Young (Normal) (G1 Evacuation Pause) 13788M->12902M(15360M) 10.499ms
[1043.414s] GC(2516) Pause Young (Normal) (G1 Evacuation Pause) 13790M->12904M(15360M) 10.970ms
[1043.546s] GC(2517) Pause Young (Normal) (G1 Evacuation Pause) 13792M->12905M(15360M) 12.379ms
[1043.682s] GC(2518) Pause Young (Normal) (G1 Evacuation Pause) 13793M->12907M(15360M) 12.823ms
[1043.795s] GC(2519) Pause Young (Normal) (G1 Evacuation Pause) 13795M->12908M(15360M) 11.979ms
[1043.923s] GC(2520) Pause Young (Normal) (G1 Evacuation Pause) 13796M->12909M(15360M) 11.588ms
[1043.998s] GC(2430) Pause Remark 13423M->13423M(15360M) 1.831ms
[1044.060s] GC(2521) Pause Young (Normal) (G1 Evacuation Pause) 13789M->12911M(15360M) 11.782ms
[1044.166s] GC(2522) Pause Young (Normal) (G1 Evacuation Pause) 13791M->12912M(15360M) 11.825ms
[1044.305s] GC(2523) Pause Young (Normal) (G1 Evacuation Pause) 13792M->12913M(15360M) 12.882ms
[1044.426s] GC(2524) Pause Young (Normal) (G1 Evacuation Pause) 13793M->12915M(15360M) 13.007ms
[1044.538s] GC(2525) Pause Young (Normal) (G1 Evacuation Pause) 13795M->12915M(15360M) 12.877ms
[1044.664s] GC(2526) Pause Young (Normal) (G1 Evacuation Pause) 13795M->12917M(15360M) 14.340ms
[1044.788s] GC(2527) Pause Young (Normal) (G1 Evacuation Pause) 13789M->12918M(15360M) 14.432ms
[1044.895s] GC(2528) Pause Young (Normal) (G1 Evacuation Pause) 13790M->12919M(15360M) 15.694ms
[1045.024s] GC(2529) Pause Young (Normal) (G1 Evacuation Pause) 13791M->12921M(15360M) 16.704ms
[1045.151s] GC(2530) Pause Young (Normal) (G1 Evacuation Pause) 13793M->12922M(15360M) 17.529ms
[1045.292s] GC(2531) Pause Young (Normal) (G1 Evacuation Pause) 13794M->12923M(15360M) 18.577ms
[1045.422s] GC(2532) Pause Young (Normal) (G1 Evacuation Pause) 13795M->12925M(15360M) 18.654ms
[1045.541s] GC(2533) Pause Young (Normal) (G1 Evacuation Pause) 13789M->12926M(15360M) 18.821ms
[1045.672s] GC(2534) Pause Young (Normal) (G1 Evacuation Pause) 13790M->12927M(15360M) 18.817ms
[1045.812s] GC(2535) Pause Young (Normal) (G1 Evacuation Pause) 13791M->12929M(15360M) 20.584ms
[1045.935s] GC(2536) Pause Young (Normal) (G1 Evacuation Pause) 13793M->12930M(15360M) 20.630ms
[1046.073s] GC(2537) Pause Young (Normal) (G1 Evacuation Pause) 13794M->12932M(15360M) 21.441ms
[1046.205s] GC(2538) Pause Young (Normal) (G1 Evacuation Pause) 13796M->12933M(15360M) 21.112ms
[1046.345s] GC(2539) Pause Young (Normal) (G1 Evacuation Pause) 13789M->12934M(15360M) 22.470ms
[1046.493s] GC(2540) Pause Young (Normal) (G1 Evacuation Pause) 13790M->12935M(15360M) 23.338ms
[1046.619s] GC(2541) Pause Young (Normal) (G1 Evacuation Pause) 13791M->12936M(15360M) 23.352ms
[1046.760s] GC(2542) Pause Young (Normal) (G1 Evacuation Pause) 13792M->12938M(15360M) 24.526ms
[1046.911s] GC(2543) Pause Young (Normal) (G1 Evacuation Pause) 13794M->12939M(15360M) 24.382ms
[1047.040s] GC(2544) Pause Young (Normal) (G1 Evacuation Pause) 13795M->12940M(15360M) 26.900ms
[1047.180s] GC(2545) Pause Young (Normal) (G1 Evacuation Pause) 13788M->12942M(15360M) 26.567ms
[1047.323s] GC(2546) Pause Young (Normal) (G1 Evacuation Pause) 13790M->12943M(15360M) 27.311ms
[1047.466s] GC(2547) Pause Young (Normal) (G1 Evacuation Pause) 13791M->12945M(15360M) 29.134ms
[1047.619s] GC(2548) Pause Young (Normal) (G1 Evacuation Pause) 13793M->12946M(15360M) 25.917ms
[1047.748s] GC(2549) Pause Young (Normal) (G1 Evacuation Pause) 13794M->12948M(15360M) 26.934ms
[1047.889s] GC(2550) Pause Young (Normal) (G1 Evacuation Pause) 13796M->12949M(15360M) 26.856ms
[1048.021s] GC(2551) Pause Young (Normal) (G1 Evacuation Pause) 13789M->12950M(15360M) 26.198ms
[1048.170s] GC(2552) Pause Young (Normal) (G1 Evacuation Pause) 13790M->12951M(15360M) 28.550ms
[1048.303s] GC(2553) Pause Young (Normal) (G1 Evacuation Pause) 13791M->12952M(15360M) 26.084ms
[1048.431s] GC(2554) Pause Young (Normal) (G1 Evacuation Pause) 13792M->12954M(15360M) 28.536ms
[1048.570s] GC(2555) Pause Young (Normal) (G1 Evacuation Pause) 13794M->12955M(15360M) 26.745ms
[1048.712s] GC(2556) Pause Young (Normal) (G1 Evacuation Pause) 13795M->12956M(15360M) 28.663ms
[1048.852s] GC(2557) Pause Young (Normal) (G1 Evacuation Pause) 13788M->12958M(15360M) 26.646ms
[1048.989s] GC(2558) Pause Young (Normal) (G1 Evacuation Pause) 13790M->12959M(15360M) 25.532ms
[1049.112s] GC(2559) Pause Young (Normal) (G1 Evacuation Pause) 13791M->12960M(15360M) 25.540ms
[1049.236s] GC(2560) Pause Young (Normal) (G1 Evacuation Pause) 13792M->12962M(15360M) 26.202ms
[1049.365s] GC(2561) Pause Young (Normal) (G1 Evacuation Pause) 13794M->12963M(15360M) 27.398ms
[1049.515s] GC(2562) Pause Young (Normal) (G1 Evacuation Pause) 13795M->12965M(15360M) 25.735ms
[1049.653s] GC(2563) Pause Young (Normal) (G1 Evacuation Pause) 13789M->12966M(15360M) 26.358ms
[1049.786s] GC(2564) Pause Young (Normal) (G1 Evacuation Pause) 13790M->12967M(15360M) 26.417ms
[1049.926s] GC(2565) Pause Young (Normal) (G1 Evacuation Pause) 13791M->12968M(15360M) 27.340ms
[1050.067s] GC(2566) Pause Young (Normal) (G1 Evacuation Pause) 13792M->12969M(15360M) 27.392ms
[1050.208s] GC(2567) Pause Young (Normal) (G1 Evacuation Pause) 13793M->12971M(15360M) 26.474ms
[1050.357s] GC(2568) Pause Young (Normal) (G1 Evacuation Pause) 13795M->12972M(15360M) 26.430ms
[1050.489s] GC(2569) Pause Young (Normal) (G1 Evacuation Pause) 13788M->12973M(15360M) 26.937ms
[1050.631s] GC(2570) Pause Young (Normal) (G1 Evacuation Pause) 13789M->12974M(15360M) 27.518ms
[1050.753s] GC(2571) Pause Young (Normal) (G1 Evacuation Pause) 13790M->12975M(15360M) 26.079ms
[1050.906s] GC(2572) Pause Young (Normal) (G1 Evacuation Pause) 13791M->12976M(15360M) 25.804ms
[1051.034s] GC(2573) Pause Young (Normal) (G1 Evacuation Pause) 13792M->12978M(15360M) 26.631ms
[1051.174s] GC(2574) Pause Young (Normal) (G1 Evacuation Pause) 13794M->12979M(15360M) 25.503ms
[1051.287s] GC(2575) Pause Young (Normal) (G1 Evacuation Pause) 13787M->12980M(15360M) 25.548ms
[1051.421s] GC(2576) Pause Young (Normal) (G1 Evacuation Pause) 13788M->12981M(15360M) 27.281ms
[1051.568s] GC(2577) Pause Young (Normal) (G1 Evacuation Pause) 13789M->12983M(15360M) 27.021ms
[1051.692s] GC(2578) Pause Young (Normal) (G1 Evacuation Pause) 13791M->12984M(15360M) 27.031ms
[1051.846s] GC(2579) Pause Young (Normal) (G1 Evacuation Pause) 13792M->12985M(15360M) 27.669ms
[1051.988s] GC(2580) Pause Young (Normal) (G1 Evacuation Pause) 13793M->12986M(15360M) 27.357ms
[1052.109s] GC(2581) Pause Young (Normal) (G1 Evacuation Pause) 13794M->12988M(15360M) 25.996ms
[1052.250s] GC(2582) Pause Young (Normal) (G1 Evacuation Pause) 13788M->12989M(15360M) 25.654ms
[1052.380s] GC(2583) Pause Young (Normal) (G1 Evacuation Pause) 13789M->12990M(15360M) 26.551ms
[1052.517s] GC(2584) Pause Young (Normal) (G1 Evacuation Pause) 13790M->12991M(15360M) 26.937ms
[1052.530s] GC(2430) Pause Cleanup 13063M->13063M(15360M) 4.229ms
[1052.544s] GC(2430) Concurrent Mark Cycle 20686.096ms
[1052.647s] GC(2585) Pause Young (Prepare Mixed) (G1 Evacuation Pause) 13791M->12993M(15360M) 23.726ms
[1052.832s] GC(2586) Pause Young (Mixed) (G1 Evacuation Pause) 13737M->12959M(15360M) 64.302ms
[1052.953s] GC(2587) Pause Young (Concurrent Start) (G1 Evacuation Pause) 13791M->12975M(15360M) 12.277ms
[1052.954s] GC(2588) Concurrent Mark Cycle
[1053.057s] GC(2589) Pause Young (Normal) (G1 Evacuation Pause) 13791M->12979M(15360M) 12.016ms
[1053.172s] GC(2590) Pause Young (Normal) (G1 Evacuation Pause) 13787M->12981M(15360M) 12.197ms
[1053.283s] GC(2591) Pause Young (Normal) (G1 Evacuation Pause) 13789M->12982M(15360M) 12.962ms
[1053.411s] GC(2592) Pause Young (Normal) (G1 Evacuation Pause) 13790M->12984M(15360M) 12.643ms
[1053.509s] GC(2593) Pause Young (Normal) (G1 Evacuation Pause) 13792M->12985M(15360M) 12.706ms
[1053.644s] GC(2594) Pause Young (Normal) (G1 Evacuation Pause) 13793M->12986M(15360M) 13.639ms
[1053.772s] GC(2595) Pause Young (Normal) (G1 Evacuation Pause) 13794M->12987M(15360M) 13.287ms
[1053.887s] GC(2596) Pause Young (Normal) (G1 Evacuation Pause) 13787M->12989M(15360M) 12.437ms
[1054.012s] GC(2597) Pause Young (Normal) (G1 Evacuation Pause) 13789M->12990M(15360M) 12.606ms
[1054.146s] GC(2598) Pause Young (Normal) (G1 Evacuation Pause) 13790M->12992M(15360M) 13.088ms
[1054.288s] GC(2599) Pause Young (Normal) (G1 Evacuation Pause) 13792M->12993M(15360M) 12.527ms
[1054.399s] GC(2600) Pause Young (Normal) (G1 Evacuation Pause) 13793M->12994M(15360M) 11.943ms
[1054.546s] GC(2601) Pause Young (Normal) (G1 Evacuation Pause) 13794M->12995M(15360M) 11.078ms
[1054.676s] GC(2602) Pause Young (Normal) (G1 Evacuation Pause) 13787M->12996M(15360M) 11.656ms
[1054.775s] GC(2603) Pause Young (Normal) (G1 Evacuation Pause) 13788M->12998M(15360M) 11.123ms
[1054.901s] GC(2604) Pause Young (Normal) (G1 Evacuation Pause) 13790M->12999M(15360M) 9.848ms
[1055.001s] GC(2605) Pause Young (Normal) (G1 Evacuation Pause) 13791M->13001M(15360M) 10.028ms
[1055.112s] GC(2606) Pause Young (Normal) (G1 Evacuation Pause) 13793M->13002M(15360M) 10.679ms
[1055.215s] GC(2607) Pause Young (Normal) (G1 Evacuation Pause) 13794M->13003M(15360M) 10.580ms
[1055.343s] GC(2608) Pause Young (Normal) (G1 Evacuation Pause) 13795M->13004M(15360M) 10.872ms
[1055.474s] GC(2609) Pause Young (Normal) (G1 Evacuation Pause) 13788M->13005M(15360M) 10.861ms
[1055.587s] GC(2610) Pause Young (Normal) (G1 Evacuation Pause) 13789M->13006M(15360M) 10.024ms
[1055.700s] GC(2611) Pause Young (Normal) (G1 Evacuation Pause) 13790M->13008M(15360M) 9.929ms
[1055.818s] GC(2612) Pause Young (Normal) (G1 Evacuation Pause) 13792M->13009M(15360M) 10.783ms
[1055.934s] GC(2613) Pause Young (Normal) (G1 Evacuation Pause) 13793M->13010M(15360M) 9.855ms
[1056.040s] GC(2614) Pause Young (Normal) (G1 Evacuation Pause) 13794M->13012M(15360M) 9.697ms
[1056.169s] GC(2615) Pause Young (Normal) (G1 Evacuation Pause) 13788M->13012M(15360M) 10.358ms
[1056.293s] GC(2616) Pause Young (Normal) (G1 Evacuation Pause) 13788M->13014M(15360M) 10.500ms
[1056.402s] GC(2617) Pause Young (Normal) (G1 Evacuation Pause) 13790M->13015M(15360M) 9.686ms
[1056.521s] GC(2618) Pause Young (Normal) (G1 Evacuation Pause) 13791M->13016M(15360M) 9.652ms
[1056.630s] GC(2619) Pause Young (Normal) (G1 Evacuation Pause) 13792M->13017M(15360M) 9.973ms
[1056.732s] GC(2620) Pause Young (Normal) (G1 Evacuation Pause) 13793M->13018M(15360M) 9.870ms
[1056.831s] GC(2621) Pause Young (Normal) (G1 Evacuation Pause) 13786M->13019M(15360M) 9.930ms
[1056.954s] GC(2622) Pause Young (Normal) (G1 Evacuation Pause) 13787M->13021M(15360M) 10.103ms
[1057.079s] GC(2623) Pause Young (Normal) (G1 Evacuation Pause) 13789M->13022M(15360M) 10.405ms
[1057.208s] GC(2624) Pause Young (Normal) (G1 Evacuation Pause) 13790M->13022M(15360M) 10.791ms
[1057.318s] GC(2625) Pause Young (Normal) (G1 Evacuation Pause) 13790M->13024M(15360M) 10.129ms
[1057.428s] GC(2626) Pause Young (Normal) (G1 Evacuation Pause) 13792M->13025M(15360M) 10.558ms
[1057.554s] GC(2627) Pause Young (Normal) (G1 Evacuation Pause) 13793M->13026M(15360M) 9.831ms
[1057.645s] GC(2628) Pause Young (Normal) (G1 Evacuation Pause) 13786M->13028M(15360M) 8.943ms
[1057.762s] GC(2629) Pause Young (Normal) (G1 Evacuation Pause) 13788M->13029M(15360M) 9.781ms
[1057.861s] GC(2630) Pause Young (Normal) (G1 Evacuation Pause) 13789M->13030M(15360M) 9.720ms
[1057.975s] GC(2631) Pause Young (Normal) (G1 Evacuation Pause) 13790M->13031M(15360M) 9.292ms
[1058.066s] GC(2632) Pause Young (Normal) (G1 Evacuation Pause) 13791M->13032M(15360M) 9.020ms
[1058.163s] GC(2633) Pause Young (Normal) (G1 Evacuation Pause) 13792M->13033M(15360M) 9.751ms
[1058.274s] GC(2634) Pause Young (Normal) (G1 Evacuation Pause) 13793M->13035M(15360M) 10.911ms
[1058.381s] GC(2635) Pause Young (Normal) (G1 Evacuation Pause) 13787M->13036M(15360M) 9.518ms
[1058.475s] GC(2636) Pause Young (Normal) (G1 Evacuation Pause) 13788M->13037M(15360M) 9.211ms
[1058.584s] GC(2637) Pause Young (Normal) (G1 Evacuation Pause) 13789M->13038M(15360M) 9.373ms
[1058.705s] GC(2638) Pause Young (Normal) (G1 Evacuation Pause) 13790M->13039M(15360M) 9.605ms
[1058.802s] GC(2639) Pause Young (Normal) (G1 Evacuation Pause) 13791M->13040M(15360M) 9.171ms
[1058.913s] GC(2640) Pause Young (Normal) (G1 Evacuation Pause) 13792M->13042M(15360M) 9.505ms
[1059.022s] GC(2641) Pause Young (Normal) (G1 Evacuation Pause) 13794M->13043M(15360M) 10.242ms
[1059.129s] GC(2642) Pause Young (Normal) (G1 Evacuation Pause) 13787M->13044M(15360M) 9.578ms
[1059.230s] GC(2643) Pause Young (Normal) (G1 Evacuation Pause) 13788M->13045M(15360M) 8.738ms
[1059.338s] GC(2644) Pause Young (Normal) (G1 Evacuation Pause) 13789M->13046M(15360M) 9.456ms
[1059.438s] GC(2645) Pause Young (Normal) (G1 Evacuation Pause) 13790M->13047M(15360M) 9.110ms
[1059.538s] GC(2646) Pause Young (Normal) (G1 Evacuation Pause) 13791M->13048M(15360M) 9.442ms
[1059.641s] GC(2647) Pause Young (Normal) (G1 Evacuation Pause) 13792M->13049M(15360M) 9.168ms
[1059.759s] GC(2648) Pause Young (Normal) (G1 Evacuation Pause) 13793M->13051M(15360M) 10.658ms
[1059.856s] GC(2649) Pause Young (Normal) (G1 Evacuation Pause) 13795M->13052M(15360M) 9.454ms
[1059.955s] GC(2650) Pause Young (Normal) (G1 Evacuation Pause) 13796M->13053M(15360M) 9.653ms
[1060.070s] GC(2651) Pause Young (Normal) (G1 Evacuation Pause) 13797M->13054M(15360M) 9.135ms
[1060.170s] GC(2652) Pause Young (Normal) (G1 Evacuation Pause) 13798M->13055M(15360M) 9.329ms
[1060.287s] GC(2653) Pause Young (Normal) (G1 Evacuation Pause) 13799M->13056M(15360M) 10.389ms
[1060.380s] GC(2654) Pause Young (Normal) (G1 Evacuation Pause) 13800M->13058M(15360M) 8.969ms
[1060.490s] GC(2655) Pause Young (Normal) (G1 Evacuation Pause) 13802M->13059M(15360M) 9.925ms
[1060.587s] GC(2656) Pause Young (Normal) (G1 Evacuation Pause) 13803M->13060M(15360M) 9.614ms
[1060.704s] GC(2657) Pause Young (Normal) (G1 Evacuation Pause) 13804M->13061M(15360M) 9.270ms
[1060.796s] GC(2658) Pause Young (Normal) (G1 Evacuation Pause) 13805M->13062M(15360M) 9.140ms
[1060.920s] GC(2659) Pause Young (Normal) (G1 Evacuation Pause) 13806M->13063M(15360M) 9.067ms
[1061.028s] GC(2660) Pause Young (Normal) (G1 Evacuation Pause) 13807M->13064M(15360M) 9.548ms
[1061.139s] GC(2661) Pause Young (Normal) (G1 Evacuation Pause) 13808M->13065M(15360M) 8.835ms
[1061.232s] GC(2662) Pause Young (Normal) (G1 Evacuation Pause) 13809M->13066M(15360M) 8.735ms
[1061.343s] GC(2663) Pause Young (Normal) (G1 Evacuation Pause) 13810M->13067M(15360M) 9.777ms
[1061.438s] GC(2664) Pause Young (Normal) (G1 Evacuation Pause) 13811M->13068M(15360M) 9.133ms
[1061.544s] GC(2665) Pause Young (Normal) (G1 Evacuation Pause) 13812M->13070M(15360M) 8.770ms
[1061.650s] GC(2666) Pause Young (Normal) (G1 Evacuation Pause) 13814M->13071M(15360M) 9.171ms
[1061.747s] GC(2667) Pause Young (Normal) (G1 Evacuation Pause) 13815M->13072M(15360M) 9.336ms
[1061.856s] GC(2668) Pause Young (Normal) (G1 Evacuation Pause) 13816M->13073M(15360M) 12.211ms
[1061.952s] GC(2669) Pause Young (Normal) (G1 Evacuation Pause) 13817M->13074M(15360M) 9.846ms
[1062.070s] GC(2670) Pause Young (Normal) (G1 Evacuation Pause) 13818M->13075M(15360M) 10.978ms
[1062.174s] GC(2671) Pause Young (Normal) (G1 Evacuation Pause) 13819M->13076M(15360M) 11.433ms
[1062.299s] GC(2672) Pause Young (Normal) (G1 Evacuation Pause) 13820M->13078M(15360M) 10.430ms
[1062.389s] GC(2673) Pause Young (Normal) (G1 Evacuation Pause) 13822M->13079M(15360M) 9.720ms
[1062.502s] GC(2674) Pause Young (Normal) (G1 Evacuation Pause) 13823M->13080M(15360M) 11.066ms
[1062.604s] GC(2675) Pause Young (Normal) (G1 Evacuation Pause) 13824M->13081M(15360M) 10.783ms
[1062.723s] GC(2676) Pause Young (Normal) (G1 Evacuation Pause) 13825M->13082M(15360M) 10.398ms
[1062.819s] GC(2677) Pause Young (Normal) (G1 Evacuation Pause) 13826M->13083M(15360M) 9.431ms
[1062.948s] GC(2678) Pause Young (Normal) (G1 Evacuation Pause) 13827M->13085M(15360M) 11.619ms
[1063.048s] GC(2679) Pause Young (Normal) (G1 Evacuation Pause) 13829M->13086M(15360M) 11.613ms
[1063.158s] GC(2680) Pause Young (Normal) (G1 Evacuation Pause) 13830M->13087M(15360M) 11.463ms
[1063.258s] GC(2681) Pause Young (Normal) (G1 Evacuation Pause) 13831M->13087M(15360M) 11.553ms
[1063.366s] GC(2682) Pause Young (Normal) (G1 Evacuation Pause) 13831M->13090M(15360M) 11.834ms
[1063.477s] GC(2683) Pause Young (Normal) (G1 Evacuation Pause) 13834M->13090M(15360M) 11.396ms
[1063.572s] GC(2684) Pause Young (Normal) (G1 Evacuation Pause) 13834M->13091M(15360M) 10.753ms
[1063.679s] GC(2685) Pause Young (Normal) (G1 Evacuation Pause) 13835M->13092M(15360M) 10.729ms
[1063.776s] GC(2686) Pause Young (Normal) (G1 Evacuation Pause) 13836M->13093M(15360M) 10.722ms
[1063.879s] GC(2687) Pause Young (Normal) (G1 Evacuation Pause) 13837M->13094M(15360M) 11.045ms
[1063.965s] GC(2688) Pause Young (Normal) (G1 Evacuation Pause) 13838M->13095M(15360M) 9.011ms
[1064.089s] GC(2689) Pause Young (Normal) (G1 Evacuation Pause) 13839M->13097M(15360M) 10.168ms
[1064.186s] GC(2690) Pause Young (Normal) (G1 Evacuation Pause) 13841M->13099M(15360M) 9.607ms
[1064.298s] GC(2691) Pause Young (Normal) (G1 Evacuation Pause) 13843M->13099M(15360M) 10.720ms
[1064.386s] GC(2692) Pause Young (Normal) (G1 Evacuation Pause) 13843M->13100M(15360M) 10.549ms
[1064.500s] GC(2693) Pause Young (Normal) (G1 Evacuation Pause) 13844M->13102M(15360M) 10.524ms
[1064.613s] GC(2694) Pause Young (Normal) (G1 Evacuation Pause) 13846M->13102M(15360M) 12.218ms
[1064.715s] GC(2695) Pause Young (Normal) (G1 Evacuation Pause) 13846M->13104M(15360M) 10.726ms
[1064.805s] GC(2696) Pause Young (Normal) (G1 Evacuation Pause) 13848M->13105M(15360M) 10.557ms
[1064.922s] GC(2697) Pause Young (Normal) (G1 Evacuation Pause) 13849M->13106M(15360M) 12.455ms
[1065.027s] GC(2698) Pause Young (Normal) (G1 Evacuation Pause) 13850M->13107M(15360M) 11.879ms
[1065.125s] GC(2699) Pause Young (Normal) (G1 Evacuation Pause) 13851M->13109M(15360M) 11.176ms
[1065.243s] GC(2700) Pause Young (Normal) (G1 Evacuation Pause) 13853M->13110M(15360M) 11.474ms
[1065.352s] GC(2701) Pause Young (Normal) (G1 Evacuation Pause) 13854M->13111M(15360M) 12.133ms
[1065.477s] GC(2702) Pause Young (Normal) (G1 Evacuation Pause) 13855M->13111M(15360M) 10.904ms
[1065.575s] GC(2703) Pause Young (Normal) (G1 Evacuation Pause) 13855M->13113M(15360M) 10.917ms
[1065.659s] GC(2588) Pause Remark 13736M->13736M(15360M) 1.989ms
[1065.685s] GC(2704) Pause Young (Normal) (G1 Evacuation Pause) 13857M->13114M(15360M) 11.315ms
[1065.801s] GC(2705) Pause Young (Normal) (G1 Evacuation Pause) 13858M->13115M(15360M) 12.291ms
[1065.931s] GC(2706) Pause Young (Normal) (G1 Evacuation Pause) 13859M->13116M(15360M) 12.175ms
[1066.030s] GC(2707) Pause Young (Normal) (G1 Evacuation Pause) 13860M->13117M(15360M) 12.651ms
[1066.149s] GC(2708) Pause Young (Normal) (G1 Evacuation Pause) 13861M->13119M(15360M) 14.542ms
[1066.256s] GC(2709) Pause Young (Normal) (G1 Evacuation Pause) 13863M->13120M(15360M) 15.264ms
[1066.370s] GC(2710) Pause Young (Normal) (G1 Evacuation Pause) 13864M->13121M(15360M) 15.545ms
[1066.473s] GC(2711) Pause Young (Normal) (G1 Evacuation Pause) 13865M->13122M(15360M) 14.714ms
[1066.604s] GC(2712) Pause Young (Normal) (G1 Evacuation Pause) 13866M->13123M(15360M) 16.877ms
[1066.741s] GC(2713) Pause Young (Normal) (G1 Evacuation Pause) 13867M->13124M(15360M) 16.319ms
[1066.843s] GC(2714) Pause Young (Normal) (G1 Evacuation Pause) 13868M->13126M(15360M) 17.272ms
[1066.977s] GC(2715) Pause Young (Normal) (G1 Evacuation Pause) 13870M->13127M(15360M) 16.110ms
[1067.087s] GC(2716) Pause Young (Normal) (G1 Evacuation Pause) 13871M->13127M(15360M) 16.892ms
[1067.203s] GC(2717) Pause Young (Normal) (G1 Evacuation Pause) 13871M->13129M(15360M) 18.078ms
[1067.304s] GC(2718) Pause Young (Normal) (G1 Evacuation Pause) 13873M->13129M(15360M) 16.863ms
[1067.422s] GC(2719) Pause Young (Normal) (G1 Evacuation Pause) 13873M->13131M(15360M) 18.601ms
[1067.532s] GC(2720) Pause Young (Normal) (G1 Evacuation Pause) 13875M->13133M(15360M) 18.964ms
[1067.654s] GC(2721) Pause Young (Normal) (G1 Evacuation Pause) 13877M->13133M(15360M) 20.027ms
[1067.753s] GC(2722) Pause Young (Normal) (G1 Evacuation Pause) 13877M->13134M(15360M) 18.526ms
[1067.874s] GC(2723) Pause Young (Normal) (G1 Evacuation Pause) 13878M->13135M(15360M) 20.782ms
[1067.992s] GC(2724) Pause Young (Normal) (G1 Evacuation Pause) 13879M->13136M(15360M) 21.659ms
[1068.103s] GC(2725) Pause Young (Normal) (G1 Evacuation Pause) 13880M->13137M(15360M) 20.457ms
[1068.209s] GC(2726) Pause Young (Normal) (G1 Evacuation Pause) 13881M->13138M(15360M) 20.302ms
[1068.349s] GC(2727) Pause Young (Normal) (G1 Evacuation Pause) 13882M->13139M(15360M) 21.750ms
[1068.462s] GC(2728) Pause Young (Normal) (G1 Evacuation Pause) 13883M->13140M(15360M) 22.487ms
[1068.588s] GC(2729) Pause Young (Normal) (G1 Evacuation Pause) 13884M->13142M(15360M) 22.947ms
[1068.715s] GC(2730) Pause Young (Normal) (G1 Evacuation Pause) 13886M->13143M(15360M) 24.315ms
[1068.832s] GC(2731) Pause Young (Normal) (G1 Evacuation Pause) 13887M->13144M(15360M) 23.626ms
[1068.962s] GC(2732) Pause Young (Normal) (G1 Evacuation Pause) 13888M->13145M(15360M) 23.682ms
[1069.073s] GC(2733) Pause Young (Normal) (G1 Evacuation Pause) 13889M->13146M(15360M) 23.582ms
[1069.201s] GC(2734) Pause Young (Normal) (G1 Evacuation Pause) 13890M->13147M(15360M) 26.295ms
[1069.311s] GC(2735) Pause Young (Normal) (G1 Evacuation Pause) 13891M->13149M(15360M) 24.968ms
[1069.447s] GC(2736) Pause Young (Normal) (G1 Evacuation Pause) 13893M->13149M(15360M) 25.198ms
[1069.557s] GC(2737) Pause Young (Normal) (G1 Evacuation Pause) 13893M->13151M(15360M) 25.961ms
[1069.682s] GC(2738) Pause Young (Normal) (G1 Evacuation Pause) 13895M->13152M(15360M) 25.834ms
[1069.798s] GC(2739) Pause Young (Normal) (G1 Evacuation Pause) 13896M->13153M(15360M) 27.227ms
[1069.931s] GC(2740) Pause Young (Normal) (G1 Evacuation Pause) 13897M->13154M(15360M) 26.379ms
[1070.050s] GC(2741) Pause Young (Normal) (G1 Evacuation Pause) 13898M->13155M(15360M) 26.735ms
[1070.189s] GC(2742) Pause Young (Normal) (G1 Evacuation Pause) 13899M->13156M(15360M) 25.396ms
[1070.308s] GC(2743) Pause Young (Normal) (G1 Evacuation Pause) 13900M->13157M(15360M) 26.005ms
[1070.426s] GC(2744) Pause Young (Normal) (G1 Evacuation Pause) 13901M->13158M(15360M) 24.921ms
[1070.555s] GC(2745) Pause Young (Normal) (G1 Evacuation Pause) 13902M->13159M(15360M) 25.385ms
[1070.672s] GC(2746) Pause Young (Normal) (G1 Evacuation Pause) 13903M->13161M(15360M) 26.147ms
[1070.808s] GC(2747) Pause Young (Normal) (G1 Evacuation Pause) 13905M->13161M(15360M) 27.124ms
[1070.925s] GC(2748) Pause Young (Normal) (G1 Evacuation Pause) 13905M->13163M(15360M) 25.838ms
[1071.054s] GC(2749) Pause Young (Normal) (G1 Evacuation Pause) 13907M->13164M(15360M) 25.611ms
[1071.173s] GC(2750) Pause Young (Normal) (G1 Evacuation Pause) 13908M->13165M(15360M) 26.074ms
[1071.298s] GC(2751) Pause Young (Normal) (G1 Evacuation Pause) 13909M->13166M(15360M) 27.394ms
[1071.415s] GC(2752) Pause Young (Normal) (G1 Evacuation Pause) 13910M->13167M(15360M) 24.958ms
[1071.551s] GC(2753) Pause Young (Normal) (G1 Evacuation Pause) 13911M->13168M(15360M) 25.654ms
[1071.684s] GC(2754) Pause Young (Normal) (G1 Evacuation Pause) 13912M->13169M(15360M) 26.028ms
[1071.825s] GC(2755) Pause Young (Normal) (G1 Evacuation Pause) 13913M->13171M(15360M) 26.629ms
[1071.934s] GC(2756) Pause Young (Normal) (G1 Evacuation Pause) 13915M->13171M(15360M) 26.432ms
[1072.075s] GC(2757) Pause Young (Normal) (G1 Evacuation Pause) 13915M->13173M(15360M) 27.342ms
[1072.204s] GC(2758) Pause Young (Normal) (G1 Evacuation Pause) 13917M->13173M(15360M) 26.742ms
[1072.344s] GC(2759) Pause Young (Normal) (G1 Evacuation Pause) 13917M->13175M(15360M) 27.561ms
[1072.475s] GC(2760) Pause Young (Normal) (G1 Evacuation Pause) 13919M->13175M(15360M) 24.940ms
[1072.602s] GC(2761) Pause Young (Normal) (G1 Evacuation Pause) 13919M->13177M(15360M) 25.762ms
[1072.725s] GC(2762) Pause Young (Normal) (G1 Evacuation Pause) 13921M->13178M(15360M) 26.698ms
[1072.847s] GC(2763) Pause Young (Normal) (G1 Evacuation Pause) 13922M->13179M(15360M) 27.018ms
[1072.972s] GC(2764) Pause Young (Normal) (G1 Evacuation Pause) 13923M->13180M(15360M) 23.129ms
[1073.087s] GC(2765) Pause Young (Normal) (G1 Evacuation Pause) 13924M->13181M(15360M) 25.944ms
[1073.213s] GC(2766) Pause Young (Normal) (G1 Evacuation Pause) 13925M->13182M(15360M) 24.733ms
[1073.333s] GC(2767) Pause Young (Normal) (G1 Evacuation Pause) 13926M->13183M(15360M) 24.806ms
[1073.469s] GC(2768) Pause Young (Normal) (G1 Evacuation Pause) 13927M->13185M(15360M) 26.994ms
[1073.589s] GC(2769) Pause Young (Normal) (G1 Evacuation Pause) 13929M->13186M(15360M) 24.858ms
[1073.722s] GC(2770) Pause Young (Normal) (G1 Evacuation Pause) 13930M->13187M(15360M) 27.519ms
[1073.839s] GC(2771) Pause Young (Normal) (G1 Evacuation Pause) 13931M->13187M(15360M) 25.045ms
[1073.971s] GC(2772) Pause Young (Normal) (G1 Evacuation Pause) 13931M->13189M(15360M) 26.596ms
[1074.093s] GC(2773) Pause Young (Normal) (G1 Evacuation Pause) 13933M->13189M(15360M) 23.667ms
[1074.228s] GC(2774) Pause Young (Normal) (G1 Evacuation Pause) 13933M->13191M(15360M) 24.958ms
[1074.345s] GC(2775) Pause Young (Normal) (G1 Evacuation Pause) 13935M->13192M(15360M) 23.345ms
[1074.435s] GC(2588) Pause Cleanup 13728M->13728M(15360M) 4.210ms
[1074.450s] GC(2588) Concurrent Mark Cycle 21496.083ms
[1074.487s] GC(2776) Pause Young (Prepare Mixed) (G1 Evacuation Pause) 13936M->13193M(15360M) 22.739ms
[1074.650s] GC(2777) Pause Young (Mixed) (G1 Evacuation Pause) 13937M->13173M(15360M) 62.521ms
[1074.751s] GC(2778) Pause Young (Concurrent Start) (G1 Evacuation Pause) 13917M->13185M(15360M) 11.076ms
[1074.751s] GC(2779) Concurrent Mark Cycle
[1074.868s] GC(2780) Pause Young (Normal) (G1 Evacuation Pause) 13929M->13190M(15360M) 11.393ms
[1074.985s] GC(2781) Pause Young (Normal) (G1 Evacuation Pause) 13934M->13192M(15360M) 11.116ms
[1075.098s] GC(2782) Pause Young (Normal) (G1 Evacuation Pause) 13936M->13192M(15360M) 11.171ms
[1075.205s] GC(2783) Pause Young (Normal) (G1 Evacuation Pause) 13936M->13193M(15360M) 10.325ms
[1075.337s] GC(2784) Pause Young (Normal) (G1 Evacuation Pause) 13937M->13195M(15360M) 10.858ms
[1075.453s] GC(2785) Pause Young (Normal) (G1 Evacuation Pause) 13939M->13196M(15360M) 11.117ms
[1075.574s] GC(2786) Pause Young (Normal) (G1 Evacuation Pause) 13940M->13197M(15360M) 10.408ms
[1075.674s] GC(2787) Pause Young (Normal) (G1 Evacuation Pause) 13941M->13198M(15360M) 9.733ms
[1075.786s] GC(2788) Pause Young (Normal) (G1 Evacuation Pause) 13942M->13199M(15360M) 10.088ms
[1075.879s] GC(2789) Pause Young (Normal) (G1 Evacuation Pause) 13943M->13200M(15360M) 10.674ms
[1075.990s] GC(2790) Pause Young (Normal) (G1 Evacuation Pause) 13944M->13201M(15360M) 10.300ms
[1076.084s] GC(2791) Pause Young (Normal) (G1 Evacuation Pause) 13945M->13203M(15360M) 10.112ms
[1076.206s] GC(2792) Pause Young (Normal) (G1 Evacuation Pause) 13947M->13204M(15360M) 10.141ms
[1076.309s] GC(2793) Pause Young (Normal) (G1 Evacuation Pause) 13948M->13205M(15360M) 11.111ms
[1076.422s] GC(2794) Pause Young (Normal) (G1 Evacuation Pause) 13949M->13206M(15360M) 10.176ms
[1076.534s] GC(2795) Pause Young (Normal) (G1 Evacuation Pause) 13950M->13207M(15360M) 10.506ms
[1076.634s] GC(2796) Pause Young (Normal) (G1 Evacuation Pause) 13951M->13208M(15360M) 11.246ms
[1076.754s] GC(2797) Pause Young (Normal) (G1 Evacuation Pause) 13952M->13209M(15360M) 12.116ms
[1076.860s] GC(2798) Pause Young (Normal) (G1 Evacuation Pause) 13953M->13210M(15360M) 10.463ms
[1076.975s] GC(2799) Pause Young (Normal) (G1 Evacuation Pause) 13954M->13212M(15360M) 10.633ms
[1077.089s] GC(2800) Pause Young (Normal) (G1 Evacuation Pause) 13956M->13212M(15360M) 11.320ms
[1077.215s] GC(2801) Pause Young (Normal) (G1 Evacuation Pause) 13956M->13214M(15360M) 10.853ms
[1077.319s] GC(2802) Pause Young (Normal) (G1 Evacuation Pause) 13958M->13215M(15360M) 10.026ms
[1077.431s] GC(2803) Pause Young (Normal) (G1 Evacuation Pause) 13959M->13216M(15360M) 10.794ms
[1077.541s] GC(2804) Pause Young (Normal) (G1 Evacuation Pause) 13960M->13217M(15360M) 9.768ms
[1077.670s] GC(2805) Pause Young (Normal) (G1 Evacuation Pause) 13961M->13218M(15360M) 9.907ms
[1077.759s] GC(2806) Pause Young (Normal) (G1 Evacuation Pause) 13962M->13219M(15360M) 9.104ms
[1077.870s] GC(2807) Pause Young (Normal) (G1 Evacuation Pause) 13963M->13220M(15360M) 10.090ms
[1077.974s] GC(2808) Pause Young (Normal) (G1 Evacuation Pause) 13964M->13221M(15360M) 9.153ms
[1078.098s] GC(2809) Pause Young (Normal) (G1 Evacuation Pause) 13965M->13222M(15360M) 8.650ms
[1078.195s] GC(2810) Pause Young (Normal) (G1 Evacuation Pause) 13966M->13223M(15360M) 8.793ms
[1078.318s] GC(2811) Pause Young (Normal) (G1 Evacuation Pause) 13967M->13224M(15360M) 9.003ms
[1078.422s] GC(2812) Pause Young (Normal) (G1 Evacuation Pause) 13968M->13226M(15360M) 9.322ms
[1078.515s] GC(2813) Pause Young (Normal) (G1 Evacuation Pause) 13970M->13226M(15360M) 8.977ms
[1078.637s] GC(2814) Pause Young (Normal) (G1 Evacuation Pause) 13970M->13228M(15360M) 9.564ms
[1078.750s] GC(2815) Pause Young (Normal) (G1 Evacuation Pause) 13972M->13228M(15360M) 9.684ms
[1078.863s] GC(2816) Pause Young (Normal) (G1 Evacuation Pause) 13980M->13230M(15360M) 9.833ms
[1078.966s] GC(2817) Pause Young (Normal) (G1 Evacuation Pause) 13974M->13231M(15360M) 9.539ms
[1079.082s] GC(2818) Pause Young (Normal) (G1 Evacuation Pause) 13975M->13232M(15360M) 10.630ms
[1079.187s] GC(2819) Pause Young (Normal) (G1 Evacuation Pause) 13976M->13233M(15360M) 10.671ms
[1079.301s] GC(2820) Pause Young (Normal) (G1 Evacuation Pause) 13977M->13234M(15360M) 9.582ms
[1079.397s] GC(2821) Pause Young (Normal) (G1 Evacuation Pause) 13978M->13235M(15360M) 9.341ms
[1079.496s] GC(2822) Pause Young (Normal) (G1 Evacuation Pause) 13979M->13237M(15360M) 9.824ms
[1079.593s] GC(2823) Pause Young (Normal) (G1 Evacuation Pause) 13981M->13237M(15360M) 9.829ms
[1079.705s] GC(2824) Pause Young (Normal) (G1 Evacuation Pause) 13981M->13239M(15360M) 9.130ms
[1079.798s] GC(2825) Pause Young (Normal) (G1 Evacuation Pause) 13983M->13240M(15360M) 9.456ms
[1079.932s] GC(2826) Pause Young (Normal) (G1 Evacuation Pause) 13984M->13241M(15360M) 9.687ms
[1080.033s] GC(2827) Pause Young (Normal) (G1 Evacuation Pause) 13985M->13242M(15360M) 10.021ms
[1080.153s] GC(2828) Pause Young (Normal) (G1 Evacuation Pause) 13986M->13243M(15360M) 9.236ms
[1080.261s] GC(2829) Pause Young (Normal) (G1 Evacuation Pause) 13987M->13244M(15360M) 9.399ms
[1080.366s] GC(2830) Pause Young (Normal) (G1 Evacuation Pause) 13988M->13245M(15360M) 9.620ms
[1080.477s] GC(2831) Pause Young (Normal) (G1 Evacuation Pause) 13989M->13246M(15360M) 9.422ms
[1080.578s] GC(2832) Pause Young (Normal) (G1 Evacuation Pause) 13990M->13247M(15360M) 8.993ms
[1080.691s] GC(2833) Pause Young (Normal) (G1 Evacuation Pause) 13991M->13249M(15360M) 10.084ms
[1080.790s] GC(2834) Pause Young (Normal) (G1 Evacuation Pause) 13993M->13250M(15360M) 9.681ms
[1080.905s] GC(2835) Pause Young (Normal) (G1 Evacuation Pause) 13994M->13251M(15360M) 9.366ms
[1080.999s] GC(2836) Pause Young (Normal) (G1 Evacuation Pause) 13995M->13252M(15360M) 9.676ms
[1081.112s] GC(2837) Pause Young (Normal) (G1 Evacuation Pause) 13996M->13253M(15360M) 10.883ms
[1081.209s] GC(2838) Pause Young (Normal) (G1 Evacuation Pause) 13997M->13254M(15360M) 10.583ms
[1081.322s] GC(2839) Pause Young (Normal) (G1 Evacuation Pause) 13998M->13255M(15360M) 10.794ms
[1081.414s] GC(2840) Pause Young (Normal) (G1 Evacuation Pause) 13999M->13256M(15360M) 10.551ms
[1081.521s] GC(2841) Pause Young (Normal) (G1 Evacuation Pause) 14000M->13258M(15360M) 11.406ms
[1081.626s] GC(2842) Pause Young (Normal) (G1 Evacuation Pause) 14002M->13258M(15360M) 11.409ms
[1081.733s] GC(2843) Pause Young (Normal) (G1 Evacuation Pause) 14002M->13259M(15360M) 10.164ms
[1081.827s] GC(2844) Pause Young (Normal) (G1 Evacuation Pause) 14003M->13261M(15360M) 9.924ms
[1081.942s] GC(2845) Pause Young (Normal) (G1 Evacuation Pause) 14005M->13262M(15360M) 10.533ms
[1082.054s] GC(2846) Pause Young (Normal) (G1 Evacuation Pause) 14006M->13263M(15360M) 11.369ms
[1082.154s] GC(2847) Pause Young (Normal) (G1 Evacuation Pause) 14007M->13264M(15360M) 10.362ms
[1082.252s] GC(2848) Pause Young (Normal) (G1 Evacuation Pause) 14008M->13265M(15360M) 10.188ms
[1082.361s] GC(2849) Pause Young (Normal) (G1 Evacuation Pause) 14009M->13266M(15360M) 11.127ms
[1082.466s] GC(2850) Pause Young (Normal) (G1 Evacuation Pause) 14010M->13267M(15360M) 10.701ms
[1082.553s] GC(2851) Pause Young (Normal) (G1 Evacuation Pause) 14011M->13269M(15360M) 10.038ms
[1082.667s] GC(2852) Pause Young (Normal) (G1 Evacuation Pause) 14013M->13269M(15360M) 10.163ms
[1082.759s] GC(2853) Pause Young (Normal) (G1 Evacuation Pause) 14013M->13271M(15360M) 10.210ms
[1082.867s] GC(2854) Pause Young (Normal) (G1 Evacuation Pause) 14015M->13272M(15360M) 10.175ms
[1082.954s] GC(2855) Pause Young (Normal) (G1 Evacuation Pause) 14016M->13273M(15360M) 9.109ms
[1083.065s] GC(2856) Pause Young (Normal) (G1 Evacuation Pause) 14017M->13274M(15360M) 9.991ms
[1083.152s] GC(2857) Pause Young (Normal) (G1 Evacuation Pause) 14018M->13275M(15360M) 9.687ms
[1083.258s] GC(2858) Pause Young (Normal) (G1 Evacuation Pause) 14019M->13276M(15360M) 10.105ms
[1083.343s] GC(2859) Pause Young (Normal) (G1 Evacuation Pause) 14020M->13277M(15360M) 9.535ms
[1083.454s] GC(2860) Pause Young (Normal) (G1 Evacuation Pause) 14021M->13278M(15360M) 10.228ms
[1083.545s] GC(2861) Pause Young (Normal) (G1 Evacuation Pause) 14022M->13279M(15360M) 10.849ms
[1083.637s] GC(2862) Pause Young (Normal) (G1 Evacuation Pause) 14023M->13280M(15360M) 10.021ms
[1083.734s] GC(2863) Pause Young (Normal) (G1 Evacuation Pause) 14024M->13282M(15360M) 9.809ms
[1083.839s] GC(2864) Pause Young (Normal) (G1 Evacuation Pause) 14026M->13283M(15360M) 10.544ms
[1083.949s] GC(2865) Pause Young (Normal) (G1 Evacuation Pause) 14027M->13284M(15360M) 10.725ms
[1084.040s] GC(2866) Pause Young (Normal) (G1 Evacuation Pause) 14028M->13285M(15360M) 9.397ms
[1084.165s] GC(2867) Pause Young (Normal) (G1 Evacuation Pause) 14029M->13286M(15360M) 10.171ms
[1084.255s] GC(2868) Pause Young (Normal) (G1 Evacuation Pause) 14030M->13287M(15360M) 9.754ms
[1084.360s] GC(2869) Pause Young (Normal) (G1 Evacuation Pause) 14031M->13288M(15360M) 9.891ms
[1084.437s] GC(2870) Pause Young (Normal) (G1 Evacuation Pause) 14032M->13289M(15360M) 9.537ms
[1084.542s] GC(2871) Pause Young (Normal) (G1 Evacuation Pause) 14033M->13290M(15360M) 10.624ms
[1084.620s] GC(2872) Pause Young (Normal) (G1 Evacuation Pause) 14034M->13291M(15360M) 10.356ms
[1084.699s] GC(2873) Pause Young (Normal) (G1 Evacuation Pause) 14035M->13292M(15360M) 9.697ms
[1084.772s] GC(2874) Pause Young (Normal) (G1 Evacuation Pause) 14036M->13293M(15360M) 10.053ms
[1084.879s] GC(2875) Pause Young (Normal) (G1 Evacuation Pause) 14037M->13294M(15360M) 9.912ms
[1084.975s] GC(2876) Pause Young (Normal) (G1 Evacuation Pause) 14038M->13296M(15360M) 10.325ms
[1085.078s] GC(2877) Pause Young (Normal) (G1 Evacuation Pause) 14040M->13296M(15360M) 10.170ms
[1085.165s] GC(2878) Pause Young (Normal) (G1 Evacuation Pause) 14040M->13298M(15360M) 9.714ms
[1085.270s] GC(2879) Pause Young (Normal) (G1 Evacuation Pause) 14042M->13299M(15360M) 10.159ms
[1085.370s] GC(2880) Pause Young (Normal) (G1 Evacuation Pause) 14043M->13300M(15360M) 10.294ms
[1085.484s] GC(2881) Pause Young (Normal) (G1 Evacuation Pause) 14044M->13301M(15360M) 9.512ms
[1085.594s] GC(2882) Pause Young (Normal) (G1 Evacuation Pause) 14045M->13302M(15360M) 9.662ms
[1085.693s] GC(2883) Pause Young (Normal) (G1 Evacuation Pause) 14046M->13303M(15360M) 11.087ms
[1085.809s] GC(2884) Pause Young (Normal) (G1 Evacuation Pause) 14047M->13304M(15360M) 11.782ms
[1085.890s] GC(2885) Pause Young (Normal) (G1 Evacuation Pause) 14048M->13305M(15360M) 9.876ms
[1085.993s] GC(2886) Pause Young (Normal) (G1 Evacuation Pause) 14049M->13306M(15360M) 10.891ms
[1086.092s] GC(2887) Pause Young (Normal) (G1 Evacuation Pause) 14050M->13307M(15360M) 11.038ms
[1086.212s] GC(2888) Pause Young (Normal) (G1 Evacuation Pause) 14051M->13308M(15360M) 10.978ms
[1086.303s] GC(2889) Pause Young (Normal) (G1 Evacuation Pause) 14052M->13309M(15360M) 9.813ms
[1086.411s] GC(2890) Pause Young (Normal) (G1 Evacuation Pause) 14053M->13311M(15360M) 10.492ms
[1086.512s] GC(2891) Pause Young (Normal) (G1 Evacuation Pause) 14055M->13311M(15360M) 9.941ms
[1086.625s] GC(2892) Pause Young (Normal) (G1 Evacuation Pause) 14055M->13313M(15360M) 10.039ms
[1086.714s] GC(2893) Pause Young (Normal) (G1 Evacuation Pause) 14057M->13313M(15360M) 9.911ms
[1086.838s] GC(2894) Pause Young (Normal) (G1 Evacuation Pause) 14057M->13315M(15360M) 11.269ms
[1086.956s] GC(2895) Pause Young (Normal) (G1 Evacuation Pause) 14059M->13315M(15360M) 9.509ms
[1087.069s] GC(2896) Pause Young (Normal) (G1 Evacuation Pause) 14059M->13316M(15360M) 10.111ms
[1087.162s] GC(2897) Pause Young (Normal) (G1 Evacuation Pause) 14068M->13318M(15360M) 9.732ms
[1087.294s] GC(2898) Pause Young (Normal) (G1 Evacuation Pause) 14062M->13319M(15360M) 11.737ms
[1087.398s] GC(2899) Pause Young (Normal) (G1 Evacuation Pause) 14063M->13319M(15360M) 10.433ms
[1087.499s] GC(2900) Pause Young (Normal) (G1 Evacuation Pause) 14063M->13320M(15360M) 9.567ms
[1087.602s] GC(2901) Pause Young (Normal) (G1 Evacuation Pause) 14072M->13322M(15360M) 9.798ms
[1087.703s] GC(2902) Pause Young (Normal) (G1 Evacuation Pause) 14066M->13323M(15360M) 11.037ms
[1087.818s] GC(2903) Pause Young (Normal) (G1 Evacuation Pause) 14067M->13324M(15360M) 11.675ms
[1087.914s] GC(2904) Pause Young (Normal) (G1 Evacuation Pause) 14068M->13325M(15360M) 10.064ms
[1088.017s] GC(2905) Pause Young (Normal) (G1 Evacuation Pause) 14069M->13327M(15360M) 9.760ms
[1088.099s] GC(2906) Pause Young (Normal) (G1 Evacuation Pause) 14071M->13327M(15360M) 11.412ms
[1088.128s] GC(2779) Pause Remark 13602M->13602M(15360M) 1.467ms
[1088.198s] GC(2907) Pause Young (Normal) (G1 Evacuation Pause) 14071M->13329M(15360M) 11.499ms
[1088.283s] GC(2908) Pause Young (Normal) (G1 Evacuation Pause) 14073M->13330M(15360M) 11.009ms
[1088.388s] GC(2909) Pause Young (Normal) (G1 Evacuation Pause) 14074M->13330M(15360M) 12.316ms
[1088.494s] GC(2910) Pause Young (Normal) (G1 Evacuation Pause) 14074M->13331M(15360M) 12.210ms
[1088.596s] GC(2911) Pause Young (Normal) (G1 Evacuation Pause) 14075M->13333M(15360M) 12.929ms
[1088.687s] GC(2912) Pause Young (Normal) (G1 Evacuation Pause) 14077M->13334M(15360M) 12.498ms
[1088.807s] GC(2913) Pause Young (Normal) (G1 Evacuation Pause) 14078M->13335M(15360M) 13.155ms
[1088.905s] GC(2914) Pause Young (Normal) (G1 Evacuation Pause) 14079M->13336M(15360M) 14.014ms
[1089.009s] GC(2915) Pause Young (Normal) (G1 Evacuation Pause) 14080M->13337M(15360M) 13.187ms
[1089.111s] GC(2916) Pause Young (Normal) (G1 Evacuation Pause) 14081M->13338M(15360M) 13.544ms
[1089.243s] GC(2917) Pause Young (Normal) (G1 Evacuation Pause) 14082M->13339M(15360M) 14.642ms
[1089.361s] GC(2918) Pause Young (Normal) (G1 Evacuation Pause) 14083M->13340M(15360M) 15.356ms
[1089.459s] GC(2919) Pause Young (Normal) (G1 Evacuation Pause) 14084M->13341M(15360M) 14.565ms
[1089.576s] GC(2920) Pause Young (Normal) (G1 Evacuation Pause) 14085M->13342M(15360M) 16.073ms
[1089.686s] GC(2921) Pause Young (Normal) (G1 Evacuation Pause) 14086M->13344M(15360M) 15.150ms
[1089.808s] GC(2922) Pause Young (Normal) (G1 Evacuation Pause) 14088M->13344M(15360M) 16.050ms
[1089.909s] GC(2923) Pause Young (Normal) (G1 Evacuation Pause) 14088M->13346M(15360M) 15.227ms
[1090.027s] GC(2924) Pause Young (Normal) (G1 Evacuation Pause) 14090M->13347M(15360M) 15.784ms
[1090.138s] GC(2925) Pause Young (Normal) (G1 Evacuation Pause) 14091M->13348M(15360M) 16.654ms
[1090.254s] GC(2926) Pause Young (Normal) (G1 Evacuation Pause) 14092M->13349M(15360M) 17.571ms
[1090.350s] GC(2927) Pause Young (Normal) (G1 Evacuation Pause) 14093M->13350M(15360M) 16.686ms
[1090.473s] GC(2928) Pause Young (Normal) (G1 Evacuation Pause) 14094M->13351M(15360M) 18.064ms
[1090.580s] GC(2929) Pause Young (Normal) (G1 Evacuation Pause) 14095M->13352M(15360M) 17.975ms
[1090.695s] GC(2930) Pause Young (Normal) (G1 Evacuation Pause) 14096M->13354M(15360M) 18.453ms
[1090.794s] GC(2931) Pause Young (Normal) (G1 Evacuation Pause) 14098M->13354M(15360M) 18.227ms
[1090.919s] GC(2932) Pause Young (Normal) (G1 Evacuation Pause) 14098M->13356M(15360M) 19.727ms
[1091.029s] GC(2933) Pause Young (Normal) (G1 Evacuation Pause) 14100M->13357M(15360M) 19.791ms
[1091.140s] GC(2934) Pause Young (Normal) (G1 Evacuation Pause) 14101M->13358M(15360M) 19.955ms
[1091.240s] GC(2935) Pause Young (Normal) (G1 Evacuation Pause) 14102M->13359M(15360M) 19.698ms
[1091.362s] GC(2936) Pause Young (Normal) (G1 Evacuation Pause) 14103M->13360M(15360M) 21.415ms
[1091.487s] GC(2937) Pause Young (Normal) (G1 Evacuation Pause) 14104M->13361M(15360M) 21.481ms
[1091.585s] GC(2938) Pause Young (Normal) (G1 Evacuation Pause) 14105M->13362M(15360M) 22.242ms
[1091.707s] GC(2939) Pause Young (Normal) (G1 Evacuation Pause) 14106M->13363M(15360M) 23.217ms
[1091.837s] GC(2940) Pause Young (Normal) (G1 Evacuation Pause) 14107M->13364M(15360M) 22.968ms
[1091.979s] GC(2941) Pause Young (Normal) (G1 Evacuation Pause) 14108M->13366M(15360M) 23.193ms
[1092.084s] GC(2942) Pause Young (Normal) (G1 Evacuation Pause) 14110M->13367M(15360M) 22.548ms
[1092.205s] GC(2943) Pause Young (Normal) (G1 Evacuation Pause) 14111M->13368M(15360M) 23.756ms
[1092.318s] GC(2944) Pause Young (Normal) (G1 Evacuation Pause) 14112M->13368M(15360M) 24.290ms
[1092.454s] GC(2945) Pause Young (Normal) (G1 Evacuation Pause) 14112M->13370M(15360M) 24.382ms
[1092.567s] GC(2946) Pause Young (Normal) (G1 Evacuation Pause) 14114M->13371M(15360M) 25.256ms
[1092.702s] GC(2947) Pause Young (Normal) (G1 Evacuation Pause) 14115M->13372M(15360M) 24.041ms
[1092.827s] GC(2948) Pause Young (Normal) (G1 Evacuation Pause) 14116M->13373M(15360M) 24.443ms
[1092.952s] GC(2949) Pause Young (Normal) (G1 Evacuation Pause) 14117M->13374M(15360M) 25.245ms
[1093.068s] GC(2950) Pause Young (Normal) (G1 Evacuation Pause) 14118M->13375M(15360M) 25.367ms
[1093.216s] GC(2951) Pause Young (Normal) (G1 Evacuation Pause) 14119M->13376M(15360M) 25.392ms
[1093.331s] GC(2952) Pause Young (Normal) (G1 Evacuation Pause) 14120M->13377M(15360M) 26.402ms
[1093.461s] GC(2953) Pause Young (Normal) (G1 Evacuation Pause) 14121M->13378M(15360M) 25.702ms
[1093.581s] GC(2954) Pause Young (Normal) (G1 Evacuation Pause) 14122M->13380M(15360M) 26.199ms
[1093.702s] GC(2955) Pause Young (Normal) (G1 Evacuation Pause) 14124M->13380M(15360M) 27.495ms
[1093.822s] GC(2956) Pause Young (Normal) (G1 Evacuation Pause) 14124M->13381M(15360M) 25.141ms
[1093.937s] GC(2957) Pause Young (Normal) (G1 Evacuation Pause) 14125M->13383M(15360M) 27.546ms
[1094.067s] GC(2958) Pause Young (Normal) (G1 Evacuation Pause) 14127M->13384M(15360M) 25.146ms
[1094.190s] GC(2959) Pause Young (Normal) (G1 Evacuation Pause) 14128M->13385M(15360M) 26.364ms
[1094.332s] GC(2960) Pause Young (Normal) (G1 Evacuation Pause) 14129M->13386M(15360M) 26.183ms
[1094.460s] GC(2961) Pause Young (Normal) (G1 Evacuation Pause) 14130M->13387M(15360M) 26.507ms
[1094.603s] GC(2962) Pause Young (Normal) (G1 Evacuation Pause) 14131M->13388M(15360M) 27.116ms
[1094.722s] GC(2963) Pause Young (Normal) (G1 Evacuation Pause) 14132M->13389M(15360M) 27.109ms
[1094.857s] GC(2964) Pause Young (Normal) (G1 Evacuation Pause) 14133M->13390M(15360M) 24.559ms
[1094.966s] GC(2965) Pause Young (Normal) (G1 Evacuation Pause) 14134M->13391M(15360M) 25.397ms
[1095.103s] GC(2966) Pause Young (Normal) (G1 Evacuation Pause) 14135M->13393M(15360M) 26.081ms
[1095.223s] GC(2967) Pause Young (Normal) (G1 Evacuation Pause) 14137M->13393M(15360M) 27.776ms
[1095.357s] GC(2968) Pause Young (Normal) (G1 Evacuation Pause) 14137M->13394M(15360M) 26.307ms
[1095.466s] GC(2969) Pause Young (Normal) (G1 Evacuation Pause) 14138M->13395M(15360M) 26.311ms
[1095.597s] GC(2970) Pause Young (Normal) (G1 Evacuation Pause) 14147M->13397M(15360M) 26.939ms
[1095.745s] GC(2971) Pause Young (Normal) (G1 Evacuation Pause) 14141M->13398M(15360M) 26.345ms
[1095.869s] GC(2972) Pause Young (Normal) (G1 Evacuation Pause) 14142M->13399M(15360M) 26.221ms
[1095.998s] GC(2973) Pause Young (Normal) (G1 Evacuation Pause) 14143M->13399M(15360M) 27.782ms
[1096.126s] GC(2974) Pause Young (Normal) (G1 Evacuation Pause) 14151M->13401M(15360M) 27.306ms
[1096.260s] GC(2975) Pause Young (Normal) (G1 Evacuation Pause) 14145M->13402M(15360M) 25.158ms
[1096.372s] GC(2976) Pause Young (Normal) (G1 Evacuation Pause) 14146M->13403M(15360M) 26.783ms
[1096.492s] GC(2977) Pause Young (Normal) (G1 Evacuation Pause) 14147M->13404M(15360M) 25.030ms
[1096.618s] GC(2978) Pause Young (Normal) (G1 Evacuation Pause) 14148M->13405M(15360M) 25.964ms
[1096.746s] GC(2979) Pause Young (Normal) (G1 Evacuation Pause) 14149M->13406M(15360M) 27.165ms
[1096.778s] GC(2779) Pause Cleanup 13630M->13630M(15360M) 3.168ms
[1096.790s] GC(2779) Concurrent Mark Cycle 22038.448ms
[1096.867s] GC(2980) Pause Young (Prepare Mixed) (G1 Evacuation Pause) 14150M->13407M(15360M) 23.852ms
[1097.010s] GC(2981) Pause Young (Mixed) (G1 Evacuation Pause) 14151M->13375M(15360M) 52.938ms
[1097.114s] GC(2982) Pause Young (Concurrent Start) (G1 Evacuation Pause) 14127M->13386M(15360M) 12.833ms
[1097.114s] GC(2983) Concurrent Mark Cycle
[1097.223s] GC(2984) Pause Young (Normal) (G1 Evacuation Pause) 14138M->13390M(15360M) 11.949ms
[1097.327s] GC(2985) Pause Young (Normal) (G1 Evacuation Pause) 14134M->13392M(15360M) 10.716ms
[1097.451s] GC(2986) Pause Young (Normal) (G1 Evacuation Pause) 14136M->13393M(15360M) 12.842ms
[1097.566s] GC(2987) Pause Young (Normal) (G1 Evacuation Pause) 14137M->13394M(15360M) 11.817ms
[1097.678s] GC(2988) Pause Young (Normal) (G1 Evacuation Pause) 14138M->13395M(15360M) 10.933ms
[1097.779s] GC(2989) Pause Young (Normal) (G1 Evacuation Pause) 14139M->13396M(15360M) 10.120ms
[1097.877s] GC(2990) Pause Young (Normal) (G1 Evacuation Pause) 14140M->13398M(15360M) 10.280ms
[1097.968s] GC(2991) Pause Young (Normal) (G1 Evacuation Pause) 14142M->13398M(15360M) 9.851ms
[1098.064s] GC(2992) Pause Young (Normal) (G1 Evacuation Pause) 14142M->13400M(15360M) 9.901ms
[1098.164s] GC(2993) Pause Young (Normal) (G1 Evacuation Pause) 14144M->13401M(15360M) 9.895ms
[1098.269s] GC(2994) Pause Young (Normal) (G1 Evacuation Pause) 14145M->13402M(15360M) 10.945ms
[1098.396s] GC(2995) Pause Young (Normal) (G1 Evacuation Pause) 14146M->13403M(15360M) 10.681ms
[1098.501s] GC(2996) Pause Young (Normal) (G1 Evacuation Pause) 14147M->13403M(15360M) 9.934ms
[1098.630s] GC(2997) Pause Young (Normal) (G1 Evacuation Pause) 14147M->13405M(15360M) 10.378ms
[1098.749s] GC(2998) Pause Young (Normal) (G1 Evacuation Pause) 14149M->13406M(15360M) 10.605ms
[1098.869s] GC(2999) Pause Young (Normal) (G1 Evacuation Pause) 14150M->13407M(15360M) 10.086ms
[1098.968s] GC(3000) Pause Young (Normal) (G1 Evacuation Pause) 14151M->13409M(15360M) 9.445ms
[1099.084s] GC(3001) Pause Young (Normal) (G1 Evacuation Pause) 14153M->13409M(15360M) 10.514ms
[1099.189s] GC(3002) Pause Young (Normal) (G1 Evacuation Pause) 14153M->13410M(15360M) 9.885ms
[1099.317s] GC(3003) Pause Young (Normal) (G1 Evacuation Pause) 14154M->13411M(15360M) 10.459ms
[1099.419s] GC(3004) Pause Young (Normal) (G1 Evacuation Pause) 14155M->13413M(15360M) 9.870ms
[1099.539s] GC(3005) Pause Young (Normal) (G1 Evacuation Pause) 14157M->13414M(15360M) 10.617ms
[1099.644s] GC(3006) Pause Young (Normal) (G1 Evacuation Pause) 14158M->13415M(15360M) 10.306ms
[1099.760s] GC(3007) Pause Young (Normal) (G1 Evacuation Pause) 14159M->13416M(15360M) 9.786ms
[1099.864s] GC(3008) Pause Young (Normal) (G1 Evacuation Pause) 14160M->13417M(15360M) 10.130ms
[1099.989s] GC(3009) Pause Young (Normal) (G1 Evacuation Pause) 14161M->13418M(15360M) 10.466ms
[1100.110s] GC(3010) Pause Young (Normal) (G1 Evacuation Pause) 14162M->13419M(15360M) 10.433ms
[1100.228s] GC(3011) Pause Young (Normal) (G1 Evacuation Pause) 14163M->13420M(15360M) 10.030ms
[1100.325s] GC(3012) Pause Young (Normal) (G1 Evacuation Pause) 14164M->13421M(15360M) 9.730ms
[1100.435s] GC(3013) Pause Young (Normal) (G1 Evacuation Pause) 14165M->13423M(15360M) 9.894ms
[1100.555s] GC(3014) Pause Young (Normal) (G1 Evacuation Pause) 14167M->13423M(15360M) 9.824ms
[1100.658s] GC(3015) Pause Young (Normal) (G1 Evacuation Pause) 14167M->13424M(15360M) 8.777ms
[1100.766s] GC(3016) Pause Young (Normal) (G1 Evacuation Pause) 14168M->13426M(15360M) 9.731ms
[1100.866s] GC(3017) Pause Young (Normal) (G1 Evacuation Pause) 14170M->13426M(15360M) 9.617ms
[1100.984s] GC(3018) Pause Young (Normal) (G1 Evacuation Pause) 14170M->13428M(15360M) 10.015ms
[1101.081s] GC(3019) Pause Young (Normal) (G1 Evacuation Pause) 14172M->13428M(15360M) 10.275ms
[1101.205s] GC(3020) Pause Young (Normal) (G1 Evacuation Pause) 14172M->13430M(15360M) 10.076ms
[1101.312s] GC(3021) Pause Young (Normal) (G1 Evacuation Pause) 14174M->13431M(15360M) 10.969ms
[1101.420s] GC(3022) Pause Young (Normal) (G1 Evacuation Pause) 14175M->13432M(15360M) 9.342ms
[1101.514s] GC(3023) Pause Young (Normal) (G1 Evacuation Pause) 14176M->13433M(15360M) 9.364ms
[1101.623s] GC(3024) Pause Young (Normal) (G1 Evacuation Pause) 14177M->13434M(15360M) 10.102ms
[1101.730s] GC(3025) Pause Young (Normal) (G1 Evacuation Pause) 14178M->13435M(15360M) 9.760ms
[1101.839s] GC(3026) Pause Young (Normal) (G1 Evacuation Pause) 14179M->13436M(15360M) 9.294ms
[1101.936s] GC(3027) Pause Young (Normal) (G1 Evacuation Pause) 14180M->13437M(15360M) 9.680ms
[1102.051s] GC(3028) Pause Young (Normal) (G1 Evacuation Pause) 14189M->13438M(15360M) 9.909ms
[1102.165s] GC(3029) Pause Young (Normal) (G1 Evacuation Pause) 14182M->13439M(15360M) 10.091ms
[1102.273s] GC(3030) Pause Young (Normal) (G1 Evacuation Pause) 14183M->13441M(15360M) 9.429ms
[1102.363s] GC(3031) Pause Young (Normal) (G1 Evacuation Pause) 14185M->13441M(15360M) 9.439ms
[1102.479s] GC(3032) Pause Young (Normal) (G1 Evacuation Pause) 14193M->13443M(15360M) 9.865ms
[1102.610s] GC(3033) Pause Young (Normal) (G1 Evacuation Pause) 14187M->13443M(15360M) 9.944ms
[1102.707s] GC(3034) Pause Young (Normal) (G1 Evacuation Pause) 14187M->13444M(15360M) 9.066ms
[1102.820s] GC(3035) Pause Young (Normal) (G1 Evacuation Pause) 14196M->13446M(15360M) 9.457ms
[1102.917s] GC(3036) Pause Young (Normal) (G1 Evacuation Pause) 14190M->13447M(15360M) 9.302ms
[1103.021s] GC(3037) Pause Young (Normal) (G1 Evacuation Pause) 14191M->13448M(15360M) 9.942ms
[1103.118s] GC(3038) Pause Young (Normal) (G1 Evacuation Pause) 14192M->13449M(15360M) 8.645ms
[1103.234s] GC(3039) Pause Young (Normal) (G1 Evacuation Pause) 14193M->13450M(15360M) 9.517ms
[1103.331s] GC(3040) Pause Young (Normal) (G1 Evacuation Pause) 14194M->13451M(15360M) 9.712ms
[1103.442s] GC(3041) Pause Young (Normal) (G1 Evacuation Pause) 14195M->13452M(15360M) 8.766ms
[1103.531s] GC(3042) Pause Young (Normal) (G1 Evacuation Pause) 14196M->13453M(15360M) 8.616ms
[1103.643s] GC(3043) Pause Young (Normal) (G1 Evacuation Pause) 14197M->13454M(15360M) 9.449ms
[1103.748s] GC(3044) Pause Young (Normal) (G1 Evacuation Pause) 14198M->13455M(15360M) 9.307ms
[1103.848s] GC(3045) Pause Young (Normal) (G1 Evacuation Pause) 14199M->13457M(15360M) 8.713ms
[1103.935s] GC(3046) Pause Young (Normal) (G1 Evacuation Pause) 14201M->13457M(15360M) 9.721ms
[1104.043s] GC(3047) Pause Young (Normal) (G1 Evacuation Pause) 14201M->13458M(15360M) 11.026ms
[1104.134s] GC(3048) Pause Young (Normal) (G1 Evacuation Pause) 14202M->13459M(15360M) 10.610ms
[1104.244s] GC(3049) Pause Young (Normal) (G1 Evacuation Pause) 14203M->13460M(15360M) 10.944ms
[1104.338s] GC(3050) Pause Young (Normal) (G1 Evacuation Pause) 14212M->13461M(15360M) 11.670ms
[1104.455s] GC(3051) Pause Young (Normal) (G1 Evacuation Pause) 14205M->13462M(15360M) 12.901ms
[1104.556s] GC(3052) Pause Young (Normal) (G1 Evacuation Pause) 14206M->13464M(15360M) 10.680ms
[1104.677s] GC(3053) Pause Young (Normal) (G1 Evacuation Pause) 14208M->13465M(15360M) 10.595ms
[1104.787s] GC(3054) Pause Young (Normal) (G1 Evacuation Pause) 14209M->13466M(15360M) 10.637ms
[1104.901s] GC(3055) Pause Young (Normal) (G1 Evacuation Pause) 14210M->13466M(15360M) 11.402ms
[1105.017s] GC(3056) Pause Young (Normal) (G1 Evacuation Pause) 14218M->13468M(15360M) 11.366ms
[1105.112s] GC(3057) Pause Young (Normal) (G1 Evacuation Pause) 14212M->13469M(15360M) 11.742ms
[1105.230s] GC(3058) Pause Young (Normal) (G1 Evacuation Pause) 14221M->13470M(15360M) 11.391ms
[1105.343s] GC(3059) Pause Young (Normal) (G1 Evacuation Pause) 14214M->13471M(15360M) 10.649ms
[1105.457s] GC(3060) Pause Young (Normal) (G1 Evacuation Pause) 14215M->13472M(15360M) 10.293ms
[1105.556s] GC(3061) Pause Young (Normal) (G1 Evacuation Pause) 14216M->13473M(15360M) 10.447ms
[1105.675s] GC(3062) Pause Young (Normal) (G1 Evacuation Pause) 14217M->13474M(15360M) 11.132ms
[1105.777s] GC(3063) Pause Young (Normal) (G1 Evacuation Pause) 14218M->13475M(15360M) 11.665ms
[1105.892s] GC(3064) Pause Young (Normal) (G1 Evacuation Pause) 14219M->13476M(15360M) 11.148ms
[1105.988s] GC(3065) Pause Young (Normal) (G1 Evacuation Pause) 14220M->13477M(15360M) 10.723ms
[1106.108s] GC(3066) Pause Young (Normal) (G1 Evacuation Pause) 14221M->13478M(15360M) 11.907ms
[1106.220s] GC(3067) Pause Young (Normal) (G1 Evacuation Pause) 14222M->13480M(15360M) 11.658ms
[1106.334s] GC(3068) Pause Young (Normal) (G1 Evacuation Pause) 14224M->13481M(15360M) 12.468ms
[1106.440s] GC(3069) Pause Young (Normal) (G1 Evacuation Pause) 14225M->13481M(15360M) 13.569ms
[1106.570s] GC(3070) Pause Young (Normal) (G1 Evacuation Pause) 14233M->13482M(15360M) 14.242ms
[1106.682s] GC(3071) Pause Young (Normal) (G1 Evacuation Pause) 14234M->13484M(15360M) 12.579ms
[1106.814s] GC(3072) Pause Young (Normal) (G1 Evacuation Pause) 14228M->13485M(15360M) 11.373ms
[1106.927s] GC(3073) Pause Young (Normal) (G1 Evacuation Pause) 14229M->13486M(15360M) 11.814ms
[1107.038s] GC(3074) Pause Young (Normal) (G1 Evacuation Pause) 14230M->13487M(15360M) 12.859ms
[1107.157s] GC(3075) Pause Young (Normal) (G1 Evacuation Pause) 14231M->13488M(15360M) 11.784ms
[1107.254s] GC(3076) Pause Young (Normal) (G1 Evacuation Pause) 14240M->13489M(15360M) 12.917ms
[1107.357s] GC(3077) Pause Young (Normal) (G1 Evacuation Pause) 14233M->13490M(15360M) 12.220ms
[1107.459s] GC(3078) Pause Young (Normal) (G1 Evacuation Pause) 14234M->13491M(15360M) 13.484ms
[1107.586s] GC(3079) Pause Young (Normal) (G1 Evacuation Pause) 14235M->13492M(15360M) 11.956ms
[1107.676s] GC(3080) Pause Young (Normal) (G1 Evacuation Pause) 14244M->13493M(15360M) 10.290ms
[1107.785s] GC(3081) Pause Young (Normal) (G1 Evacuation Pause) 14237M->13494M(15360M) 10.148ms
[1107.883s] GC(3082) Pause Young (Normal) (G1 Evacuation Pause) 14238M->13495M(15360M) 9.708ms
[1107.991s] GC(3083) Pause Young (Normal) (G1 Evacuation Pause) 14239M->13496M(15360M) 9.059ms
[1108.082s] GC(3084) Pause Young (Normal) (G1 Evacuation Pause) 14240M->13498M(15360M) 9.197ms
[1108.197s] GC(3085) Pause Young (Normal) (G1 Evacuation Pause) 14242M->13498M(15360M) 10.683ms
[1108.299s] GC(3086) Pause Young (Normal) (G1 Evacuation Pause) 14250M->13500M(15360M) 9.799ms
[1108.399s] GC(3087) Pause Young (Normal) (G1 Evacuation Pause) 14244M->13501M(15360M) 9.611ms
[1108.496s] GC(3088) Pause Young (Normal) (G1 Evacuation Pause) 14245M->13502M(15360M) 9.334ms
[1108.605s] GC(3089) Pause Young (Normal) (G1 Evacuation Pause) 14246M->13503M(15360M) 9.327ms
[1108.701s] GC(3090) Pause Young (Normal) (G1 Evacuation Pause) 14247M->13504M(15360M) 10.159ms
[1108.806s] GC(3091) Pause Young (Normal) (G1 Evacuation Pause) 14248M->13505M(15360M) 8.979ms
[1108.892s] GC(3092) Pause Young (Normal) (G1 Evacuation Pause) 14249M->13506M(15360M) 8.722ms
[1108.992s] GC(3093) Pause Young (Normal) (G1 Evacuation Pause) 14250M->13508M(15360M) 9.141ms
[1109.091s] GC(3094) Pause Young (Normal) (G1 Evacuation Pause) 14252M->13508M(15360M) 9.796ms
[1109.174s] GC(3095) Pause Young (Normal) (G1 Evacuation Pause) 14252M->13509M(15360M) 8.618ms
[1109.272s] GC(3096) Pause Young (Normal) (G1 Evacuation Pause) 14261M->13511M(15360M) 9.228ms
[1109.370s] GC(3097) Pause Young (Normal) (G1 Evacuation Pause) 14255M->13512M(15360M) 9.487ms
[1109.485s] GC(3098) Pause Young (Normal) (G1 Evacuation Pause) 14256M->13513M(15360M) 9.180ms
[1109.575s] GC(3099) Pause Young (Normal) (G1 Evacuation Pause) 14257M->13514M(15360M) 9.343ms
[1109.683s] GC(3100) Pause Young (Normal) (G1 Evacuation Pause) 14258M->13515M(15360M) 9.428ms
[1109.783s] GC(3101) Pause Young (Normal) (G1 Evacuation Pause) 14259M->13516M(15360M) 9.593ms
[1109.895s] GC(3102) Pause Young (Normal) (G1 Evacuation Pause) 14260M->13517M(15360M) 9.696ms
[1109.982s] GC(3103) Pause Young (Normal) (G1 Evacuation Pause) 14261M->13518M(15360M) 9.392ms
[1110.101s] GC(3104) Pause Young (Normal) (G1 Evacuation Pause) 14262M->13520M(15360M) 9.986ms
[1110.205s] GC(3105) Pause Young (Normal) (G1 Evacuation Pause) 14264M->13520M(15360M) 9.958ms
[1110.310s] GC(3106) Pause Young (Normal) (G1 Evacuation Pause) 14264M->13521M(15360M) 9.164ms
[1110.387s] GC(2983) Pause Remark 14217M->14217M(15360M) 1.487ms
[1110.403s] GC(3107) Pause Young (Normal) (G1 Evacuation Pause) 14265M->13523M(15360M) 10.180ms
[1110.507s] GC(3108) Pause Young (Normal) (G1 Evacuation Pause) 14267M->13523M(15360M) 10.023ms
[1110.611s] GC(3109) Pause Young (Normal) (G1 Evacuation Pause) 14267M->13524M(15360M) 11.177ms
[1110.718s] GC(3110) Pause Young (Normal) (G1 Evacuation Pause) 14268M->13525M(15360M) 10.435ms
[1110.813s] GC(3111) Pause Young (Normal) (G1 Evacuation Pause) 14269M->13527M(15360M) 10.479ms
[1110.930s] GC(3112) Pause Young (Normal) (G1 Evacuation Pause) 14271M->13528M(15360M) 11.655ms
[1111.038s] GC(3113) Pause Young (Normal) (G1 Evacuation Pause) 14272M->13529M(15360M) 12.573ms
[1111.143s] GC(3114) Pause Young (Normal) (G1 Evacuation Pause) 14273M->13530M(15360M) 12.127ms
[1111.256s] GC(3115) Pause Young (Normal) (G1 Evacuation Pause) 14274M->13531M(15360M) 12.246ms
[1111.361s] GC(3116) Pause Young (Normal) (G1 Evacuation Pause) 14275M->13532M(15360M) 13.268ms
[1111.470s] GC(3117) Pause Young (Normal) (G1 Evacuation Pause) 14276M->13533M(15360M) 14.996ms
[1111.558s] GC(3118) Pause Young (Normal) (G1 Evacuation Pause) 14277M->13534M(15360M) 13.410ms
[1111.675s] GC(3119) Pause Young (Normal) (G1 Evacuation Pause) 14278M->13535M(15360M) 14.400ms
[1111.781s] GC(3120) Pause Young (Normal) (G1 Evacuation Pause) 14279M->13536M(15360M) 14.625ms
[1111.898s] GC(3121) Pause Young (Normal) (G1 Evacuation Pause) 14280M->13538M(15360M) 15.322ms
[1112.002s] GC(3122) Pause Young (Normal) (G1 Evacuation Pause) 14282M->13539M(15360M) 15.257ms
[1112.123s] GC(3123) Pause Young (Normal) (G1 Evacuation Pause) 14283M->13540M(15360M) 14.759ms
[1112.237s] GC(3124) Pause Young (Normal) (G1 Evacuation Pause) 14284M->13541M(15360M) 15.514ms
[1112.364s] GC(3125) Pause Young (Normal) (G1 Evacuation Pause) 14285M->13541M(15360M) 15.925ms
[1112.480s] GC(3126) Pause Young (Normal) (G1 Evacuation Pause) 14293M->13543M(15360M) 16.612ms
[1112.596s] GC(3127) Pause Young (Normal) (G1 Evacuation Pause) 14287M->13544M(15360M) 16.430ms
[1112.700s] GC(3128) Pause Young (Normal) (G1 Evacuation Pause) 14288M->13545M(15360M) 16.807ms
[1112.823s] GC(3129) Pause Young (Normal) (G1 Evacuation Pause) 14289M->13546M(15360M) 17.219ms
[1112.924s] GC(3130) Pause Young (Normal) (G1 Evacuation Pause) 14290M->13547M(15360M) 16.912ms
[1113.048s] GC(3131) Pause Young (Normal) (G1 Evacuation Pause) 14291M->13548M(15360M) 17.575ms
[1113.152s] GC(3132) Pause Young (Normal) (G1 Evacuation Pause) 14292M->13549M(15360M) 18.072ms
[1113.269s] GC(3133) Pause Young (Normal) (G1 Evacuation Pause) 14293M->13550M(15360M) 17.268ms
[1113.368s] GC(3134) Pause Young (Normal) (G1 Evacuation Pause) 14294M->13551M(15360M) 18.416ms
[1113.495s] GC(3135) Pause Young (Normal) (G1 Evacuation Pause) 14303M->13552M(15360M) 17.903ms
[1113.623s] GC(3136) Pause Young (Normal) (G1 Evacuation Pause) 14296M->13553M(15360M) 18.751ms
[1113.719s] GC(3137) Pause Young (Normal) (G1 Evacuation Pause) 14297M->13555M(15360M) 18.490ms
[1113.834s] GC(3138) Pause Young (Normal) (G1 Evacuation Pause) 14299M->13556M(15360M) 18.915ms
[1113.937s] GC(3139) Pause Young (Normal) (G1 Evacuation Pause) 14300M->13557M(15360M) 19.525ms
[1114.060s] GC(3140) Pause Young (Normal) (G1 Evacuation Pause) 14301M->13558M(15360M) 20.608ms
[1114.171s] GC(3141) Pause Young (Normal) (G1 Evacuation Pause) 14302M->13559M(15360M) 20.864ms
[1114.295s] GC(3142) Pause Young (Normal) (G1 Evacuation Pause) 14303M->13561M(15360M) 22.132ms
[1114.424s] GC(3143) Pause Young (Normal) (G1 Evacuation Pause) 14305M->13562M(15360M) 22.138ms
[1114.553s] GC(3144) Pause Young (Normal) (G1 Evacuation Pause) 14306M->13562M(15360M) 20.897ms
[1114.670s] GC(3145) Pause Young (Normal) (G1 Evacuation Pause) 14306M->13564M(15360M) 21.149ms
[1114.802s] GC(3146) Pause Young (Normal) (G1 Evacuation Pause) 14308M->13564M(15360M) 23.003ms
[1114.919s] GC(3147) Pause Young (Normal) (G1 Evacuation Pause) 14308M->13566M(15360M) 26.681ms
[1115.045s] GC(3148) Pause Young (Normal) (G1 Evacuation Pause) 14310M->13567M(15360M) 22.405ms
[1115.163s] GC(3149) Pause Young (Normal) (G1 Evacuation Pause) 14311M->13568M(15360M) 25.192ms
[1115.297s] GC(3150) Pause Young (Normal) (G1 Evacuation Pause) 14312M->13569M(15360M) 25.302ms
[1115.420s] GC(3151) Pause Young (Normal) (G1 Evacuation Pause) 14313M->13570M(15360M) 24.565ms
[1115.558s] GC(3152) Pause Young (Normal) (G1 Evacuation Pause) 14314M->13571M(15360M) 24.665ms
[1115.670s] GC(3153) Pause Young (Normal) (G1 Evacuation Pause) 14315M->13572M(15360M) 26.142ms
[1115.799s] GC(3154) Pause Young (Normal) (G1 Evacuation Pause) 14316M->13573M(15360M) 24.445ms
[1115.924s] GC(3155) Pause Young (Normal) (G1 Evacuation Pause) 14317M->13574M(15360M) 24.998ms
[1116.056s] GC(3156) Pause Young (Normal) (G1 Evacuation Pause) 14318M->13575M(15360M) 26.172ms
[1116.163s] GC(3157) Pause Young (Normal) (G1 Evacuation Pause) 14319M->13576M(15360M) 25.811ms
[1116.283s] GC(3158) Pause Young (Normal) (G1 Evacuation Pause) 14320M->13578M(15360M) 23.327ms
[1116.407s] GC(3159) Pause Young (Normal) (G1 Evacuation Pause) 14322M->13578M(15360M) 24.782ms
[1116.516s] GC(3160) Pause Young (Normal) (G1 Evacuation Pause) 14330M->13579M(15360M) 24.074ms
[1116.655s] GC(3161) Pause Young (Normal) (G1 Evacuation Pause) 14323M->13580M(15360M) 24.097ms
[1116.779s] GC(3162) Pause Young (Normal) (G1 Evacuation Pause) 14324M->13582M(15360M) 24.156ms
[1116.904s] GC(3163) Pause Young (Normal) (G1 Evacuation Pause) 14326M->13583M(15360M) 25.158ms
[1117.013s] GC(3164) Pause Young (Normal) (G1 Evacuation Pause) 14327M->13583M(15360M) 24.213ms
[1117.130s] GC(3165) Pause Young (Normal) (G1 Evacuation Pause) 14327M->13585M(15360M) 24.521ms
[1117.241s] GC(3166) Pause Young (Normal) (G1 Evacuation Pause) 14329M->13585M(15360M) 25.077ms
[1117.369s] GC(3167) Pause Young (Normal) (G1 Evacuation Pause) 14337M->13587M(15360M) 24.880ms
[1117.486s] GC(3168) Pause Young (Normal) (G1 Evacuation Pause) 14331M->13588M(15360M) 25.044ms
[1117.632s] GC(3169) Pause Young (Normal) (G1 Evacuation Pause) 14332M->13589M(15360M) 25.796ms
[1117.766s] GC(3170) Pause Young (Normal) (G1 Evacuation Pause) 14333M->13590M(15360M) 27.191ms
[1117.892s] GC(3171) Pause Young (Normal) (G1 Evacuation Pause) 14334M->13591M(15360M) 25.591ms
[1118.013s] GC(3172) Pause Young (Normal) (G1 Evacuation Pause) 14335M->13593M(15360M) 25.298ms
[1118.155s] GC(3173) Pause Young (Normal) (G1 Evacuation Pause) 14337M->13594M(15360M) 24.676ms
[1118.277s] GC(3174) Pause Young (Normal) (G1 Evacuation Pause) 14338M->13594M(15360M) 25.419ms
[1118.411s] GC(3175) Pause Young (Normal) (G1 Evacuation Pause) 14338M->13596M(15360M) 25.001ms
[1118.522s] GC(3176) Pause Young (Normal) (G1 Evacuation Pause) 14340M->13596M(15360M) 24.322ms
[1118.657s] GC(3177) Pause Young (Normal) (G1 Evacuation Pause) 14340M->13598M(15360M) 24.552ms
[1118.773s] GC(3178) Pause Young (Normal) (G1 Evacuation Pause) 14342M->13599M(15360M) 25.397ms
[1118.903s] GC(3179) Pause Young (Normal) (G1 Evacuation Pause) 14343M->13600M(15360M) 25.590ms
[1119.029s] GC(3180) Pause Young (Normal) (G1 Evacuation Pause) 14344M->13601M(15360M) 25.607ms
[1119.127s] GC(2983) Pause Cleanup 14341M->14341M(15360M) 3.788ms
[1119.154s] GC(3181) Pause Young (Prepare Mixed) (G1 Evacuation Pause) 14345M->13602M(15360M) 25.663ms
[1119.167s] GC(2983) Concurrent Mark Cycle 22052.157ms
[1119.311s] GC(3182) Pause Young (Mixed) (G1 Evacuation Pause) 14346M->13575M(15360M) 51.830ms
[1119.416s] GC(3183) Pause Young (Concurrent Start) (G1 Evacuation Pause) 14319M->13584M(15360M) 10.107ms
[1119.416s] GC(3184) Concurrent Mark Cycle
[1119.532s] GC(3185) Pause Young (Normal) (G1 Evacuation Pause) 14328M->13588M(15360M) 9.956ms
[1119.641s] GC(3186) Pause Young (Normal) (G1 Evacuation Pause) 14332M->13589M(15360M) 10.198ms
[1119.758s] GC(3187) Pause Young (Normal) (G1 Evacuation Pause) 14333M->13590M(15360M) 10.120ms
[1119.856s] GC(3188) Pause Young (Normal) (G1 Evacuation Pause) 14334M->13591M(15360M) 9.457ms
[1119.978s] GC(3189) Pause Young (Normal) (G1 Evacuation Pause) 14335M->13592M(15360M) 10.418ms
[1120.094s] GC(3190) Pause Young (Normal) (G1 Evacuation Pause) 14336M->13594M(15360M) 9.697ms
[1120.215s] GC(3191) Pause Young (Normal) (G1 Evacuation Pause) 14338M->13594M(15360M) 10.357ms
[1120.320s] GC(3192) Pause Young (Normal) (G1 Evacuation Pause) 14338M->13596M(15360M) 9.301ms
[1120.437s] GC(3193) Pause Young (Normal) (G1 Evacuation Pause) 14340M->13596M(15360M) 10.742ms
[1120.544s] GC(3194) Pause Young (Normal) (G1 Evacuation Pause) 14340M->13598M(15360M) 10.600ms
[1120.655s] GC(3195) Pause Young (Normal) (G1 Evacuation Pause) 14342M->13599M(15360M) 10.360ms
[1120.749s] GC(3196) Pause Young (Normal) (G1 Evacuation Pause) 14343M->13600M(15360M) 10.096ms
[1120.878s] GC(3197) Pause Young (Normal) (G1 Evacuation Pause) 14344M->13601M(15360M) 10.240ms
[1120.988s] GC(3198) Pause Young (Normal) (G1 Evacuation Pause) 14345M->13602M(15360M) 12.094ms
[1121.109s] GC(3199) Pause Young (Normal) (G1 Evacuation Pause) 14346M->13603M(15360M) 11.091ms
[1121.211s] GC(3200) Pause Young (Normal) (G1 Evacuation Pause) 14347M->13604M(15360M) 11.211ms
[1121.336s] GC(3201) Pause Young (Normal) (G1 Evacuation Pause) 14348M->13605M(15360M) 11.392ms
[1121.443s] GC(3202) Pause Young (Normal) (G1 Evacuation Pause) 14349M->13606M(15360M) 11.714ms
[1121.550s] GC(3203) Pause Young (Normal) (G1 Evacuation Pause) 14350M->13607M(15360M) 9.768ms
[1121.647s] GC(3204) Pause Young (Normal) (G1 Evacuation Pause) 14351M->13609M(15360M) 10.747ms
[1121.769s] GC(3205) Pause Young (Normal) (G1 Evacuation Pause) 14353M->13609M(15360M) 11.867ms
[1121.886s] GC(3206) Pause Young (Normal) (G1 Evacuation Pause) 14353M->13610M(15360M) 11.253ms
[1121.984s] GC(3207) Pause Young (Normal) (G1 Evacuation Pause) 14354M->13612M(15360M) 10.557ms
[1122.100s] GC(3208) Pause Young (Normal) (G1 Evacuation Pause) 14356M->13613M(15360M) 12.025ms
[1122.204s] GC(3209) Pause Young (Normal) (G1 Evacuation Pause) 14357M->13614M(15360M) 11.544ms
[1122.322s] GC(3210) Pause Young (Normal) (G1 Evacuation Pause) 14358M->13616M(15360M) 10.979ms
[1122.418s] GC(3211) Pause Young (Normal) (G1 Evacuation Pause) 14360M->13617M(15360M) 10.012ms
[1122.536s] GC(3212) Pause Young (Normal) (G1 Evacuation Pause) 14361M->13618M(15360M) 9.687ms
[1122.645s] GC(3213) Pause Young (Normal) (G1 Evacuation Pause) 14362M->13619M(15360M) 10.376ms
[1122.766s] GC(3214) Pause Young (Normal) (G1 Evacuation Pause) 14363M->13621M(15360M) 10.663ms
[1122.876s] GC(3215) Pause Young (Normal) (G1 Evacuation Pause) 14365M->13622M(15360M) 8.964ms
[1122.992s] GC(3216) Pause Young (Normal) (G1 Evacuation Pause) 14366M->13623M(15360M) 9.798ms
[1123.105s] GC(3217) Pause Young (Normal) (G1 Evacuation Pause) 14367M->13625M(15360M) 9.563ms
[1123.219s] GC(3218) Pause Young (Normal) (G1 Evacuation Pause) 14369M->13625M(15360M) 9.854ms
[1123.328s] GC(3219) Pause Young (Normal) (G1 Evacuation Pause) 14369M->13626M(15360M) 9.694ms
[1123.453s] GC(3220) Pause Young (Normal) (G1 Evacuation Pause) 14370M->13628M(15360M) 9.897ms
[1123.559s] GC(3221) Pause Young (Normal) (G1 Evacuation Pause) 14372M->13629M(15360M) 9.798ms
[1123.665s] GC(3222) Pause Young (Normal) (G1 Evacuation Pause) 14373M->13630M(15360M) 9.279ms
[1123.763s] GC(3223) Pause Young (Normal) (G1 Evacuation Pause) 14374M->13631M(15360M) 10.181ms
[1123.869s] GC(3224) Pause Young (Normal) (G1 Evacuation Pause) 14375M->13632M(15360M) 10.790ms
[1123.975s] GC(3225) Pause Young (Normal) (G1 Evacuation Pause) 14376M->13633M(15360M) 11.053ms
[1124.097s] GC(3226) Pause Young (Normal) (G1 Evacuation Pause) 14377M->13634M(15360M) 11.561ms
[1124.201s] GC(3227) Pause Young (Normal) (G1 Evacuation Pause) 14378M->13635M(15360M) 11.338ms
[1124.334s] GC(3228) Pause Young (Normal) (G1 Evacuation Pause) 14379M->13637M(15360M) 11.855ms
[1124.461s] GC(3229) Pause Young (Normal) (G1 Evacuation Pause) 14381M->13637M(15360M) 11.307ms
[1124.568s] GC(3230) Pause Young (Normal) (G1 Evacuation Pause) 14381M->13638M(15360M) 11.575ms
[1124.676s] GC(3231) Pause Young (Normal) (G1 Evacuation Pause) 14382M->13640M(15360M) 11.761ms
[1124.785s] GC(3232) Pause Young (Normal) (G1 Evacuation Pause) 14384M->13641M(15360M) 11.087ms
[1124.906s] GC(3233) Pause Young (Normal) (G1 Evacuation Pause) 14385M->13642M(15360M) 11.719ms
[1125.011s] GC(3234) Pause Young (Normal) (G1 Evacuation Pause) 14386M->13643M(15360M) 10.940ms
[1125.133s] GC(3235) Pause Young (Normal) (G1 Evacuation Pause) 14387M->13643M(15360M) 12.611ms
[1125.255s] GC(3236) Pause Young (Normal) (G1 Evacuation Pause) 14387M->13645M(15360M) 17.174ms
[1125.372s] GC(3237) Pause Young (Normal) (G1 Evacuation Pause) 14389M->13646M(15360M) 14.644ms
[1125.481s] GC(3238) Pause Young (Normal) (G1 Evacuation Pause) 14390M->13647M(15360M) 15.053ms
[1125.603s] GC(3239) Pause Young (Normal) (G1 Evacuation Pause) 14391M->13648M(15360M) 14.762ms
[1125.711s] GC(3240) Pause Young (Normal) (G1 Evacuation Pause) 14392M->13649M(15360M) 15.119ms
[1125.819s] GC(3241) Pause Young (Normal) (G1 Evacuation Pause) 14393M->13650M(15360M) 12.767ms
[1125.916s] GC(3242) Pause Young (Normal) (G1 Evacuation Pause) 14394M->13651M(15360M) 12.086ms
[1126.035s] GC(3243) Pause Young (Normal) (G1 Evacuation Pause) 14395M->13653M(15360M) 11.661ms
[1126.148s] GC(3244) Pause Young (Normal) (G1 Evacuation Pause) 14397M->13653M(15360M) 13.463ms
[1126.261s] GC(3245) Pause Young (Normal) (G1 Evacuation Pause) 14397M->13655M(15360M) 12.482ms
[1126.351s] GC(3246) Pause Young (Normal) (G1 Evacuation Pause) 14399M->13656M(15360M) 11.246ms
[1126.464s] GC(3247) Pause Young (Normal) (G1 Evacuation Pause) 14400M->13657M(15360M) 13.028ms
[1126.573s] GC(3248) Pause Young (Normal) (G1 Evacuation Pause) 14401M->13658M(15360M) 11.259ms
[1126.680s] GC(3249) Pause Young (Normal) (G1 Evacuation Pause) 14402M->13659M(15360M) 11.915ms
[1126.773s] GC(3250) Pause Young (Normal) (G1 Evacuation Pause) 14403M->13660M(15360M) 11.436ms
[1126.880s] GC(3251) Pause Young (Normal) (G1 Evacuation Pause) 14404M->13662M(15360M) 11.574ms
[1126.974s] GC(3252) Pause Young (Normal) (G1 Evacuation Pause) 14406M->13662M(15360M) 11.997ms
[1127.072s] GC(3253) Pause Young (Normal) (G1 Evacuation Pause) 14406M->13663M(15360M) 11.870ms
[1127.159s] GC(3254) Pause Young (Normal) (G1 Evacuation Pause) 14407M->13664M(15360M) 10.918ms
[1127.261s] GC(3255) Pause Young (Normal) (G1 Evacuation Pause) 14408M->13666M(15360M) 11.222ms
[1127.370s] GC(3256) Pause Young (Normal) (G1 Evacuation Pause) 14410M->13667M(15360M) 9.512ms
[1127.463s] GC(3257) Pause Young (Normal) (G1 Evacuation Pause) 14411M->13668M(15360M) 9.059ms
[1127.567s] GC(3258) Pause Young (Normal) (G1 Evacuation Pause) 14412M->13669M(15360M) 9.457ms
[1127.669s] GC(3259) Pause Young (Normal) (G1 Evacuation Pause) 14413M->13670M(15360M) 9.374ms
[1127.776s] GC(3260) Pause Young (Normal) (G1 Evacuation Pause) 14414M->13671M(15360M) 8.864ms
[1127.869s] GC(3261) Pause Young (Normal) (G1 Evacuation Pause) 14415M->13672M(15360M) 8.852ms
[1127.976s] GC(3262) Pause Young (Normal) (G1 Evacuation Pause) 14416M->13674M(15360M) 8.904ms
[1128.071s] GC(3263) Pause Young (Normal) (G1 Evacuation Pause) 14418M->13674M(15360M) 9.386ms
[1128.175s] GC(3264) Pause Young (Normal) (G1 Evacuation Pause) 14418M->13676M(15360M) 9.293ms
[1128.270s] GC(3265) Pause Young (Normal) (G1 Evacuation Pause) 14420M->13677M(15360M) 8.752ms
[1128.369s] GC(3266) Pause Young (Normal) (G1 Evacuation Pause) 14421M->13678M(15360M) 10.935ms
[1128.471s] GC(3267) Pause Young (Normal) (G1 Evacuation Pause) 14422M->13679M(15360M) 9.687ms
[1128.579s] GC(3268) Pause Young (Normal) (G1 Evacuation Pause) 14423M->13680M(15360M) 9.595ms
[1128.675s] GC(3269) Pause Young (Normal) (G1 Evacuation Pause) 14424M->13681M(15360M) 10.387ms
[1128.785s] GC(3270) Pause Young (Normal) (G1 Evacuation Pause) 14425M->13682M(15360M) 9.510ms
[1128.885s] GC(3271) Pause Young (Normal) (G1 Evacuation Pause) 14426M->13683M(15360M) 9.889ms
[1128.986s] GC(3272) Pause Young (Normal) (G1 Evacuation Pause) 14427M->13684M(15360M) 9.010ms
[1129.076s] GC(3273) Pause Young (Normal) (G1 Evacuation Pause) 14428M->13686M(15360M) 9.600ms
[1129.207s] GC(3274) Pause Young (Normal) (G1 Evacuation Pause) 14430M->13686M(15360M) 10.173ms
[1129.304s] GC(3275) Pause Young (Normal) (G1 Evacuation Pause) 14430M->13688M(15360M) 10.670ms
[1129.423s] GC(3276) Pause Young (Normal) (G1 Evacuation Pause) 14432M->13688M(15360M) 9.977ms
[1129.518s] GC(3277) Pause Young (Normal) (G1 Evacuation Pause) 14432M->13690M(15360M) 9.855ms
[1129.625s] GC(3278) Pause Young (Normal) (G1 Evacuation Pause) 14434M->13691M(15360M) 10.325ms
[1129.722s] GC(3279) Pause Young (Normal) (G1 Evacuation Pause) 14435M->13691M(15360M) 9.683ms
[1129.836s] GC(3280) Pause Young (Normal) (G1 Evacuation Pause) 14435M->13693M(15360M) 9.868ms
[1129.946s] GC(3281) Pause Young (Normal) (G1 Evacuation Pause) 14437M->13694M(15360M) 10.210ms
[1130.050s] GC(3282) Pause Young (Normal) (G1 Evacuation Pause) 14438M->13695M(15360M) 10.106ms
[1130.159s] GC(3283) Pause Young (Normal) (G1 Evacuation Pause) 14439M->13696M(15360M) 10.090ms
[1130.259s] GC(3284) Pause Young (Normal) (G1 Evacuation Pause) 14440M->13698M(15360M) 10.005ms
[1130.375s] GC(3285) Pause Young (Normal) (G1 Evacuation Pause) 14442M->13698M(15360M) 9.756ms
[1130.477s] GC(3286) Pause Young (Normal) (G1 Evacuation Pause) 14442M->13699M(15360M) 10.978ms
[1130.587s] GC(3287) Pause Young (Normal) (G1 Evacuation Pause) 14443M->13700M(15360M) 10.358ms
[1130.691s] GC(3288) Pause Young (Normal) (G1 Evacuation Pause) 14452M->13702M(15360M) 10.310ms
[1130.799s] GC(3289) Pause Young (Normal) (G1 Evacuation Pause) 14446M->13702M(15360M) 11.089ms
[1130.913s] GC(3290) Pause Young (Normal) (G1 Evacuation Pause) 14446M->13703M(15360M) 10.220ms
[1131.023s] GC(3291) Pause Young (Normal) (G1 Evacuation Pause) 14447M->13705M(15360M) 10.233ms
[1131.111s] GC(3292) Pause Young (Normal) (G1 Evacuation Pause) 14449M->13706M(15360M) 10.399ms
[1131.223s] GC(3293) Pause Young (Normal) (G1 Evacuation Pause) 14450M->13706M(15360M) 11.053ms
[1131.328s] GC(3294) Pause Young (Normal) (G1 Evacuation Pause) 14450M->13707M(15360M) 11.853ms
[1131.442s] GC(3295) Pause Young (Normal) (G1 Evacuation Pause) 14459M->13709M(15360M) 10.958ms
[1131.538s] GC(3296) Pause Young (Normal) (G1 Evacuation Pause) 14453M->13710M(15360M) 11.951ms
[1131.656s] GC(3297) Pause Young (Normal) (G1 Evacuation Pause) 14454M->13711M(15360M) 13.562ms
[1131.756s] GC(3298) Pause Young (Normal) (G1 Evacuation Pause) 14455M->13712M(15360M) 14.348ms
[1131.880s] GC(3299) Pause Young (Normal) (G1 Evacuation Pause) 14464M->13713M(15360M) 11.619ms
[1131.968s] GC(3300) Pause Young (Normal) (G1 Evacuation Pause) 14457M->13714M(15360M) 11.528ms
[1132.079s] GC(3301) Pause Young (Normal) (G1 Evacuation Pause) 14458M->13715M(15360M) 12.385ms
[1132.180s] GC(3302) Pause Young (Normal) (G1 Evacuation Pause) 14459M->13716M(15360M) 12.753ms
[1132.287s] GC(3303) Pause Young (Normal) (G1 Evacuation Pause) 14460M->13718M(15360M) 11.274ms
[1132.392s] GC(3304) Pause Young (Normal) (G1 Evacuation Pause) 14462M->13718M(15360M) 11.762ms
[1132.505s] GC(3305) Pause Young (Normal) (G1 Evacuation Pause) 14462M->13720M(15360M) 11.328ms
[1132.620s] GC(3306) Pause Young (Normal) (G1 Evacuation Pause) 14464M->13721M(15360M) 11.074ms
[1132.710s] GC(3307) Pause Young (Normal) (G1 Evacuation Pause) 14465M->13722M(15360M) 10.365ms
[1132.819s] GC(3308) Pause Young (Normal) (G1 Evacuation Pause) 14466M->13723M(15360M) 10.815ms
[1132.864s] GC(3184) Pause Remark 14053M->14053M(15360M) 1.730ms
[1132.926s] GC(3309) Pause Young (Normal) (G1 Evacuation Pause) 14467M->13724M(15360M) 10.572ms
[1133.043s] GC(3310) Pause Young (Normal) (G1 Evacuation Pause) 14468M->13725M(15360M) 11.342ms
[1133.135s] GC(3311) Pause Young (Normal) (G1 Evacuation Pause) 14469M->13726M(15360M) 10.504ms
[1133.240s] GC(3312) Pause Young (Normal) (G1 Evacuation Pause) 14470M->13727M(15360M) 11.386ms
[1133.349s] GC(3313) Pause Young (Normal) (G1 Evacuation Pause) 14471M->13728M(15360M) 12.502ms
[1133.467s] GC(3314) Pause Young (Normal) (G1 Evacuation Pause) 14472M->13729M(15360M) 12.034ms
[1133.557s] GC(3315) Pause Young (Normal) (G1 Evacuation Pause) 14473M->13731M(15360M) 12.307ms
[1133.667s] GC(3316) Pause Young (Normal) (G1 Evacuation Pause) 14475M->13731M(15360M) 11.740ms
[1133.763s] GC(3317) Pause Young (Normal) (G1 Evacuation Pause) 14475M->13733M(15360M) 13.196ms
[1133.881s] GC(3318) Pause Young (Normal) (G1 Evacuation Pause) 14477M->13734M(15360M) 13.001ms
[1133.974s] GC(3319) Pause Young (Normal) (G1 Evacuation Pause) 14478M->13735M(15360M) 13.206ms
[1134.097s] GC(3320) Pause Young (Normal) (G1 Evacuation Pause) 14479M->13736M(15360M) 13.512ms
[1134.193s] GC(3321) Pause Young (Normal) (G1 Evacuation Pause) 14480M->13737M(15360M) 14.472ms
[1134.303s] GC(3322) Pause Young (Normal) (G1 Evacuation Pause) 14481M->13737M(15360M) 13.917ms
[1134.412s] GC(3323) Pause Young (Normal) (G1 Evacuation Pause) 14481M->13739M(15360M) 14.495ms
[1134.522s] GC(3324) Pause Young (Normal) (G1 Evacuation Pause) 14483M->13740M(15360M) 14.237ms
[1134.641s] GC(3325) Pause Young (Normal) (G1 Evacuation Pause) 14484M->13741M(15360M) 15.696ms
[1134.764s] GC(3326) Pause Young (Normal) (G1 Evacuation Pause) 14485M->13742M(15360M) 15.340ms
[1134.856s] GC(3327) Pause Young (Normal) (G1 Evacuation Pause) 14486M->13743M(15360M) 16.457ms
[1134.976s] GC(3328) Pause Young (Normal) (G1 Evacuation Pause) 14487M->13744M(15360M) 16.493ms
[1135.079s] GC(3329) Pause Young (Normal) (G1 Evacuation Pause) 14488M->13745M(15360M) 17.180ms
[1135.201s] GC(3330) Pause Young (Normal) (G1 Evacuation Pause) 14489M->13746M(15360M) 16.182ms
[1135.307s] GC(3331) Pause Young (Normal) (G1 Evacuation Pause) 14490M->13747M(15360M) 16.849ms
[1135.454s] GC(3332) Pause Young (Normal) (G1 Evacuation Pause) 14491M->13749M(15360M) 17.836ms
[1135.590s] GC(3333) Pause Young (Normal) (G1 Evacuation Pause) 14493M->13749M(15360M) 17.687ms
[1135.715s] GC(3334) Pause Young (Normal) (G1 Evacuation Pause) 14493M->13751M(15360M) 17.733ms
[1135.833s] GC(3335) Pause Young (Normal) (G1 Evacuation Pause) 14495M->13752M(15360M) 17.545ms
[1135.954s] GC(3336) Pause Young (Normal) (G1 Evacuation Pause) 14496M->13753M(15360M) 17.773ms
[1136.077s] GC(3337) Pause Young (Normal) (G1 Evacuation Pause) 14497M->13754M(15360M) 17.963ms
[1136.189s] GC(3338) Pause Young (Normal) (G1 Evacuation Pause) 14498M->13755M(15360M) 19.133ms
[1136.310s] GC(3339) Pause Young (Normal) (G1 Evacuation Pause) 14499M->13756M(15360M) 18.644ms
[1136.415s] GC(3340) Pause Young (Normal) (G1 Evacuation Pause) 14500M->13758M(15360M) 19.323ms
[1136.534s] GC(3341) Pause Young (Normal) (G1 Evacuation Pause) 14502M->13758M(15360M) 19.231ms
[1136.647s] GC(3342) Pause Young (Normal) (G1 Evacuation Pause) 14502M->13759M(15360M) 20.311ms
[1136.763s] GC(3343) Pause Young (Normal) (G1 Evacuation Pause) 14503M->13760M(15360M) 19.718ms
[1136.866s] GC(3344) Pause Young (Normal) (G1 Evacuation Pause) 14504M->13761M(15360M) 20.471ms
[1136.993s] GC(3345) Pause Young (Normal) (G1 Evacuation Pause) 14505M->13762M(15360M) 20.768ms
[1137.103s] GC(3346) Pause Young (Normal) (G1 Evacuation Pause) 14506M->13764M(15360M) 21.563ms
[1137.239s] GC(3347) Pause Young (Normal) (G1 Evacuation Pause) 14508M->13765M(15360M) 22.054ms
[1137.357s] GC(3348) Pause Young (Normal) (G1 Evacuation Pause) 14509M->13766M(15360M) 22.327ms
[1137.484s] GC(3349) Pause Young (Normal) (G1 Evacuation Pause) 14510M->13767M(15360M) 21.680ms
[1137.593s] GC(3350) Pause Young (Normal) (G1 Evacuation Pause) 14511M->13768M(15360M) 20.389ms
[1137.714s] GC(3351) Pause Young (Normal) (G1 Evacuation Pause) 14512M->13769M(15360M) 21.875ms
[1137.837s] GC(3352) Pause Young (Normal) (G1 Evacuation Pause) 14513M->13771M(15360M) 22.301ms
[1137.969s] GC(3353) Pause Young (Normal) (G1 Evacuation Pause) 14515M->13771M(15360M) 23.421ms
[1138.079s] GC(3354) Pause Young (Normal) (G1 Evacuation Pause) 14515M->13772M(15360M) 22.077ms
[1138.199s] GC(3355) Pause Young (Normal) (G1 Evacuation Pause) 14516M->13773M(15360M) 24.979ms
[1138.308s] GC(3356) Pause Young (Normal) (G1 Evacuation Pause) 14517M->13774M(15360M) 23.367ms
[1138.423s] GC(3357) Pause Young (Normal) (G1 Evacuation Pause) 14518M->13776M(15360M) 24.417ms
[1138.549s] GC(3358) Pause Young (Normal) (G1 Evacuation Pause) 14520M->13777M(15360M) 26.428ms
[1138.667s] GC(3359) Pause Young (Normal) (G1 Evacuation Pause) 14521M->13778M(15360M) 27.096ms
[1138.791s] GC(3360) Pause Young (Normal) (G1 Evacuation Pause) 14522M->13779M(15360M) 26.631ms
[1138.919s] GC(3361) Pause Young (Normal) (G1 Evacuation Pause) 14523M->13780M(15360M) 28.845ms
[1139.054s] GC(3362) Pause Young (Normal) (G1 Evacuation Pause) 14524M->13781M(15360M) 26.832ms
[1139.177s] GC(3363) Pause Young (Normal) (G1 Evacuation Pause) 14525M->13782M(15360M) 26.818ms
[1139.311s] GC(3364) Pause Young (Normal) (G1 Evacuation Pause) 14526M->13783M(15360M) 26.559ms
[1139.431s] GC(3365) Pause Young (Normal) (G1 Evacuation Pause) 14527M->13784M(15360M) 26.710ms
[1139.560s] GC(3366) Pause Young (Normal) (G1 Evacuation Pause) 14528M->13785M(15360M) 27.620ms
[1139.688s] GC(3367) Pause Young (Normal) (G1 Evacuation Pause) 14529M->13786M(15360M) 27.366ms
[1139.834s] GC(3368) Pause Young (Normal) (G1 Evacuation Pause) 14530M->13788M(15360M) 28.765ms
[1139.955s] GC(3369) Pause Young (Normal) (G1 Evacuation Pause) 14532M->13788M(15360M) 29.329ms
[1140.097s] GC(3370) Pause Young (Normal) (G1 Evacuation Pause) 14532M->13790M(15360M) 29.383ms
[1140.228s] GC(3371) Pause Young (Normal) (G1 Evacuation Pause) 14534M->13790M(15360M) 27.776ms
[1140.365s] GC(3372) Pause Young (Normal) (G1 Evacuation Pause) 14534M->13791M(15360M) 26.124ms
[1140.488s] GC(3373) Pause Young (Normal) (G1 Evacuation Pause) 14535M->13793M(15360M) 25.392ms
[1140.624s] GC(3374) Pause Young (Normal) (G1 Evacuation Pause) 14537M->13793M(15360M) 25.033ms
[1140.750s] GC(3375) Pause Young (Normal) (G1 Evacuation Pause) 14545M->13795M(15360M) 25.840ms
[1140.880s] GC(3376) Pause Young (Normal) (G1 Evacuation Pause) 14539M->13796M(15360M) 25.098ms
[1140.993s] GC(3377) Pause Young (Normal) (G1 Evacuation Pause) 14540M->13797M(15360M) 26.504ms
[1141.120s] GC(3378) Pause Young (Normal) (G1 Evacuation Pause) 14541M->13798M(15360M) 28.050ms
[1141.240s] GC(3379) Pause Young (Normal) (G1 Evacuation Pause) 14542M->13799M(15360M) 30.254ms
[1141.360s] GC(3380) Pause Young (Normal) (G1 Evacuation Pause) 14543M->13800M(15360M) 25.787ms
[1141.473s] GC(3381) Pause Young (Normal) (G1 Evacuation Pause) 14544M->13801M(15360M) 25.096ms
[1141.607s] GC(3382) Pause Young (Normal) (G1 Evacuation Pause) 14545M->13803M(15360M) 26.505ms
[1141.733s] GC(3383) Pause Young (Normal) (G1 Evacuation Pause) 14547M->13803M(15360M) 27.596ms
[1141.860s] GC(3384) Pause Young (Normal) (G1 Evacuation Pause) 14547M->13805M(15360M) 30.951ms
[1141.969s] GC(3385) Pause Young (Normal) (G1 Evacuation Pause) 14549M->13806M(15360M) 26.375ms
[1142.012s] GC(3184) Pause Cleanup 14080M->14080M(15360M) 4.011ms
[1142.024s] GC(3184) Concurrent Mark Cycle 22608.587ms
[1142.103s] GC(3386) Pause Young (Prepare Mixed) (G1 Evacuation Pause) 14550M->13807M(15360M) 25.983ms
[1142.268s] GC(3387) Pause Young (Mixed) (G1 Evacuation Pause) 14551M->13782M(15360M) 51.500ms
[1142.375s] GC(3388) Pause Young (Concurrent Start) (G1 Evacuation Pause) 14526M->13792M(15360M) 10.809ms
[1142.375s] GC(3389) Concurrent Mark Cycle
[1142.485s] GC(3390) Pause Young (Normal) (G1 Evacuation Pause) 14536M->13795M(15360M) 10.494ms
[1142.587s] GC(3391) Pause Young (Normal) (G1 Evacuation Pause) 14539M->13796M(15360M) 9.684ms
[1142.695s] GC(3392) Pause Young (Normal) (G1 Evacuation Pause) 14540M->13797M(15360M) 9.819ms
[1142.797s] GC(3393) Pause Young (Normal) (G1 Evacuation Pause) 14541M->13799M(15360M) 9.834ms
[1142.922s] GC(3394) Pause Young (Normal) (G1 Evacuation Pause) 14543M->13799M(15360M) 10.709ms
[1143.031s] GC(3395) Pause Young (Normal) (G1 Evacuation Pause) 14543M->13801M(15360M) 9.932ms
[1143.151s] GC(3396) Pause Young (Normal) (G1 Evacuation Pause) 14545M->13802M(15360M) 11.030ms
[1143.252s] GC(3397) Pause Young (Normal) (G1 Evacuation Pause) 14546M->13803M(15360M) 9.904ms
[1143.368s] GC(3398) Pause Young (Normal) (G1 Evacuation Pause) 14547M->13804M(15360M) 9.942ms
[1143.476s] GC(3399) Pause Young (Normal) (G1 Evacuation Pause) 14548M->13805M(15360M) 9.149ms
[1143.585s] GC(3400) Pause Young (Normal) (G1 Evacuation Pause) 14549M->13806M(15360M) 9.435ms
[1143.695s] GC(3401) Pause Young (Normal) (G1 Evacuation Pause) 14558M->13806M(15360M) 9.641ms
[1143.828s] GC(3402) Pause Young (Normal) (G1 Evacuation Pause) 14558M->13808M(15360M) 12.358ms
[1143.939s] GC(3403) Pause Young (Normal) (G1 Evacuation Pause) 14552M->13809M(15360M) 9.641ms
[1144.058s] GC(3404) Pause Young (Normal) (G1 Evacuation Pause) 14553M->13810M(15360M) 10.392ms
[1144.184s] GC(3405) Pause Young (Normal) (G1 Evacuation Pause) 14554M->13811M(15360M) 12.191ms
[1144.304s] GC(3406) Pause Young (Normal) (G1 Evacuation Pause) 14563M->13813M(15360M) 11.428ms
[1144.418s] GC(3407) Pause Young (Normal) (G1 Evacuation Pause) 14557M->13814M(15360M) 11.700ms
[1144.542s] GC(3408) Pause Young (Normal) (G1 Evacuation Pause) 14558M->13815M(15360M) 10.866ms
[1144.644s] GC(3409) Pause Young (Normal) (G1 Evacuation Pause) 14559M->13816M(15360M) 10.293ms
[1144.768s] GC(3410) Pause Young (Normal) (G1 Evacuation Pause) 14560M->13816M(15360M) 11.315ms
[1144.883s] GC(3411) Pause Young (Normal) (G1 Evacuation Pause) 14560M->13818M(15360M) 10.859ms
[1144.997s] GC(3412) Pause Young (Normal) (G1 Evacuation Pause) 14562M->13818M(15360M) 11.129ms
[1145.099s] GC(3413) Pause Young (Normal) (G1 Evacuation Pause) 14562M->13820M(15360M) 11.466ms
[1145.224s] GC(3414) Pause Young (Normal) (G1 Evacuation Pause) 14564M->13821M(15360M) 14.077ms
[1145.343s] GC(3415) Pause Young (Normal) (G1 Evacuation Pause) 14565M->13821M(15360M) 15.132ms
[1145.457s] GC(3416) Pause Young (Normal) (G1 Evacuation Pause) 14573M->13822M(15360M) 13.338ms
[1145.578s] GC(3417) Pause Young (Normal) (G1 Evacuation Pause) 14574M->13824M(15360M) 13.668ms
[1145.690s] GC(3418) Pause Young (Normal) (G1 Evacuation Pause) 14568M->13825M(15360M) 12.422ms
[1145.805s] GC(3419) Pause Young (Normal) (G1 Evacuation Pause) 14569M->13826M(15360M) 12.556ms
[1145.906s] GC(3420) Pause Young (Normal) (G1 Evacuation Pause) 14570M->13827M(15360M) 11.389ms
[1146.012s] GC(3421) Pause Young (Normal) (G1 Evacuation Pause) 14579M->13828M(15360M) 11.280ms
[1146.125s] GC(3422) Pause Young (Normal) (G1 Evacuation Pause) 14572M->13829M(15360M) 12.381ms
[1146.254s] GC(3423) Pause Young (Normal) (G1 Evacuation Pause) 14573M->13831M(15360M) 11.296ms
[1146.350s] GC(3424) Pause Young (Normal) (G1 Evacuation Pause) 14575M->13831M(15360M) 11.521ms
[1146.466s] GC(3425) Pause Young (Normal) (G1 Evacuation Pause) 14575M->13832M(15360M) 11.092ms
[1146.567s] GC(3426) Pause Young (Normal) (G1 Evacuation Pause) 14576M->13833M(15360M) 12.473ms
[1146.678s] GC(3427) Pause Young (Normal) (G1 Evacuation Pause) 14577M->13834M(15360M) 15.039ms
[1146.782s] GC(3428) Pause Young (Normal) (G1 Evacuation Pause) 14586M->13835M(15360M) 14.219ms
[1146.912s] GC(3429) Pause Young (Normal) (G1 Evacuation Pause) 14587M->13836M(15360M) 14.213ms
[1147.024s] GC(3430) Pause Young (Normal) (G1 Evacuation Pause) 14588M->13838M(15360M) 15.115ms
[1147.154s] GC(3431) Pause Young (Normal) (G1 Evacuation Pause) 14582M->13839M(15360M) 14.816ms
[1147.272s] GC(3432) Pause Young (Normal) (G1 Evacuation Pause) 14583M->13839M(15360M) 16.521ms
[1147.400s] GC(3433) Pause Young (Normal) (G1 Evacuation Pause) 14591M->13841M(15360M) 12.923ms
[1147.518s] GC(3434) Pause Young (Normal) (G1 Evacuation Pause) 14585M->13841M(15360M) 16.459ms
[1147.638s] GC(3435) Pause Young (Normal) (G1 Evacuation Pause) 14593M->13843M(15360M) 11.522ms
[1147.734s] GC(3436) Pause Young (Normal) (G1 Evacuation Pause) 14595M->13844M(15360M) 11.435ms
[1147.855s] GC(3437) Pause Young (Normal) (G1 Evacuation Pause) 14588M->13846M(15360M) 13.039ms
[1147.961s] GC(3438) Pause Young (Normal) (G1 Evacuation Pause) 14590M->13846M(15360M) 12.061ms
[1148.080s] GC(3439) Pause Young (Normal) (G1 Evacuation Pause) 14590M->13847M(15360M) 11.640ms
[1148.181s] GC(3440) Pause Young (Normal) (G1 Evacuation Pause) 14591M->13849M(15360M) 12.253ms
[1148.291s] GC(3441) Pause Young (Normal) (G1 Evacuation Pause) 14593M->13849M(15360M) 11.517ms
[1148.398s] GC(3442) Pause Young (Normal) (G1 Evacuation Pause) 14593M->13851M(15360M) 14.338ms
[1148.503s] GC(3443) Pause Young (Normal) (G1 Evacuation Pause) 14595M->13851M(15360M) 12.619ms
[1148.600s] GC(3444) Pause Young (Normal) (G1 Evacuation Pause) 14595M->13852M(15360M) 12.641ms
[1148.721s] GC(3445) Pause Young (Normal) (G1 Evacuation Pause) 14604M->13853M(15360M) 14.606ms
[1148.839s] GC(3446) Pause Young (Normal) (G1 Evacuation Pause) 14605M->13854M(15360M) 15.371ms
[1148.950s] GC(3447) Pause Young (Normal) (G1 Evacuation Pause) 14598M->13855M(15360M) 14.995ms
[1149.077s] GC(3448) Pause Young (Normal) (G1 Evacuation Pause) 14607M->13857M(15360M) 13.829ms
[1149.185s] GC(3449) Pause Young (Normal) (G1 Evacuation Pause) 14601M->13858M(15360M) 13.940ms
[1149.302s] GC(3450) Pause Young (Normal) (G1 Evacuation Pause) 14602M->13859M(15360M) 13.463ms
[1149.398s] GC(3451) Pause Young (Normal) (G1 Evacuation Pause) 14603M->13860M(15360M) 13.173ms
[1149.501s] GC(3452) Pause Young (Normal) (G1 Evacuation Pause) 14604M->13861M(15360M) 13.149ms
[1149.603s] GC(3453) Pause Young (Normal) (G1 Evacuation Pause) 14605M->13862M(15360M) 12.815ms
[1149.724s] GC(3454) Pause Young (Normal) (G1 Evacuation Pause) 14606M->13863M(15360M) 12.208ms
[1149.817s] GC(3455) Pause Young (Normal) (G1 Evacuation Pause) 14607M->13864M(15360M) 11.160ms
[1149.922s] GC(3456) Pause Young (Normal) (G1 Evacuation Pause) 14616M->13866M(15360M) 11.656ms
[1150.028s] GC(3457) Pause Young (Normal) (G1 Evacuation Pause) 14610M->13866M(15360M) 11.980ms
[1150.142s] GC(3458) Pause Young (Normal) (G1 Evacuation Pause) 14610M->13867M(15360M) 13.147ms
[1150.250s] GC(3459) Pause Young (Normal) (G1 Evacuation Pause) 14611M->13868M(15360M) 15.540ms
[1150.380s] GC(3460) Pause Young (Normal) (G1 Evacuation Pause) 14620M->13869M(15360M) 15.343ms
[1150.511s] GC(3461) Pause Young (Normal) (G1 Evacuation Pause) 14613M->13870M(15360M) 14.562ms
[1150.655s] GC(3462) Pause Young (Normal) (G1 Evacuation Pause) 14622M->13871M(15360M) 14.918ms
[1150.757s] GC(3463) Pause Young (Normal) (G1 Evacuation Pause) 14615M->13873M(15360M) 13.724ms
[1150.866s] GC(3464) Pause Young (Normal) (G1 Evacuation Pause) 14617M->13874M(15360M) 13.825ms
[1150.987s] GC(3465) Pause Young (Normal) (G1 Evacuation Pause) 14618M->13874M(15360M) 13.468ms
[1151.107s] GC(3466) Pause Young (Normal) (G1 Evacuation Pause) 14626M->13875M(15360M) 12.645ms
[1151.209s] GC(3467) Pause Young (Normal) (G1 Evacuation Pause) 14627M->13877M(15360M) 13.681ms
[1151.335s] GC(3468) Pause Young (Normal) (G1 Evacuation Pause) 14629M->13878M(15360M) 14.508ms
[1151.442s] GC(3469) Pause Young (Normal) (G1 Evacuation Pause) 14622M->13879M(15360M) 14.259ms
[1151.562s] GC(3470) Pause Young (Normal) (G1 Evacuation Pause) 14623M->13880M(15360M) 12.973ms
[1151.665s] GC(3471) Pause Young (Normal) (G1 Evacuation Pause) 14624M->13881M(15360M) 13.188ms
[1151.806s] GC(3472) Pause Young (Normal) (G1 Evacuation Pause) 14633M->13882M(15360M) 15.643ms
[1151.921s] GC(3473) Pause Young (Normal) (G1 Evacuation Pause) 14626M->13883M(15360M) 13.158ms
[1152.017s] GC(3474) Pause Young (Normal) (G1 Evacuation Pause) 14635M->13884M(15360M) 11.159ms
[1152.131s] GC(3475) Pause Young (Normal) (G1 Evacuation Pause) 14628M->13885M(15360M) 11.663ms
[1152.237s] GC(3476) Pause Young (Normal) (G1 Evacuation Pause) 14629M->13887M(15360M) 12.788ms
[1152.355s] GC(3477) Pause Young (Normal) (G1 Evacuation Pause) 14631M->13887M(15360M) 11.699ms
[1152.444s] GC(3478) Pause Young (Normal) (G1 Evacuation Pause) 14631M->13888M(15360M) 10.109ms
[1152.551s] GC(3479) Pause Young (Normal) (G1 Evacuation Pause) 14632M->13890M(15360M) 11.665ms
[1152.647s] GC(3480) Pause Young (Normal) (G1 Evacuation Pause) 14634M->13891M(15360M) 11.536ms
[1152.757s] GC(3481) Pause Young (Normal) (G1 Evacuation Pause) 14635M->13892M(15360M) 11.659ms
[1152.855s] GC(3482) Pause Young (Normal) (G1 Evacuation Pause) 14636M->13893M(15360M) 10.455ms
[1152.968s] GC(3483) Pause Young (Normal) (G1 Evacuation Pause) 14637M->13894M(15360M) 11.532ms
[1153.068s] GC(3484) Pause Young (Normal) (G1 Evacuation Pause) 14638M->13895M(15360M) 10.478ms
[1153.172s] GC(3485) Pause Young (Normal) (G1 Evacuation Pause) 14639M->13897M(15360M) 10.185ms
[1153.264s] GC(3486) Pause Young (Normal) (G1 Evacuation Pause) 14641M->13898M(15360M) 9.202ms
[1153.364s] GC(3487) Pause Young (Normal) (G1 Evacuation Pause) 14642M->13898M(15360M) 10.160ms
[1153.459s] GC(3488) Pause Young (Normal) (G1 Evacuation Pause) 14642M->13899M(15360M) 11.238ms
[1153.551s] GC(3489) Pause Young (Normal) (G1 Evacuation Pause) 14643M->13901M(15360M) 9.166ms
[1153.640s] GC(3490) Pause Young (Normal) (G1 Evacuation Pause) 14645M->13901M(15360M) 10.338ms
[1153.736s] GC(3491) Pause Young (Normal) (G1 Evacuation Pause) 14653M->13903M(15360M) 10.023ms
[1153.832s] GC(3492) Pause Young (Normal) (G1 Evacuation Pause) 14647M->13904M(15360M) 10.353ms
[1153.942s] GC(3493) Pause Young (Normal) (G1 Evacuation Pause) 14648M->13905M(15360M) 9.137ms
[1154.026s] GC(3494) Pause Young (Normal) (G1 Evacuation Pause) 14649M->13907M(15360M) 9.222ms
[1154.139s] GC(3495) Pause Young (Normal) (G1 Evacuation Pause) 14651M->13907M(15360M) 9.662ms
[1154.238s] GC(3496) Pause Young (Normal) (G1 Evacuation Pause) 14651M->13908M(15360M) 9.862ms
[1154.341s] GC(3497) Pause Young (Normal) (G1 Evacuation Pause) 14652M->13909M(15360M) 8.977ms
[1154.439s] GC(3498) Pause Young (Normal) (G1 Evacuation Pause) 14653M->13910M(15360M) 8.920ms
[1154.538s] GC(3499) Pause Young (Normal) (G1 Evacuation Pause) 14654M->13912M(15360M) 9.639ms
[1154.640s] GC(3500) Pause Young (Normal) (G1 Evacuation Pause) 14656M->13913M(15360M) 9.781ms
[1154.740s] GC(3501) Pause Young (Normal) (G1 Evacuation Pause) 14657M->13914M(15360M) 9.225ms
[1154.837s] GC(3502) Pause Young (Normal) (G1 Evacuation Pause) 14658M->13915M(15360M) 8.813ms
[1154.944s] GC(3503) Pause Young (Normal) (G1 Evacuation Pause) 14659M->13916M(15360M) 9.453ms
[1155.040s] GC(3504) Pause Young (Normal) (G1 Evacuation Pause) 14660M->13917M(15360M) 9.639ms
[1155.138s] GC(3505) Pause Young (Normal) (G1 Evacuation Pause) 14661M->13918M(15360M) 9.042ms
[1155.222s] GC(3506) Pause Young (Normal) (G1 Evacuation Pause) 14662M->13919M(15360M) 9.613ms
[1155.329s] GC(3507) Pause Young (Normal) (G1 Evacuation Pause) 14663M->13920M(15360M) 10.305ms
[1155.453s] GC(3508) Pause Young (Normal) (G1 Evacuation Pause) 14664M->13921M(15360M) 10.310ms
[1155.536s] GC(3509) Pause Young (Normal) (G1 Evacuation Pause) 14665M->13922M(15360M) 10.725ms
[1155.632s] GC(3510) Pause Young (Normal) (G1 Evacuation Pause) 14666M->13924M(15360M) 9.864ms
[1155.736s] GC(3511) Pause Young (Normal) (G1 Evacuation Pause) 14668M->13924M(15360M) 9.666ms
[1155.859s] GC(3512) Pause Young (Normal) (G1 Evacuation Pause) 14668M->13925M(15360M) 9.445ms
[1155.953s] GC(3513) Pause Young (Normal) (G1 Evacuation Pause) 14669M->13926M(15360M) 10.305ms
[1156.068s] GC(3514) Pause Young (Normal) (G1 Evacuation Pause) 14670M->13928M(15360M) 10.357ms
[1156.175s] GC(3515) Pause Young (Normal) (G1 Evacuation Pause) 14672M->13929M(15360M) 9.676ms
[1156.244s] GC(3389) Pause Remark 14418M->14418M(15360M) 1.504ms
[1156.288s] GC(3516) Pause Young (Normal) (G1 Evacuation Pause) 14673M->13929M(15360M) 9.864ms
[1156.372s] GC(3517) Pause Young (Normal) (G1 Evacuation Pause) 14673M->13931M(15360M) 10.155ms
[1156.486s] GC(3518) Pause Young (Normal) (G1 Evacuation Pause) 14675M->13932M(15360M) 10.442ms
[1156.570s] GC(3519) Pause Young (Normal) (G1 Evacuation Pause) 14676M->13933M(15360M) 11.738ms
[1156.666s] GC(3520) Pause Young (Normal) (G1 Evacuation Pause) 14677M->13934M(15360M) 11.915ms
[1156.743s] GC(3521) Pause Young (Normal) (G1 Evacuation Pause) 14678M->13935M(15360M) 11.549ms
[1156.848s] GC(3522) Pause Young (Normal) (G1 Evacuation Pause) 14687M->13936M(15360M) 11.520ms
[1156.949s] GC(3523) Pause Young (Normal) (G1 Evacuation Pause) 14680M->13937M(15360M) 12.725ms
[1157.068s] GC(3524) Pause Young (Normal) (G1 Evacuation Pause) 14689M->13938M(15360M) 13.630ms
[1157.163s] GC(3525) Pause Young (Normal) (G1 Evacuation Pause) 14690M->13939M(15360M) 11.917ms
[1157.274s] GC(3526) Pause Young (Normal) (G1 Evacuation Pause) 14683M->13940M(15360M) 13.042ms
[1157.386s] GC(3527) Pause Young (Normal) (G1 Evacuation Pause) 14684M->13941M(15360M) 14.286ms
[1157.501s] GC(3528) Pause Young (Normal) (G1 Evacuation Pause) 14685M->13943M(15360M) 13.291ms
[1157.605s] GC(3529) Pause Young (Normal) (G1 Evacuation Pause) 14687M->13943M(15360M) 13.243ms
[1157.720s] GC(3530) Pause Young (Normal) (G1 Evacuation Pause) 14695M->13944M(15360M) 14.196ms
[1157.836s] GC(3531) Pause Young (Normal) (G1 Evacuation Pause) 14688M->13945M(15360M) 14.638ms
[1157.964s] GC(3532) Pause Young (Normal) (G1 Evacuation Pause) 14697M->13946M(15360M) 14.789ms
[1158.060s] GC(3533) Pause Young (Normal) (G1 Evacuation Pause) 14690M->13947M(15360M) 14.701ms
[1158.178s] GC(3534) Pause Young (Normal) (G1 Evacuation Pause) 14691M->13949M(15360M) 15.849ms
[1158.287s] GC(3535) Pause Young (Normal) (G1 Evacuation Pause) 14693M->13950M(15360M) 14.612ms
[1158.402s] GC(3536) Pause Young (Normal) (G1 Evacuation Pause) 14694M->13951M(15360M) 15.548ms
[1158.515s] GC(3537) Pause Young (Normal) (G1 Evacuation Pause) 14695M->13952M(15360M) 16.119ms
[1158.634s] GC(3538) Pause Young (Normal) (G1 Evacuation Pause) 14696M->13952M(15360M) 17.640ms
[1158.766s] GC(3539) Pause Young (Normal) (G1 Evacuation Pause) 14704M->13953M(15360M) 16.505ms
[1158.883s] GC(3540) Pause Young (Normal) (G1 Evacuation Pause) 14705M->13954M(15360M) 15.905ms
[1159.013s] GC(3541) Pause Young (Normal) (G1 Evacuation Pause) 14706M->13956M(15360M) 16.589ms
[1159.101s] GC(3542) Pause Young (Normal) (G1 Evacuation Pause) 14700M->13957M(15360M) 16.547ms
[1159.202s] GC(3543) Pause Young (Normal) (G1 Evacuation Pause) 14709M->13958M(15360M) 17.374ms
[1159.304s] GC(3544) Pause Young (Normal) (G1 Evacuation Pause) 14710M->13959M(15360M) 17.944ms
[1159.416s] GC(3545) Pause Young (Normal) (G1 Evacuation Pause) 14711M->13960M(15360M) 17.956ms
[1159.534s] GC(3546) Pause Young (Normal) (G1 Evacuation Pause) 14704M->13961M(15360M) 17.548ms
[1159.672s] GC(3547) Pause Young (Normal) (G1 Evacuation Pause) 14713M->13962M(15360M) 18.989ms
[1159.781s] GC(3548) Pause Young (Normal) (G1 Evacuation Pause) 14706M->13963M(15360M) 19.094ms
[1159.910s] GC(3549) Pause Young (Normal) (G1 Evacuation Pause) 14707M->13964M(15360M) 19.158ms
[1160.024s] GC(3550) Pause Young (Normal) (G1 Evacuation Pause) 14708M->13965M(15360M) 20.333ms
[1160.144s] GC(3551) Pause Young (Normal) (G1 Evacuation Pause) 14717M->13966M(15360M) 19.607ms
[1160.248s] GC(3552) Pause Young (Normal) (G1 Evacuation Pause) 14718M->13967M(15360M) 19.009ms
[1160.358s] GC(3553) Pause Young (Normal) (G1 Evacuation Pause) 14711M->13969M(15360M) 19.495ms
[1160.472s] GC(3554) Pause Young (Normal) (G1 Evacuation Pause) 14713M->13970M(15360M) 20.489ms
[1160.609s] GC(3555) Pause Young (Normal) (G1 Evacuation Pause) 14714M->13971M(15360M) 22.175ms
[1160.718s] GC(3556) Pause Young (Normal) (G1 Evacuation Pause) 14715M->13971M(15360M) 21.036ms
[1160.855s] GC(3557) Pause Young (Normal) (G1 Evacuation Pause) 14723M->13973M(15360M) 21.439ms
[1160.975s] GC(3558) Pause Young (Normal) (G1 Evacuation Pause) 14717M->13973M(15360M) 23.054ms
[1161.117s] GC(3559) Pause Young (Normal) (G1 Evacuation Pause) 14725M->13975M(15360M) 22.429ms
[1161.227s] GC(3560) Pause Young (Normal) (G1 Evacuation Pause) 14719M->13976M(15360M) 23.701ms
[1161.355s] GC(3561) Pause Young (Normal) (G1 Evacuation Pause) 14720M->13977M(15360M) 24.062ms
[1161.470s] GC(3562) Pause Young (Normal) (G1 Evacuation Pause) 14721M->13977M(15360M) 24.261ms
[1161.593s] GC(3563) Pause Young (Normal) (G1 Evacuation Pause) 14729M->13979M(15360M) 24.339ms
[1161.706s] GC(3564) Pause Young (Normal) (G1 Evacuation Pause) 14723M->13980M(15360M) 24.359ms
[1161.834s] GC(3565) Pause Young (Normal) (G1 Evacuation Pause) 14732M->13981M(15360M) 23.988ms
[1161.956s] GC(3566) Pause Young (Normal) (G1 Evacuation Pause) 14733M->13982M(15360M) 25.002ms
[1162.086s] GC(3567) Pause Young (Normal) (G1 Evacuation Pause) 14734M->13983M(15360M) 25.281ms
[1162.210s] GC(3568) Pause Young (Normal) (G1 Evacuation Pause) 14727M->13984M(15360M) 25.551ms
[1162.336s] GC(3569) Pause Young (Normal) (G1 Evacuation Pause) 14728M->13985M(15360M) 27.030ms
[1162.473s] GC(3570) Pause Young (Normal) (G1 Evacuation Pause) 14737M->13986M(15360M) 27.009ms
[1162.588s] GC(3571) Pause Young (Normal) (G1 Evacuation Pause) 14738M->13987M(15360M) 24.890ms
[1162.715s] GC(3572) Pause Young (Normal) (G1 Evacuation Pause) 14731M->13989M(15360M) 26.149ms
[1162.836s] GC(3573) Pause Young (Normal) (G1 Evacuation Pause) 14733M->13989M(15360M) 26.021ms
[1162.989s] GC(3574) Pause Young (Normal) (G1 Evacuation Pause) 14741M->13991M(15360M) 27.296ms
[1163.103s] GC(3575) Pause Young (Normal) (G1 Evacuation Pause) 14735M->13992M(15360M) 25.418ms
[1163.228s] GC(3576) Pause Young (Normal) (G1 Evacuation Pause) 14736M->13993M(15360M) 25.417ms
[1163.353s] GC(3577) Pause Young (Normal) (G1 Evacuation Pause) 14737M->13994M(15360M) 25.726ms
[1163.483s] GC(3578) Pause Young (Normal) (G1 Evacuation Pause) 14738M->13994M(15360M) 25.137ms
[1163.600s] GC(3579) Pause Young (Normal) (G1 Evacuation Pause) 14746M->13995M(15360M) 26.079ms
[1163.734s] GC(3580) Pause Young (Normal) (G1 Evacuation Pause) 14739M->13996M(15360M) 27.406ms
[1163.860s] GC(3581) Pause Young (Normal) (G1 Evacuation Pause) 14748M->13997M(15360M) 27.217ms
[1164.005s] GC(3582) Pause Young (Normal) (G1 Evacuation Pause) 14749M->13999M(15360M) 25.134ms
[1164.127s] GC(3583) Pause Young (Normal) (G1 Evacuation Pause) 14743M->14000M(15360M) 25.259ms
[1164.252s] GC(3584) Pause Young (Normal) (G1 Evacuation Pause) 14744M->14001M(15360M) 23.756ms
[1164.364s] GC(3585) Pause Young (Normal) (G1 Evacuation Pause) 14753M->14002M(15360M) 26.905ms
[1164.485s] GC(3586) Pause Young (Normal) (G1 Evacuation Pause) 14754M->14003M(15360M) 24.778ms
[1164.584s] GC(3587) Pause Young (Normal) (G1 Evacuation Pause) 14747M->14004M(15360M) 26.065ms
[1164.730s] GC(3588) Pause Young (Normal) (G1 Evacuation Pause) 14756M->14005M(15360M) 28.165ms
[1164.856s] GC(3589) Pause Young (Normal) (G1 Evacuation Pause) 14757M->14006M(15360M) 26.916ms
[1164.990s] GC(3590) Pause Young (Normal) (G1 Evacuation Pause) 14750M->14007M(15360M) 24.508ms
[1165.097s] GC(3591) Pause Young (Normal) (G1 Evacuation Pause) 14751M->14008M(15360M) 24.059ms
[1165.219s] GC(3592) Pause Young (Normal) (G1 Evacuation Pause) 14752M->14009M(15360M) 23.641ms
[1165.325s] GC(3593) Pause Young (Normal) (G1 Evacuation Pause) 14761M->14010M(15360M) 24.354ms
[1165.439s] GC(3594) Pause Young (Normal) (G1 Evacuation Pause) 14754M->14011M(15360M) 24.752ms
[1165.443s] GC(3389) Pause Cleanup 14032M->14032M(15360M) 1.265ms
[1165.456s] GC(3389) Concurrent Mark Cycle 23080.397ms
[1165.550s] GC(3595) Pause Young (Prepare Mixed) (G1 Evacuation Pause) 14763M->14013M(15360M) 24.915ms
[1165.693s] GC(3596) Pause Young (Mixed) (G1 Evacuation Pause) 14757M->13993M(15360M) 44.813ms
[1165.801s] GC(3597) Pause Young (Concurrent Start) (G1 Evacuation Pause) 14745M->14002M(15360M) 12.749ms
[1165.801s] GC(3598) Concurrent Mark Cycle
[1165.910s] GC(3599) Pause Young (Normal) (G1 Evacuation Pause) 14754M->14004M(15360M) 10.291ms
[1166.003s] GC(3600) Pause Young (Normal) (G1 Evacuation Pause) 14748M->14005M(15360M) 11.124ms
[1166.109s] GC(3601) Pause Young (Normal) (G1 Evacuation Pause) 14757M->14007M(15360M) 11.036ms
[1166.232s] GC(3602) Pause Young (Normal) (G1 Evacuation Pause) 14751M->14008M(15360M) 10.820ms
[1166.335s] GC(3603) Pause Young (Normal) (G1 Evacuation Pause) 14752M->14009M(15360M) 10.296ms
[1166.442s] GC(3604) Pause Young (Normal) (G1 Evacuation Pause) 14753M->14010M(15360M) 10.560ms
[1166.555s] GC(3605) Pause Young (Normal) (G1 Evacuation Pause) 14754M->14011M(15360M) 11.173ms
[1166.682s] GC(3606) Pause Young (Normal) (G1 Evacuation Pause) 14763M->14012M(15360M) 10.414ms
[1166.785s] GC(3607) Pause Young (Normal) (G1 Evacuation Pause) 14756M->14013M(15360M) 10.221ms
[1166.904s] GC(3608) Pause Young (Normal) (G1 Evacuation Pause) 14757M->14014M(15360M) 10.847ms
[1166.999s] GC(3609) Pause Young (Normal) (G1 Evacuation Pause) 14758M->14015M(15360M) 10.712ms
[1167.096s] GC(3610) Pause Young (Normal) (G1 Evacuation Pause) 14767M->14016M(15360M) 11.725ms
[1167.192s] GC(3611) Pause Young (Normal) (G1 Evacuation Pause) 14768M->14017M(15360M) 11.472ms
[1167.303s] GC(3612) Pause Young (Normal) (G1 Evacuation Pause) 14761M->14018M(15360M) 11.192ms
[1167.411s] GC(3613) Pause Young (Normal) (G1 Evacuation Pause) 14762M->14019M(15360M) 12.548ms
[1167.539s] GC(3614) Pause Young (Normal) (G1 Evacuation Pause) 14763M->14020M(15360M) 11.827ms
[1167.639s] GC(3615) Pause Young (Normal) (G1 Evacuation Pause) 14764M->14021M(15360M) 11.068ms
[1167.766s] GC(3616) Pause Young (Normal) (G1 Evacuation Pause) 14765M->14023M(15360M) 11.998ms
[1167.869s] GC(3617) Pause Young (Normal) (G1 Evacuation Pause) 14767M->14023M(15360M) 12.318ms
[1167.992s] GC(3618) Pause Young (Normal) (G1 Evacuation Pause) 14767M->14025M(15360M) 11.523ms
[1168.097s] GC(3619) Pause Young (Normal) (G1 Evacuation Pause) 14769M->14026M(15360M) 11.646ms
[1168.208s] GC(3620) Pause Young (Normal) (G1 Evacuation Pause) 14778M->14027M(15360M) 11.772ms
[1168.311s] GC(3621) Pause Young (Normal) (G1 Evacuation Pause) 14771M->14028M(15360M) 11.839ms
[1168.429s] GC(3622) Pause Young (Normal) (G1 Evacuation Pause) 14780M->14029M(15360M) 11.543ms
[1168.535s] GC(3623) Pause Young (Normal) (G1 Evacuation Pause) 14773M->14030M(15360M) 11.471ms
[1168.659s] GC(3624) Pause Young (Normal) (G1 Evacuation Pause) 14782M->14031M(15360M) 11.896ms
[1168.765s] GC(3625) Pause Young (Normal) (G1 Evacuation Pause) 14775M->14032M(15360M) 10.807ms
[1168.884s] GC(3626) Pause Young (Normal) (G1 Evacuation Pause) 14776M->14033M(15360M) 10.373ms
[1168.989s] GC(3627) Pause Young (Normal) (G1 Evacuation Pause) 14777M->14034M(15360M) 10.573ms
[1169.114s] GC(3628) Pause Young (Normal) (G1 Evacuation Pause) 14778M->14035M(15360M) 9.831ms
[1169.230s] GC(3629) Pause Young (Normal) (G1 Evacuation Pause) 14779M->14036M(15360M) 9.911ms
[1169.350s] GC(3630) Pause Young (Normal) (G1 Evacuation Pause) 14788M->14037M(15360M) 10.016ms
[1169.448s] GC(3631) Pause Young (Normal) (G1 Evacuation Pause) 14781M->14038M(15360M) 9.617ms
[1169.559s] GC(3632) Pause Young (Normal) (G1 Evacuation Pause) 14790M->14040M(15360M) 10.046ms
[1169.672s] GC(3633) Pause Young (Normal) (G1 Evacuation Pause) 14784M->14040M(15360M) 10.279ms
[1169.776s] GC(3634) Pause Young (Normal) (G1 Evacuation Pause) 14784M->14041M(15360M) 10.097ms
[1169.871s] GC(3635) Pause Young (Normal) (G1 Evacuation Pause) 14793M->14042M(15360M) 9.870ms
[1169.998s] GC(3636) Pause Young (Normal) (G1 Evacuation Pause) 14794M->14044M(15360M) 10.870ms
[1170.107s] GC(3637) Pause Young (Normal) (G1 Evacuation Pause) 14788M->14044M(15360M) 10.255ms
[1170.208s] GC(3638) Pause Young (Normal) (G1 Evacuation Pause) 14796M->14045M(15360M) 9.935ms
[1170.321s] GC(3639) Pause Young (Normal) (G1 Evacuation Pause) 14789M->14046M(15360M) 10.020ms
[1170.425s] GC(3640) Pause Young (Normal) (G1 Evacuation Pause) 14798M->14047M(15360M) 10.216ms
[1170.546s] GC(3641) Pause Young (Normal) (G1 Evacuation Pause) 14799M->14049M(15360M) 9.956ms
[1170.653s] GC(3642) Pause Young (Normal) (G1 Evacuation Pause) 14793M->14050M(15360M) 9.839ms
[1170.780s] GC(3643) Pause Young (Normal) (G1 Evacuation Pause) 14794M->14051M(15360M) 10.486ms
[1170.890s] GC(3644) Pause Young (Normal) (G1 Evacuation Pause) 14795M->14052M(15360M) 10.349ms
[1171.021s] GC(3645) Pause Young (Normal) (G1 Evacuation Pause) 14796M->14053M(15360M) 10.204ms
[1171.117s] GC(3646) Pause Young (Normal) (G1 Evacuation Pause) 14797M->14054M(15360M) 9.676ms
[1171.234s] GC(3647) Pause Young (Normal) (G1 Evacuation Pause) 14798M->14055M(15360M) 9.912ms
[1171.339s] GC(3648) Pause Young (Normal) (G1 Evacuation Pause) 14799M->14056M(15360M) 9.734ms
[1171.454s] GC(3649) Pause Young (Normal) (G1 Evacuation Pause) 14800M->14057M(15360M) 9.218ms
[1171.543s] GC(3650) Pause Young (Normal) (G1 Evacuation Pause) 14801M->14058M(15360M) 10.107ms
[1171.655s] GC(3651) Pause Young (Normal) (G1 Evacuation Pause) 14802M->14059M(15360M) 10.631ms
[1171.769s] GC(3652) Pause Young (Normal) (G1 Evacuation Pause) 14811M->14060M(15360M) 11.355ms
[1171.888s] GC(3653) Pause Young (Normal) (G1 Evacuation Pause) 14812M->14061M(15360M) 10.372ms
[1171.978s] GC(3654) Pause Young (Normal) (G1 Evacuation Pause) 14813M->14062M(15360M) 9.379ms
[1172.089s] GC(3655) Pause Young (Normal) (G1 Evacuation Pause) 14814M->14063M(15360M) 10.076ms
[1172.194s] GC(3656) Pause Young (Normal) (G1 Evacuation Pause) 14815M->14064M(15360M) 10.069ms
[1172.307s] GC(3657) Pause Young (Normal) (G1 Evacuation Pause) 14816M->14065M(15360M) 9.264ms
[1172.408s] GC(3658) Pause Young (Normal) (G1 Evacuation Pause) 14817M->14067M(15360M) 9.442ms
[1172.521s] GC(3659) Pause Young (Normal) (G1 Evacuation Pause) 14811M->14067M(15360M) 10.879ms
[1172.621s] GC(3660) Pause Young (Normal) (G1 Evacuation Pause) 14819M->14069M(15360M) 10.641ms
[1172.737s] GC(3661) Pause Young (Normal) (G1 Evacuation Pause) 14813M->14070M(15360M) 10.556ms
[1172.823s] GC(3662) Pause Young (Normal) (G1 Evacuation Pause) 14814M->14071M(15360M) 10.279ms
[1172.945s] GC(3663) Pause Young (Normal) (G1 Evacuation Pause) 14823M->14072M(15360M) 10.497ms
[1173.054s] GC(3664) Pause Young (Normal) (G1 Evacuation Pause) 14824M->14072M(15360M) 11.571ms
[1173.173s] GC(3665) Pause Young (Normal) (G1 Evacuation Pause) 14824M->14074M(15360M) 11.491ms
[1173.259s] GC(3666) Pause Young (Normal) (G1 Evacuation Pause) 14818M->14075M(15360M) 10.356ms
[1173.370s] GC(3667) Pause Young (Normal) (G1 Evacuation Pause) 14819M->14076M(15360M) 12.023ms
[1173.473s] GC(3668) Pause Young (Normal) (G1 Evacuation Pause) 14820M->14077M(15360M) 10.412ms
[1173.589s] GC(3669) Pause Young (Normal) (G1 Evacuation Pause) 14821M->14078M(15360M) 11.489ms
[1173.687s] GC(3670) Pause Young (Normal) (G1 Evacuation Pause) 14830M->14079M(15360M) 10.819ms
[1173.814s] GC(3671) Pause Young (Normal) (G1 Evacuation Pause) 14823M->14080M(15360M) 11.025ms
[1173.921s] GC(3672) Pause Young (Normal) (G1 Evacuation Pause) 14824M->14081M(15360M) 11.373ms
[1174.029s] GC(3673) Pause Young (Normal) (G1 Evacuation Pause) 14825M->14082M(15360M) 11.110ms
[1174.137s] GC(3674) Pause Young (Normal) (G1 Evacuation Pause) 14834M->14083M(15360M) 10.724ms
[1174.243s] GC(3675) Pause Young (Normal) (G1 Evacuation Pause) 14827M->14084M(15360M) 12.327ms
[1174.362s] GC(3676) Pause Young (Normal) (G1 Evacuation Pause) 14828M->14085M(15360M) 10.630ms
[1174.446s] GC(3677) Pause Young (Normal) (G1 Evacuation Pause) 14829M->14087M(15360M) 11.072ms
[1174.558s] GC(3678) Pause Young (Normal) (G1 Evacuation Pause) 14831M->14087M(15360M) 11.452ms
[1174.661s] GC(3679) Pause Young (Normal) (G1 Evacuation Pause) 14839M->14088M(15360M) 10.930ms
[1174.766s] GC(3680) Pause Young (Normal) (G1 Evacuation Pause) 14840M->14089M(15360M) 9.275ms
[1174.853s] GC(3681) Pause Young (Normal) (G1 Evacuation Pause) 14833M->14091M(15360M) 9.278ms
[1174.963s] GC(3682) Pause Young (Normal) (G1 Evacuation Pause) 14835M->14091M(15360M) 9.632ms
[1175.060s] GC(3683) Pause Young (Normal) (G1 Evacuation Pause) 14843M->14093M(15360M) 10.528ms
[1175.172s] GC(3684) Pause Young (Normal) (G1 Evacuation Pause) 14837M->14093M(15360M) 12.439ms
[1175.266s] GC(3685) Pause Young (Normal) (G1 Evacuation Pause) 14845M->14094M(15360M) 11.749ms
[1175.381s] GC(3686) Pause Young (Normal) (G1 Evacuation Pause) 14846M->14096M(15360M) 11.242ms
[1175.491s] GC(3687) Pause Young (Normal) (G1 Evacuation Pause) 14840M->14097M(15360M) 12.304ms
[1175.610s] GC(3688) Pause Young (Normal) (G1 Evacuation Pause) 14841M->14097M(15360M) 12.113ms
[1175.714s] GC(3689) Pause Young (Normal) (G1 Evacuation Pause) 14849M->14099M(15360M) 11.733ms
[1175.842s] GC(3690) Pause Young (Normal) (G1 Evacuation Pause) 14851M->14100M(15360M) 11.560ms
[1175.949s] GC(3691) Pause Young (Normal) (G1 Evacuation Pause) 14844M->14101M(15360M) 11.452ms
[1176.063s] GC(3692) Pause Young (Normal) (G1 Evacuation Pause) 14853M->14102M(15360M) 10.692ms
[1176.160s] GC(3693) Pause Young (Normal) (G1 Evacuation Pause) 14846M->14103M(15360M) 14.616ms
[1176.277s] GC(3694) Pause Young (Normal) (G1 Evacuation Pause) 14855M->14104M(15360M) 14.413ms
[1176.387s] GC(3695) Pause Young (Normal) (G1 Evacuation Pause) 14856M->14105M(15360M) 14.695ms
[1176.504s] GC(3696) Pause Young (Normal) (G1 Evacuation Pause) 14857M->14106M(15360M) 13.944ms
[1176.604s] GC(3697) Pause Young (Normal) (G1 Evacuation Pause) 14858M->14107M(15360M) 13.652ms
[1176.725s] GC(3698) Pause Young (Normal) (G1 Evacuation Pause) 14859M->14108M(15360M) 13.154ms
[1176.832s] GC(3699) Pause Young (Normal) (G1 Evacuation Pause) 14860M->14109M(15360M) 12.237ms
[1176.942s] GC(3700) Pause Young (Normal) (G1 Evacuation Pause) 14861M->14110M(15360M) 11.506ms
[1177.037s] GC(3701) Pause Young (Normal) (G1 Evacuation Pause) 14862M->14111M(15360M) 11.264ms
[1177.139s] GC(3702) Pause Young (Normal) (G1 Evacuation Pause) 14863M->14112M(15360M) 12.074ms
[1177.226s] GC(3703) Pause Young (Normal) (G1 Evacuation Pause) 14864M->14114M(15360M) 11.816ms
[1177.324s] GC(3704) Pause Young (Normal) (G1 Evacuation Pause) 14858M->14114M(15360M) 11.185ms
[1177.409s] GC(3705) Pause Young (Normal) (G1 Evacuation Pause) 14866M->14116M(15360M) 10.269ms
[1177.527s] GC(3706) Pause Young (Normal) (G1 Evacuation Pause) 14860M->14117M(15360M) 11.611ms
[1177.625s] GC(3707) Pause Young (Normal) (G1 Evacuation Pause) 14861M->14117M(15360M) 10.297ms
[1177.730s] GC(3708) Pause Young (Normal) (G1 Evacuation Pause) 14869M->14118M(15360M) 9.694ms
[1177.847s] GC(3709) Pause Young (Normal) (G1 Evacuation Pause) 14870M->14119M(15360M) 10.086ms
[1177.960s] GC(3710) Pause Young (Normal) (G1 Evacuation Pause) 14871M->14120M(15360M) 9.928ms
[1178.060s] GC(3711) Pause Young (Normal) (G1 Evacuation Pause) 14872M->14122M(15360M) 10.109ms
[1178.145s] GC(3712) Pause Young (Normal) (G1 Evacuation Pause) 14866M->14122M(15360M) 9.155ms
[1178.237s] GC(3713) Pause Young (Normal) (G1 Evacuation Pause) 14874M->14124M(15360M) 10.434ms
[1178.327s] GC(3714) Pause Young (Normal) (G1 Evacuation Pause) 14876M->14125M(15360M) 10.674ms
[1178.429s] GC(3715) Pause Young (Normal) (G1 Evacuation Pause) 14877M->14125M(15360M) 11.122ms
[1178.519s] GC(3716) Pause Young (Normal) (G1 Evacuation Pause) 14877M->14127M(15360M) 10.280ms
[1178.627s] GC(3717) Pause Young (Normal) (G1 Evacuation Pause) 14879M->14128M(15360M) 9.879ms
[1178.732s] GC(3718) Pause Young (Normal) (G1 Evacuation Pause) 14872M->14129M(15360M) 10.500ms
[1178.844s] GC(3719) Pause Young (Normal) (G1 Evacuation Pause) 14881M->14130M(15360M) 9.911ms
[1178.937s] GC(3720) Pause Young (Normal) (G1 Evacuation Pause) 14882M->14131M(15360M) 9.659ms
[1179.058s] GC(3721) Pause Young (Normal) (G1 Evacuation Pause) 14883M->14132M(15360M) 10.731ms
[1179.148s] GC(3722) Pause Young (Normal) (G1 Evacuation Pause) 14884M->14133M(15360M) 9.962ms
[1179.238s] GC(3723) Pause Young (Normal) (G1 Evacuation Pause) 14885M->14134M(15360M) 9.839ms
[1179.327s] GC(3724) Pause Young (Normal) (G1 Evacuation Pause) 14878M->14135M(15360M) 10.152ms
[1179.450s] GC(3725) Pause Young (Normal) (G1 Evacuation Pause) 14887M->14136M(15360M) 10.896ms
[1179.548s] GC(3598) Pause Remark 14857M->14857M(15360M) 1.406ms
[1179.565s] GC(3726) Pause Young (Normal) (G1 Evacuation Pause) 14888M->14137M(15360M) 12.529ms
[1179.772s] GC(3727) Pause Young (Normal) (G1 Evacuation Pause) 14889M->14138M(15360M) 14.243ms
[1179.878s] GC(3728) Pause Young (Normal) (G1 Evacuation Pause) 14890M->14139M(15360M) 13.950ms
[1179.989s] GC(3729) Pause Young (Normal) (G1 Evacuation Pause) 14891M->14140M(15360M) 15.938ms
[1180.092s] GC(3730) Pause Young (Normal) (G1 Evacuation Pause) 14884M->14142M(15360M) 15.601ms
[1180.212s] GC(3731) Pause Young (Normal) (G1 Evacuation Pause) 14886M->14143M(15360M) 18.038ms
[1180.309s] GC(3732) Pause Young (Normal) (G1 Evacuation Pause) 14887M->14143M(15360M) 15.024ms
[1180.443s] GC(3733) Pause Young (Normal) (G1 Evacuation Pause) 14895M->14144M(15360M) 17.509ms
[1180.555s] GC(3734) Pause Young (Normal) (G1 Evacuation Pause) 14896M->14145M(15360M) 20.569ms
[1180.693s] GC(3735) Pause Young (Normal) (G1 Evacuation Pause) 14897M->14146M(15360M) 20.945ms
[1180.809s] GC(3736) Pause Young (Normal) (G1 Evacuation Pause) 14898M->14148M(15360M) 19.597ms
[1180.953s] GC(3737) Pause Young (Normal) (G1 Evacuation Pause) 14900M->14149M(15360M) 19.858ms
[1181.085s] GC(3738) Pause Young (Normal) (G1 Evacuation Pause) 14893M->14149M(15360M) 21.597ms
[1181.218s] GC(3739) Pause Young (Normal) (G1 Evacuation Pause) 14901M->14151M(15360M) 22.852ms
[1181.338s] GC(3740) Pause Young (Normal) (G1 Evacuation Pause) 14903M->14152M(15360M) 21.039ms
[1181.474s] GC(3741) Pause Young (Normal) (G1 Evacuation Pause) 14896M->14153M(15360M) 22.837ms
[1181.636s] GC(3742) Pause Young (Normal) (G1 Evacuation Pause) 14905M->14154M(15360M) 23.327ms
[1181.786s] GC(3743) Pause Young (Normal) (G1 Evacuation Pause) 14898M->14155M(15360M) 26.019ms
[1181.927s] GC(3744) Pause Young (Normal) (G1 Evacuation Pause) 14907M->14156M(15360M) 25.065ms
[1182.072s] GC(3745) Pause Young (Normal) (G1 Evacuation Pause) 14900M->14157M(15360M) 26.008ms
[1182.227s] GC(3746) Pause Young (Normal) (G1 Evacuation Pause) 14901M->14159M(15360M) 23.449ms
[1182.336s] GC(3747) Pause Young (Normal) (G1 Evacuation Pause) 14903M->14159M(15360M) 22.489ms
[1182.463s] GC(3748) Pause Young (Normal) (G1 Evacuation Pause) 14903M->14161M(15360M) 22.029ms
[1182.582s] GC(3749) Pause Young (Normal) (G1 Evacuation Pause) 14905M->14162M(15360M) 22.879ms
[1182.706s] GC(3750) Pause Young (Normal) (G1 Evacuation Pause) 14906M->14162M(15360M) 26.214ms
[1182.838s] GC(3751) Pause Young (Normal) (G1 Evacuation Pause) 14914M->14164M(15360M) 28.802ms
[1182.958s] GC(3752) Pause Young (Normal) (G1 Evacuation Pause) 14908M->14164M(15360M) 25.487ms
[1183.085s] GC(3753) Pause Young (Normal) (G1 Evacuation Pause) 14916M->14165M(15360M) 27.918ms
[1183.228s] GC(3754) Pause Young (Normal) (G1 Evacuation Pause) 14917M->14166M(15360M) 26.932ms
[1183.337s] GC(3755) Pause Young (Normal) (G1 Evacuation Pause) 14910M->14167M(15360M) 24.398ms
[1183.468s] GC(3756) Pause Young (Normal) (G1 Evacuation Pause) 14919M->14169M(15360M) 24.944ms
[1183.584s] GC(3757) Pause Young (Normal) (G1 Evacuation Pause) 14913M->14170M(15360M) 25.985ms
[1183.718s] GC(3758) Pause Young (Normal) (G1 Evacuation Pause) 14914M->14171M(15360M) 25.613ms
[1183.835s] GC(3759) Pause Young (Normal) (G1 Evacuation Pause) 14915M->14172M(15360M) 23.573ms
[1183.959s] GC(3760) Pause Young (Normal) (G1 Evacuation Pause) 14924M->14173M(15360M) 26.226ms
[1184.080s] GC(3761) Pause Young (Normal) (G1 Evacuation Pause) 14917M->14174M(15360M) 24.730ms
[1184.207s] GC(3762) Pause Young (Normal) (G1 Evacuation Pause) 14918M->14175M(15360M) 23.763ms
[1184.328s] GC(3763) Pause Young (Normal) (G1 Evacuation Pause) 14919M->14176M(15360M) 25.750ms
[1184.454s] GC(3764) Pause Young (Normal) (G1 Evacuation Pause) 14920M->14177M(15360M) 26.765ms
[1184.576s] GC(3765) Pause Young (Normal) (G1 Evacuation Pause) 14921M->14178M(15360M) 26.723ms
[1184.712s] GC(3766) Pause Young (Normal) (G1 Evacuation Pause) 14930M->14179M(15360M) 25.764ms
[1184.827s] GC(3767) Pause Young (Normal) (G1 Evacuation Pause) 14923M->14180M(15360M) 28.415ms
[1184.955s] GC(3768) Pause Young (Normal) (G1 Evacuation Pause) 14924M->14181M(15360M) 28.892ms
[1185.079s] GC(3769) Pause Young (Normal) (G1 Evacuation Pause) 14925M->14182M(15360M) 30.919ms
[1185.217s] GC(3770) Pause Young (Normal) (G1 Evacuation Pause) 14926M->14183M(15360M) 29.967ms
[1185.337s] GC(3771) Pause Young (Normal) (G1 Evacuation Pause) 14927M->14185M(15360M) 24.849ms
[1185.469s] GC(3772) Pause Young (Normal) (G1 Evacuation Pause) 14929M->14185M(15360M) 24.495ms
[1185.585s] GC(3773) Pause Young (Normal) (G1 Evacuation Pause) 14937M->14186M(15360M) 22.662ms
[1185.706s] GC(3774) Pause Young (Normal) (G1 Evacuation Pause) 14930M->14187M(15360M) 29.507ms
[1185.820s] GC(3775) Pause Young (Normal) (G1 Evacuation Pause) 14931M->14188M(15360M) 24.189ms
[1185.942s] GC(3776) Pause Young (Normal) (G1 Evacuation Pause) 14940M->14189M(15360M) 25.913ms
[1186.064s] GC(3777) Pause Young (Normal) (G1 Evacuation Pause) 14941M->14191M(15360M) 26.649ms
[1186.171s] GC(3778) Pause Young (Normal) (G1 Evacuation Pause) 14935M->14192M(15360M) 25.621ms
[1186.278s] GC(3779) Pause Young (Normal) (G1 Evacuation Pause) 14936M->14192M(15360M) 27.610ms
[1186.406s] GC(3780) Pause Young (Normal) (G1 Evacuation Pause) 14944M->14193M(15360M) 23.183ms
[1186.527s] GC(3781) Pause Young (Normal) (G1 Evacuation Pause) 14945M->14195M(15360M) 25.466ms
[1186.645s] GC(3782) Pause Young (Normal) (G1 Evacuation Pause) 14939M->14196M(15360M) 25.724ms
[1186.754s] GC(3783) Pause Young (Normal) (G1 Evacuation Pause) 14940M->14197M(15360M) 25.400ms
[1186.876s] GC(3784) Pause Young (Normal) (G1 Evacuation Pause) 14941M->14198M(15360M) 31.103ms
[1186.992s] GC(3785) Pause Young (Normal) (G1 Evacuation Pause) 14942M->14199M(15360M) 27.149ms
[1187.116s] GC(3786) Pause Young (Normal) (G1 Evacuation Pause) 14943M->14200M(15360M) 27.573ms
[1187.251s] GC(3787) Pause Young (Normal) (G1 Evacuation Pause) 14944M->14201M(15360M) 26.371ms
[1187.368s] GC(3788) Pause Young (Normal) (G1 Evacuation Pause) 14953M->14202M(15360M) 26.582ms
[1187.499s] GC(3789) Pause Young (Normal) (G1 Evacuation Pause) 14954M->14203M(15360M) 31.538ms
[1187.617s] GC(3790) Pause Young (Normal) (G1 Evacuation Pause) 14947M->14204M(15360M) 28.039ms
[1187.751s] GC(3791) Pause Young (Normal) (G1 Evacuation Pause) 14948M->14205M(15360M) 28.871ms
[1187.862s] GC(3792) Pause Young (Normal) (G1 Evacuation Pause) 14949M->14206M(15360M) 25.016ms
[1187.975s] GC(3793) Pause Young (Normal) (G1 Evacuation Pause) 14958M->14207M(15360M) 27.475ms
[1188.077s] GC(3794) Pause Young (Normal) (G1 Evacuation Pause) 14951M->14208M(15360M) 27.673ms
[1188.210s] GC(3795) Pause Young (Normal) (G1 Evacuation Pause) 14952M->14209M(15360M) 31.264ms
[1188.345s] GC(3796) Pause Young (Normal) (G1 Evacuation Pause) 14961M->14211M(15360M) 31.254ms
[1188.498s] GC(3797) Pause Young (Normal) (G1 Evacuation Pause) 14955M->14211M(15360M) 31.209ms
[1188.615s] GC(3798) Pause Young (Normal) (G1 Evacuation Pause) 14955M->14213M(15360M) 27.905ms
[1188.747s] GC(3799) Pause Young (Normal) (G1 Evacuation Pause) 14957M->14213M(15360M) 24.939ms
[1188.865s] GC(3800) Pause Young (Normal) (G1 Evacuation Pause) 14965M->14214M(15360M) 24.848ms
[1188.989s] GC(3801) Pause Young (Normal) (G1 Evacuation Pause) 14966M->14216M(15360M) 24.486ms
[1189.098s] GC(3802) Pause Young (Normal) (G1 Evacuation Pause) 14960M->14217M(15360M) 25.178ms
[1189.215s] GC(3803) Pause Young (Normal) (G1 Evacuation Pause) 14961M->14218M(15360M) 24.973ms
[1189.337s] GC(3804) Pause Young (Normal) (G1 Evacuation Pause) 14962M->14219M(15360M) 24.749ms
[1189.470s] GC(3805) Pause Young (Normal) (G1 Evacuation Pause) 14963M->14220M(15360M) 26.039ms
[1189.586s] GC(3806) Pause Young (Normal) (G1 Evacuation Pause) 14972M->14221M(15360M) 28.500ms
[1189.688s] GC(3598) Pause Cleanup 14965M->14965M(15360M) 1.218ms
[1189.713s] GC(3807) Pause Young (Prepare Mixed) (G1 Evacuation Pause) 14965M->14222M(15360M) 23.805ms
[1189.725s] GC(3598) Concurrent Mark Cycle 23924.498ms
[1189.867s] GC(3808) Pause Young (Mixed) (G1 Evacuation Pause) 14966M->14203M(15360M) 42.573ms
[1189.991s] GC(3809) Pause Young (Concurrent Start) (G1 Evacuation Pause) 14947M->14212M(15360M) 11.844ms
[1189.991s] GC(3810) Concurrent Mark Cycle
[1190.099s] GC(3811) Pause Young (Normal) (G1 Evacuation Pause) 14956M->14213M(15360M) 15.630ms
[1190.237s] GC(3812) Pause Young (Normal) (G1 Evacuation Pause) 14965M->14215M(15360M) 13.092ms
[1190.365s] GC(3813) Pause Young (Normal) (G1 Evacuation Pause) 14959M->14215M(15360M) 13.632ms
[1190.489s] GC(3814) Pause Young (Normal) (G1 Evacuation Pause) 14967M->14216M(15360M) 14.150ms
[1190.594s] GC(3815) Pause Young (Normal) (G1 Evacuation Pause) 14968M->14218M(15360M) 12.708ms
[1190.722s] GC(3816) Pause Young (Normal) (G1 Evacuation Pause) 14970M->14219M(15360M) 12.647ms
[1190.832s] GC(3817) Pause Young (Normal) (G1 Evacuation Pause) 14971M->14220M(15360M) 12.274ms
[1190.952s] GC(3818) Pause Young (Normal) (G1 Evacuation Pause) 14972M->14221M(15360M) 12.305ms
[1191.055s] GC(3819) Pause Young (Normal) (G1 Evacuation Pause) 14965M->14221M(15360M) 12.784ms
[1191.188s] GC(3820) Pause Young (Normal) (G1 Evacuation Pause) 14973M->14223M(15360M) 14.203ms
[1191.302s] GC(3821) Pause Young (Normal) (G1 Evacuation Pause) 14975M->14224M(15360M) 13.490ms
[1191.413s] GC(3822) Pause Young (Normal) (G1 Evacuation Pause) 14976M->14225M(15360M) 12.570ms
[1191.525s] GC(3823) Pause Young (Normal) (G1 Evacuation Pause) 14969M->14226M(15360M) 13.744ms
[1191.640s] GC(3824) Pause Young (Normal) (G1 Evacuation Pause) 14978M->14227M(15360M) 12.083ms
[1191.740s] GC(3825) Pause Young (Normal) (G1 Evacuation Pause) 14971M->14228M(15360M) 11.679ms
[1191.863s] GC(3826) Pause Young (Normal) (G1 Evacuation Pause) 14972M->14229M(15360M) 13.592ms
[1191.970s] GC(3827) Pause Young (Normal) (G1 Evacuation Pause) 14981M->14229M(15360M) 13.377ms
[1192.086s] GC(3828) Pause Young (Normal) (G1 Evacuation Pause) 14981M->14231M(15360M) 14.030ms
[1192.187s] GC(3829) Pause Young (Normal) (G1 Evacuation Pause) 14983M->14232M(15360M) 13.448ms
[1192.300s] GC(3830) Pause Young (Normal) (G1 Evacuation Pause) 14984M->14233M(15360M) 13.645ms
[1192.414s] GC(3831) Pause Young (Normal) (G1 Evacuation Pause) 14985M->14233M(15360M) 13.944ms
[1192.525s] GC(3832) Pause Young (Normal) (G1 Evacuation Pause) 14985M->14235M(15360M) 13.377ms
[1192.657s] GC(3833) Pause Young (Normal) (G1 Evacuation Pause) 14987M->14236M(15360M) 13.065ms
[1192.760s] GC(3834) Pause Young (Normal) (G1 Evacuation Pause) 14980M->14237M(15360M) 11.880ms
[1192.883s] GC(3835) Pause Young (Normal) (G1 Evacuation Pause) 14989M->14238M(15360M) 11.844ms
[1193.001s] GC(3836) Pause Young (Normal) (G1 Evacuation Pause) 14990M->14239M(15360M) 12.672ms
[1193.138s] GC(3837) Pause Young (Normal) (G1 Evacuation Pause) 14991M->14240M(15360M) 11.881ms
[1193.239s] GC(3838) Pause Young (Normal) (G1 Evacuation Pause) 14992M->14241M(15360M) 13.003ms
[1193.352s] GC(3839) Pause Young (Normal) (G1 Evacuation Pause) 14993M->14243M(15360M) 11.871ms
[1193.455s] GC(3840) Pause Young (Normal) (G1 Evacuation Pause) 14987M->14244M(15360M) 13.078ms
[1193.573s] GC(3841) Pause Young (Normal) (G1 Evacuation Pause) 14996M->14245M(15360M) 12.467ms
[1193.665s] GC(3842) Pause Young (Normal) (G1 Evacuation Pause) 14989M->14246M(15360M) 11.535ms
[1193.779s] GC(3843) Pause Young (Normal) (G1 Evacuation Pause) 14990M->14247M(15360M) 12.021ms
[1193.864s] GC(3844) Pause Young (Normal) (G1 Evacuation Pause) 14991M->14248M(15360M) 12.452ms
[1193.967s] GC(3845) Pause Young (Normal) (G1 Evacuation Pause) 14992M->14249M(15360M) 13.048ms
[1194.050s] GC(3846) Pause Young (Normal) (G1 Evacuation Pause) 14993M->14250M(15360M) 11.185ms
[1194.156s] GC(3847) Pause Young (Normal) (G1 Evacuation Pause) 15002M->14251M(15360M) 12.353ms
[1194.273s] GC(3848) Pause Young (Normal) (G1 Evacuation Pause) 14995M->14252M(15360M) 12.276ms
[1194.397s] GC(3849) Pause Young (Normal) (G1 Evacuation Pause) 14996M->14253M(15360M) 13.916ms
[1194.501s] GC(3850) Pause Young (Normal) (G1 Evacuation Pause) 15005M->14254M(15360M) 12.929ms
[1194.618s] GC(3851) Pause Young (Normal) (G1 Evacuation Pause) 14998M->14255M(15360M) 15.397ms
[1194.723s] GC(3852) Pause Young (Normal) (G1 Evacuation Pause) 14999M->14256M(15360M) 12.281ms
[1194.838s] GC(3853) Pause Young (Normal) (G1 Evacuation Pause) 15000M->14257M(15360M) 11.754ms
[1194.942s] GC(3854) Pause Young (Normal) (G1 Evacuation Pause) 15009M->14259M(15360M) 11.162ms
[1195.056s] GC(3855) Pause Young (Normal) (G1 Evacuation Pause) 15003M->14260M(15360M) 12.167ms
[1195.164s] GC(3856) Pause Young (Normal) (G1 Evacuation Pause) 15004M->14260M(15360M) 13.124ms
[1195.294s] GC(3857) Pause Young (Normal) (G1 Evacuation Pause) 15004M->14261M(15360M) 15.356ms
[1195.402s] GC(3858) Pause Young (Normal) (G1 Evacuation Pause) 15013M->14263M(15360M) 13.915ms
[1195.521s] GC(3859) Pause Young (Normal) (G1 Evacuation Pause) 15007M->14264M(15360M) 15.117ms
[1195.623s] GC(3860) Pause Young (Normal) (G1 Evacuation Pause) 15008M->14265M(15360M) 13.710ms
[1195.757s] GC(3861) Pause Young (Normal) (G1 Evacuation Pause) 15009M->14266M(15360M) 15.641ms
[1195.860s] GC(3862) Pause Young (Normal) (G1 Evacuation Pause) 15010M->14267M(15360M) 12.354ms
[1195.969s] GC(3863) Pause Young (Normal) (G1 Evacuation Pause) 15011M->14268M(15360M) 12.739ms
[1196.074s] GC(3864) Pause Young (Normal) (G1 Evacuation Pause) 15012M->14269M(15360M) 13.406ms
[1196.188s] GC(3865) Pause Young (Normal) (G1 Evacuation Pause) 15013M->14270M(15360M) 12.085ms
[1196.292s] GC(3866) Pause Young (Normal) (G1 Evacuation Pause) 15014M->14271M(15360M) 12.514ms
[1196.409s] GC(3867) Pause Young (Normal) (G1 Evacuation Pause) 15015M->14272M(15360M) 13.742ms
[1196.510s] GC(3868) Pause Young (Normal) (G1 Evacuation Pause) 15016M->14274M(15360M) 12.763ms
[1196.621s] GC(3869) Pause Young (Normal) (G1 Evacuation Pause) 15018M->14274M(15360M) 13.613ms
[1196.719s] GC(3870) Pause Young (Normal) (G1 Evacuation Pause) 15018M->14275M(15360M) 13.351ms
[1196.834s] GC(3871) Pause Young (Normal) (G1 Evacuation Pause) 15019M->14276M(15360M) 13.989ms
[1196.936s] GC(3872) Pause Young (Normal) (G1 Evacuation Pause) 15020M->14277M(15360M) 12.578ms
[1197.052s] GC(3873) Pause Young (Normal) (G1 Evacuation Pause) 15021M->14278M(15360M) 11.778ms
[1197.143s] GC(3874) Pause Young (Normal) (G1 Evacuation Pause) 15022M->14280M(15360M) 11.394ms
[1197.244s] GC(3875) Pause Young (Normal) (G1 Evacuation Pause) 15024M->14280M(15360M) 11.212ms
[1197.337s] GC(3876) Pause Young (Normal) (G1 Evacuation Pause) 15024M->14282M(15360M) 11.756ms
[1197.446s] GC(3877) Pause Young (Normal) (G1 Evacuation Pause) 15026M->14283M(15360M) 10.087ms
[1197.543s] GC(3878) Pause Young (Normal) (G1 Evacuation Pause) 15027M->14284M(15360M) 9.676ms
[1197.660s] GC(3879) Pause Young (Normal) (G1 Evacuation Pause) 15028M->14285M(15360M) 10.057ms
[1197.758s] GC(3880) Pause Young (Normal) (G1 Evacuation Pause) 15029M->14286M(15360M) 11.428ms
[1197.862s] GC(3881) Pause Young (Normal) (G1 Evacuation Pause) 15038M->14287M(15360M) 9.387ms
[1197.958s] GC(3882) Pause Young (Normal) (G1 Evacuation Pause) 15031M->14288M(15360M) 9.431ms
[1198.069s] GC(3883) Pause Young (Normal) (G1 Evacuation Pause) 15032M->14289M(15360M) 9.298ms
[1198.168s] GC(3884) Pause Young (Normal) (G1 Evacuation Pause) 15033M->14290M(15360M) 8.996ms
[1198.275s] GC(3885) Pause Young (Normal) (G1 Evacuation Pause) 15034M->14291M(15360M) 9.024ms
[1198.365s] GC(3886) Pause Young (Normal) (G1 Evacuation Pause) 15043M->14292M(15360M) 9.057ms
[1198.473s] GC(3887) Pause Young (Normal) (G1 Evacuation Pause) 15036M->14293M(15360M) 9.471ms
[1198.587s] GC(3888) Pause Young (Normal) (G1 Evacuation Pause) 15037M->14294M(15360M) 9.096ms
[1198.679s] GC(3889) Pause Young (Normal) (G1 Evacuation Pause) 15046M->14295M(15360M) 9.010ms
[1198.781s] GC(3890) Pause Young (Normal) (G1 Evacuation Pause) 15039M->14296M(15360M) 9.174ms
[1198.877s] GC(3891) Pause Young (Normal) (G1 Evacuation Pause) 15048M->14298M(15360M) 9.441ms
[1198.991s] GC(3892) Pause Young (Normal) (G1 Evacuation Pause) 15042M->14299M(15360M) 9.358ms
[1199.081s] GC(3893) Pause Young (Normal) (G1 Evacuation Pause) 15043M->14300M(15360M) 8.923ms
[1199.185s] GC(3894) Pause Young (Normal) (G1 Evacuation Pause) 15044M->14301M(15360M) 9.806ms
[1199.275s] GC(3895) Pause Young (Normal) (G1 Evacuation Pause) 15045M->14301M(15360M) 10.238ms
[1199.374s] GC(3896) Pause Young (Normal) (G1 Evacuation Pause) 15053M->14303M(15360M) 9.792ms
[1199.453s] GC(3897) Pause Young (Normal) (G1 Evacuation Pause) 15047M->14304M(15360M) 10.264ms
[1199.562s] GC(3898) Pause Young (Normal) (G1 Evacuation Pause) 15056M->14305M(15360M) 10.431ms
[1199.662s] GC(3899) Pause Young (Normal) (G1 Evacuation Pause) 15049M->14306M(15360M) 11.225ms
[1199.781s] GC(3900) Pause Young (Normal) (G1 Evacuation Pause) 15050M->14307M(15360M) 11.880ms
[1199.871s] GC(3901) Pause Young (Normal) (G1 Evacuation Pause) 15051M->14308M(15360M) 10.939ms
[1199.993s] GC(3902) Pause Young (Normal) (G1 Evacuation Pause) 15060M->14309M(15360M) 11.543ms
[1200.094s] GC(3903) Pause Young (Normal) (G1 Evacuation Pause) 15053M->14310M(15360M) 11.298ms
[1200.213s] GC(3904) Pause Young (Normal) (G1 Evacuation Pause) 15054M->14311M(15360M) 11.866ms
[1200.297s] GC(3905) Pause Young (Normal) (G1 Evacuation Pause) 15055M->14312M(15360M) 10.655ms
[1200.411s] GC(3906) Pause Young (Normal) (G1 Evacuation Pause) 15064M->14314M(15360M) 12.851ms
[1200.516s] GC(3907) Pause Young (Normal) (G1 Evacuation Pause) 15058M->14315M(15360M) 12.583ms
[1200.636s] GC(3908) Pause Young (Normal) (G1 Evacuation Pause) 15059M->14315M(15360M) 11.578ms
[1200.739s] GC(3909) Pause Young (Normal) (G1 Evacuation Pause) 15059M->14316M(15360M) 10.998ms
[1200.848s] GC(3910) Pause Young (Normal) (G1 Evacuation Pause) 15068M->14318M(15360M) 10.538ms
[1200.946s] GC(3911) Pause Young (Normal) (G1 Evacuation Pause) 15062M->14319M(15360M) 10.678ms
[1201.042s] GC(3912) Pause Young (Normal) (G1 Evacuation Pause) 15063M->14320M(15360M) 11.389ms
[1201.130s] GC(3913) Pause Young (Normal) (G1 Evacuation Pause) 15064M->14321M(15360M) 10.940ms
[1201.246s] GC(3914) Pause Young (Normal) (G1 Evacuation Pause) 15065M->14322M(15360M) 12.240ms
[1201.362s] GC(3915) Pause Young (Normal) (G1 Evacuation Pause) 15066M->14323M(15360M) 10.650ms
[1201.484s] GC(3916) Pause Young (Normal) (G1 Evacuation Pause) 15067M->14324M(15360M) 11.572ms
[1201.583s] GC(3917) Pause Young (Normal) (G1 Evacuation Pause) 15068M->14325M(15360M) 11.065ms
[1201.713s] GC(3918) Pause Young (Normal) (G1 Evacuation Pause) 15069M->14326M(15360M) 11.262ms
[1201.825s] GC(3919) Pause Young (Normal) (G1 Evacuation Pause) 15070M->14328M(15360M) 10.616ms
[1201.944s] GC(3920) Pause Young (Normal) (G1 Evacuation Pause) 15072M->14328M(15360M) 10.341ms
[1202.037s] GC(3921) Pause Young (Normal) (G1 Evacuation Pause) 15072M->14329M(15360M) 9.843ms
[1202.156s] GC(3922) Pause Young (Normal) (G1 Evacuation Pause) 15073M->14331M(15360M) 10.244ms
[1202.256s] GC(3923) Pause Young (Normal) (G1 Evacuation Pause) 15075M->14332M(15360M) 10.508ms
[1202.373s] GC(3924) Pause Young (Normal) (G1 Evacuation Pause) 15076M->14333M(15360M) 11.287ms
[1202.465s] GC(3925) Pause Young (Normal) (G1 Evacuation Pause) 15077M->14333M(15360M) 11.644ms
[1202.591s] GC(3926) Pause Young (Normal) (G1 Evacuation Pause) 15077M->14335M(15360M) 12.241ms
[1202.699s] GC(3927) Pause Young (Normal) (G1 Evacuation Pause) 15079M->14336M(15360M) 11.531ms
[1202.823s] GC(3928) Pause Young (Normal) (G1 Evacuation Pause) 15080M->14337M(15360M) 11.101ms
[1202.914s] GC(3929) Pause Young (Normal) (G1 Evacuation Pause) 15081M->14338M(15360M) 10.606ms
[1203.036s] GC(3930) Pause Young (Normal) (G1 Evacuation Pause) 15090M->14339M(15360M) 12.512ms
[1203.138s] GC(3931) Pause Young (Normal) (G1 Evacuation Pause) 15083M->14340M(15360M) 11.178ms
[1203.251s] GC(3932) Pause Young (Normal) (G1 Evacuation Pause) 15084M->14341M(15360M) 11.606ms
[1203.353s] GC(3933) Pause Young (Normal) (G1 Evacuation Pause) 15085M->14342M(15360M) 12.000ms
[1203.471s] GC(3934) Pause Young (Normal) (G1 Evacuation Pause) 15094M->14343M(15360M) 13.024ms
[1203.600s] GC(3935) Pause Young (Normal) (G1 Evacuation Pause) 15087M->14343M(15360M) 17.554ms
[1203.735s] GC(3936) Pause Young (Normal) (G1 Evacuation Pause) 15095M->14345M(15360M) 15.136ms
[1203.846s] GC(3937) Pause Young (Normal) (G1 Evacuation Pause) 15097M->14346M(15360M) 15.089ms
[1204.013s] GC(3938) Pause Young (Normal) (G1 Evacuation Pause) 15098M->14347M(15360M) 16.602ms
[1204.178s] GC(3939) Pause Young (Normal) (G1 Evacuation Pause) 15099M->14348M(15360M) 12.752ms
[1204.262s] GC(3810) Pause Remark 14820M->14820M(15360M) 2.195ms
[1204.317s] GC(3940) Pause Young (Normal) (G1 Evacuation Pause) 15100M->14349M(15360M) 12.826ms
[1204.420s] GC(3941) Pause Young (Normal) (G1 Evacuation Pause) 15101M->14350M(15360M) 13.550ms
[1204.574s] GC(3942) Pause Young (Normal) (G1 Evacuation Pause) 15102M->14351M(15360M) 14.950ms
[1204.675s] GC(3943) Pause Young (Normal) (G1 Evacuation Pause) 15103M->14352M(15360M) 16.033ms
[1204.798s] GC(3944) Pause Young (Normal) (G1 Evacuation Pause) 15096M->14353M(15360M) 15.644ms
[1204.903s] GC(3945) Pause Young (Normal) (G1 Evacuation Pause) 15105M->14354M(15360M) 16.876ms
[1205.020s] GC(3946) Pause Young (Normal) (G1 Evacuation Pause) 15106M->14355M(15360M) 16.196ms
[1205.123s] GC(3947) Pause Young (Normal) (G1 Evacuation Pause) 15107M->14356M(15360M) 17.475ms
[1205.227s] GC(3948) Pause Young (Normal) (G1 Evacuation Pause) 15108M->14357M(15360M) 15.789ms
[1205.336s] GC(3949) Pause Young (Normal) (G1 Evacuation Pause) 15101M->14358M(15360M) 15.725ms
[1205.425s] GC(3950) Pause Young (Normal) (G1 Evacuation Pause) 15110M->14359M(15360M) 14.849ms
[1205.529s] GC(3951) Pause Young (Normal) (G1 Evacuation Pause) 15111M->14360M(15360M) 17.629ms
[1205.624s] GC(3952) Pause Young (Normal) (G1 Evacuation Pause) 15112M->14362M(15360M) 17.624ms
[1205.742s] GC(3953) Pause Young (Normal) (G1 Evacuation Pause) 15106M->14363M(15360M) 19.187ms
[1205.854s] GC(3954) Pause Young (Normal) (G1 Evacuation Pause) 15107M->14364M(15360M) 19.664ms
[1205.979s] GC(3955) Pause Young (Normal) (G1 Evacuation Pause) 15108M->14365M(15360M) 20.138ms
[1206.082s] GC(3956) Pause Young (Normal) (G1 Evacuation Pause) 15109M->14366M(15360M) 20.500ms
[1206.202s] GC(3957) Pause Young (Normal) (G1 Evacuation Pause) 15110M->14367M(15360M) 18.474ms
[1206.317s] GC(3958) Pause Young (Normal) (G1 Evacuation Pause) 15111M->14368M(15360M) 18.460ms
[1206.447s] GC(3959) Pause Young (Normal) (G1 Evacuation Pause) 15120M->14368M(15360M) 23.572ms
[1206.559s] GC(3960) Pause Young (Normal) (G1 Evacuation Pause) 15120M->14370M(15360M) 20.664ms
[1206.690s] GC(3961) Pause Young (Normal) (G1 Evacuation Pause) 15114M->14371M(15360M) 23.793ms
[1206.817s] GC(3962) Pause Young (Normal) (G1 Evacuation Pause) 15115M->14372M(15360M) 22.617ms
[1206.962s] GC(3963) Pause Young (Normal) (G1 Evacuation Pause) 15116M->14373M(15360M) 26.466ms
[1207.076s] GC(3964) Pause Young (Normal) (G1 Evacuation Pause) 15125M->14374M(15360M) 25.537ms
[1207.225s] GC(3965) Pause Young (Normal) (G1 Evacuation Pause) 15118M->14376M(15360M) 25.075ms
[1207.346s] GC(3966) Pause Young (Normal) (G1 Evacuation Pause) 15120M->14377M(15360M) 24.799ms
[1207.471s] GC(3967) Pause Young (Normal) (G1 Evacuation Pause) 15121M->14377M(15360M) 22.825ms
[1207.592s] GC(3968) Pause Young (Normal) (G1 Evacuation Pause) 15121M->14378M(15360M) 26.763ms
[1207.713s] GC(3969) Pause Young (Normal) (G1 Evacuation Pause) 15122M->14379M(15360M) 28.699ms
[1207.812s] GC(3970) Pause Young (Normal) (G1 Evacuation Pause) 15131M->14380M(15360M) 26.027ms
[1207.935s] GC(3971) Pause Young (Normal) (G1 Evacuation Pause) 15132M->14381M(15360M) 27.449ms
[1208.051s] GC(3972) Pause Young (Normal) (G1 Evacuation Pause) 15133M->14382M(15360M) 34.027ms
[1208.186s] GC(3973) Pause Young (Normal) (G1 Evacuation Pause) 15134M->14384M(15360M) 28.032ms
[1208.319s] GC(3974) Pause Young (Normal) (G1 Evacuation Pause) 15128M->14385M(15360M) 32.960ms
[1208.475s] GC(3975) Pause Young (Normal) (G1 Evacuation Pause) 15129M->14386M(15360M) 34.098ms
[1208.598s] GC(3976) Pause Young (Normal) (G1 Evacuation Pause) 15130M->14387M(15360M) 26.474ms
[1208.735s] GC(3977) Pause Young (Normal) (G1 Evacuation Pause) 15139M->14388M(15360M) 27.081ms
[1208.845s] GC(3978) Pause Young (Normal) (G1 Evacuation Pause) 15132M->14389M(15360M) 25.001ms
[1208.967s] GC(3979) Pause Young (Normal) (G1 Evacuation Pause) 15133M->14390M(15360M) 23.794ms
[1209.079s] GC(3980) Pause Young (Normal) (G1 Evacuation Pause) 15134M->14391M(15360M) 22.664ms
[1209.225s] GC(3981) Pause Young (Normal) (G1 Evacuation Pause) 15135M->14392M(15360M) 24.245ms
[1209.343s] GC(3982) Pause Young (Normal) (G1 Evacuation Pause) 15144M->14393M(15360M) 25.538ms
[1209.479s] GC(3983) Pause Young (Normal) (G1 Evacuation Pause) 15137M->14394M(15360M) 29.840ms
[1209.596s] GC(3984) Pause Young (Normal) (G1 Evacuation Pause) 15146M->14395M(15360M) 27.711ms
[1209.736s] GC(3985) Pause Young (Normal) (G1 Evacuation Pause) 15139M->14396M(15360M) 33.532ms
[1209.844s] GC(3986) Pause Young (Normal) (G1 Evacuation Pause) 15140M->14397M(15360M) 29.659ms
[1209.970s] GC(3987) Pause Young (Normal) (G1 Evacuation Pause) 15141M->14398M(15360M) 31.529ms
[1210.072s] GC(3988) Pause Young (Normal) (G1 Evacuation Pause) 15142M->14400M(15360M) 30.325ms
[1210.228s] GC(3989) Pause Young (Normal) (G1 Evacuation Pause) 15144M->14401M(15360M) 36.052ms
[1210.375s] GC(3990) Pause Young (Normal) (G1 Evacuation Pause) 15145M->14401M(15360M) 35.738ms
[1210.555s] GC(3991) Pause Young (Normal) (G1 Evacuation Pause) 15145M->14403M(15360M) 31.286ms
[1210.683s] GC(3992) Pause Young (Normal) (G1 Evacuation Pause) 15147M->14404M(15360M) 26.515ms
[1210.821s] GC(3993) Pause Young (Normal) (G1 Evacuation Pause) 15148M->14404M(15360M) 29.725ms
[1210.947s] GC(3994) Pause Young (Normal) (G1 Evacuation Pause) 15156M->14405M(15360M) 29.640ms
[1211.088s] GC(3995) Pause Young (Normal) (G1 Evacuation Pause) 15157M->14407M(15360M) 25.908ms
[1211.209s] GC(3996) Pause Young (Normal) (G1 Evacuation Pause) 15151M->14408M(15360M) 28.293ms
[1211.353s] GC(3997) Pause Young (Normal) (G1 Evacuation Pause) 15152M->14409M(15360M) 31.552ms
[1211.488s] GC(3998) Pause Young (Normal) (G1 Evacuation Pause) 15153M->14410M(15360M) 30.815ms
[1211.635s] GC(3999) Pause Young (Normal) (G1 Evacuation Pause) 15162M->14411M(15360M) 31.567ms
[1211.760s] GC(4000) Pause Young (Normal) (G1 Evacuation Pause) 15155M->14412M(15360M) 26.551ms
[1211.893s] GC(4001) Pause Young (Normal) (G1 Evacuation Pause) 15156M->14413M(15360M) 24.378ms
[1212.019s] GC(4002) Pause Young (Normal) (G1 Evacuation Pause) 15157M->14414M(15360M) 26.617ms
[1212.150s] GC(4003) Pause Young (Normal) (G1 Evacuation Pause) 15166M->14415M(15360M) 28.433ms
[1212.268s] GC(4004) Pause Young (Normal) (G1 Evacuation Pause) 15159M->14416M(15360M) 30.012ms
[1212.382s] GC(4005) Pause Young (Normal) (G1 Evacuation Pause) 15168M->14417M(15360M) 26.644ms
[1212.490s] GC(4006) Pause Young (Normal) (G1 Evacuation Pause) 15169M->14418M(15360M) 26.941ms
[1212.610s] GC(4007) Pause Young (Normal) (G1 Evacuation Pause) 15162M->14419M(15360M) 28.004ms
[1212.707s] GC(4008) Pause Young (Normal) (G1 Evacuation Pause) 15171M->14420M(15360M) 26.532ms
[1212.832s] GC(4009) Pause Young (Normal) (G1 Evacuation Pause) 15172M->14421M(15360M) 26.947ms
[1212.955s] GC(4010) Pause Young (Normal) (G1 Evacuation Pause) 15173M->14422M(15360M) 26.133ms
[1213.084s] GC(4011) Pause Young (Normal) (G1 Evacuation Pause) 15174M->14423M(15360M) 28.610ms
[1213.218s] GC(4012) Pause Young (Normal) (G1 Evacuation Pause) 15175M->14424M(15360M) 26.641ms
[1213.350s] GC(4013) Pause Young (Normal) (G1 Evacuation Pause) 15176M->14425M(15360M) 27.323ms
[1213.495s] GC(4014) Pause Young (Normal) (G1 Evacuation Pause) 15177M->14426M(15360M) 32.211ms
[1213.644s] GC(4015) Pause Young (Normal) (G1 Evacuation Pause) 15178M->14428M(15360M) 32.485ms
[1213.795s] GC(4016) Pause Young (Normal) (G1 Evacuation Pause) 15172M->14429M(15360M) 30.838ms
[1213.918s] GC(4017) Pause Young (Normal) (G1 Evacuation Pause) 15173M->14430M(15360M) 31.902ms
[1214.059s] GC(4018) Pause Young (Normal) (G1 Evacuation Pause) 15174M->14431M(15360M) 26.824ms
[1214.156s] GC(4019) Pause Young (Normal) (G1 Evacuation Pause) 15175M->14431M(15360M) 26.275ms
[1214.174s] GC(3810) Pause Cleanup 14591M->14591M(15360M) 0.842ms
[1214.187s] GC(3810) Concurrent Mark Cycle 24195.697ms
[1214.268s] GC(4020) Pause Young (Prepare Mixed) (G1 Evacuation Pause) 15183M->14433M(15360M) 26.868ms
[1214.401s] GC(4021) Pause Young (Mixed) (G1 Evacuation Pause) 15177M->14415M(15360M) 50.125ms
[1214.506s] GC(4022) Pause Young (Concurrent Start) (G1 Evacuation Pause) 15167M->14421M(15360M) 11.558ms
[1214.506s] GC(4023) Concurrent Mark Cycle
[1214.598s] GC(4024) Pause Young (Normal) (G1 Evacuation Pause) 15173M->14423M(15360M) 11.275ms
[1214.719s] GC(4025) Pause Young (Normal) (G1 Evacuation Pause) 15175M->14425M(15360M) 11.456ms
[1214.823s] GC(4026) Pause Young (Normal) (G1 Evacuation Pause) 15177M->14426M(15360M) 11.775ms
[1214.945s] GC(4027) Pause Young (Normal) (G1 Evacuation Pause) 15178M->14427M(15360M) 10.828ms
[1215.050s] GC(4028) Pause Young (Normal) (G1 Evacuation Pause) 15179M->14428M(15360M) 10.738ms
[1215.168s] GC(4029) Pause Young (Normal) (G1 Evacuation Pause) 15172M->14429M(15360M) 10.581ms
[1215.279s] GC(4030) Pause Young (Normal) (G1 Evacuation Pause) 15173M->14430M(15360M) 11.387ms
[1215.391s] GC(4031) Pause Young (Normal) (G1 Evacuation Pause) 15174M->14431M(15360M) 11.165ms
[1215.492s] GC(4032) Pause Young (Normal) (G1 Evacuation Pause) 15175M->14432M(15360M) 11.384ms
[1215.602s] GC(4033) Pause Young (Normal) (G1 Evacuation Pause) 15184M->14433M(15360M) 11.740ms
[1215.710s] GC(4034) Pause Young (Normal) (G1 Evacuation Pause) 15185M->14434M(15360M) 11.430ms
[1215.842s] GC(4035) Pause Young (Normal) (G1 Evacuation Pause) 15178M->14435M(15360M) 12.880ms
[1215.968s] GC(4036) Pause Young (Normal) (G1 Evacuation Pause) 15187M->14436M(15360M) 13.060ms
[1216.116s] GC(4037) Pause Young (Normal) (G1 Evacuation Pause) 15188M->14437M(15360M) 12.769ms
[1216.241s] GC(4038) Pause Young (Normal) (G1 Evacuation Pause) 15181M->14438M(15360M) 12.906ms
[1216.361s] GC(4039) Pause Young (Normal) (G1 Evacuation Pause) 15190M->14439M(15360M) 12.356ms
[1216.472s] GC(4040) Pause Young (Normal) (G1 Evacuation Pause) 15183M->14440M(15360M) 11.960ms
[1216.597s] GC(4041) Pause Young (Normal) (G1 Evacuation Pause) 15184M->14441M(15360M) 11.188ms
[1216.715s] GC(4042) Pause Young (Normal) (G1 Evacuation Pause) 15185M->14443M(15360M) 11.928ms
[1216.840s] GC(4043) Pause Young (Normal) (G1 Evacuation Pause) 15187M->14444M(15360M) 12.224ms
[1216.939s] GC(4044) Pause Young (Normal) (G1 Evacuation Pause) 15188M->14444M(15360M) 11.916ms
[1217.066s] GC(4045) Pause Young (Normal) (G1 Evacuation Pause) 15196M->14446M(15360M) 14.647ms
[1217.183s] GC(4046) Pause Young (Normal) (G1 Evacuation Pause) 15190M->14446M(15360M) 14.631ms
[1217.302s] GC(4047) Pause Young (Normal) (G1 Evacuation Pause) 15198M->14448M(15360M) 13.287ms
[1217.403s] GC(4048) Pause Young (Normal) (G1 Evacuation Pause) 15192M->14449M(15360M) 11.879ms
[1217.522s] GC(4049) Pause Young (Normal) (G1 Evacuation Pause) 15193M->14450M(15360M) 12.814ms
[1217.628s] GC(4050) Pause Young (Normal) (G1 Evacuation Pause) 15194M->14451M(15360M) 13.549ms
[1217.734s] GC(4051) Pause Young (Normal) (G1 Evacuation Pause) 15195M->14452M(15360M) 12.524ms
[1217.835s] GC(4052) Pause Young (Normal) (G1 Evacuation Pause) 15196M->14453M(15360M) 12.287ms
[1217.938s] GC(4053) Pause Young (Normal) (G1 Evacuation Pause) 15197M->14454M(15360M) 12.934ms
[1218.028s] GC(4054) Pause Young (Normal) (G1 Evacuation Pause) 15198M->14455M(15360M) 14.237ms
[1218.126s] GC(4055) Pause Young (Normal) (G1 Evacuation Pause) 15199M->14456M(15360M) 12.048ms
[1218.211s] GC(4056) Pause Young (Normal) (G1 Evacuation Pause) 15200M->14458M(15360M) 12.875ms
[1218.309s] GC(4057) Pause Young (Normal) (G1 Evacuation Pause) 15202M->14459M(15360M) 12.537ms
[1218.418s] GC(4058) Pause Young (Normal) (G1 Evacuation Pause) 15203M->14460M(15360M) 12.299ms
[1218.532s] GC(4059) Pause Young (Normal) (G1 Evacuation Pause) 15204M->14461M(15360M) 11.916ms
[1218.629s] GC(4060) Pause Young (Normal) (G1 Evacuation Pause) 15205M->14461M(15360M) 12.665ms
[1218.744s] GC(4061) Pause Young (Normal) (G1 Evacuation Pause) 15213M->14462M(15360M) 13.072ms
[1218.831s] GC(4062) Pause Young (Normal) (G1 Evacuation Pause) 15214M->14463M(15360M) 12.515ms
[1218.928s] GC(4063) Pause Young (Normal) (G1 Evacuation Pause) 15207M->14464M(15360M) 12.733ms
[1219.005s] GC(4064) Pause Young (Normal) (G1 Evacuation Pause) 15216M->14466M(15360M) 12.524ms
[1219.119s] GC(4065) Pause Young (Normal) (G1 Evacuation Pause) 15210M->14467M(15360M) 12.994ms
[1219.225s] GC(4066) Pause Young (Normal) (G1 Evacuation Pause) 15211M->14468M(15360M) 11.815ms
[1219.340s] GC(4067) Pause Young (Normal) (G1 Evacuation Pause) 15212M->14468M(15360M) 11.234ms
[1219.435s] GC(4068) Pause Young (Normal) (G1 Evacuation Pause) 15220M->14470M(15360M) 10.779ms
[1219.549s] GC(4069) Pause Young (Normal) (G1 Evacuation Pause) 15222M->14471M(15360M) 11.831ms
[1219.661s] GC(4070) Pause Young (Normal) (G1 Evacuation Pause) 15215M->14472M(15360M) 13.055ms
[1219.789s] GC(4071) Pause Young (Normal) (G1 Evacuation Pause) 15224M->14473M(15360M) 12.472ms
[1219.890s] GC(4072) Pause Young (Normal) (G1 Evacuation Pause) 15217M->14474M(15360M) 10.909ms
[1220.017s] GC(4073) Pause Young (Normal) (G1 Evacuation Pause) 15218M->14475M(15360M) 12.351ms
[1220.123s] GC(4074) Pause Young (Normal) (G1 Evacuation Pause) 15219M->14476M(15360M) 11.322ms
[1220.250s] GC(4075) Pause Young (Normal) (G1 Evacuation Pause) 15228M->14477M(15360M) 11.679ms
[1220.360s] GC(4076) Pause Young (Normal) (G1 Evacuation Pause) 15221M->14478M(15360M) 11.458ms
[1220.491s] GC(4077) Pause Young (Normal) (G1 Evacuation Pause) 15230M->14479M(15360M) 12.873ms
[1220.607s] GC(4078) Pause Young (Normal) (G1 Evacuation Pause) 15223M->14481M(15360M) 12.032ms
[1220.724s] GC(4079) Pause Young (Normal) (G1 Evacuation Pause) 15225M->14481M(15360M) 12.325ms
[1220.820s] GC(4080) Pause Young (Normal) (G1 Evacuation Pause) 15225M->14482M(15360M) 11.560ms
[1220.938s] GC(4081) Pause Young (Normal) (G1 Evacuation Pause) 15226M->14483M(15360M) 13.129ms
[1221.050s] GC(4082) Pause Young (Normal) (G1 Evacuation Pause) 15235M->14484M(15360M) 13.182ms
[1221.173s] GC(4083) Pause Young (Normal) (G1 Evacuation Pause) 15228M->14485M(15360M) 12.873ms
[1221.287s] GC(4084) Pause Young (Normal) (G1 Evacuation Pause) 15229M->14486M(15360M) 12.960ms
[1221.416s] GC(4085) Pause Young (Normal) (G1 Evacuation Pause) 15230M->14487M(15360M) 14.574ms
[1221.532s] GC(4086) Pause Young (Normal) (G1 Evacuation Pause) 15239M->14489M(15360M) 13.590ms
[1221.651s] GC(4087) Pause Young (Normal) (G1 Evacuation Pause) 15233M->14490M(15360M) 13.173ms
[1221.749s] GC(4088) Pause Young (Normal) (G1 Evacuation Pause) 15234M->14491M(15360M) 11.434ms
[1221.863s] GC(4089) Pause Young (Normal) (G1 Evacuation Pause) 15235M->14492M(15360M) 10.901ms
[1221.966s] GC(4090) Pause Young (Normal) (G1 Evacuation Pause) 15236M->14493M(15360M) 10.977ms
[1222.075s] GC(4091) Pause Young (Normal) (G1 Evacuation Pause) 15237M->14495M(15360M) 10.428ms
[1222.171s] GC(4092) Pause Young (Normal) (G1 Evacuation Pause) 15239M->14495M(15360M) 10.178ms
[1222.280s] GC(4093) Pause Young (Normal) (G1 Evacuation Pause) 15239M->14496M(15360M) 12.374ms
[1222.376s] GC(4094) Pause Young (Normal) (G1 Evacuation Pause) 15240M->14497M(15360M) 11.095ms
[1222.478s] GC(4095) Pause Young (Normal) (G1 Evacuation Pause) 15241M->14499M(15360M) 10.236ms
[1222.568s] GC(4096) Pause Young (Normal) (G1 Evacuation Pause) 15243M->14499M(15360M) 11.744ms
[1222.669s] GC(4097) Pause Young (Normal) (G1 Evacuation Pause) 15243M->14501M(15360M) 12.102ms
[1222.757s] GC(4098) Pause Young (Normal) (G1 Evacuation Pause) 15245M->14502M(15360M) 11.122ms
[1222.863s] GC(4099) Pause Young (Normal) (G1 Evacuation Pause) 15246M->14503M(15360M) 12.804ms
[1222.952s] GC(4100) Pause Young (Normal) (G1 Evacuation Pause) 15247M->14503M(15360M) 12.175ms
[1223.082s] GC(4101) Pause Young (Normal) (G1 Evacuation Pause) 15255M->14504M(15360M) 13.607ms
[1223.198s] GC(4102) Pause Young (Normal) (G1 Evacuation Pause) 15256M->14506M(15360M) 14.965ms
[1223.326s] GC(4103) Pause Young (Normal) (G1 Evacuation Pause) 15258M->14507M(15360M) 12.327ms
[1223.428s] GC(4104) Pause Young (Normal) (G1 Evacuation Pause) 15259M->14508M(15360M) 11.946ms
[1223.548s] GC(4105) Pause Young (Normal) (G1 Evacuation Pause) 15260M->14509M(15360M) 12.639ms
[1223.684s] GC(4106) Pause Young (Normal) (G1 Evacuation Pause) 15253M->14509M(15360M) 12.205ms
[1223.793s] GC(4107) Pause Young (Normal) (G1 Evacuation Pause) 15261M->14511M(15360M) 13.334ms
[1223.890s] GC(4108) Pause Young (Normal) (G1 Evacuation Pause) 15263M->14512M(15360M) 11.799ms
[1223.984s] GC(4109) Pause Young (Normal) (G1 Evacuation Pause) 15264M->14513M(15360M) 13.040ms
[1224.083s] GC(4110) Pause Young (Normal) (G1 Evacuation Pause) 15265M->14514M(15360M) 11.493ms
[1224.170s] GC(4111) Pause Young (Normal) (G1 Evacuation Pause) 15266M->14515M(15360M) 12.907ms
[1224.266s] GC(4112) Pause Young (Normal) (G1 Evacuation Pause) 15267M->14516M(15360M) 12.672ms
[1224.384s] GC(4113) Pause Young (Normal) (G1 Evacuation Pause) 15268M->14517M(15360M) 15.506ms
[1224.514s] GC(4114) Pause Young (Normal) (G1 Evacuation Pause) 15269M->14518M(15360M) 16.140ms
[1224.619s] GC(4115) Pause Young (Normal) (G1 Evacuation Pause) 15270M->14519M(15360M) 14.298ms
[1224.734s] GC(4116) Pause Young (Normal) (G1 Evacuation Pause) 15271M->14520M(15360M) 16.512ms
[1224.846s] GC(4117) Pause Young (Normal) (G1 Evacuation Pause) 15272M->14521M(15360M) 14.807ms
[1224.983s] GC(4118) Pause Young (Normal) (G1 Evacuation Pause) 15273M->14522M(15360M) 12.424ms
[1225.094s] GC(4119) Pause Young (Normal) (G1 Evacuation Pause) 15274M->14523M(15360M) 11.334ms
[1225.210s] GC(4120) Pause Young (Normal) (G1 Evacuation Pause) 15275M->14525M(15360M) 11.676ms
[1225.319s] GC(4121) Pause Young (Normal) (G1 Evacuation Pause) 15269M->14525M(15360M) 11.244ms
[1225.444s] GC(4122) Pause Young (Normal) (G1 Evacuation Pause) 15269M->14527M(15360M) 12.450ms
[1225.547s] GC(4123) Pause Young (Normal) (G1 Evacuation Pause) 15271M->14527M(15360M) 12.718ms
[1225.664s] GC(4124) Pause Young (Normal) (G1 Evacuation Pause) 15279M->14529M(15360M) 12.397ms
[1225.785s] GC(4125) Pause Young (Normal) (G1 Evacuation Pause) 15273M->14529M(15360M) 12.247ms
[1225.917s] GC(4126) Pause Young (Normal) (G1 Evacuation Pause) 15273M->14530M(15360M) 11.716ms
[1226.015s] GC(4127) Pause Young (Normal) (G1 Evacuation Pause) 15274M->14531M(15360M) 12.515ms
[1226.145s] GC(4128) Pause Young (Normal) (G1 Evacuation Pause) 15283M->14532M(15360M) 11.974ms
[1226.277s] GC(4129) Pause Young (Normal) (G1 Evacuation Pause) 15284M->14533M(15360M) 12.972ms
[1226.421s] GC(4130) Pause Young (Normal) (G1 Evacuation Pause) 15277M->14534M(15360M) 14.512ms
[1226.552s] GC(4131) Pause Young (Normal) (G1 Evacuation Pause) 15286M->14535M(15360M) 13.875ms
[1226.695s] GC(4132) Pause Young (Normal) (G1 Evacuation Pause) 15287M->14537M(15360M) 12.280ms
[1226.803s] GC(4133) Pause Young (Normal) (G1 Evacuation Pause) 15281M->14537M(15360M) 11.750ms
[1226.925s] GC(4134) Pause Young (Normal) (G1 Evacuation Pause) 15289M->14539M(15360M) 11.388ms
[1227.026s] GC(4135) Pause Young (Normal) (G1 Evacuation Pause) 15283M->14540M(15360M) 11.014ms
[1227.136s] GC(4136) Pause Young (Normal) (G1 Evacuation Pause) 15284M->14541M(15360M) 10.487ms
[1227.234s] GC(4137) Pause Young (Normal) (G1 Evacuation Pause) 15285M->14542M(15360M) 10.793ms
[1227.339s] GC(4138) Pause Young (Normal) (G1 Evacuation Pause) 15294M->14543M(15360M) 10.672ms
[1227.437s] GC(4139) Pause Young (Normal) (G1 Evacuation Pause) 15287M->14544M(15360M) 10.770ms
[1227.550s] GC(4140) Pause Young (Normal) (G1 Evacuation Pause) 15288M->14546M(15360M) 11.194ms
[1227.655s] GC(4141) Pause Young (Normal) (G1 Evacuation Pause) 15290M->14546M(15360M) 10.985ms
[1227.770s] GC(4142) Pause Young (Normal) (G1 Evacuation Pause) 15290M->14547M(15360M) 11.893ms
[1227.873s] GC(4143) Pause Young (Normal) (G1 Evacuation Pause) 15291M->14548M(15360M) 11.333ms
[1227.976s] GC(4144) Pause Young (Normal) (G1 Evacuation Pause) 15292M->14549M(15360M) 10.163ms
[1228.059s] GC(4145) Pause Young (Normal) (G1 Evacuation Pause) 15293M->14550M(15360M) 10.593ms
[1228.144s] GC(4146) Pause Young (Normal) (G1 Evacuation Pause) 15294M->14551M(15360M) 10.496ms
[1228.219s] GC(4147) Pause Young (Normal) (G1 Evacuation Pause) 15303M->14552M(15360M) 9.354ms
[1228.312s] GC(4148) Pause Young (Normal) (G1 Evacuation Pause) 15296M->14553M(15360M) 9.974ms
[1228.407s] GC(4149) Pause Young (Normal) (G1 Evacuation Pause) 15305M->14555M(15360M) 9.159ms
[1228.510s] GC(4150) Pause Young (Normal) (G1 Evacuation Pause) 15299M->14555M(15360M) 8.784ms
[1228.595s] GC(4151) Pause Young (Normal) (G1 Evacuation Pause) 15307M->14556M(15360M) 9.209ms
[1228.684s] GC(4152) Pause Young (Normal) (G1 Evacuation Pause) 15308M->14558M(15360M) 9.338ms
[1228.764s] GC(4153) Pause Young (Normal) (G1 Evacuation Pause) 15302M->14559M(15360M) 9.805ms
[1228.854s] GC(4154) Pause Young (Normal) (G1 Evacuation Pause) 15303M->14560M(15360M) 9.050ms
[1228.928s] GC(4155) Pause Young (Normal) (G1 Evacuation Pause) 15304M->14561M(15360M) 10.104ms
[1229.031s] GC(4156) Pause Young (Normal) (G1 Evacuation Pause) 15313M->14562M(15360M) 10.512ms
[1229.124s] GC(4157) Pause Young (Normal) (G1 Evacuation Pause) 15314M->14563M(15360M) 9.378ms
[1229.230s] GC(4158) Pause Young (Normal) (G1 Evacuation Pause) 15307M->14564M(15360M) 9.612ms
[1229.328s] GC(4159) Pause Young (Normal) (G1 Evacuation Pause) 15308M->14565M(15360M) 10.615ms
[1229.342s] GC(4023) Pause Remark 14696M->14696M(15360M) 1.910ms
[1229.435s] GC(4160) Pause Young (Normal) (G1 Evacuation Pause) 15317M->14566M(15360M) 10.739ms
[1229.516s] GC(4161) Pause Young (Normal) (G1 Evacuation Pause) 15310M->14567M(15360M) 11.511ms
[1229.610s] GC(4162) Pause Young (Normal) (G1 Evacuation Pause) 15319M->14568M(15360M) 11.077ms
[1229.687s] GC(4163) Pause Young (Normal) (G1 Evacuation Pause) 15312M->14569M(15360M) 10.650ms
[1229.793s] GC(4164) Pause Young (Normal) (G1 Evacuation Pause) 15313M->14570M(15360M) 12.065ms
[1229.895s] GC(4165) Pause Young (Normal) (G1 Evacuation Pause) 15314M->14571M(15360M) 12.464ms
[1230.000s] GC(4166) Pause Young (Normal) (G1 Evacuation Pause) 15315M->14572M(15360M) 12.741ms
[1230.100s] GC(4167) Pause Young (Normal) (G1 Evacuation Pause) 15316M->14573M(15360M) 13.439ms
[1230.204s] GC(4168) Pause Young (Normal) (G1 Evacuation Pause) 15317M->14575M(15360M) 13.132ms
[1230.301s] GC(4169) Pause Young (Normal) (G1 Evacuation Pause) 15319M->14576M(15360M) 14.300ms
[1230.391s] GC(4170) Pause Young (Normal) (G1 Evacuation Pause) 15320M->14577M(15360M) 13.810ms
[1230.479s] GC(4171) Pause Young (Normal) (G1 Evacuation Pause) 15321M->14578M(15360M) 13.857ms
[1230.579s] GC(4172) Pause Young (Normal) (G1 Evacuation Pause) 15330M->14579M(15360M) 15.062ms
[1230.694s] GC(4173) Pause Young (Normal) (G1 Evacuation Pause) 15323M->14579M(15360M) 15.341ms
[1230.810s] GC(4174) Pause Young (Normal) (G1 Evacuation Pause) 15331M->14581M(15360M) 17.465ms
[1230.914s] GC(4175) Pause Young (Normal) (G1 Evacuation Pause) 15325M->14582M(15360M) 15.276ms
[1231.028s] GC(4176) Pause Young (Normal) (G1 Evacuation Pause) 15334M->14583M(15360M) 15.993ms
[1231.120s] GC(4177) Pause Young (Normal) (G1 Evacuation Pause) 15327M->14584M(15360M) 17.335ms
[1231.224s] GC(4178) Pause Young (Normal) (G1 Evacuation Pause) 15336M->14585M(15360M) 17.974ms
[1231.310s] GC(4179) Pause Young (Normal) (G1 Evacuation Pause) 15337M->14586M(15360M) 17.925ms
[1231.431s] GC(4180) Pause Young (Normal) (G1 Evacuation Pause) 15338M->14587M(15360M) 17.871ms
[1231.544s] GC(4181) Pause Young (Normal) (G1 Evacuation Pause) 15339M->14588M(15360M) 19.120ms
[1231.661s] GC(4182) Pause Young (Normal) (G1 Evacuation Pause) 15340M->14589M(15360M) 19.331ms
[1231.769s] GC(4183) Pause Young (Normal) (G1 Evacuation Pause) 15341M->14590M(15360M) 20.442ms
[1231.882s] GC(4184) Pause Young (Normal) (G1 Evacuation Pause) 15342M->14591M(15360M) 20.902ms
[1231.987s] GC(4185) Pause Young (Normal) (G1 Evacuation Pause) 15343M->14591M(15360M) 21.973ms
[1232.124s] GC(4186) To-space exhausted
[1232.124s] GC(4186) Pause Young (Normal) (G1 Evacuation Pause) 15351M->15359M(15360M) 56.221ms
[1238.564s] GC(4187) Pause Full (G1 Compaction Pause) 15359M->13310M(15360M) 6439.502ms
[1238.564s] GC(4023) Concurrent Mark Cycle 24058.134ms
[1238.643s] GC(4188) Pause Young (Normal) (G1 Evacuation Pause) 14078M->13312M(15360M) 3.899ms
[1238.753s] GC(4189) Pause Young (Concurrent Start) (G1 Evacuation Pause) 14072M->13313M(15360M) 5.042ms
[1238.753s] GC(4190) Concurrent Mark Cycle
[1238.856s] GC(4191) Pause Young (Normal) (G1 Evacuation Pause) 14073M->13314M(15360M) 5.630ms
[1238.971s] GC(4192) Pause Young (Normal) (G1 Evacuation Pause) 14074M->13315M(15360M) 5.515ms
[1239.075s] GC(4193) Pause Young (Normal) (G1 Evacuation Pause) 14075M->13316M(15360M) 5.449ms
[1239.172s] GC(4194) Pause Young (Normal) (G1 Evacuation Pause) 14076M->13317M(15360M) 6.387ms
[1239.270s] GC(4195) Pause Young (Normal) (G1 Evacuation Pause) 14077M->13318M(15360M) 7.431ms
[1239.373s] GC(4196) Pause Young (Normal) (G1 Evacuation Pause) 14078M->13319M(15360M) 6.991ms
[1239.468s] GC(4197) Pause Young (Normal) (G1 Evacuation Pause) 14071M->13320M(15360M) 7.443ms
[1239.582s] GC(4198) Pause Young (Normal) (G1 Evacuation Pause) 14072M->13321M(15360M) 8.277ms
[1239.706s] GC(4199) Pause Young (Normal) (G1 Evacuation Pause) 14073M->13322M(15360M) 8.263ms
[1239.803s] GC(4200) Pause Young (Normal) (G1 Evacuation Pause) 14074M->13323M(15360M) 8.484ms
[1239.924s] GC(4201) Pause Young (Normal) (G1 Evacuation Pause) 14075M->13325M(15360M) 9.290ms
[1240.017s] GC(4202) Pause Young (Normal) (G1 Evacuation Pause) 14077M->13326M(15360M) 10.527ms
[1240.121s] GC(4203) Pause Young (Normal) (G1 Evacuation Pause) 14078M->13326M(15360M) 11.325ms
[1240.221s] GC(4204) Pause Young (Normal) (G1 Evacuation Pause) 14070M->13328M(15360M) 12.084ms
[1240.327s] GC(4205) Pause Young (Normal) (G1 Evacuation Pause) 14072M->13328M(15360M) 11.681ms
[1240.450s] GC(4206) Pause Young (Normal) (G1 Evacuation Pause) 14080M->13330M(15360M) 10.781ms
[1240.585s] GC(4207) Pause Young (Normal) (G1 Evacuation Pause) 14074M->13330M(15360M) 12.761ms
[1240.702s] GC(4208) Pause Young (Normal) (G1 Evacuation Pause) 14082M->13331M(15360M) 12.504ms
[1240.832s] GC(4209) Pause Young (Normal) (G1 Evacuation Pause) 14083M->13333M(15360M) 11.634ms
[1240.933s] GC(4210) Pause Young (Normal) (G1 Evacuation Pause) 14077M->13334M(15360M) 12.932ms
[1241.031s] GC(4211) Pause Young (Normal) (G1 Evacuation Pause) 14078M->13335M(15360M) 11.244ms
[1241.125s] GC(4212) Pause Young (Normal) (G1 Evacuation Pause) 14079M->13336M(15360M) 10.821ms
[1241.239s] GC(4213) Pause Young (Normal) (G1 Evacuation Pause) 14080M->13337M(15360M) 11.714ms
[1241.349s] GC(4214) Pause Young (Normal) (G1 Evacuation Pause) 14081M->13338M(15360M) 10.868ms
[1241.476s] GC(4215) Pause Young (Normal) (G1 Evacuation Pause) 14082M->13339M(15360M) 12.087ms
[1241.595s] GC(4216) Pause Young (Normal) (G1 Evacuation Pause) 14091M->13340M(15360M) 12.822ms
[1241.723s] GC(4217) Pause Young (Normal) (G1 Evacuation Pause) 14092M->13341M(15360M) 12.309ms
[1241.821s] GC(4218) Pause Young (Normal) (G1 Evacuation Pause) 14093M->13342M(15360M) 12.973ms
[1241.948s] GC(4219) Pause Young (Normal) (G1 Evacuation Pause) 14094M->13343M(15360M) 12.315ms
[1242.048s] GC(4220) Pause Young (Normal) (G1 Evacuation Pause) 14095M->13344M(15360M) 13.548ms
[1242.173s] GC(4221) Pause Young (Normal) (G1 Evacuation Pause) 14096M->13345M(15360M) 12.837ms
[1242.301s] GC(4222) Pause Young (Normal) (G1 Evacuation Pause) 14089M->13346M(15360M) 13.711ms
[1242.458s] GC(4223) Pause Young (Normal) (G1 Evacuation Pause) 14098M->13347M(15360M) 14.380ms
[1242.590s] GC(4224) Pause Young (Normal) (G1 Evacuation Pause) 14099M->13348M(15360M) 14.313ms
[1242.701s] GC(4225) Pause Young (Normal) (G1 Evacuation Pause) 14100M->13350M(15360M) 13.247ms
[1242.797s] GC(4226) Pause Young (Normal) (G1 Evacuation Pause) 14094M->13351M(15360M) 12.608ms
[1242.901s] GC(4227) Pause Young (Normal) (G1 Evacuation Pause) 14095M->13351M(15360M) 12.695ms
[1242.993s] GC(4228) Pause Young (Normal) (G1 Evacuation Pause) 14103M->13352M(15360M) 13.253ms
[1243.096s] GC(4229) Pause Young (Normal) (G1 Evacuation Pause) 14104M->13354M(15360M) 12.084ms
[1243.207s] GC(4230) Pause Young (Normal) (G1 Evacuation Pause) 14098M->13354M(15360M) 12.786ms
[1243.311s] GC(4231) Pause Young (Normal) (G1 Evacuation Pause) 14106M->13355M(15360M) 12.248ms
[1243.403s] GC(4232) Pause Young (Normal) (G1 Evacuation Pause) 14107M->13356M(15360M) 12.088ms
[1243.496s] GC(4233) Pause Young (Normal) (G1 Evacuation Pause) 14108M->13358M(15360M) 11.554ms
[1243.589s] GC(4234) Pause Young (Normal) (G1 Evacuation Pause) 14102M->13358M(15360M) 13.981ms
[1243.685s] GC(4235) Pause Young (Normal) (G1 Evacuation Pause) 14110M->13359M(15360M) 11.225ms
[1243.769s] GC(4236) Pause Young (Normal) (G1 Evacuation Pause) 14111M->13361M(15360M) 12.295ms
[1243.875s] GC(4237) Pause Young (Normal) (G1 Evacuation Pause) 14113M->13362M(15360M) 11.696ms
[1243.976s] GC(4238) Pause Young (Normal) (G1 Evacuation Pause) 14114M->13363M(15360M) 12.352ms
[1244.089s] GC(4239) Pause Young (Normal) (G1 Evacuation Pause) 14115M->13364M(15360M) 13.414ms
[1244.191s] GC(4240) Pause Young (Normal) (G1 Evacuation Pause) 14116M->13364M(15360M) 14.200ms
[1244.308s] GC(4241) Pause Young (Normal) (G1 Evacuation Pause) 14116M->13366M(15360M) 13.395ms
[1244.398s] GC(4242) Pause Young (Normal) (G1 Evacuation Pause) 14118M->13367M(15360M) 13.893ms
[1244.496s] GC(4243) Pause Young (Normal) (G1 Evacuation Pause) 14119M->13368M(15360M) 11.310ms
[1244.592s] GC(4244) Pause Young (Normal) (G1 Evacuation Pause) 14112M->13369M(15360M) 12.873ms
[1244.702s] GC(4245) Pause Young (Normal) (G1 Evacuation Pause) 14121M->13370M(15360M) 12.634ms
[1244.812s] GC(4246) Pause Young (Normal) (G1 Evacuation Pause) 14122M->13371M(15360M) 14.727ms
[1244.943s] GC(4247) Pause Young (Normal) (G1 Evacuation Pause) 14115M->13372M(15360M) 13.528ms
[1245.052s] GC(4248) Pause Young (Normal) (G1 Evacuation Pause) 14124M->13373M(15360M) 12.613ms
[1245.160s] GC(4249) Pause Young (Normal) (G1 Evacuation Pause) 14125M->13374M(15360M) 13.938ms
[1245.255s] GC(4250) Pause Young (Normal) (G1 Evacuation Pause) 14118M->13375M(15360M) 13.668ms
[1245.370s] GC(4251) Pause Young (Normal) (G1 Evacuation Pause) 14127M->13376M(15360M) 13.151ms
[1245.467s] GC(4252) Pause Young (Normal) (G1 Evacuation Pause) 14128M->13377M(15360M) 12.512ms
[1245.600s] GC(4253) Pause Young (Normal) (G1 Evacuation Pause) 14129M->13378M(15360M) 14.453ms
[1245.720s] GC(4254) Pause Young (Normal) (G1 Evacuation Pause) 14130M->13379M(15360M) 12.022ms
[1245.852s] GC(4255) Pause Young (Normal) (G1 Evacuation Pause) 14131M->13380M(15360M) 11.383ms
[1245.953s] GC(4256) Pause Young (Normal) (G1 Evacuation Pause) 14124M->13381M(15360M) 10.725ms
[1246.070s] GC(4257) Pause Young (Normal) (G1 Evacuation Pause) 14133M->13382M(15360M) 11.450ms
[1246.164s] GC(4258) Pause Young (Normal) (G1 Evacuation Pause) 14134M->13383M(15360M) 12.677ms
[1246.248s] GC(4259) Pause Young (Normal) (G1 Evacuation Pause) 14135M->13384M(15360M) 10.091ms
[1246.326s] GC(4260) Pause Young (Normal) (G1 Evacuation Pause) 14136M->13385M(15360M) 10.291ms
[1246.448s] GC(4261) Pause Young (Normal) (G1 Evacuation Pause) 14137M->13387M(15360M) 9.769ms
[1246.561s] GC(4262) Pause Young (Normal) (G1 Evacuation Pause) 14131M->13387M(15360M) 10.902ms
[1246.676s] GC(4263) Pause Young (Normal) (G1 Evacuation Pause) 14139M->13389M(15360M) 10.225ms
[1246.776s] GC(4264) Pause Young (Normal) (G1 Evacuation Pause) 14133M->13390M(15360M) 10.894ms
[1246.876s] GC(4265) Pause Young (Normal) (G1 Evacuation Pause) 14142M->13390M(15360M) 11.064ms
[1246.966s] GC(4266) Pause Young (Normal) (G1 Evacuation Pause) 14142M->13392M(15360M) 12.392ms
[1247.063s] GC(4267) Pause Young (Normal) (G1 Evacuation Pause) 14136M->13393M(15360M) 12.015ms
[1247.152s] GC(4268) Pause Young (Normal) (G1 Evacuation Pause) 14145M->13394M(15360M) 12.328ms
[1247.262s] GC(4269) Pause Young (Normal) (G1 Evacuation Pause) 14146M->13395M(15360M) 11.299ms
[1247.369s] GC(4270) Pause Young (Normal) (G1 Evacuation Pause) 14139M->13396M(15360M) 11.405ms
[1247.477s] GC(4271) Pause Young (Normal) (G1 Evacuation Pause) 14148M->13397M(15360M) 10.963ms
[1247.573s] GC(4272) Pause Young (Normal) (G1 Evacuation Pause) 14149M->13398M(15360M) 10.972ms
[1247.680s] GC(4273) Pause Young (Normal) (G1 Evacuation Pause) 14150M->13399M(15360M) 11.040ms
[1247.765s] GC(4274) Pause Young (Normal) (G1 Evacuation Pause) 14143M->13400M(15360M) 10.904ms
[1247.868s] GC(4275) Pause Young (Normal) (G1 Evacuation Pause) 14144M->13401M(15360M) 10.199ms
[1247.945s] GC(4276) Pause Young (Normal) (G1 Evacuation Pause) 14153M->13402M(15360M) 10.425ms
[1248.054s] GC(4277) Pause Young (Normal) (G1 Evacuation Pause) 14154M->13403M(15360M) 10.153ms
[1248.151s] GC(4278) Pause Young (Normal) (G1 Evacuation Pause) 14155M->13404M(15360M) 10.478ms
[1248.255s] GC(4279) Pause Young (Normal) (G1 Evacuation Pause) 14156M->13405M(15360M) 10.141ms
[1248.352s] GC(4280) Pause Young (Normal) (G1 Evacuation Pause) 14149M->13406M(15360M) 10.849ms
[1248.459s] GC(4281) Pause Young (Normal) (G1 Evacuation Pause) 14150M->13407M(15360M) 9.895ms
[1248.545s] GC(4282) Pause Young (Normal) (G1 Evacuation Pause) 14159M->13408M(15360M) 10.059ms
[1248.640s] GC(4283) Pause Young (Normal) (G1 Evacuation Pause) 14160M->13409M(15360M) 9.852ms
[1248.716s] GC(4284) Pause Young (Normal) (G1 Evacuation Pause) 14161M->13411M(15360M) 9.798ms
[1248.827s] GC(4285) Pause Young (Normal) (G1 Evacuation Pause) 14155M->13412M(15360M) 9.688ms
[1248.922s] GC(4286) Pause Young (Normal) (G1 Evacuation Pause) 14156M->13413M(15360M) 9.569ms
[1249.023s] GC(4287) Pause Young (Normal) (G1 Evacuation Pause) 14157M->13413M(15360M) 9.848ms
[1249.122s] GC(4288) Pause Young (Normal) (G1 Evacuation Pause) 14165M->13415M(15360M) 10.250ms
[1249.228s] GC(4289) Pause Young (Normal) (G1 Evacuation Pause) 14167M->13416M(15360M) 10.524ms
[1249.313s] GC(4290) Pause Young (Normal) (G1 Evacuation Pause) 14160M->13417M(15360M) 10.300ms
[1249.416s] GC(4291) Pause Young (Normal) (G1 Evacuation Pause) 14161M->13418M(15360M) 10.234ms
[1249.498s] GC(4292) Pause Young (Normal) (G1 Evacuation Pause) 14170M->13418M(15360M) 10.680ms
[1249.614s] GC(4293) Pause Young (Normal) (G1 Evacuation Pause) 14170M->13420M(15360M) 10.331ms
[1249.712s] GC(4294) Pause Young (Normal) (G1 Evacuation Pause) 14172M->13421M(15360M) 10.858ms
[1249.827s] GC(4295) Pause Young (Normal) (G1 Evacuation Pause) 14173M->13422M(15360M) 10.349ms
[1249.926s] GC(4296) Pause Young (Normal) (G1 Evacuation Pause) 14166M->13423M(15360M) 10.783ms
[1250.035s] GC(4297) Pause Young (Normal) (G1 Evacuation Pause) 14175M->13424M(15360M) 10.852ms
[1250.130s] GC(4298) Pause Young (Normal) (G1 Evacuation Pause) 14176M->13425M(15360M) 10.230ms
[1250.235s] GC(4299) Pause Young (Normal) (G1 Evacuation Pause) 14177M->13426M(15360M) 10.321ms
[1250.317s] GC(4300) Pause Young (Normal) (G1 Evacuation Pause) 14178M->13427M(15360M) 10.348ms
[1250.431s] GC(4301) Pause Young (Normal) (G1 Evacuation Pause) 14171M->13428M(15360M) 10.505ms
[1250.536s] GC(4302) Pause Young (Normal) (G1 Evacuation Pause) 14172M->13429M(15360M) 12.128ms
[1250.647s] GC(4303) Pause Young (Normal) (G1 Evacuation Pause) 14181M->13430M(15360M) 13.005ms
[1250.737s] GC(4304) Pause Young (Normal) (G1 Evacuation Pause) 14182M->13431M(15360M) 12.257ms
[1250.838s] GC(4305) Pause Young (Normal) (G1 Evacuation Pause) 14183M->13432M(15360M) 11.433ms
[1250.927s] GC(4306) Pause Young (Normal) (G1 Evacuation Pause) 14184M->13433M(15360M) 14.367ms
[1251.031s] GC(4307) Pause Young (Normal) (G1 Evacuation Pause) 14185M->13434M(15360M) 12.797ms
[1251.118s] GC(4308) Pause Young (Normal) (G1 Evacuation Pause) 14186M->13435M(15360M) 11.902ms
[1251.233s] GC(4309) Pause Young (Normal) (G1 Evacuation Pause) 14179M->13436M(15360M) 12.060ms
[1251.343s] GC(4310) Pause Young (Normal) (G1 Evacuation Pause) 14188M->13437M(15360M) 11.219ms
[1251.452s] GC(4311) Pause Young (Normal) (G1 Evacuation Pause) 14189M->13438M(15360M) 10.449ms
[1251.543s] GC(4312) Pause Young (Normal) (G1 Evacuation Pause) 14190M->13439M(15360M) 10.300ms
[1251.640s] GC(4313) Pause Young (Normal) (G1 Evacuation Pause) 14191M->13441M(15360M) 10.550ms
[1251.728s] GC(4314) Pause Young (Normal) (G1 Evacuation Pause) 14185M->13441M(15360M) 11.282ms
[1251.824s] GC(4315) Pause Young (Normal) (G1 Evacuation Pause) 14193M->13443M(15360M) 10.167ms
[1251.904s] GC(4316) Pause Young (Normal) (G1 Evacuation Pause) 14187M->13444M(15360M) 10.118ms
[1252.021s] GC(4317) Pause Young (Normal) (G1 Evacuation Pause) 14196M->13445M(15360M) 10.064ms
[1252.118s] GC(4318) Pause Young (Normal) (G1 Evacuation Pause) 14189M->13446M(15360M) 10.489ms
[1252.227s] GC(4319) Pause Young (Normal) (G1 Evacuation Pause) 14198M->13447M(15360M) 10.433ms
[1252.318s] GC(4320) Pause Young (Normal) (G1 Evacuation Pause) 14199M->13448M(15360M) 9.536ms
[1252.424s] GC(4321) Pause Young (Normal) (G1 Evacuation Pause) 14200M->13449M(15360M) 11.022ms
[1252.508s] GC(4322) Pause Young (Normal) (G1 Evacuation Pause) 14193M->13450M(15360M) 10.156ms
[1252.589s] GC(4323) Pause Young (Normal) (G1 Evacuation Pause) 14194M->13451M(15360M) 9.880ms
[1252.668s] GC(4324) Pause Young (Normal) (G1 Evacuation Pause) 14203M->13452M(15360M) 10.220ms
[1252.792s] GC(4325) Pause Young (Normal) (G1 Evacuation Pause) 14204M->13453M(15360M) 10.746ms
[1252.896s] GC(4326) Pause Young (Normal) (G1 Evacuation Pause) 14205M->13454M(15360M) 10.392ms
[1252.999s] GC(4327) Pause Young (Normal) (G1 Evacuation Pause) 14198M->13455M(15360M) 10.287ms
[1253.096s] GC(4328) Pause Young (Normal) (G1 Evacuation Pause) 14199M->13456M(15360M) 10.301ms
[1253.192s] GC(4329) Pause Young (Normal) (G1 Evacuation Pause) 14208M->13457M(15360M) 10.526ms
[1253.274s] GC(4330) Pause Young (Normal) (G1 Evacuation Pause) 14209M->13459M(15360M) 9.446ms
[1253.363s] GC(4331) Pause Young (Normal) (G1 Evacuation Pause) 14203M->13459M(15360M) 9.588ms
[1253.442s] GC(4332) Pause Young (Normal) (G1 Evacuation Pause) 14211M->13461M(15360M) 9.012ms
[1253.555s] GC(4333) Pause Young (Normal) (G1 Evacuation Pause) 14205M->13461M(15360M) 9.084ms
[1253.626s] GC(4190) Pause Remark 14100M->14100M(15360M) 1.687ms
[1253.656s] GC(4334) Pause Young (Normal) (G1 Evacuation Pause) 14213M->13462M(15360M) 10.673ms
[1253.752s] GC(4335) Pause Young (Normal) (G1 Evacuation Pause) 14214M->13463M(15360M) 9.266ms
[1253.846s] GC(4336) Pause Young (Normal) (G1 Evacuation Pause) 14215M->13465M(15360M) 9.529ms
[1253.944s] GC(4337) Pause Young (Normal) (G1 Evacuation Pause) 14209M->13465M(15360M) 9.733ms
[1254.029s] GC(4338) Pause Young (Normal) (G1 Evacuation Pause) 14217M->13467M(15360M) 9.958ms
[1254.128s] GC(4339) Pause Young (Normal) (G1 Evacuation Pause) 14211M->13468M(15360M) 9.613ms
[1254.221s] GC(4340) Pause Young (Normal) (G1 Evacuation Pause) 14220M->13468M(15360M) 9.652ms
[1254.336s] GC(4341) Pause Young (Normal) (G1 Evacuation Pause) 14220M->13470M(15360M) 9.318ms
[1254.449s] GC(4342) Pause Young (Normal) (G1 Evacuation Pause) 14222M->13471M(15360M) 10.556ms
[1254.579s] GC(4343) Pause Young (Normal) (G1 Evacuation Pause) 14223M->13472M(15360M) 10.076ms
[1254.682s] GC(4344) Pause Young (Normal) (G1 Evacuation Pause) 14216M->13473M(15360M) 14.052ms
[1254.788s] GC(4345) Pause Young (Normal) (G1 Evacuation Pause) 14225M->13474M(15360M) 11.343ms
[1254.882s] GC(4346) Pause Young (Normal) (G1 Evacuation Pause) 14226M->13475M(15360M) 13.062ms
[1254.986s] GC(4347) Pause Young (Normal) (G1 Evacuation Pause) 14219M->13476M(15360M) 12.239ms
[1255.082s] GC(4348) Pause Young (Normal) (G1 Evacuation Pause) 14228M->13477M(15360M) 12.903ms
[1255.213s] GC(4349) Pause Young (Normal) (G1 Evacuation Pause) 14229M->13478M(15360M) 12.864ms
[1255.323s] GC(4350) Pause Young (Normal) (G1 Evacuation Pause) 14222M->13479M(15360M) 12.070ms
[1255.433s] GC(4351) Pause Young (Normal) (G1 Evacuation Pause) 14223M->13480M(15360M) 12.091ms
[1255.540s] GC(4352) Pause Young (Normal) (G1 Evacuation Pause) 14232M->13481M(15360M) 13.520ms
[1255.644s] GC(4353) Pause Young (Normal) (G1 Evacuation Pause) 14233M->13482M(15360M) 12.563ms
[1255.742s] GC(4354) Pause Young (Normal) (G1 Evacuation Pause) 14226M->13483M(15360M) 14.138ms
[1255.854s] GC(4355) Pause Young (Normal) (G1 Evacuation Pause) 14235M->13484M(15360M) 13.682ms
[1255.954s] GC(4356) Pause Young (Normal) (G1 Evacuation Pause) 14236M->13484M(15360M) 14.851ms
[1256.086s] GC(4357) Pause Young (Normal) (G1 Evacuation Pause) 14236M->13486M(15360M) 15.383ms
[1256.211s] GC(4358) Pause Young (Normal) (G1 Evacuation Pause) 14238M->13487M(15360M) 13.134ms
[1256.309s] GC(4359) Pause Young (Normal) (G1 Evacuation Pause) 14239M->13488M(15360M) 11.799ms
[1256.430s] GC(4360) Pause Young (Normal) (G1 Evacuation Pause) 14240M->13489M(15360M) 12.577ms
[1256.522s] GC(4361) Pause Young (Normal) (G1 Evacuation Pause) 14233M->13490M(15360M) 11.216ms
[1256.635s] GC(4362) Pause Young (Normal) (G1 Evacuation Pause) 14242M->13491M(15360M) 11.724ms
[1256.724s] GC(4363) Pause Young (Normal) (G1 Evacuation Pause) 14243M->13492M(15360M) 10.977ms
[1256.828s] GC(4364) Pause Young (Normal) (G1 Evacuation Pause) 14244M->13493M(15360M) 11.431ms
[1256.942s] GC(4365) Pause Young (Normal) (G1 Evacuation Pause) 14245M->13494M(15360M) 11.501ms
[1257.064s] GC(4366) Pause Young (Normal) (G1 Evacuation Pause) 14238M->13496M(15360M) 11.331ms
[1257.163s] GC(4367) Pause Young (Normal) (G1 Evacuation Pause) 14240M->13497M(15360M) 11.731ms
[1257.267s] GC(4368) Pause Young (Normal) (G1 Evacuation Pause) 14241M->13498M(15360M) 11.576ms
[1257.359s] GC(4369) Pause Young (Normal) (G1 Evacuation Pause) 14250M->13499M(15360M) 12.323ms
[1257.456s] GC(4370) Pause Young (Normal) (G1 Evacuation Pause) 14243M->13500M(15360M) 11.702ms
[1257.552s] GC(4371) Pause Young (Normal) (G1 Evacuation Pause) 14244M->13501M(15360M) 12.946ms
[1257.649s] GC(4372) Pause Young (Normal) (G1 Evacuation Pause) 14253M->13502M(15360M) 11.411ms
[1257.759s] GC(4373) Pause Young (Normal) (G1 Evacuation Pause) 14246M->13503M(15360M) 12.828ms
[1257.870s] GC(4374) Pause Young (Normal) (G1 Evacuation Pause) 14247M->13504M(15360M) 12.409ms
[1257.975s] GC(4375) Pause Young (Normal) (G1 Evacuation Pause) 14248M->13505M(15360M) 12.353ms
[1258.093s] GC(4376) Pause Young (Normal) (G1 Evacuation Pause) 14257M->13507M(15360M) 12.846ms
[1258.168s] GC(4190) Pause Cleanup 14218M->14218M(15360M) 0.741ms
[1258.186s] GC(4377) Pause Young (Prepare Mixed) (G1 Evacuation Pause) 14251M->13507M(15360M) 13.045ms
[1258.195s] GC(4190) Concurrent Mark Cycle 19441.787ms
[1258.298s] GC(4378) Pause Young (Mixed) (G1 Evacuation Pause) 14251M->13508M(15360M) 11.934ms
[1258.397s] GC(4379) Pause Young (Concurrent Start) (G1 Evacuation Pause) 14260M->13509M(15360M) 11.152ms
[1258.397s] GC(4380) Concurrent Mark Cycle
[1258.492s] GC(4381) Pause Young (Normal) (G1 Evacuation Pause) 14261M->13510M(15360M) 10.990ms
[1258.599s] GC(4382) Pause Young (Normal) (G1 Evacuation Pause) 14262M->13511M(15360M) 11.152ms
[1258.730s] GC(4383) Pause Young (Normal) (G1 Evacuation Pause) 14263M->13512M(15360M) 11.685ms
[1258.832s] GC(4384) Pause Young (Normal) (G1 Evacuation Pause) 14256M->13513M(15360M) 10.949ms
[1258.953s] GC(4385) Pause Young (Normal) (G1 Evacuation Pause) 14265M->13515M(15360M) 11.841ms
[1259.042s] GC(4386) Pause Young (Normal) (G1 Evacuation Pause) 14259M->13515M(15360M) 11.723ms
[1259.141s] GC(4387) Pause Young (Normal) (G1 Evacuation Pause) 14267M->13516M(15360M) 10.836ms
[1259.219s] GC(4388) Pause Young (Normal) (G1 Evacuation Pause) 14268M->13517M(15360M) 11.081ms
[1259.323s] GC(4389) Pause Young (Normal) (G1 Evacuation Pause) 14269M->13518M(15360M) 11.795ms
[1259.432s] GC(4390) Pause Young (Normal) (G1 Evacuation Pause) 14270M->13520M(15360M) 11.867ms
[1259.556s] GC(4391) Pause Young (Normal) (G1 Evacuation Pause) 14264M->13521M(15360M) 12.069ms
[1259.658s] GC(4392) Pause Young (Normal) (G1 Evacuation Pause) 14265M->13522M(15360M) 12.347ms
[1259.777s] GC(4393) Pause Young (Normal) (G1 Evacuation Pause) 14274M->13523M(15360M) 12.330ms
[1259.867s] GC(4394) Pause Young (Normal) (G1 Evacuation Pause) 14267M->13524M(15360M) 12.291ms
[1259.980s] GC(4395) Pause Young (Normal) (G1 Evacuation Pause) 14268M->13524M(15360M) 13.314ms
[1260.074s] GC(4396) Pause Young (Normal) (G1 Evacuation Pause) 14276M->13526M(15360M) 12.612ms
[1260.176s] GC(4397) Pause Young (Normal) (G1 Evacuation Pause) 14278M->13527M(15360M) 12.533ms
[1260.294s] GC(4398) Pause Young (Normal) (G1 Evacuation Pause) 14271M->13528M(15360M) 12.802ms
[1260.423s] GC(4399) Pause Young (Normal) (G1 Evacuation Pause) 14272M->13529M(15360M) 11.139ms
[1260.526s] GC(4400) Pause Young (Normal) (G1 Evacuation Pause) 14273M->13530M(15360M) 12.047ms
[1260.640s] GC(4401) Pause Young (Normal) (G1 Evacuation Pause) 14282M->13531M(15360M) 11.829ms
[1260.735s] GC(4402) Pause Young (Normal) (G1 Evacuation Pause) 14275M->13532M(15360M) 11.590ms
[1260.837s] GC(4403) Pause Young (Normal) (G1 Evacuation Pause) 14276M->13533M(15360M) 10.904ms
[1260.926s] GC(4404) Pause Young (Normal) (G1 Evacuation Pause) 14285M->13534M(15360M) 12.176ms
[1261.034s] GC(4405) Pause Young (Normal) (G1 Evacuation Pause) 14286M->13535M(15360M) 12.790ms
[1261.145s] GC(4406) Pause Young (Normal) (G1 Evacuation Pause) 14287M->13536M(15360M) 11.970ms
[1261.266s] GC(4407) Pause Young (Normal) (G1 Evacuation Pause) 14288M->13537M(15360M) 11.352ms
[1261.383s] GC(4408) Pause Young (Normal) (G1 Evacuation Pause) 14289M->13538M(15360M) 11.934ms
[1261.500s] GC(4409) Pause Young (Normal) (G1 Evacuation Pause) 14282M->13539M(15360M) 11.285ms
[1261.592s] GC(4410) Pause Young (Normal) (G1 Evacuation Pause) 14283M->13540M(15360M) 10.992ms
[1261.689s] GC(4411) Pause Young (Normal) (G1 Evacuation Pause) 14292M->13541M(15360M) 10.404ms
[1261.775s] GC(4412) Pause Young (Normal) (G1 Evacuation Pause) 14293M->13542M(15360M) 10.544ms
[1261.867s] GC(4413) Pause Young (Normal) (G1 Evacuation Pause) 14294M->13543M(15360M) 10.607ms
[1261.983s] GC(4414) Pause Young (Normal) (G1 Evacuation Pause) 14295M->13544M(15360M) 10.768ms
[1262.089s] GC(4415) Pause Young (Normal) (G1 Evacuation Pause) 14296M->13546M(15360M) 10.468ms
[1262.195s] GC(4416) Pause Young (Normal) (G1 Evacuation Pause) 14290M->13547M(15360M) 10.366ms
[1262.307s] GC(4417) Pause Young (Normal) (G1 Evacuation Pause) 14291M->13548M(15360M) 10.317ms
[1262.396s] GC(4418) Pause Young (Normal) (G1 Evacuation Pause) 14292M->13549M(15360M) 10.491ms
[1262.480s] GC(4419) Pause Young (Normal) (G1 Evacuation Pause) 14293M->13550M(15360M) 10.098ms
[1262.559s] GC(4420) Pause Young (Normal) (G1 Evacuation Pause) 14302M->13550M(15360M) 10.248ms
[1262.656s] GC(4421) Pause Young (Normal) (G1 Evacuation Pause) 14302M->13552M(15360M) 10.209ms
[1262.753s] GC(4422) Pause Young (Normal) (G1 Evacuation Pause) 14304M->13553M(15360M) 10.309ms
[1262.858s] GC(4423) Pause Young (Normal) (G1 Evacuation Pause) 14297M->13554M(15360M) 9.930ms
[1262.956s] GC(4424) Pause Young (Normal) (G1 Evacuation Pause) 14298M->13555M(15360M) 10.272ms
[1263.077s] GC(4425) Pause Young (Normal) (G1 Evacuation Pause) 14299M->13556M(15360M) 10.983ms
[1263.162s] GC(4426) Pause Young (Normal) (G1 Evacuation Pause) 14300M->13557M(15360M) 10.483ms
[1263.264s] GC(4427) Pause Young (Normal) (G1 Evacuation Pause) 14301M->13558M(15360M) 10.745ms
[1263.349s] GC(4428) Pause Young (Normal) (G1 Evacuation Pause) 14302M->13559M(15360M) 10.030ms
[1263.443s] GC(4429) Pause Young (Normal) (G1 Evacuation Pause) 14311M->13560M(15360M) 10.737ms
[1263.541s] GC(4430) Pause Young (Normal) (G1 Evacuation Pause) 14312M->13561M(15360M) 10.232ms
[1263.665s] GC(4431) Pause Young (Normal) (G1 Evacuation Pause) 14313M->13562M(15360M) 10.347ms
[1263.762s] GC(4432) Pause Young (Normal) (G1 Evacuation Pause) 14306M->13563M(15360M) 10.584ms
[1263.869s] GC(4433) Pause Young (Normal) (G1 Evacuation Pause) 14315M->13564M(15360M) 10.326ms
[1263.953s] GC(4434) Pause Young (Normal) (G1 Evacuation Pause) 14316M->13566M(15360M) 10.145ms
[1264.059s] GC(4435) Pause Young (Normal) (G1 Evacuation Pause) 14310M->13566M(15360M) 10.583ms
[1264.142s] GC(4436) Pause Young (Normal) (G1 Evacuation Pause) 14310M->13567M(15360M) 11.675ms
[1264.252s] GC(4437) Pause Young (Normal) (G1 Evacuation Pause) 14319M->13569M(15360M) 10.601ms
[1264.356s] GC(4438) Pause Young (Normal) (G1 Evacuation Pause) 14313M->13569M(15360M) 11.263ms
[1264.470s] GC(4439) Pause Young (Normal) (G1 Evacuation Pause) 14321M->13570M(15360M) 11.067ms
[1264.571s] GC(4440) Pause Young (Normal) (G1 Evacuation Pause) 14322M->13572M(15360M) 10.918ms
[1264.673s] GC(4441) Pause Young (Normal) (G1 Evacuation Pause) 14316M->13573M(15360M) 9.814ms
[1264.761s] GC(4442) Pause Young (Normal) (G1 Evacuation Pause) 14317M->13574M(15360M) 10.115ms
[1264.863s] GC(4443) Pause Young (Normal) (G1 Evacuation Pause) 14318M->13575M(15360M) 10.686ms
[1264.945s] GC(4444) Pause Young (Normal) (G1 Evacuation Pause) 14327M->13576M(15360M) 10.220ms
[1265.044s] GC(4445) Pause Young (Normal) (G1 Evacuation Pause) 14328M->13577M(15360M) 10.004ms
[1265.143s] GC(4446) Pause Young (Normal) (G1 Evacuation Pause) 14321M->13578M(15360M) 10.461ms
[1265.258s] GC(4447) Pause Young (Normal) (G1 Evacuation Pause) 14322M->13579M(15360M) 9.545ms
[1265.349s] GC(4448) Pause Young (Normal) (G1 Evacuation Pause) 14323M->13580M(15360M) 10.277ms
[1265.465s] GC(4449) Pause Young (Normal) (G1 Evacuation Pause) 14324M->13581M(15360M) 10.250ms
[1265.549s] GC(4450) Pause Young (Normal) (G1 Evacuation Pause) 14325M->13582M(15360M) 9.936ms
[1265.639s] GC(4451) Pause Young (Normal) (G1 Evacuation Pause) 14334M->13583M(15360M) 10.572ms
[1265.719s] GC(4452) Pause Young (Normal) (G1 Evacuation Pause) 14335M->13584M(15360M) 10.479ms
[1265.814s] GC(4453) Pause Young (Normal) (G1 Evacuation Pause) 14336M->13585M(15360M) 10.441ms
[1265.918s] GC(4454) Pause Young (Normal) (G1 Evacuation Pause) 14337M->13587M(15360M) 10.425ms
[1266.036s] GC(4455) Pause Young (Normal) (G1 Evacuation Pause) 14331M->13588M(15360M) 10.988ms
[1266.139s] GC(4456) Pause Young (Normal) (G1 Evacuation Pause) 14332M->13588M(15360M) 10.565ms
[1266.255s] GC(4457) Pause Young (Normal) (G1 Evacuation Pause) 14340M->13590M(15360M) 10.682ms
[1266.350s] GC(4458) Pause Young (Normal) (G1 Evacuation Pause) 14334M->13590M(15360M) 10.784ms
[1266.459s] GC(4459) Pause Young (Normal) (G1 Evacuation Pause) 14342M->13592M(15360M) 10.743ms
[1266.547s] GC(4460) Pause Young (Normal) (G1 Evacuation Pause) 14336M->13592M(15360M) 10.041ms
[1266.653s] GC(4461) Pause Young (Normal) (G1 Evacuation Pause) 14344M->13594M(15360M) 10.953ms
[1266.755s] GC(4462) Pause Young (Normal) (G1 Evacuation Pause) 14338M->13595M(15360M) 11.432ms
[1266.875s] GC(4463) Pause Young (Normal) (G1 Evacuation Pause) 14339M->13596M(15360M) 13.902ms
[1266.975s] GC(4464) Pause Young (Normal) (G1 Evacuation Pause) 14340M->13597M(15360M) 11.455ms
[1267.094s] GC(4465) Pause Young (Normal) (G1 Evacuation Pause) 14349M->13598M(15360M) 13.749ms
[1267.190s] GC(4466) Pause Young (Normal) (G1 Evacuation Pause) 14342M->13599M(15360M) 11.662ms
[1267.297s] GC(4467) Pause Young (Normal) (G1 Evacuation Pause) 14351M->13600M(15360M) 12.751ms
[1267.386s] GC(4468) Pause Young (Normal) (G1 Evacuation Pause) 14352M->13601M(15360M) 12.045ms
[1267.490s] GC(4469) Pause Young (Normal) (G1 Evacuation Pause) 14353M->13602M(15360M) 12.964ms
[1267.605s] GC(4470) Pause Young (Normal) (G1 Evacuation Pause) 14354M->13603M(15360M) 15.049ms
[1267.727s] GC(4471) Pause Young (Normal) (G1 Evacuation Pause) 14355M->13604M(15360M) 15.312ms
[1267.830s] GC(4472) Pause Young (Normal) (G1 Evacuation Pause) 14356M->13605M(15360M) 14.476ms
[1267.928s] GC(4473) Pause Young (Normal) (G1 Evacuation Pause) 14357M->13606M(15360M) 13.543ms
[1268.013s] GC(4474) Pause Young (Normal) (G1 Evacuation Pause) 14358M->13607M(15360M) 13.005ms
[1268.103s] GC(4475) Pause Young (Normal) (G1 Evacuation Pause) 14359M->13608M(15360M) 11.821ms
[1268.189s] GC(4476) Pause Young (Normal) (G1 Evacuation Pause) 14352M->13609M(15360M) 11.123ms
[1268.297s] GC(4477) Pause Young (Normal) (G1 Evacuation Pause) 14361M->13610M(15360M) 11.589ms
[1268.401s] GC(4478) Pause Young (Normal) (G1 Evacuation Pause) 14362M->13611M(15360M) 11.182ms
[1268.515s] GC(4479) Pause Young (Normal) (G1 Evacuation Pause) 14355M->13612M(15360M) 10.780ms
[1268.602s] GC(4480) Pause Young (Normal) (G1 Evacuation Pause) 14364M->13613M(15360M) 9.644ms
[1268.715s] GC(4481) Pause Young (Normal) (G1 Evacuation Pause) 14357M->13614M(15360M) 10.057ms
[1268.800s] GC(4482) Pause Young (Normal) (G1 Evacuation Pause) 14366M->13615M(15360M) 10.425ms
[1268.905s] GC(4483) Pause Young (Normal) (G1 Evacuation Pause) 14367M->13617M(15360M) 11.200ms
[1268.983s] GC(4484) Pause Young (Normal) (G1 Evacuation Pause) 14361M->13617M(15360M) 9.930ms
[1269.084s] GC(4485) Pause Young (Normal) (G1 Evacuation Pause) 14369M->13619M(15360M) 10.193ms
[1269.175s] GC(4486) Pause Young (Normal) (G1 Evacuation Pause) 14363M->13619M(15360M) 10.484ms
[1269.288s] GC(4487) Pause Young (Normal) (G1 Evacuation Pause) 14371M->13620M(15360M) 10.431ms
[1269.378s] GC(4488) Pause Young (Normal) (G1 Evacuation Pause) 14372M->13622M(15360M) 10.494ms
[1269.478s] GC(4489) Pause Young (Normal) (G1 Evacuation Pause) 14374M->13623M(15360M) 10.158ms
[1269.558s] GC(4490) Pause Young (Normal) (G1 Evacuation Pause) 14367M->13624M(15360M) 9.667ms
[1269.648s] GC(4491) Pause Young (Normal) (G1 Evacuation Pause) 14368M->13625M(15360M) 9.867ms
[1269.727s] GC(4492) Pause Young (Normal) (G1 Evacuation Pause) 14377M->13626M(15360M) 10.484ms
[1269.831s] GC(4493) Pause Young (Normal) (G1 Evacuation Pause) 14378M->13627M(15360M) 11.343ms
[1269.928s] GC(4494) Pause Young (Normal) (G1 Evacuation Pause) 14379M->13628M(15360M) 10.143ms
[1270.032s] GC(4495) Pause Young (Normal) (G1 Evacuation Pause) 14372M->13629M(15360M) 11.399ms
[1270.118s] GC(4496) Pause Young (Normal) (G1 Evacuation Pause) 14373M->13630M(15360M) 9.990ms
[1270.221s] GC(4497) Pause Young (Normal) (G1 Evacuation Pause) 14382M->13631M(15360M) 10.575ms
[1270.307s] GC(4498) Pause Young (Normal) (G1 Evacuation Pause) 14383M->13632M(15360M) 10.286ms
[1270.409s] GC(4499) Pause Young (Normal) (G1 Evacuation Pause) 14376M->13633M(15360M) 10.536ms
[1270.496s] GC(4500) Pause Young (Normal) (G1 Evacuation Pause) 14385M->13634M(15360M) 11.549ms
[1270.588s] GC(4501) Pause Young (Normal) (G1 Evacuation Pause) 14386M->13635M(15360M) 11.662ms
[1270.687s] GC(4502) Pause Young (Normal) (G1 Evacuation Pause) 14379M->13636M(15360M) 10.808ms
[1270.806s] GC(4503) Pause Young (Normal) (G1 Evacuation Pause) 14388M->13637M(15360M) 12.574ms
[1270.901s] GC(4504) Pause Young (Normal) (G1 Evacuation Pause) 14389M->13638M(15360M) 10.449ms
[1271.008s] GC(4505) Pause Young (Normal) (G1 Evacuation Pause) 14390M->13639M(15360M) 12.333ms
[1271.091s] GC(4506) Pause Young (Normal) (G1 Evacuation Pause) 14391M->13640M(15360M) 10.644ms
[1271.197s] GC(4507) Pause Young (Normal) (G1 Evacuation Pause) 14384M->13641M(15360M) 12.438ms
[1271.284s] GC(4508) Pause Young (Normal) (G1 Evacuation Pause) 14393M->13642M(15360M) 12.286ms
[1271.376s] GC(4509) Pause Young (Normal) (G1 Evacuation Pause) 14394M->13644M(15360M) 11.722ms
[1271.480s] GC(4510) Pause Young (Normal) (G1 Evacuation Pause) 14388M->13645M(15360M) 11.597ms
[1271.597s] GC(4511) Pause Young (Normal) (G1 Evacuation Pause) 14389M->13645M(15360M) 13.824ms
[1271.692s] GC(4512) Pause Young (Normal) (G1 Evacuation Pause) 14397M->13647M(15360M) 10.557ms
[1271.800s] GC(4513) Pause Young (Normal) (G1 Evacuation Pause) 14399M->13648M(15360M) 10.579ms
[1271.897s] GC(4514) Pause Young (Normal) (G1 Evacuation Pause) 14400M->13649M(15360M) 11.813ms
[1271.989s] GC(4515) Pause Young (Normal) (G1 Evacuation Pause) 14401M->13650M(15360M) 11.338ms
[1272.069s] GC(4516) Pause Young (Normal) (G1 Evacuation Pause) 14394M->13651M(15360M) 10.423ms
[1272.165s] GC(4517) Pause Young (Normal) (G1 Evacuation Pause) 14403M->13652M(15360M) 11.056ms
[1272.266s] GC(4518) Pause Young (Normal) (G1 Evacuation Pause) 14396M->13653M(15360M) 10.644ms
[1272.365s] GC(4519) Pause Young (Normal) (G1 Evacuation Pause) 14397M->13654M(15360M) 10.358ms
[1272.460s] GC(4520) Pause Young (Normal) (G1 Evacuation Pause) 14406M->13655M(15360M) 9.348ms
[1272.554s] GC(4521) Pause Young (Normal) (G1 Evacuation Pause) 14407M->13656M(15360M) 9.581ms
[1272.634s] GC(4522) Pause Young (Normal) (G1 Evacuation Pause) 14400M->13657M(15360M) 11.237ms
[1272.724s] GC(4523) Pause Young (Normal) (G1 Evacuation Pause) 14409M->13658M(15360M) 10.261ms
[1272.800s] GC(4524) Pause Young (Normal) (G1 Evacuation Pause) 14410M->13659M(15360M) 10.364ms
[1272.885s] GC(4525) Pause Young (Normal) (G1 Evacuation Pause) 14411M->13660M(15360M) 9.843ms
[1272.983s] GC(4526) Pause Young (Normal) (G1 Evacuation Pause) 14404M->13661M(15360M) 10.458ms
[1273.087s] GC(4527) Pause Young (Normal) (G1 Evacuation Pause) 14413M->13663M(15360M) 11.392ms
[1273.181s] GC(4528) Pause Young (Normal) (G1 Evacuation Pause) 14407M->13663M(15360M) 10.012ms
[1273.291s] GC(4529) Pause Young (Normal) (G1 Evacuation Pause) 14415M->13664M(15360M) 11.454ms
[1273.369s] GC(4380) Pause Remark 14400M->14400M(15360M) 1.498ms
[1273.381s] GC(4530) Pause Young (Normal) (G1 Evacuation Pause) 14408M->13665M(15360M) 10.811ms
[1273.473s] GC(4531) Pause Young (Normal) (G1 Evacuation Pause) 14409M->13666M(15360M) 10.799ms
[1273.556s] GC(4532) Pause Young (Normal) (G1 Evacuation Pause) 14410M->13667M(15360M) 11.091ms
[1273.767s] GC(4533) Pause Young (Normal) (G1 Evacuation Pause) 14419M->13668M(15360M) 12.040ms
[1273.871s] GC(4534) Pause Young (Normal) (G1 Evacuation Pause) 14420M->13669M(15360M) 13.419ms
[1273.986s] GC(4535) Pause Young (Normal) (G1 Evacuation Pause) 14421M->13670M(15360M) 14.248ms
[1274.087s] GC(4536) Pause Young (Normal) (G1 Evacuation Pause) 14422M->13672M(15360M) 13.828ms
[1274.230s] GC(4537) Pause Young (Normal) (G1 Evacuation Pause) 14416M->13672M(15360M) 16.229ms
[1274.335s] GC(4538) Pause Young (Normal) (G1 Evacuation Pause) 14424M->13673M(15360M) 17.248ms
[1274.462s] GC(4539) Pause Young (Normal) (G1 Evacuation Pause) 14425M->13674M(15360M) 15.783ms
[1274.574s] GC(4540) Pause Young (Normal) (G1 Evacuation Pause) 14426M->13675M(15360M) 17.340ms
[1274.699s] GC(4541) Pause Young (Normal) (G1 Evacuation Pause) 14427M->13676M(15360M) 16.090ms
[1274.825s] GC(4542) Pause Young (Normal) (G1 Evacuation Pause) 14428M->13677M(15360M) 16.488ms
[1274.950s] GC(4543) Pause Young (Normal) (G1 Evacuation Pause) 14429M->13678M(15360M) 15.693ms
[1275.077s] GC(4544) Pause Young (Normal) (G1 Evacuation Pause) 14430M->13679M(15360M) 16.608ms
[1275.220s] GC(4545) Pause Young (Normal) (G1 Evacuation Pause) 14431M->13681M(15360M) 18.413ms
[1275.331s] GC(4546) Pause Young (Normal) (G1 Evacuation Pause) 14425M->13681M(15360M) 17.037ms
[1275.450s] GC(4547) Pause Young (Normal) (G1 Evacuation Pause) 14433M->13682M(15360M) 15.986ms
[1275.565s] GC(4548) Pause Young (Normal) (G1 Evacuation Pause) 14434M->13683M(15360M) 16.196ms
[1275.690s] GC(4549) Pause Young (Normal) (G1 Evacuation Pause) 14435M->13684M(15360M) 16.830ms
[1275.833s] GC(4550) Pause Young (Normal) (G1 Evacuation Pause) 14436M->13686M(15360M) 18.451ms
[1275.989s] GC(4551) Pause Young (Normal) (G1 Evacuation Pause) 14430M->13686M(15360M) 17.080ms
[1276.113s] GC(4552) Pause Young (Normal) (G1 Evacuation Pause) 14438M->13687M(15360M) 16.898ms
[1276.257s] GC(4553) Pause Young (Normal) (G1 Evacuation Pause) 14439M->13689M(15360M) 18.435ms
[1276.355s] GC(4554) Pause Young (Normal) (G1 Evacuation Pause) 14433M->13689M(15360M) 16.473ms
[1276.477s] GC(4555) Pause Young (Normal) (G1 Evacuation Pause) 14441M->13690M(15360M) 16.014ms
[1276.584s] GC(4556) Pause Young (Normal) (G1 Evacuation Pause) 14442M->13691M(15360M) 16.223ms
[1276.728s] GC(4557) Pause Young (Normal) (G1 Evacuation Pause) 14443M->13692M(15360M) 16.009ms
[1276.842s] GC(4558) Pause Young (Normal) (G1 Evacuation Pause) 14444M->13694M(15360M) 16.591ms
[1276.981s] GC(4559) Pause Young (Normal) (G1 Evacuation Pause) 14446M->13695M(15360M) 18.118ms
[1277.090s] GC(4560) Pause Young (Normal) (G1 Evacuation Pause) 14447M->13695M(15360M) 17.613ms
[1277.220s] GC(4561) Pause Young (Normal) (G1 Evacuation Pause) 14447M->13697M(15360M) 18.093ms
[1277.320s] GC(4562) Pause Young (Normal) (G1 Evacuation Pause) 14441M->13698M(15360M) 16.825ms
[1277.418s] GC(4563) Pause Young (Normal) (G1 Evacuation Pause) 14450M->13699M(15360M) 17.030ms
[1277.510s] GC(4564) Pause Young (Normal) (G1 Evacuation Pause) 14451M->13700M(15360M) 14.579ms
[1277.612s] GC(4565) Pause Young (Normal) (G1 Evacuation Pause) 14452M->13700M(15360M) 16.711ms
[1277.738s] GC(4566) Pause Young (Normal) (G1 Evacuation Pause) 14452M->13702M(15360M) 16.264ms
[1277.879s] GC(4567) Pause Young (Normal) (G1 Evacuation Pause) 14454M->13703M(15360M) 18.716ms
[1278.001s] GC(4568) Pause Young (Normal) (G1 Evacuation Pause) 14455M->13704M(15360M) 14.428ms
[1278.122s] GC(4569) Pause Young (Normal) (G1 Evacuation Pause) 14448M->13705M(15360M) 15.177ms
[1278.224s] GC(4570) Pause Young (Normal) (G1 Evacuation Pause) 14449M->13706M(15360M) 16.167ms
[1278.232s] GC(4380) Pause Cleanup 13775M->13775M(15360M) 0.581ms
[1278.245s] GC(4380) Concurrent Mark Cycle 19848.044ms
[1278.325s] GC(4571) Pause Young (Prepare Mixed) (G1 Evacuation Pause) 14450M->13707M(15360M) 15.258ms
[1278.412s] GC(4572) Pause Young (Mixed) (G1 Evacuation Pause) 14451M->13708M(15360M) 13.134ms
[1278.529s] GC(4573) Pause Young (Concurrent Start) (G1 Evacuation Pause) 14460M->13709M(15360M) 12.361ms
[1278.529s] GC(4574) Concurrent Mark Cycle
[1278.639s] GC(4575) Pause Young (Normal) (G1 Evacuation Pause) 14461M->13710M(15360M) 12.899ms
[1278.768s] GC(4576) Pause Young (Normal) (G1 Evacuation Pause) 14462M->13711M(15360M) 12.037ms
[1278.869s] GC(4577) Pause Young (Normal) (G1 Evacuation Pause) 14455M->13712M(15360M) 14.360ms
[1278.988s] GC(4578) Pause Young (Normal) (G1 Evacuation Pause) 14464M->13713M(15360M) 12.858ms
[1279.072s] GC(4579) Pause Young (Normal) (G1 Evacuation Pause) 14465M->13714M(15360M) 13.662ms
[1279.178s] GC(4580) Pause Young (Normal) (G1 Evacuation Pause) 14458M->13715M(15360M) 13.933ms
[1279.269s] GC(4581) Pause Young (Normal) (G1 Evacuation Pause) 14467M->13716M(15360M) 12.439ms
[1279.368s] GC(4582) Pause Young (Normal) (G1 Evacuation Pause) 14468M->13718M(15360M) 12.893ms
[1279.479s] GC(4583) Pause Young (Normal) (G1 Evacuation Pause) 14462M->13719M(15360M) 11.855ms
[1279.614s] GC(4584) Pause Young (Normal) (G1 Evacuation Pause) 14463M->13720M(15360M) 10.473ms
[1279.721s] GC(4585) Pause Young (Normal) (G1 Evacuation Pause) 14464M->13720M(15360M) 10.133ms
[1279.831s] GC(4586) Pause Young (Normal) (G1 Evacuation Pause) 14472M->13722M(15360M) 10.339ms
[1279.913s] GC(4587) Pause Young (Normal) (G1 Evacuation Pause) 14466M->13723M(15360M) 10.064ms
[1280.017s] GC(4588) Pause Young (Normal) (G1 Evacuation Pause) 14467M->13724M(15360M) 10.586ms
[1280.105s] GC(4589) Pause Young (Normal) (G1 Evacuation Pause) 14468M->13725M(15360M) 10.673ms
[1280.191s] GC(4590) Pause Young (Normal) (G1 Evacuation Pause) 14469M->13726M(15360M) 10.119ms
[1280.311s] GC(4591) Pause Young (Normal) (G1 Evacuation Pause) 14470M->13727M(15360M) 11.059ms
[1280.426s] GC(4592) Pause Young (Normal) (G1 Evacuation Pause) 14471M->13728M(15360M) 10.759ms
[1280.542s] GC(4593) Pause Young (Normal) (G1 Evacuation Pause) 14472M->13729M(15360M) 10.824ms
[1280.639s] GC(4594) Pause Young (Normal) (G1 Evacuation Pause) 14473M->13730M(15360M) 10.961ms
[1280.738s] GC(4595) Pause Young (Normal) (G1 Evacuation Pause) 14482M->13731M(15360M) 11.178ms
[1280.827s] GC(4596) Pause Young (Normal) (G1 Evacuation Pause) 14475M->13731M(15360M) 10.795ms
[1280.931s] GC(4597) Pause Young (Normal) (G1 Evacuation Pause) 14483M->13733M(15360M) 12.078ms
[1281.017s] GC(4598) Pause Young (Normal) (G1 Evacuation Pause) 14485M->13734M(15360M) 11.049ms
[1281.130s] GC(4599) Pause Young (Normal) (G1 Evacuation Pause) 14478M->13736M(15360M) 12.004ms
[1281.236s] GC(4600) Pause Young (Normal) (G1 Evacuation Pause) 14480M->13736M(15360M) 12.042ms
[1281.354s] GC(4601) Pause Young (Normal) (G1 Evacuation Pause) 14488M->13737M(15360M) 12.017ms
[1281.451s] GC(4602) Pause Young (Normal) (G1 Evacuation Pause) 14481M->13738M(15360M) 11.584ms
[1281.557s] GC(4603) Pause Young (Normal) (G1 Evacuation Pause) 14490M->13739M(15360M) 11.656ms
[1281.648s] GC(4604) Pause Young (Normal) (G1 Evacuation Pause) 14491M->13740M(15360M) 10.941ms
[1281.749s] GC(4605) Pause Young (Normal) (G1 Evacuation Pause) 14492M->13741M(15360M) 11.163ms
[1281.837s] GC(4606) Pause Young (Normal) (G1 Evacuation Pause) 14493M->13742M(15360M) 11.427ms
[1281.965s] GC(4607) Pause Young (Normal) (G1 Evacuation Pause) 14486M->13743M(15360M) 11.047ms
[1282.067s] GC(4608) Pause Young (Normal) (G1 Evacuation Pause) 14495M->13744M(15360M) 11.236ms
[1282.195s] GC(4609) Pause Young (Normal) (G1 Evacuation Pause) 14496M->13745M(15360M) 11.403ms
[1282.296s] GC(4610) Pause Young (Normal) (G1 Evacuation Pause) 14497M->13746M(15360M) 10.445ms
[1282.400s] GC(4611) Pause Young (Normal) (G1 Evacuation Pause) 14498M->13747M(15360M) 10.310ms
[1282.488s] GC(4612) Pause Young (Normal) (G1 Evacuation Pause) 14499M->13748M(15360M) 10.018ms
[1282.582s] GC(4613) Pause Young (Normal) (G1 Evacuation Pause) 14500M->13750M(15360M) 10.652ms
[1282.669s] GC(4614) Pause Young (Normal) (G1 Evacuation Pause) 14494M->13750M(15360M) 10.008ms
[1282.785s] GC(4615) Pause Young (Normal) (G1 Evacuation Pause) 14502M->13752M(15360M) 10.311ms
[1282.895s] GC(4616) Pause Young (Normal) (G1 Evacuation Pause) 14504M->13753M(15360M) 10.569ms
[1283.024s] GC(4617) Pause Young (Normal) (G1 Evacuation Pause) 14497M->13753M(15360M) 10.381ms
[1283.119s] GC(4618) Pause Young (Normal) (G1 Evacuation Pause) 14505M->13755M(15360M) 10.810ms
[1283.228s] GC(4619) Pause Young (Normal) (G1 Evacuation Pause) 14499M->13756M(15360M) 10.625ms
[1283.317s] GC(4620) Pause Young (Normal) (G1 Evacuation Pause) 14500M->13757M(15360M) 9.995ms
[1283.413s] GC(4621) Pause Young (Normal) (G1 Evacuation Pause) 14501M->13757M(15360M) 11.030ms
[1283.500s] GC(4622) Pause Young (Normal) (G1 Evacuation Pause) 14509M->13759M(15360M) 10.287ms
[1283.623s] GC(4623) Pause Young (Normal) (G1 Evacuation Pause) 14511M->13760M(15360M) 10.583ms
[1283.726s] GC(4624) Pause Young (Normal) (G1 Evacuation Pause) 14512M->13761M(15360M) 10.276ms
[1283.842s] GC(4625) Pause Young (Normal) (G1 Evacuation Pause) 14505M->13762M(15360M) 10.145ms
[1283.938s] GC(4626) Pause Young (Normal) (G1 Evacuation Pause) 14514M->13763M(15360M) 10.072ms
[1284.032s] GC(4627) Pause Young (Normal) (G1 Evacuation Pause) 14515M->13764M(15360M) 11.039ms
[1284.120s] GC(4628) Pause Young (Normal) (G1 Evacuation Pause) 14516M->13765M(15360M) 11.468ms
[1284.205s] GC(4629) Pause Young (Normal) (G1 Evacuation Pause) 14517M->13766M(15360M) 12.124ms
[1284.283s] GC(4630) Pause Young (Normal) (G1 Evacuation Pause) 14518M->13767M(15360M) 11.062ms
[1284.391s] GC(4631) Pause Young (Normal) (G1 Evacuation Pause) 14519M->13768M(15360M) 11.586ms
[1284.491s] GC(4632) Pause Young (Normal) (G1 Evacuation Pause) 14520M->13769M(15360M) 11.330ms
[1284.594s] GC(4633) Pause Young (Normal) (G1 Evacuation Pause) 14521M->13771M(15360M) 10.083ms
[1284.688s] GC(4634) Pause Young (Normal) (G1 Evacuation Pause) 14515M->13771M(15360M) 10.314ms
[1284.792s] GC(4635) Pause Young (Normal) (G1 Evacuation Pause) 14523M->13772M(15360M) 10.204ms
[1284.880s] GC(4636) Pause Young (Normal) (G1 Evacuation Pause) 14524M->13773M(15360M) 10.129ms
[1284.979s] GC(4637) Pause Young (Normal) (G1 Evacuation Pause) 14525M->13774M(15360M) 10.361ms
[1285.057s] GC(4638) Pause Young (Normal) (G1 Evacuation Pause) 14526M->13776M(15360M) 10.427ms
[1285.164s] GC(4639) Pause Young (Normal) (G1 Evacuation Pause) 14520M->13777M(15360M) 10.580ms
[1285.261s] GC(4640) Pause Young (Normal) (G1 Evacuation Pause) 14521M->13777M(15360M) 10.355ms
[1285.375s] GC(4641) Pause Young (Normal) (G1 Evacuation Pause) 14529M->13778M(15360M) 10.157ms
[1285.462s] GC(4642) Pause Young (Normal) (G1 Evacuation Pause) 14530M->13779M(15360M) 10.066ms
[1285.554s] GC(4643) Pause Young (Normal) (G1 Evacuation Pause) 14531M->13781M(15360M) 10.313ms
[1285.640s] GC(4644) Pause Young (Normal) (G1 Evacuation Pause) 14533M->13782M(15360M) 11.536ms
[1285.730s] GC(4645) Pause Young (Normal) (G1 Evacuation Pause) 14534M->13783M(15360M) 10.378ms
[1285.813s] GC(4646) Pause Young (Normal) (G1 Evacuation Pause) 14527M->13784M(15360M) 10.700ms
[1285.912s] GC(4647) Pause Young (Normal) (G1 Evacuation Pause) 14536M->13785M(15360M) 10.548ms
[1286.012s] GC(4648) Pause Young (Normal) (G1 Evacuation Pause) 14529M->13786M(15360M) 10.938ms
[1286.116s] GC(4649) Pause Young (Normal) (G1 Evacuation Pause) 14530M->13787M(15360M) 10.426ms
[1286.209s] GC(4650) Pause Young (Normal) (G1 Evacuation Pause) 14539M->13788M(15360M) 10.609ms
[1286.314s] GC(4651) Pause Young (Normal) (G1 Evacuation Pause) 14540M->13789M(15360M) 10.616ms
[1286.403s] GC(4652) Pause Young (Normal) (G1 Evacuation Pause) 14541M->13790M(15360M) 10.267ms
[1286.501s] GC(4653) Pause Young (Normal) (G1 Evacuation Pause) 14542M->13792M(15360M) 10.642ms
[1286.584s] GC(4654) Pause Young (Normal) (G1 Evacuation Pause) 14536M->13792M(15360M) 10.228ms
[1286.684s] GC(4655) Pause Young (Normal) (G1 Evacuation Pause) 14536M->13794M(15360M) 11.147ms
[1286.778s] GC(4656) Pause Young (Normal) (G1 Evacuation Pause) 14538M->13794M(15360M) 10.779ms
[1286.887s] GC(4657) Pause Young (Normal) (G1 Evacuation Pause) 14546M->13795M(15360M) 10.781ms
[1286.978s] GC(4658) Pause Young (Normal) (G1 Evacuation Pause) 14547M->13796M(15360M) 11.271ms
[1287.088s] GC(4659) Pause Young (Normal) (G1 Evacuation Pause) 14540M->13797M(15360M) 11.345ms
[1287.170s] GC(4660) Pause Young (Normal) (G1 Evacuation Pause) 14549M->13798M(15360M) 12.423ms
[1287.275s] GC(4661) Pause Young (Normal) (G1 Evacuation Pause) 14550M->13799M(15360M) 11.241ms
[1287.353s] GC(4662) Pause Young (Normal) (G1 Evacuation Pause) 14551M->13801M(15360M) 11.669ms
[1287.459s] GC(4663) Pause Young (Normal) (G1 Evacuation Pause) 14545M->13802M(15360M) 12.108ms
[1287.564s] GC(4664) Pause Young (Normal) (G1 Evacuation Pause) 14546M->13802M(15360M) 12.327ms
[1287.666s] GC(4665) Pause Young (Normal) (G1 Evacuation Pause) 14554M->13803M(15360M) 9.808ms
[1287.755s] GC(4666) Pause Young (Normal) (G1 Evacuation Pause) 14555M->13804M(15360M) 10.988ms
[1287.852s] GC(4667) Pause Young (Normal) (G1 Evacuation Pause) 14556M->13806M(15360M) 10.731ms
[1287.936s] GC(4668) Pause Young (Normal) (G1 Evacuation Pause) 14558M->13807M(15360M) 11.183ms
[1288.025s] GC(4669) Pause Young (Normal) (G1 Evacuation Pause) 14551M->13808M(15360M) 10.816ms
[1288.107s] GC(4670) Pause Young (Normal) (G1 Evacuation Pause) 14552M->13809M(15360M) 10.812ms
[1288.202s] GC(4671) Pause Young (Normal) (G1 Evacuation Pause) 14553M->13810M(15360M) 10.404ms
[1288.309s] GC(4672) Pause Young (Normal) (G1 Evacuation Pause) 14562M->13811M(15360M) 10.107ms
[1288.422s] GC(4673) Pause Young (Normal) (G1 Evacuation Pause) 14563M->13812M(15360M) 9.668ms
[1288.516s] GC(4674) Pause Young (Normal) (G1 Evacuation Pause) 14564M->13813M(15360M) 9.557ms
[1288.621s] GC(4675) Pause Young (Normal) (G1 Evacuation Pause) 14557M->13814M(15360M) 9.614ms
[1288.704s] GC(4676) Pause Young (Normal) (G1 Evacuation Pause) 14558M->13815M(15360M) 9.946ms
[1288.787s] GC(4677) Pause Young (Normal) (G1 Evacuation Pause) 14567M->13816M(15360M) 9.001ms
[1288.864s] GC(4678) Pause Young (Normal) (G1 Evacuation Pause) 14560M->13817M(15360M) 9.044ms
[1288.969s] GC(4679) Pause Young (Normal) (G1 Evacuation Pause) 14569M->13818M(15360M) 9.482ms
[1289.069s] GC(4680) Pause Young (Normal) (G1 Evacuation Pause) 14562M->13819M(15360M) 9.399ms
[1289.187s] GC(4681) Pause Young (Normal) (G1 Evacuation Pause) 14571M->13820M(15360M) 9.539ms
[1289.273s] GC(4682) Pause Young (Normal) (G1 Evacuation Pause) 14564M->13821M(15360M) 10.133ms
[1289.374s] GC(4683) Pause Young (Normal) (G1 Evacuation Pause) 14573M->13822M(15360M) 9.816ms
[1289.458s] GC(4684) Pause Young (Normal) (G1 Evacuation Pause) 14566M->13823M(15360M) 9.944ms
[1289.545s] GC(4685) Pause Young (Normal) (G1 Evacuation Pause) 14567M->13825M(15360M) 9.525ms
[1289.630s] GC(4686) Pause Young (Normal) (G1 Evacuation Pause) 14569M->13825M(15360M) 9.814ms
[1289.727s] GC(4687) Pause Young (Normal) (G1 Evacuation Pause) 14569M->13826M(15360M) 10.309ms
[1289.839s] GC(4688) Pause Young (Normal) (G1 Evacuation Pause) 14570M->13827M(15360M) 10.671ms
[1289.962s] GC(4689) Pause Young (Normal) (G1 Evacuation Pause) 14579M->13828M(15360M) 10.417ms
[1290.063s] GC(4690) Pause Young (Normal) (G1 Evacuation Pause) 14580M->13829M(15360M) 10.577ms
[1290.180s] GC(4691) Pause Young (Normal) (G1 Evacuation Pause) 14581M->13831M(15360M) 10.458ms
[1290.267s] GC(4692) Pause Young (Normal) (G1 Evacuation Pause) 14575M->13832M(15360M) 11.431ms
[1290.378s] GC(4693) Pause Young (Normal) (G1 Evacuation Pause) 14576M->13832M(15360M) 10.744ms
[1290.470s] GC(4694) Pause Young (Normal) (G1 Evacuation Pause) 14584M->13834M(15360M) 11.151ms
[1290.555s] GC(4695) Pause Young (Normal) (G1 Evacuation Pause) 14578M->13835M(15360M) 10.724ms
[1290.658s] GC(4696) Pause Young (Normal) (G1 Evacuation Pause) 14579M->13836M(15360M) 11.312ms
[1290.771s] GC(4697) Pause Young (Normal) (G1 Evacuation Pause) 14580M->13837M(15360M) 12.297ms
[1290.868s] GC(4698) Pause Young (Normal) (G1 Evacuation Pause) 14589M->13838M(15360M) 10.809ms
[1290.977s] GC(4699) Pause Young (Normal) (G1 Evacuation Pause) 14582M->13839M(15360M) 12.770ms
[1291.068s] GC(4700) Pause Young (Normal) (G1 Evacuation Pause) 14591M->13840M(15360M) 11.071ms
[1291.162s] GC(4701) Pause Young (Normal) (G1 Evacuation Pause) 14592M->13841M(15360M) 11.186ms
[1291.252s] GC(4702) Pause Young (Normal) (G1 Evacuation Pause) 14585M->13842M(15360M) 11.426ms
[1291.355s] GC(4703) Pause Young (Normal) (G1 Evacuation Pause) 14594M->13843M(15360M) 11.377ms
[1291.461s] GC(4704) Pause Young (Normal) (G1 Evacuation Pause) 14587M->13844M(15360M) 11.276ms
[1291.584s] GC(4705) Pause Young (Normal) (G1 Evacuation Pause) 14596M->13845M(15360M) 10.893ms
[1291.679s] GC(4706) Pause Young (Normal) (G1 Evacuation Pause) 14597M->13846M(15360M) 11.004ms
[1291.787s] GC(4707) Pause Young (Normal) (G1 Evacuation Pause) 14590M->13848M(15360M) 10.248ms
[1291.872s] GC(4708) Pause Young (Normal) (G1 Evacuation Pause) 14592M->13849M(15360M) 10.126ms
[1291.976s] GC(4709) Pause Young (Normal) (G1 Evacuation Pause) 14593M->13849M(15360M) 10.746ms
[1292.054s] GC(4710) Pause Young (Normal) (G1 Evacuation Pause) 14593M->13850M(15360M) 10.906ms
[1292.146s] GC(4711) Pause Young (Normal) (G1 Evacuation Pause) 14602M->13851M(15360M) 10.689ms
[1292.246s] GC(4712) Pause Young (Normal) (G1 Evacuation Pause) 14595M->13853M(15360M) 11.045ms
[1292.345s] GC(4713) Pause Young (Normal) (G1 Evacuation Pause) 14597M->13853M(15360M) 10.092ms
[1292.448s] GC(4714) Pause Young (Normal) (G1 Evacuation Pause) 14597M->13855M(15360M) 9.746ms
[1292.540s] GC(4715) Pause Young (Normal) (G1 Evacuation Pause) 14599M->13855M(15360M) 10.506ms
[1292.637s] GC(4716) Pause Young (Normal) (G1 Evacuation Pause) 14599M->13857M(15360M) 10.031ms
[1292.716s] GC(4717) Pause Young (Normal) (G1 Evacuation Pause) 14601M->13857M(15360M) 10.198ms
[1292.806s] GC(4718) Pause Young (Normal) (G1 Evacuation Pause) 14601M->13858M(15360M) 10.035ms
[1292.881s] GC(4719) Pause Young (Normal) (G1 Evacuation Pause) 14610M->13859M(15360M) 9.666ms
[1292.996s] GC(4720) Pause Young (Normal) (G1 Evacuation Pause) 14611M->13860M(15360M) 9.279ms
[1293.105s] GC(4721) Pause Young (Normal) (G1 Evacuation Pause) 14612M->13862M(15360M) 9.108ms
[1293.213s] GC(4722) Pause Young (Normal) (G1 Evacuation Pause) 14606M->13862M(15360M) 10.092ms
[1293.295s] GC(4723) Pause Young (Normal) (G1 Evacuation Pause) 14614M->13864M(15360M) 9.602ms
[1293.390s] GC(4724) Pause Young (Normal) (G1 Evacuation Pause) 14608M->13865M(15360M) 10.371ms
[1293.470s] GC(4725) Pause Young (Normal) (G1 Evacuation Pause) 14609M->13866M(15360M) 11.117ms
[1293.582s] GC(4726) Pause Young (Normal) (G1 Evacuation Pause) 14610M->13867M(15360M) 10.690ms
[1293.664s] GC(4727) Pause Young (Normal) (G1 Evacuation Pause) 14619M->13868M(15360M) 10.911ms
[1293.773s] GC(4728) Pause Young (Normal) (G1 Evacuation Pause) 14612M->13869M(15360M) 10.185ms
[1293.868s] GC(4729) Pause Young (Normal) (G1 Evacuation Pause) 14613M->13870M(15360M) 10.401ms
[1293.968s] GC(4730) Pause Young (Normal) (G1 Evacuation Pause) 14614M->13871M(15360M) 10.308ms
[1294.064s] GC(4731) Pause Young (Normal) (G1 Evacuation Pause) 14623M->13872M(15360M) 9.709ms
[1294.096s] GC(4574) Pause Remark 14098M->14098M(15360M) 1.594ms
[1294.173s] GC(4732) Pause Young (Normal) (G1 Evacuation Pause) 14624M->13873M(15360M) 9.925ms
[1294.254s] GC(4733) Pause Young (Normal) (G1 Evacuation Pause) 14617M->13874M(15360M) 10.495ms
[1294.352s] GC(4734) Pause Young (Normal) (G1 Evacuation Pause) 14626M->13875M(15360M) 10.596ms
[1294.433s] GC(4735) Pause Young (Normal) (G1 Evacuation Pause) 14627M->13876M(15360M) 10.454ms
[1294.547s] GC(4736) Pause Young (Normal) (G1 Evacuation Pause) 14620M->13878M(15360M) 11.724ms
[1294.662s] GC(4737) Pause Young (Normal) (G1 Evacuation Pause) 14622M->13878M(15360M) 12.528ms
[1294.778s] GC(4738) Pause Young (Normal) (G1 Evacuation Pause) 14622M->13880M(15360M) 11.975ms
[1294.889s] GC(4739) Pause Young (Normal) (G1 Evacuation Pause) 14624M->13880M(15360M) 11.756ms
[1295.007s] GC(4740) Pause Young (Normal) (G1 Evacuation Pause) 14632M->13882M(15360M) 12.059ms
[1295.097s] GC(4741) Pause Young (Normal) (G1 Evacuation Pause) 14626M->13883M(15360M) 11.793ms
[1295.192s] GC(4742) Pause Young (Normal) (G1 Evacuation Pause) 14627M->13884M(15360M) 11.638ms
[1295.279s] GC(4743) Pause Young (Normal) (G1 Evacuation Pause) 14628M->13885M(15360M) 10.872ms
[1295.392s] GC(4744) Pause Young (Normal) (G1 Evacuation Pause) 14629M->13886M(15360M) 10.943ms
[1295.502s] GC(4745) Pause Young (Normal) (G1 Evacuation Pause) 14630M->13887M(15360M) 11.906ms
[1295.614s] GC(4746) Pause Young (Normal) (G1 Evacuation Pause) 14631M->13888M(15360M) 11.363ms
[1295.719s] GC(4747) Pause Young (Normal) (G1 Evacuation Pause) 14632M->13889M(15360M) 11.517ms
[1295.833s] GC(4748) Pause Young (Normal) (G1 Evacuation Pause) 14633M->13890M(15360M) 11.124ms
[1295.930s] GC(4749) Pause Young (Normal) (G1 Evacuation Pause) 14642M->13891M(15360M) 11.337ms
[1296.039s] GC(4750) Pause Young (Normal) (G1 Evacuation Pause) 14643M->13892M(15360M) 12.482ms
[1296.127s] GC(4751) Pause Young (Normal) (G1 Evacuation Pause) 14636M->13893M(15360M) 11.530ms
[1296.233s] GC(4752) Pause Young (Normal) (G1 Evacuation Pause) 14645M->13894M(15360M) 11.530ms
[1296.341s] GC(4753) Pause Young (Normal) (G1 Evacuation Pause) 14638M->13895M(15360M) 11.865ms
[1296.468s] GC(4754) Pause Young (Normal) (G1 Evacuation Pause) 14639M->13896M(15360M) 12.509ms
[1296.577s] GC(4755) Pause Young (Normal) (G1 Evacuation Pause) 14640M->13897M(15360M) 12.400ms
[1296.680s] GC(4756) Pause Young (Normal) (G1 Evacuation Pause) 14649M->13898M(15360M) 11.711ms
[1296.769s] GC(4757) Pause Young (Normal) (G1 Evacuation Pause) 14642M->13899M(15360M) 12.282ms
[1296.861s] GC(4758) Pause Young (Normal) (G1 Evacuation Pause) 14651M->13900M(15360M) 12.400ms
[1296.953s] GC(4759) Pause Young (Normal) (G1 Evacuation Pause) 14652M->13902M(15360M) 12.370ms
[1297.061s] GC(4760) Pause Young (Normal) (G1 Evacuation Pause) 14646M->13902M(15360M) 12.214ms
[1297.180s] GC(4761) Pause Young (Normal) (G1 Evacuation Pause) 14654M->13903M(15360M) 12.813ms
[1297.312s] GC(4762) Pause Young (Normal) (G1 Evacuation Pause) 14655M->13905M(15360M) 12.354ms
[1297.419s] GC(4763) Pause Young (Normal) (G1 Evacuation Pause) 14649M->13906M(15360M) 13.092ms
[1297.539s] GC(4764) Pause Young (Normal) (G1 Evacuation Pause) 14650M->13906M(15360M) 13.567ms
[1297.635s] GC(4765) Pause Young (Normal) (G1 Evacuation Pause) 14658M->13907M(15360M) 14.290ms
[1297.746s] GC(4766) Pause Young (Normal) (G1 Evacuation Pause) 14659M->13909M(15360M) 14.029ms
[1297.841s] GC(4767) Pause Young (Normal) (G1 Evacuation Pause) 14653M->13909M(15360M) 15.757ms
[1297.955s] GC(4768) Pause Young (Normal) (G1 Evacuation Pause) 14661M->13911M(15360M) 14.595ms
[1298.068s] GC(4769) Pause Young (Normal) (G1 Evacuation Pause) 14655M->13912M(15360M) 13.783ms
[1298.186s] GC(4770) Pause Young (Normal) (G1 Evacuation Pause) 14656M->13913M(15360M) 16.364ms
[1298.298s] GC(4771) Pause Young (Normal) (G1 Evacuation Pause) 14657M->13914M(15360M) 14.928ms
[1298.423s] GC(4772) Pause Young (Normal) (G1 Evacuation Pause) 14666M->13915M(15360M) 14.843ms
[1298.519s] GC(4773) Pause Young (Normal) (G1 Evacuation Pause) 14659M->13916M(15360M) 15.881ms
[1298.619s] GC(4774) Pause Young (Normal) (G1 Evacuation Pause) 14660M->13917M(15360M) 13.185ms
[1298.715s] GC(4775) Pause Young (Normal) (G1 Evacuation Pause) 14661M->13918M(15360M) 14.003ms
[1298.717s] GC(4574) Pause Cleanup 13929M->13929M(15360M) 0.546ms
[1298.732s] GC(4574) Concurrent Mark Cycle 20202.778ms
[1298.827s] GC(4776) Pause Young (Prepare Mixed) (G1 Evacuation Pause) 14670M->13919M(15360M) 16.638ms
[1298.947s] GC(4777) Pause Young (Mixed) (G1 Evacuation Pause) 14663M->13920M(15360M) 13.298ms
[1299.073s] GC(4778) Pause Young (Concurrent Start) (G1 Evacuation Pause) 14672M->13921M(15360M) 13.591ms
[1299.073s] GC(4779) Concurrent Mark Cycle
[1299.175s] GC(4780) Pause Young (Normal) (G1 Evacuation Pause) 14665M->13922M(15360M) 13.199ms
[1299.292s] GC(4781) Pause Young (Normal) (G1 Evacuation Pause) 14674M->13924M(15360M) 14.266ms
[1299.379s] GC(4782) Pause Young (Normal) (G1 Evacuation Pause) 14668M->13925M(15360M) 11.615ms
[1299.491s] GC(4783) Pause Young (Normal) (G1 Evacuation Pause) 14669M->13925M(15360M) 11.333ms
[1299.566s] GC(4784) Pause Young (Normal) (G1 Evacuation Pause) 14677M->13927M(15360M) 11.541ms
[1299.666s] GC(4785) Pause Young (Normal) (G1 Evacuation Pause) 14671M->13928M(15360M) 12.425ms
[1299.766s] GC(4786) Pause Young (Normal) (G1 Evacuation Pause) 14672M->13929M(15360M) 11.470ms
[1299.874s] GC(4787) Pause Young (Normal) (G1 Evacuation Pause) 14673M->13930M(15360M) 11.049ms
[1299.993s] GC(4788) Pause Young (Normal) (G1 Evacuation Pause) 14674M->13930M(15360M) 11.654ms
[1300.096s] GC(4789) Pause Young (Normal) (G1 Evacuation Pause) 14682M->13932M(15360M) 11.225ms
[1300.199s] GC(4790) Pause Young (Normal) (G1 Evacuation Pause) 14676M->13933M(15360M) 10.776ms
[1300.296s] GC(4791) Pause Young (Normal) (G1 Evacuation Pause) 14677M->13934M(15360M) 11.597ms
[1300.398s] GC(4792) Pause Young (Normal) (G1 Evacuation Pause) 14678M->13935M(15360M) 10.017ms
[1300.494s] GC(4793) Pause Young (Normal) (G1 Evacuation Pause) 14679M->13936M(15360M) 10.439ms
[1300.618s] GC(4794) Pause Young (Normal) (G1 Evacuation Pause) 14688M->13937M(15360M) 10.338ms
[1300.726s] GC(4795) Pause Young (Normal) (G1 Evacuation Pause) 14681M->13939M(15360M) 10.486ms
[1300.849s] GC(4796) Pause Young (Normal) (G1 Evacuation Pause) 14683M->13939M(15360M) 10.538ms
[1300.943s] GC(4797) Pause Young (Normal) (G1 Evacuation Pause) 14683M->13940M(15360M) 10.486ms
[1301.051s] GC(4798) Pause Young (Normal) (G1 Evacuation Pause) 14692M->13942M(15360M) 10.386ms
[1301.136s] GC(4799) Pause Young (Normal) (G1 Evacuation Pause) 14686M->13942M(15360M) 10.116ms
[1301.230s] GC(4800) Pause Young (Normal) (G1 Evacuation Pause) 14694M->13943M(15360M) 10.341ms
[1301.317s] GC(4801) Pause Young (Normal) (G1 Evacuation Pause) 14687M->13944M(15360M) 10.890ms
[1301.437s] GC(4802) Pause Young (Normal) (G1 Evacuation Pause) 14688M->13945M(15360M) 10.621ms
[1301.542s] GC(4803) Pause Young (Normal) (G1 Evacuation Pause) 14689M->13946M(15360M) 11.102ms
[1301.659s] GC(4804) Pause Young (Normal) (G1 Evacuation Pause) 14698M->13947M(15360M) 9.909ms
[1301.764s] GC(4805) Pause Young (Normal) (G1 Evacuation Pause) 14699M->13949M(15360M) 9.677ms
[1301.877s] GC(4806) Pause Young (Normal) (G1 Evacuation Pause) 14693M->13950M(15360M) 9.248ms
[1301.966s] GC(4807) Pause Young (Normal) (G1 Evacuation Pause) 14694M->13951M(15360M) 10.628ms
[1302.064s] GC(4808) Pause Young (Normal) (G1 Evacuation Pause) 14695M->13952M(15360M) 10.375ms
[1302.153s] GC(4809) Pause Young (Normal) (G1 Evacuation Pause) 14704M->13953M(15360M) 9.622ms
[1302.264s] GC(4810) Pause Young (Normal) (G1 Evacuation Pause) 14705M->13954M(15360M) 10.204ms
[1302.368s] GC(4811) Pause Young (Normal) (G1 Evacuation Pause) 14706M->13955M(15360M) 9.477ms
[1302.487s] GC(4812) Pause Young (Normal) (G1 Evacuation Pause) 14699M->13956M(15360M) 9.901ms
[1302.584s] GC(4813) Pause Young (Normal) (G1 Evacuation Pause) 14708M->13957M(15360M) 9.834ms
[1302.684s] GC(4814) Pause Young (Normal) (G1 Evacuation Pause) 14709M->13958M(15360M) 12.120ms
[1302.768s] GC(4815) Pause Young (Normal) (G1 Evacuation Pause) 14710M->13959M(15360M) 11.279ms
[1302.852s] GC(4816) Pause Young (Normal) (G1 Evacuation Pause) 14711M->13960M(15360M) 11.698ms
[1302.937s] GC(4817) Pause Young (Normal) (G1 Evacuation Pause) 14712M->13961M(15360M) 11.143ms
[1303.059s] GC(4818) Pause Young (Normal) (G1 Evacuation Pause) 14713M->13962M(15360M) 12.995ms
[1303.170s] GC(4819) Pause Young (Normal) (G1 Evacuation Pause) 14714M->13963M(15360M) 13.089ms
[1303.291s] GC(4820) Pause Young (Normal) (G1 Evacuation Pause) 14715M->13964M(15360M) 11.704ms
[1303.392s] GC(4821) Pause Young (Normal) (G1 Evacuation Pause) 14716M->13965M(15360M) 11.447ms
[1303.502s] GC(4822) Pause Young (Normal) (G1 Evacuation Pause) 14717M->13966M(15360M) 11.690ms
[1303.601s] GC(4823) Pause Young (Normal) (G1 Evacuation Pause) 14718M->13967M(15360M) 14.248ms
[1303.720s] GC(4824) Pause Young (Normal) (G1 Evacuation Pause) 14719M->13968M(15360M) 15.116ms
[1303.809s] GC(4825) Pause Young (Normal) (G1 Evacuation Pause) 14720M->13969M(15360M) 13.914ms
[1303.916s] GC(4826) Pause Young (Normal) (G1 Evacuation Pause) 14721M->13970M(15360M) 12.356ms
[1304.027s] GC(4827) Pause Young (Normal) (G1 Evacuation Pause) 14722M->13971M(15360M) 13.032ms
[1304.147s] GC(4828) Pause Young (Normal) (G1 Evacuation Pause) 14723M->13972M(15360M) 13.682ms
[1304.256s] GC(4829) Pause Young (Normal) (G1 Evacuation Pause) 14724M->13973M(15360M) 13.600ms
[1304.377s] GC(4830) Pause Young (Normal) (G1 Evacuation Pause) 14725M->13974M(15360M) 13.991ms
[1304.476s] GC(4831) Pause Young (Normal) (G1 Evacuation Pause) 14718M->13975M(15360M) 12.589ms
[1304.577s] GC(4832) Pause Young (Normal) (G1 Evacuation Pause) 14727M->13976M(15360M) 14.028ms
[1304.672s] GC(4833) Pause Young (Normal) (G1 Evacuation Pause) 14728M->13977M(15360M) 14.286ms
[1304.786s] GC(4834) Pause Young (Normal) (G1 Evacuation Pause) 14729M->13978M(15360M) 14.184ms
[1304.896s] GC(4835) Pause Young (Normal) (G1 Evacuation Pause) 14730M->13980M(15360M) 14.413ms
[1305.018s] GC(4836) Pause Young (Normal) (G1 Evacuation Pause) 14724M->13980M(15360M) 13.367ms
[1305.138s] GC(4837) Pause Young (Normal) (G1 Evacuation Pause) 14732M->13981M(15360M) 11.703ms
[1305.250s] GC(4838) Pause Young (Normal) (G1 Evacuation Pause) 14733M->13982M(15360M) 11.643ms
[1305.350s] GC(4839) Pause Young (Normal) (G1 Evacuation Pause) 14734M->13984M(15360M) 11.990ms
[1305.450s] GC(4840) Pause Young (Normal) (G1 Evacuation Pause) 14728M->13984M(15360M) 11.073ms
[1305.543s] GC(4841) Pause Young (Normal) (G1 Evacuation Pause) 14736M->13985M(15360M) 12.782ms
[1305.644s] GC(4842) Pause Young (Normal) (G1 Evacuation Pause) 14737M->13986M(15360M) 11.045ms
[1305.749s] GC(4843) Pause Young (Normal) (G1 Evacuation Pause) 14738M->13987M(15360M) 11.514ms
[1305.861s] GC(4844) Pause Young (Normal) (G1 Evacuation Pause) 14739M->13989M(15360M) 11.443ms
[1305.949s] GC(4845) Pause Young (Normal) (G1 Evacuation Pause) 14733M->13990M(15360M) 10.998ms
[1306.061s] GC(4846) Pause Young (Normal) (G1 Evacuation Pause) 14734M->13991M(15360M) 10.537ms
[1306.147s] GC(4847) Pause Young (Normal) (G1 Evacuation Pause) 14735M->13992M(15360M) 10.829ms
[1306.247s] GC(4848) Pause Young (Normal) (G1 Evacuation Pause) 14744M->13993M(15360M) 10.535ms
[1306.323s] GC(4849) Pause Young (Normal) (G1 Evacuation Pause) 14737M->13994M(15360M) 10.492ms
[1306.422s] GC(4850) Pause Young (Normal) (G1 Evacuation Pause) 14746M->13995M(15360M) 10.764ms
[1306.517s] GC(4851) Pause Young (Normal) (G1 Evacuation Pause) 14747M->13996M(15360M) 9.976ms
[1306.626s] GC(4852) Pause Young (Normal) (G1 Evacuation Pause) 14748M->13997M(15360M) 10.493ms
[1306.715s] GC(4853) Pause Young (Normal) (G1 Evacuation Pause) 14749M->13998M(15360M) 9.539ms
[1306.813s] GC(4854) Pause Young (Normal) (G1 Evacuation Pause) 14742M->13999M(15360M) 9.950ms
[1306.895s] GC(4855) Pause Young (Normal) (G1 Evacuation Pause) 14743M->14000M(15360M) 10.241ms
[1306.984s] GC(4856) Pause Young (Normal) (G1 Evacuation Pause) 14752M->14001M(15360M) 9.871ms
[1307.064s] GC(4857) Pause Young (Normal) (G1 Evacuation Pause) 14753M->14002M(15360M) 9.653ms
[1307.155s] GC(4858) Pause Young (Normal) (G1 Evacuation Pause) 14746M->14003M(15360M) 10.529ms
[1307.249s] GC(4859) Pause Young (Normal) (G1 Evacuation Pause) 14747M->14004M(15360M) 9.412ms
[1307.342s] GC(4860) Pause Young (Normal) (G1 Evacuation Pause) 14748M->14005M(15360M) 10.163ms
[1307.485s] GC(4861) Pause Young (Normal) (G1 Evacuation Pause) 14749M->14006M(15360M) 13.640ms
[1307.575s] GC(4862) Pause Young (Normal) (G1 Evacuation Pause) 14750M->14007M(15360M) 12.703ms
[1307.689s] GC(4863) Pause Young (Normal) (G1 Evacuation Pause) 14759M->14008M(15360M) 11.611ms
[1307.767s] GC(4864) Pause Young (Normal) (G1 Evacuation Pause) 14760M->14009M(15360M) 10.913ms
[1307.874s] GC(4865) Pause Young (Normal) (G1 Evacuation Pause) 14753M->14011M(15360M) 10.277ms
[1307.958s] GC(4866) Pause Young (Normal) (G1 Evacuation Pause) 14755M->14011M(15360M) 10.021ms
[1308.082s] GC(4867) Pause Young (Normal) (G1 Evacuation Pause) 14763M->14013M(15360M) 12.315ms
[1308.198s] GC(4868) Pause Young (Normal) (G1 Evacuation Pause) 14757M->14014M(15360M) 11.903ms
[1308.344s] GC(4869) Pause Young (Normal) (G1 Evacuation Pause) 14758M->14014M(15360M) 12.058ms
[1308.439s] GC(4870) Pause Young (Normal) (G1 Evacuation Pause) 14766M->14016M(15360M) 11.269ms
[1308.567s] GC(4871) Pause Young (Normal) (G1 Evacuation Pause) 14760M->14017M(15360M) 11.905ms
[1308.649s] GC(4872) Pause Young (Normal) (G1 Evacuation Pause) 14761M->14018M(15360M) 11.037ms
[1308.749s] GC(4873) Pause Young (Normal) (G1 Evacuation Pause) 14762M->14019M(15360M) 11.499ms
[1308.827s] GC(4874) Pause Young (Normal) (G1 Evacuation Pause) 14763M->14020M(15360M) 11.665ms
[1308.929s] GC(4875) Pause Young (Normal) (G1 Evacuation Pause) 14764M->14021M(15360M) 11.132ms
[1309.026s] GC(4876) Pause Young (Normal) (G1 Evacuation Pause) 14765M->14022M(15360M) 11.326ms
[1309.142s] GC(4877) Pause Young (Normal) (G1 Evacuation Pause) 14774M->14023M(15360M) 12.790ms
[1309.246s] GC(4878) Pause Young (Normal) (G1 Evacuation Pause) 14775M->14024M(15360M) 12.711ms
[1309.358s] GC(4879) Pause Young (Normal) (G1 Evacuation Pause) 14776M->14025M(15360M) 12.587ms
[1309.458s] GC(4880) Pause Young (Normal) (G1 Evacuation Pause) 14769M->14026M(15360M) 12.849ms
[1309.573s] GC(4881) Pause Young (Normal) (G1 Evacuation Pause) 14770M->14028M(15360M) 11.909ms
[1309.662s] GC(4882) Pause Young (Normal) (G1 Evacuation Pause) 14772M->14028M(15360M) 12.500ms
[1309.794s] GC(4883) Pause Young (Normal) (G1 Evacuation Pause) 14780M->14029M(15360M) 13.077ms
[1309.911s] GC(4884) Pause Young (Normal) (G1 Evacuation Pause) 14781M->14030M(15360M) 12.145ms
[1310.035s] GC(4885) Pause Young (Normal) (G1 Evacuation Pause) 14774M->14031M(15360M) 14.352ms
[1310.133s] GC(4886) Pause Young (Normal) (G1 Evacuation Pause) 14783M->14032M(15360M) 13.151ms
[1310.273s] GC(4887) Pause Young (Normal) (G1 Evacuation Pause) 14784M->14034M(15360M) 13.540ms
[1310.386s] GC(4888) Pause Young (Normal) (G1 Evacuation Pause) 14778M->14035M(15360M) 13.464ms
[1310.512s] GC(4889) Pause Young (Normal) (G1 Evacuation Pause) 14779M->14035M(15360M) 14.462ms
[1310.607s] GC(4890) Pause Young (Normal) (G1 Evacuation Pause) 14787M->14036M(15360M) 13.856ms
[1310.746s] GC(4891) Pause Young (Normal) (G1 Evacuation Pause) 14788M->14038M(15360M) 14.266ms
[1310.879s] GC(4892) Pause Young (Normal) (G1 Evacuation Pause) 14782M->14039M(15360M) 15.991ms
[1311.025s] GC(4893) Pause Young (Normal) (G1 Evacuation Pause) 14783M->14039M(15360M) 17.788ms
[1311.148s] GC(4894) Pause Young (Normal) (G1 Evacuation Pause) 14791M->14041M(15360M) 17.409ms
[1311.284s] GC(4895) Pause Young (Normal) (G1 Evacuation Pause) 14785M->14042M(15360M) 15.009ms
[1311.378s] GC(4896) Pause Young (Normal) (G1 Evacuation Pause) 14786M->14043M(15360M) 15.110ms
[1311.481s] GC(4897) Pause Young (Normal) (G1 Evacuation Pause) 14795M->14044M(15360M) 16.724ms
[1311.591s] GC(4898) Pause Young (Normal) (G1 Evacuation Pause) 14788M->14045M(15360M) 15.679ms
[1311.707s] GC(4899) Pause Young (Normal) (G1 Evacuation Pause) 14797M->14046M(15360M) 16.298ms
[1311.839s] GC(4900) Pause Young (Normal) (G1 Evacuation Pause) 14790M->14047M(15360M) 15.680ms
[1311.977s] GC(4901) Pause Young (Normal) (G1 Evacuation Pause) 14791M->14048M(15360M) 16.194ms
[1312.084s] GC(4902) Pause Young (Normal) (G1 Evacuation Pause) 14800M->14049M(15360M) 15.272ms
[1312.220s] GC(4903) Pause Young (Normal) (G1 Evacuation Pause) 14801M->14050M(15360M) 14.273ms
[1312.316s] GC(4904) Pause Young (Normal) (G1 Evacuation Pause) 14794M->14051M(15360M) 15.960ms
[1312.435s] GC(4905) Pause Young (Normal) (G1 Evacuation Pause) 14795M->14052M(15360M) 14.225ms
[1312.523s] GC(4906) Pause Young (Normal) (G1 Evacuation Pause) 14796M->14054M(15360M) 13.348ms
[1312.620s] GC(4907) Pause Young (Normal) (G1 Evacuation Pause) 14798M->14055M(15360M) 13.742ms
[1312.729s] GC(4908) Pause Young (Normal) (G1 Evacuation Pause) 14799M->14055M(15360M) 13.673ms
[1312.836s] GC(4909) Pause Young (Normal) (G1 Evacuation Pause) 14807M->14057M(15360M) 12.835ms
[1312.926s] GC(4910) Pause Young (Normal) (G1 Evacuation Pause) 14801M->14058M(15360M) 12.329ms
[1313.023s] GC(4911) Pause Young (Normal) (G1 Evacuation Pause) 14802M->14058M(15360M) 13.598ms
[1313.112s] GC(4912) Pause Young (Normal) (G1 Evacuation Pause) 14810M->14060M(15360M) 15.420ms
[1313.234s] GC(4913) Pause Young (Normal) (G1 Evacuation Pause) 14804M->14061M(15360M) 14.844ms
[1313.326s] GC(4914) Pause Young (Normal) (G1 Evacuation Pause) 14813M->14063M(15360M) 14.105ms
[1313.422s] GC(4915) Pause Young (Normal) (G1 Evacuation Pause) 14807M->14063M(15360M) 14.938ms
[1313.566s] GC(4916) Pause Young (Normal) (G1 Evacuation Pause) 14807M->14064M(15360M) 16.513ms
[1313.690s] GC(4917) Pause Young (Normal) (G1 Evacuation Pause) 14808M->14065M(15360M) 19.361ms
[1313.798s] GC(4918) Pause Young (Normal) (G1 Evacuation Pause) 14809M->14066M(15360M) 15.235ms
[1313.899s] GC(4919) Pause Young (Normal) (G1 Evacuation Pause) 14818M->14067M(15360M) 16.878ms
[1314.020s] GC(4920) Pause Young (Normal) (G1 Evacuation Pause) 14811M->14068M(15360M) 14.672ms
[1314.114s] GC(4921) Pause Young (Normal) (G1 Evacuation Pause) 14812M->14070M(15360M) 15.479ms
[1314.242s] GC(4922) Pause Young (Normal) (G1 Evacuation Pause) 14814M->14070M(15360M) 14.982ms
[1314.330s] GC(4923) Pause Young (Normal) (G1 Evacuation Pause) 14814M->14071M(15360M) 14.607ms
[1314.458s] GC(4924) Pause Young (Normal) (G1 Evacuation Pause) 14815M->14073M(15360M) 16.031ms
[1314.562s] GC(4925) Pause Young (Normal) (G1 Evacuation Pause) 14817M->14073M(15360M) 14.331ms
[1314.596s] GC(4779) Pause Remark 14299M->14299M(15360M) 1.721ms
[1314.696s] GC(4926) Pause Young (Normal) (G1 Evacuation Pause) 14825M->14075M(15360M) 13.083ms
[1314.832s] GC(4927) Pause Young (Normal) (G1 Evacuation Pause) 14819M->14075M(15360M) 14.295ms
[1314.954s] GC(4928) Pause Young (Normal) (G1 Evacuation Pause) 14827M->14077M(15360M) 13.966ms
[1315.041s] GC(4929) Pause Young (Normal) (G1 Evacuation Pause) 14821M->14078M(15360M) 13.781ms
[1315.140s] GC(4930) Pause Young (Normal) (G1 Evacuation Pause) 14822M->14079M(15360M) 13.472ms
[1315.227s] GC(4931) Pause Young (Normal) (G1 Evacuation Pause) 14831M->14080M(15360M) 13.108ms
[1315.340s] GC(4932) Pause Young (Normal) (G1 Evacuation Pause) 14824M->14081M(15360M) 12.582ms
[1315.444s] GC(4933) Pause Young (Normal) (G1 Evacuation Pause) 14825M->14082M(15360M) 12.396ms
[1315.555s] GC(4934) Pause Young (Normal) (G1 Evacuation Pause) 14826M->14084M(15360M) 11.387ms
[1315.658s] GC(4935) Pause Young (Normal) (G1 Evacuation Pause) 14828M->14085M(15360M) 13.122ms
[1315.769s] GC(4936) Pause Young (Normal) (G1 Evacuation Pause) 14829M->14086M(15360M) 12.774ms
[1315.859s] GC(4937) Pause Young (Normal) (G1 Evacuation Pause) 14830M->14086M(15360M) 11.925ms
[1315.952s] GC(4938) Pause Young (Normal) (G1 Evacuation Pause) 14830M->14088M(15360M) 11.883ms
[1316.042s] GC(4939) Pause Young (Normal) (G1 Evacuation Pause) 14832M->14089M(15360M) 12.203ms
[1316.152s] GC(4940) Pause Young (Normal) (G1 Evacuation Pause) 14833M->14090M(15360M) 12.492ms
[1316.254s] GC(4941) Pause Young (Normal) (G1 Evacuation Pause) 14834M->14091M(15360M) 12.124ms
[1316.366s] GC(4942) Pause Young (Normal) (G1 Evacuation Pause) 14835M->14092M(15360M) 12.868ms
[1316.472s] GC(4943) Pause Young (Normal) (G1 Evacuation Pause) 14836M->14093M(15360M) 11.574ms
[1316.578s] GC(4944) Pause Young (Normal) (G1 Evacuation Pause) 14837M->14095M(15360M) 12.661ms
[1316.670s] GC(4945) Pause Young (Normal) (G1 Evacuation Pause) 14839M->14095M(15360M) 11.812ms
[1316.778s] GC(4946) Pause Young (Normal) (G1 Evacuation Pause) 14839M->14096M(15360M) 12.901ms
[1316.861s] GC(4947) Pause Young (Normal) (G1 Evacuation Pause) 14840M->14097M(15360M) 12.640ms
[1316.972s] GC(4948) Pause Young (Normal) (G1 Evacuation Pause) 14841M->14098M(15360M) 12.883ms
[1317.077s] GC(4949) Pause Young (Normal) (G1 Evacuation Pause) 14842M->14100M(15360M) 12.072ms
[1317.184s] GC(4950) Pause Young (Normal) (G1 Evacuation Pause) 14844M->14101M(15360M) 11.935ms
[1317.286s] GC(4951) Pause Young (Normal) (G1 Evacuation Pause) 14845M->14102M(15360M) 12.982ms
[1317.388s] GC(4952) Pause Young (Normal) (G1 Evacuation Pause) 14846M->14103M(15360M) 12.864ms
[1317.479s] GC(4953) Pause Young (Normal) (G1 Evacuation Pause) 14847M->14104M(15360M) 13.277ms
[1317.589s] GC(4954) Pause Young (Normal) (G1 Evacuation Pause) 14848M->14105M(15360M) 12.908ms
[1317.674s] GC(4955) Pause Young (Normal) (G1 Evacuation Pause) 14849M->14106M(15360M) 14.122ms
[1317.776s] GC(4956) Pause Young (Normal) (G1 Evacuation Pause) 14850M->14108M(15360M) 12.821ms
[1317.889s] GC(4957) Pause Young (Normal) (G1 Evacuation Pause) 14852M->14108M(15360M) 13.169ms
[1318.005s] GC(4958) Pause Young (Normal) (G1 Evacuation Pause) 14852M->14109M(15360M) 13.379ms
[1318.116s] GC(4959) Pause Young (Normal) (G1 Evacuation Pause) 14853M->14111M(15360M) 13.408ms
[1318.217s] GC(4960) Pause Young (Normal) (G1 Evacuation Pause) 14855M->14111M(15360M) 13.300ms
[1318.327s] GC(4961) Pause Young (Normal) (G1 Evacuation Pause) 14855M->14113M(15360M) 12.897ms
[1318.416s] GC(4962) Pause Young (Normal) (G1 Evacuation Pause) 14857M->14114M(15360M) 12.452ms
[1318.522s] GC(4963) Pause Young (Normal) (G1 Evacuation Pause) 14858M->14115M(15360M) 12.826ms
[1318.606s] GC(4964) Pause Young (Normal) (G1 Evacuation Pause) 14859M->14116M(15360M) 13.228ms
[1318.728s] GC(4965) Pause Young (Normal) (G1 Evacuation Pause) 14860M->14117M(15360M) 11.850ms
[1318.830s] GC(4966) Pause Young (Normal) (G1 Evacuation Pause) 14861M->14118M(15360M) 13.127ms
[1318.939s] GC(4967) Pause Young (Normal) (G1 Evacuation Pause) 14862M->14119M(15360M) 14.464ms
[1319.048s] GC(4968) Pause Young (Normal) (G1 Evacuation Pause) 14871M->14120M(15360M) 15.670ms
[1319.157s] GC(4969) Pause Young (Normal) (G1 Evacuation Pause) 14864M->14121M(15360M) 14.920ms
[1319.252s] GC(4970) Pause Young (Normal) (G1 Evacuation Pause) 14865M->14122M(15360M) 14.173ms
[1319.350s] GC(4971) Pause Young (Normal) (G1 Evacuation Pause) 14866M->14123M(15360M) 13.725ms
[1319.444s] GC(4972) Pause Young (Normal) (G1 Evacuation Pause) 14867M->14124M(15360M) 13.864ms
[1319.471s] GC(4779) Pause Cleanup 14370M->14370M(15360M) 0.481ms
[1319.483s] GC(4779) Concurrent Mark Cycle 20409.961ms
[1319.565s] GC(4973) Pause Young (Prepare Mixed) (G1 Evacuation Pause) 14868M->14126M(15360M) 13.065ms
[1319.684s] GC(4974) Pause Young (Mixed) (G1 Evacuation Pause) 14870M->14126M(15360M) 13.059ms
[1319.804s] GC(4975) Pause Young (Concurrent Start) (G1 Evacuation Pause) 14870M->14128M(15360M) 12.028ms
[1319.805s] GC(4976) Concurrent Mark Cycle
[1319.899s] GC(4977) Pause Young (Normal) (G1 Evacuation Pause) 14872M->14128M(15360M) 13.339ms
[1320.016s] GC(4978) Pause Young (Normal) (G1 Evacuation Pause) 14872M->14130M(15360M) 10.803ms
[1320.109s] GC(4979) Pause Young (Normal) (G1 Evacuation Pause) 14874M->14131M(15360M) 12.026ms
[1320.214s] GC(4980) Pause Young (Normal) (G1 Evacuation Pause) 14875M->14132M(15360M) 12.377ms
[1320.303s] GC(4981) Pause Young (Normal) (G1 Evacuation Pause) 14876M->14133M(15360M) 13.361ms
[1320.406s] GC(4982) Pause Young (Normal) (G1 Evacuation Pause) 14877M->14134M(15360M) 13.274ms
[1320.523s] GC(4983) Pause Young (Normal) (G1 Evacuation Pause) 14878M->14135M(15360M) 14.358ms
[1320.654s] GC(4984) Pause Young (Normal) (G1 Evacuation Pause) 14887M->14137M(15360M) 14.398ms
[1320.764s] GC(4985) Pause Young (Normal) (G1 Evacuation Pause) 14881M->14137M(15360M) 14.140ms
[1320.879s] GC(4986) Pause Young (Normal) (G1 Evacuation Pause) 14881M->14139M(15360M) 13.322ms
[1320.981s] GC(4987) Pause Young (Normal) (G1 Evacuation Pause) 14883M->14139M(15360M) 17.061ms
[1321.098s] GC(4988) Pause Young (Normal) (G1 Evacuation Pause) 14883M->14140M(15360M) 15.258ms
[1321.191s] GC(4989) Pause Young (Normal) (G1 Evacuation Pause) 14884M->14141M(15360M) 15.283ms
[1321.300s] GC(4990) Pause Young (Normal) (G1 Evacuation Pause) 14885M->14143M(15360M) 15.106ms
[1321.414s] GC(4991) Pause Young (Normal) (G1 Evacuation Pause) 14887M->14144M(15360M) 12.833ms
[1321.530s] GC(4992) Pause Young (Normal) (G1 Evacuation Pause) 14888M->14145M(15360M) 12.868ms
[1321.631s] GC(4993) Pause Young (Normal) (G1 Evacuation Pause) 14889M->14146M(15360M) 12.320ms
[1321.749s] GC(4994) Pause Young (Normal) (G1 Evacuation Pause) 14890M->14147M(15360M) 12.954ms
[1321.843s] GC(4995) Pause Young (Normal) (G1 Evacuation Pause) 14891M->14148M(15360M) 12.278ms
[1321.949s] GC(4996) Pause Young (Normal) (G1 Evacuation Pause) 14892M->14149M(15360M) 10.602ms
[1322.039s] GC(4997) Pause Young (Normal) (G1 Evacuation Pause) 14893M->14150M(15360M) 10.267ms
[1322.134s] GC(4998) Pause Young (Normal) (G1 Evacuation Pause) 14894M->14152M(15360M) 9.922ms
[1322.237s] GC(4999) Pause Young (Normal) (G1 Evacuation Pause) 14896M->14152M(15360M) 10.513ms
[1322.337s] GC(5000) Pause Young (Normal) (G1 Evacuation Pause) 14896M->14153M(15360M) 11.037ms
[1322.454s] GC(5001) Pause Young (Normal) (G1 Evacuation Pause) 14897M->14155M(15360M) 11.168ms
[1322.552s] GC(5002) Pause Young (Normal) (G1 Evacuation Pause) 14899M->14156M(15360M) 10.212ms
[1322.654s] GC(5003) Pause Young (Normal) (G1 Evacuation Pause) 14900M->14157M(15360M) 9.698ms
[1322.746s] GC(5004) Pause Young (Normal) (G1 Evacuation Pause) 14901M->14158M(15360M) 10.067ms
[1322.843s] GC(5005) Pause Young (Normal) (G1 Evacuation Pause) 14902M->14159M(15360M) 10.039ms
[1322.929s] GC(5006) Pause Young (Normal) (G1 Evacuation Pause) 14903M->14160M(15360M) 10.103ms
[1323.055s] GC(5007) Pause Young (Normal) (G1 Evacuation Pause) 14904M->14161M(15360M) 10.085ms
[1323.165s] GC(5008) Pause Young (Normal) (G1 Evacuation Pause) 14905M->14162M(15360M) 10.408ms
[1323.268s] GC(5009) Pause Young (Normal) (G1 Evacuation Pause) 14906M->14163M(15360M) 10.066ms
[1323.363s] GC(5010) Pause Young (Normal) (G1 Evacuation Pause) 14907M->14164M(15360M) 9.983ms
[1323.462s] GC(5011) Pause Young (Normal) (G1 Evacuation Pause) 14916M->14165M(15360M) 10.479ms
[1323.551s] GC(5012) Pause Young (Normal) (G1 Evacuation Pause) 14909M->14167M(15360M) 10.647ms
[1323.646s] GC(5013) Pause Young (Normal) (G1 Evacuation Pause) 14911M->14167M(15360M) 10.482ms
[1323.730s] GC(5014) Pause Young (Normal) (G1 Evacuation Pause) 14911M->14169M(15360M) 10.930ms
[1323.852s] GC(5015) Pause Young (Normal) (G1 Evacuation Pause) 14913M->14169M(15360M) 10.518ms
[1323.961s] GC(5016) Pause Young (Normal) (G1 Evacuation Pause) 14913M->14171M(15360M) 10.754ms
[1324.065s] GC(5017) Pause Young (Normal) (G1 Evacuation Pause) 14915M->14172M(15360M) 10.357ms
[1324.156s] GC(5018) Pause Young (Normal) (G1 Evacuation Pause) 14916M->14173M(15360M) 11.341ms
[1324.261s] GC(5019) Pause Young (Normal) (G1 Evacuation Pause) 14917M->14174M(15360M) 11.097ms
[1324.348s] GC(5020) Pause Young (Normal) (G1 Evacuation Pause) 14918M->14175M(15360M) 12.138ms
[1324.448s] GC(5021) Pause Young (Normal) (G1 Evacuation Pause) 14919M->14176M(15360M) 13.112ms
[1324.535s] GC(5022) Pause Young (Normal) (G1 Evacuation Pause) 14920M->14177M(15360M) 14.349ms
[1324.638s] GC(5023) Pause Young (Normal) (G1 Evacuation Pause) 14921M->14179M(15360M) 13.927ms
[1324.744s] GC(5024) Pause Young (Normal) (G1 Evacuation Pause) 14923M->14179M(15360M) 13.477ms
[1324.872s] GC(5025) Pause Young (Normal) (G1 Evacuation Pause) 14923M->14181M(15360M) 13.390ms
[1324.979s] GC(5026) Pause Young (Normal) (G1 Evacuation Pause) 14925M->14182M(15360M) 13.719ms
[1325.101s] GC(5027) Pause Young (Normal) (G1 Evacuation Pause) 14926M->14183M(15360M) 13.952ms
[1325.197s] GC(5028) Pause Young (Normal) (G1 Evacuation Pause) 14927M->14183M(15360M) 15.109ms
[1325.301s] GC(5029) Pause Young (Normal) (G1 Evacuation Pause) 14927M->14185M(15360M) 14.162ms
[1325.392s] GC(5030) Pause Young (Normal) (G1 Evacuation Pause) 14929M->14186M(15360M) 13.575ms
[1325.487s] GC(5031) Pause Young (Normal) (G1 Evacuation Pause) 14930M->14187M(15360M) 12.000ms
[1325.600s] GC(5032) Pause Young (Normal) (G1 Evacuation Pause) 14931M->14188M(15360M) 12.550ms
[1325.732s] GC(5033) Pause Young (Normal) (G1 Evacuation Pause) 14932M->14189M(15360M) 14.712ms
[1325.830s] GC(5034) Pause Young (Normal) (G1 Evacuation Pause) 14933M->14190M(15360M) 14.021ms
[1325.950s] GC(5035) Pause Young (Normal) (G1 Evacuation Pause) 14934M->14191M(15360M) 13.937ms
[1326.050s] GC(5036) Pause Young (Normal) (G1 Evacuation Pause) 14935M->14192M(15360M) 16.426ms
[1326.146s] GC(5037) Pause Young (Normal) (G1 Evacuation Pause) 14936M->14193M(15360M) 16.960ms
[1326.247s] GC(5038) Pause Young (Normal) (G1 Evacuation Pause) 14937M->14194M(15360M) 16.651ms
[1326.338s] GC(5039) Pause Young (Normal) (G1 Evacuation Pause) 14946M->14195M(15360M) 15.223ms
[1326.464s] GC(5040) Pause Young (Normal) (G1 Evacuation Pause) 14939M->14196M(15360M) 13.069ms
[1326.575s] GC(5041) Pause Young (Normal) (G1 Evacuation Pause) 14940M->14197M(15360M) 14.840ms
[1326.680s] GC(5042) Pause Young (Normal) (G1 Evacuation Pause) 14941M->14199M(15360M) 12.007ms
[1326.776s] GC(5043) Pause Young (Normal) (G1 Evacuation Pause) 14943M->14200M(15360M) 12.675ms
[1326.879s] GC(5044) Pause Young (Normal) (G1 Evacuation Pause) 14944M->14201M(15360M) 11.262ms
[1326.968s] GC(5045) Pause Young (Normal) (G1 Evacuation Pause) 14945M->14202M(15360M) 13.086ms
[1327.067s] GC(5046) Pause Young (Normal) (G1 Evacuation Pause) 14946M->14203M(15360M) 14.017ms
[1327.153s] GC(5047) Pause Young (Normal) (G1 Evacuation Pause) 14947M->14204M(15360M) 14.612ms
[1327.271s] GC(5048) Pause Young (Normal) (G1 Evacuation Pause) 14948M->14205M(15360M) 16.164ms
[1327.378s] GC(5049) Pause Young (Normal) (G1 Evacuation Pause) 14949M->14206M(15360M) 13.848ms
[1327.502s] GC(5050) Pause Young (Normal) (G1 Evacuation Pause) 14950M->14207M(15360M) 13.995ms
[1327.592s] GC(5051) Pause Young (Normal) (G1 Evacuation Pause) 14959M->14208M(15360M) 14.814ms
[1327.701s] GC(5052) Pause Young (Normal) (G1 Evacuation Pause) 14952M->14209M(15360M) 14.339ms
[1327.787s] GC(5053) Pause Young (Normal) (G1 Evacuation Pause) 14953M->14210M(15360M) 12.747ms
[1327.876s] GC(5054) Pause Young (Normal) (G1 Evacuation Pause) 14954M->14212M(15360M) 12.509ms
[1327.956s] GC(5055) Pause Young (Normal) (G1 Evacuation Pause) 14956M->14212M(15360M) 11.737ms
[1328.056s] GC(5056) Pause Young (Normal) (G1 Evacuation Pause) 14956M->14213M(15360M) 14.025ms
[1328.168s] GC(5057) Pause Young (Normal) (G1 Evacuation Pause) 14957M->14215M(15360M) 12.589ms
[1328.284s] GC(5058) Pause Young (Normal) (G1 Evacuation Pause) 14959M->14216M(15360M) 12.402ms
[1328.381s] GC(5059) Pause Young (Normal) (G1 Evacuation Pause) 14960M->14217M(15360M) 12.806ms
[1328.478s] GC(5060) Pause Young (Normal) (G1 Evacuation Pause) 14961M->14218M(15360M) 11.615ms
[1328.559s] GC(5061) Pause Young (Normal) (G1 Evacuation Pause) 14962M->14219M(15360M) 11.252ms
[1328.645s] GC(5062) Pause Young (Normal) (G1 Evacuation Pause) 14963M->14220M(15360M) 11.648ms
[1328.727s] GC(5063) Pause Young (Normal) (G1 Evacuation Pause) 14964M->14221M(15360M) 11.024ms
[1328.821s] GC(5064) Pause Young (Normal) (G1 Evacuation Pause) 14965M->14222M(15360M) 12.154ms
[1328.922s] GC(5065) Pause Young (Normal) (G1 Evacuation Pause) 14966M->14223M(15360M) 10.776ms
[1329.033s] GC(5066) Pause Young (Normal) (G1 Evacuation Pause) 14967M->14224M(15360M) 10.281ms
[1329.130s] GC(5067) Pause Young (Normal) (G1 Evacuation Pause) 14968M->14226M(15360M) 10.800ms
[1329.235s] GC(5068) Pause Young (Normal) (G1 Evacuation Pause) 14970M->14227M(15360M) 10.615ms
[1329.317s] GC(5069) Pause Young (Normal) (G1 Evacuation Pause) 14971M->14228M(15360M) 10.197ms
[1329.405s] GC(5070) Pause Young (Normal) (G1 Evacuation Pause) 14972M->14229M(15360M) 10.303ms
[1329.488s] GC(5071) Pause Young (Normal) (G1 Evacuation Pause) 14973M->14230M(15360M) 10.577ms
[1329.594s] GC(5072) Pause Young (Normal) (G1 Evacuation Pause) 14974M->14231M(15360M) 12.080ms
[1329.687s] GC(5073) Pause Young (Normal) (G1 Evacuation Pause) 14975M->14232M(15360M) 11.020ms
[1329.778s] GC(5074) Pause Young (Normal) (G1 Evacuation Pause) 14976M->14233M(15360M) 10.845ms
[1329.887s] GC(5075) Pause Young (Normal) (G1 Evacuation Pause) 14977M->14234M(15360M) 10.552ms
[1329.982s] GC(5076) Pause Young (Normal) (G1 Evacuation Pause) 14978M->14235M(15360M) 11.056ms
[1330.080s] GC(5077) Pause Young (Normal) (G1 Evacuation Pause) 14979M->14237M(15360M) 10.454ms
[1330.168s] GC(5078) Pause Young (Normal) (G1 Evacuation Pause) 14981M->14237M(15360M) 11.163ms
[1330.265s] GC(5079) Pause Young (Normal) (G1 Evacuation Pause) 14981M->14238M(15360M) 11.017ms
[1330.347s] GC(5080) Pause Young (Normal) (G1 Evacuation Pause) 14982M->14239M(15360M) 11.182ms
[1330.471s] GC(5081) Pause Young (Normal) (G1 Evacuation Pause) 14983M->14241M(15360M) 11.542ms
[1330.571s] GC(5082) Pause Young (Normal) (G1 Evacuation Pause) 14985M->14242M(15360M) 10.641ms
[1330.679s] GC(5083) Pause Young (Normal) (G1 Evacuation Pause) 14986M->14242M(15360M) 10.797ms
[1330.775s] GC(5084) Pause Young (Normal) (G1 Evacuation Pause) 14986M->14244M(15360M) 11.491ms
[1330.869s] GC(5085) Pause Young (Normal) (G1 Evacuation Pause) 14988M->14245M(15360M) 11.387ms
[1330.960s] GC(5086) Pause Young (Normal) (G1 Evacuation Pause) 14989M->14246M(15360M) 12.013ms
[1331.058s] GC(5087) Pause Young (Normal) (G1 Evacuation Pause) 14990M->14247M(15360M) 11.508ms
[1331.147s] GC(5088) Pause Young (Normal) (G1 Evacuation Pause) 14991M->14247M(15360M) 13.676ms
[1331.265s] GC(5089) Pause Young (Normal) (G1 Evacuation Pause) 14999M->14249M(15360M) 13.000ms
[1331.384s] GC(5090) Pause Young (Normal) (G1 Evacuation Pause) 14993M->14250M(15360M) 12.955ms
[1331.494s] GC(5091) Pause Young (Normal) (G1 Evacuation Pause) 14994M->14251M(15360M) 11.766ms
[1331.601s] GC(5092) Pause Young (Normal) (G1 Evacuation Pause) 14995M->14252M(15360M) 11.411ms
[1331.709s] GC(5093) Pause Young (Normal) (G1 Evacuation Pause) 14996M->14253M(15360M) 12.032ms
[1331.798s] GC(5094) Pause Young (Normal) (G1 Evacuation Pause) 14997M->14255M(15360M) 10.477ms
[1331.907s] GC(5095) Pause Young (Normal) (G1 Evacuation Pause) 14999M->14255M(15360M) 10.683ms
[1331.986s] GC(5096) Pause Young (Normal) (G1 Evacuation Pause) 14999M->14256M(15360M) 10.678ms
[1332.086s] GC(5097) Pause Young (Normal) (G1 Evacuation Pause) 15000M->14257M(15360M) 10.389ms
[1332.191s] GC(5098) Pause Young (Normal) (G1 Evacuation Pause) 15001M->14259M(15360M) 10.988ms
[1332.315s] GC(5099) Pause Young (Normal) (G1 Evacuation Pause) 15003M->14260M(15360M) 12.256ms
[1332.414s] GC(5100) Pause Young (Normal) (G1 Evacuation Pause) 15004M->14261M(15360M) 11.758ms
[1332.526s] GC(5101) Pause Young (Normal) (G1 Evacuation Pause) 15005M->14262M(15360M) 11.751ms
[1332.612s] GC(5102) Pause Young (Normal) (G1 Evacuation Pause) 15006M->14263M(15360M) 11.468ms
[1332.708s] GC(5103) Pause Young (Normal) (G1 Evacuation Pause) 15007M->14263M(15360M) 11.333ms
[1332.787s] GC(5104) Pause Young (Normal) (G1 Evacuation Pause) 15007M->14265M(15360M) 10.508ms
[1332.879s] GC(5105) Pause Young (Normal) (G1 Evacuation Pause) 15009M->14266M(15360M) 11.763ms
[1332.974s] GC(5106) Pause Young (Normal) (G1 Evacuation Pause) 15010M->14267M(15360M) 10.340ms
[1333.081s] GC(5107) Pause Young (Normal) (G1 Evacuation Pause) 15011M->14268M(15360M) 11.389ms
[1333.169s] GC(5108) Pause Young (Normal) (G1 Evacuation Pause) 15012M->14270M(15360M) 11.049ms
[1333.258s] GC(5109) Pause Young (Normal) (G1 Evacuation Pause) 15014M->14270M(15360M) 10.619ms
[1333.355s] GC(5110) Pause Young (Normal) (G1 Evacuation Pause) 15014M->14272M(15360M) 10.673ms
[1333.441s] GC(5111) Pause Young (Normal) (G1 Evacuation Pause) 15016M->14273M(15360M) 11.057ms
[1333.529s] GC(5112) Pause Young (Normal) (G1 Evacuation Pause) 15017M->14274M(15360M) 10.495ms
[1333.601s] GC(5113) Pause Young (Normal) (G1 Evacuation Pause) 15018M->14275M(15360M) 10.587ms
[1333.701s] GC(5114) Pause Young (Normal) (G1 Evacuation Pause) 15019M->14276M(15360M) 11.256ms
[1333.801s] GC(5115) Pause Young (Normal) (G1 Evacuation Pause) 15020M->14277M(15360M) 10.098ms
[1333.919s] GC(5116) Pause Young (Normal) (G1 Evacuation Pause) 15021M->14278M(15360M) 10.660ms
[1334.005s] GC(5117) Pause Young (Normal) (G1 Evacuation Pause) 15022M->14279M(15360M) 10.288ms
[1334.111s] GC(5118) Pause Young (Normal) (G1 Evacuation Pause) 15023M->14281M(15360M) 10.448ms
[1334.189s] GC(5119) Pause Young (Normal) (G1 Evacuation Pause) 15025M->14281M(15360M) 9.358ms
[1334.274s] GC(5120) Pause Young (Normal) (G1 Evacuation Pause) 15025M->14282M(15360M) 10.830ms
[1334.356s] GC(5121) Pause Young (Normal) (G1 Evacuation Pause) 15026M->14283M(15360M) 10.585ms
[1334.468s] GC(5122) Pause Young (Normal) (G1 Evacuation Pause) 15027M->14284M(15360M) 10.582ms
[1334.577s] GC(5123) Pause Young (Normal) (G1 Evacuation Pause) 15028M->14286M(15360M) 10.526ms
[1334.691s] GC(5124) Pause Young (Normal) (G1 Evacuation Pause) 15030M->14287M(15360M) 10.216ms
[1334.780s] GC(5125) Pause Young (Normal) (G1 Evacuation Pause) 15031M->14288M(15360M) 10.057ms
[1334.885s] GC(5126) Pause Young (Normal) (G1 Evacuation Pause) 15032M->14289M(15360M) 10.893ms
[1334.972s] GC(5127) Pause Young (Normal) (G1 Evacuation Pause) 15033M->14290M(15360M) 9.729ms
[1335.071s] GC(5128) Pause Young (Normal) (G1 Evacuation Pause) 15034M->14291M(15360M) 10.760ms
[1335.155s] GC(5129) Pause Young (Normal) (G1 Evacuation Pause) 15035M->14292M(15360M) 10.913ms
[1335.262s] GC(5130) Pause Young (Normal) (G1 Evacuation Pause) 15036M->14293M(15360M) 10.483ms
[1335.361s] GC(5131) Pause Young (Normal) (G1 Evacuation Pause) 15037M->14294M(15360M) 11.166ms
[1335.480s] GC(5132) Pause Young (Normal) (G1 Evacuation Pause) 15038M->14295M(15360M) 11.853ms
[1335.569s] GC(5133) Pause Young (Normal) (G1 Evacuation Pause) 15039M->14296M(15360M) 10.394ms
[1335.678s] GC(5134) Pause Young (Normal) (G1 Evacuation Pause) 15040M->14298M(15360M) 13.478ms
[1335.768s] GC(5135) Pause Young (Normal) (G1 Evacuation Pause) 15042M->14298M(15360M) 11.986ms
[1335.775s] GC(4976) Pause Remark 14349M->14349M(15360M) 1.460ms
[1335.871s] GC(5136) Pause Young (Normal) (G1 Evacuation Pause) 15042M->14300M(15360M) 11.668ms
[1335.955s] GC(5137) Pause Young (Normal) (G1 Evacuation Pause) 15044M->14301M(15360M) 11.243ms
[1336.061s] GC(5138) Pause Young (Normal) (G1 Evacuation Pause) 15045M->14302M(15360M) 12.441ms
[1336.163s] GC(5139) Pause Young (Normal) (G1 Evacuation Pause) 15046M->14303M(15360M) 11.757ms
[1336.294s] GC(5140) Pause Young (Normal) (G1 Evacuation Pause) 15047M->14304M(15360M) 12.523ms
[1336.407s] GC(5141) Pause Young (Normal) (G1 Evacuation Pause) 15048M->14305M(15360M) 12.709ms
[1336.517s] GC(5142) Pause Young (Normal) (G1 Evacuation Pause) 15049M->14306M(15360M) 10.992ms
[1336.627s] GC(5143) Pause Young (Normal) (G1 Evacuation Pause) 15050M->14307M(15360M) 12.603ms
[1336.712s] GC(5144) Pause Young (Normal) (G1 Evacuation Pause) 15051M->14308M(15360M) 11.620ms
[1336.822s] GC(5145) Pause Young (Normal) (G1 Evacuation Pause) 15052M->14309M(15360M) 11.677ms
[1336.910s] GC(5146) Pause Young (Normal) (G1 Evacuation Pause) 15053M->14310M(15360M) 11.724ms
[1337.027s] GC(5147) Pause Young (Normal) (G1 Evacuation Pause) 15054M->14311M(15360M) 12.209ms
[1337.137s] GC(5148) Pause Young (Normal) (G1 Evacuation Pause) 15055M->14312M(15360M) 12.342ms
[1337.269s] GC(5149) Pause Young (Normal) (G1 Evacuation Pause) 15056M->14314M(15360M) 12.759ms
[1337.364s] GC(5150) Pause Young (Normal) (G1 Evacuation Pause) 15058M->14315M(15360M) 12.671ms
[1337.473s] GC(5151) Pause Young (Normal) (G1 Evacuation Pause) 15059M->14315M(15360M) 11.656ms
[1337.566s] GC(5152) Pause Young (Normal) (G1 Evacuation Pause) 15059M->14317M(15360M) 10.379ms
[1337.671s] GC(5153) Pause Young (Normal) (G1 Evacuation Pause) 15061M->14318M(15360M) 10.889ms
[1337.762s] GC(5154) Pause Young (Normal) (G1 Evacuation Pause) 15062M->14319M(15360M) 10.866ms
[1337.870s] GC(5155) Pause Young (Normal) (G1 Evacuation Pause) 15063M->14320M(15360M) 11.033ms
[1337.972s] GC(5156) Pause Young (Normal) (G1 Evacuation Pause) 15064M->14321M(15360M) 11.095ms
[1338.092s] GC(5157) Pause Young (Normal) (G1 Evacuation Pause) 15065M->14322M(15360M) 11.262ms
[1338.188s] GC(5158) Pause Young (Normal) (G1 Evacuation Pause) 15066M->14323M(15360M) 11.235ms
[1338.289s] GC(5159) Pause Young (Normal) (G1 Evacuation Pause) 15067M->14324M(15360M) 10.733ms
[1338.370s] GC(5160) Pause Young (Normal) (G1 Evacuation Pause) 15068M->14326M(15360M) 10.601ms
[1338.475s] GC(5161) Pause Young (Normal) (G1 Evacuation Pause) 15070M->14327M(15360M) 11.381ms
[1338.562s] GC(5162) Pause Young (Normal) (G1 Evacuation Pause) 15071M->14328M(15360M) 10.869ms
[1338.663s] GC(5163) Pause Young (Normal) (G1 Evacuation Pause) 15072M->14329M(15360M) 11.189ms
[1338.774s] GC(5164) Pause Young (Normal) (G1 Evacuation Pause) 15073M->14330M(15360M) 11.221ms
[1338.897s] GC(5165) Pause Young (Normal) (G1 Evacuation Pause) 15074M->14331M(15360M) 11.229ms
[1338.992s] GC(5166) Pause Young (Normal) (G1 Evacuation Pause) 15075M->14332M(15360M) 10.515ms
[1339.111s] GC(5167) Pause Young (Normal) (G1 Evacuation Pause) 15076M->14333M(15360M) 10.686ms
[1339.187s] GC(5168) Pause Young (Normal) (G1 Evacuation Pause) 15077M->14334M(15360M) 11.505ms
[1339.281s] GC(5169) Pause Young (Normal) (G1 Evacuation Pause) 15078M->14335M(15360M) 11.361ms
[1339.364s] GC(5170) Pause Young (Normal) (G1 Evacuation Pause) 15079M->14336M(15360M) 10.882ms
[1339.452s] GC(5171) Pause Young (Normal) (G1 Evacuation Pause) 15080M->14337M(15360M) 10.774ms
[1339.551s] GC(5172) Pause Young (Normal) (G1 Evacuation Pause) 15081M->14339M(15360M) 11.100ms
[1339.668s] GC(5173) Pause Young (Normal) (G1 Evacuation Pause) 15083M->14339M(15360M) 11.133ms
[1339.765s] GC(5174) Pause Young (Normal) (G1 Evacuation Pause) 15083M->14341M(15360M) 11.433ms
[1339.871s] GC(5175) Pause Young (Normal) (G1 Evacuation Pause) 15085M->14342M(15360M) 10.687ms
[1339.985s] GC(5176) Pause Young (Normal) (G1 Evacuation Pause) 15086M->14343M(15360M) 12.270ms
[1340.083s] GC(5177) Pause Young (Normal) (G1 Evacuation Pause) 15087M->14344M(15360M) 11.467ms
[1340.182s] GC(5178) Pause Young (Normal) (G1 Evacuation Pause) 15088M->14345M(15360M) 11.643ms
[1340.277s] GC(5179) Pause Young (Normal) (G1 Evacuation Pause) 15089M->14346M(15360M) 11.647ms
[1340.394s] GC(5180) Pause Young (Normal) (G1 Evacuation Pause) 15090M->14347M(15360M) 11.350ms
[1340.504s] GC(4976) Pause Cleanup 15072M->15072M(15360M) 0.650ms
[1340.521s] GC(5181) Pause Young (Prepare Mixed) (G1 Evacuation Pause) 15091M->14348M(15360M) 12.795ms
[1340.532s] GC(4976) Concurrent Mark Cycle 20727.200ms
[1340.637s] GC(5182) Pause Young (Mixed) (G1 Evacuation Pause) 15092M->14349M(15360M) 12.238ms
[1340.756s] GC(5183) Pause Young (Concurrent Start) (G1 Evacuation Pause) 15093M->14350M(15360M) 13.489ms
[1340.757s] GC(5184) Concurrent Mark Cycle
[1340.865s] GC(5185) Pause Young (Normal) (G1 Evacuation Pause) 15094M->14352M(15360M) 12.013ms
[1340.949s] GC(5186) Pause Young (Normal) (G1 Evacuation Pause) 15096M->14352M(15360M) 12.290ms
[1341.045s] GC(5187) Pause Young (Normal) (G1 Evacuation Pause) 15096M->14354M(15360M) 11.526ms
[1341.133s] GC(5188) Pause Young (Normal) (G1 Evacuation Pause) 15098M->14355M(15360M) 13.036ms
[1341.247s] GC(5189) Pause Young (Normal) (G1 Evacuation Pause) 15099M->14356M(15360M) 11.837ms
[1341.363s] GC(5190) Pause Young (Normal) (G1 Evacuation Pause) 15100M->14357M(15360M) 12.415ms
[1341.472s] GC(5191) Pause Young (Normal) (G1 Evacuation Pause) 15101M->14358M(15360M) 11.395ms
[1341.573s] GC(5192) Pause Young (Normal) (G1 Evacuation Pause) 15102M->14359M(15360M) 10.997ms
[1341.687s] GC(5193) Pause Young (Normal) (G1 Evacuation Pause) 15103M->14360M(15360M) 11.615ms
[1341.781s] GC(5194) Pause Young (Normal) (G1 Evacuation Pause) 15104M->14361M(15360M) 11.217ms
[1341.883s] GC(5195) Pause Young (Normal) (G1 Evacuation Pause) 15105M->14362M(15360M) 10.839ms
[1341.969s] GC(5196) Pause Young (Normal) (G1 Evacuation Pause) 15106M->14363M(15360M) 11.546ms
[1342.074s] GC(5197) Pause Young (Normal) (G1 Evacuation Pause) 15107M->14365M(15360M) 11.510ms
[1342.183s] GC(5198) Pause Young (Normal) (G1 Evacuation Pause) 15109M->14366M(15360M) 10.129ms
[1342.301s] GC(5199) Pause Young (Normal) (G1 Evacuation Pause) 15110M->14367M(15360M) 11.228ms
[1342.405s] GC(5200) Pause Young (Normal) (G1 Evacuation Pause) 15111M->14368M(15360M) 11.416ms
[1342.518s] GC(5201) Pause Young (Normal) (G1 Evacuation Pause) 15112M->14369M(15360M) 10.578ms
[1342.608s] GC(5202) Pause Young (Normal) (G1 Evacuation Pause) 15113M->14370M(15360M) 10.816ms
[1342.720s] GC(5203) Pause Young (Normal) (G1 Evacuation Pause) 15114M->14370M(15360M) 11.001ms
[1342.799s] GC(5204) Pause Young (Normal) (G1 Evacuation Pause) 15114M->14372M(15360M) 12.302ms
[1342.889s] GC(5205) Pause Young (Normal) (G1 Evacuation Pause) 15116M->14373M(15360M) 10.523ms
[1343.022s] GC(5206) Pause Young (Normal) (G1 Evacuation Pause) 15117M->14374M(15360M) 9.986ms
[1343.130s] GC(5207) Pause Young (Normal) (G1 Evacuation Pause) 15118M->14375M(15360M) 9.473ms
[1343.236s] GC(5208) Pause Young (Normal) (G1 Evacuation Pause) 15119M->14376M(15360M) 9.841ms
[1343.340s] GC(5209) Pause Young (Normal) (G1 Evacuation Pause) 15120M->14377M(15360M) 9.470ms
[1343.449s] GC(5210) Pause Young (Normal) (G1 Evacuation Pause) 15121M->14378M(15360M) 9.145ms
[1343.544s] GC(5211) Pause Young (Normal) (G1 Evacuation Pause) 15122M->14379M(15360M) 9.743ms
[1343.653s] GC(5212) Pause Young (Normal) (G1 Evacuation Pause) 15123M->14381M(15360M) 9.336ms
[1343.748s] GC(5213) Pause Young (Normal) (G1 Evacuation Pause) 15125M->14382M(15360M) 9.400ms
[1343.866s] GC(5214) Pause Young (Normal) (G1 Evacuation Pause) 15126M->14383M(15360M) 9.028ms
[1343.970s] GC(5215) Pause Young (Normal) (G1 Evacuation Pause) 15127M->14384M(15360M) 10.209ms
[1344.084s] GC(5216) Pause Young (Normal) (G1 Evacuation Pause) 15128M->14385M(15360M) 10.430ms
[1344.178s] GC(5217) Pause Young (Normal) (G1 Evacuation Pause) 15129M->14386M(15360M) 9.649ms
[1344.293s] GC(5218) Pause Young (Normal) (G1 Evacuation Pause) 15130M->14387M(15360M) 9.628ms
[1344.387s] GC(5219) Pause Young (Normal) (G1 Evacuation Pause) 15131M->14387M(15360M) 9.754ms
[1344.482s] GC(5220) Pause Young (Normal) (G1 Evacuation Pause) 15139M->14389M(15360M) 9.983ms
[1344.568s] GC(5221) Pause Young (Normal) (G1 Evacuation Pause) 15133M->14390M(15360M) 9.433ms
[1344.662s] GC(5222) Pause Young (Normal) (G1 Evacuation Pause) 15134M->14391M(15360M) 9.674ms
[1344.769s] GC(5223) Pause Young (Normal) (G1 Evacuation Pause) 15135M->14393M(15360M) 10.442ms
[1344.889s] GC(5224) Pause Young (Normal) (G1 Evacuation Pause) 15137M->14393M(15360M) 12.268ms
[1344.999s] GC(5225) Pause Young (Normal) (G1 Evacuation Pause) 15137M->14394M(15360M) 10.749ms
[1345.115s] GC(5226) Pause Young (Normal) (G1 Evacuation Pause) 15138M->14396M(15360M) 11.341ms
[1345.204s] GC(5227) Pause Young (Normal) (G1 Evacuation Pause) 15140M->14397M(15360M) 10.642ms
[1345.311s] GC(5228) Pause Young (Normal) (G1 Evacuation Pause) 15141M->14398M(15360M) 11.125ms
[1345.395s] GC(5229) Pause Young (Normal) (G1 Evacuation Pause) 15142M->14399M(15360M) 10.558ms
[1345.503s] GC(5230) Pause Young (Normal) (G1 Evacuation Pause) 15143M->14400M(15360M) 11.080ms
[1345.611s] GC(5231) Pause Young (Normal) (G1 Evacuation Pause) 15144M->14401M(15360M) 10.873ms
[1345.729s] GC(5232) Pause Young (Normal) (G1 Evacuation Pause) 15145M->14402M(15360M) 11.101ms
[1345.835s] GC(5233) Pause Young (Normal) (G1 Evacuation Pause) 15146M->14403M(15360M) 10.920ms
[1345.959s] GC(5234) Pause Young (Normal) (G1 Evacuation Pause) 15147M->14404M(15360M) 9.819ms
[1346.048s] GC(5235) Pause Young (Normal) (G1 Evacuation Pause) 15148M->14406M(15360M) 10.213ms
[1346.144s] GC(5236) Pause Young (Normal) (G1 Evacuation Pause) 15150M->14406M(15360M) 10.991ms
[1346.226s] GC(5237) Pause Young (Normal) (G1 Evacuation Pause) 15150M->14408M(15360M) 10.612ms
[1346.315s] GC(5238) Pause Young (Normal) (G1 Evacuation Pause) 15152M->14409M(15360M) 10.411ms
[1346.421s] GC(5239) Pause Young (Normal) (G1 Evacuation Pause) 15153M->14410M(15360M) 10.248ms
[1346.521s] GC(5240) Pause Young (Normal) (G1 Evacuation Pause) 15154M->14411M(15360M) 9.239ms
[1346.630s] GC(5241) Pause Young (Normal) (G1 Evacuation Pause) 15155M->14412M(15360M) 9.358ms
[1346.726s] GC(5242) Pause Young (Normal) (G1 Evacuation Pause) 15156M->14413M(15360M) 9.476ms
[1346.824s] GC(5243) Pause Young (Normal) (G1 Evacuation Pause) 15157M->14415M(15360M) 10.086ms
[1346.910s] GC(5244) Pause Young (Normal) (G1 Evacuation Pause) 15159M->14415M(15360M) 9.519ms
[1347.002s] GC(5245) Pause Young (Normal) (G1 Evacuation Pause) 15159M->14416M(15360M) 10.092ms
[1347.079s] GC(5246) Pause Young (Normal) (G1 Evacuation Pause) 15160M->14417M(15360M) 9.487ms
[1347.182s] GC(5247) Pause Young (Normal) (G1 Evacuation Pause) 15161M->14418M(15360M) 9.911ms
[1347.287s] GC(5248) Pause Young (Normal) (G1 Evacuation Pause) 15162M->14420M(15360M) 9.907ms
[1347.397s] GC(5249) Pause Young (Normal) (G1 Evacuation Pause) 15164M->14420M(15360M) 10.320ms
[1347.488s] GC(5250) Pause Young (Normal) (G1 Evacuation Pause) 15164M->14422M(15360M) 10.507ms
[1347.590s] GC(5251) Pause Young (Normal) (G1 Evacuation Pause) 15166M->14423M(15360M) 10.062ms
[1347.672s] GC(5252) Pause Young (Normal) (G1 Evacuation Pause) 15167M->14424M(15360M) 10.542ms
[1347.779s] GC(5253) Pause Young (Normal) (G1 Evacuation Pause) 15168M->14425M(15360M) 10.268ms
[1347.854s] GC(5254) Pause Young (Normal) (G1 Evacuation Pause) 15169M->14426M(15360M) 10.529ms
[1347.951s] GC(5255) Pause Young (Normal) (G1 Evacuation Pause) 15170M->14427M(15360M) 10.088ms
[1348.054s] GC(5256) Pause Young (Normal) (G1 Evacuation Pause) 15171M->14428M(15360M) 11.459ms
[1348.180s] GC(5257) Pause Young (Normal) (G1 Evacuation Pause) 15172M->14429M(15360M) 12.979ms
[1348.275s] GC(5258) Pause Young (Normal) (G1 Evacuation Pause) 15173M->14430M(15360M) 10.839ms
[1348.380s] GC(5259) Pause Young (Normal) (G1 Evacuation Pause) 15174M->14432M(15360M) 10.639ms
[1348.466s] GC(5260) Pause Young (Normal) (G1 Evacuation Pause) 15176M->14432M(15360M) 10.758ms
[1348.563s] GC(5261) Pause Young (Normal) (G1 Evacuation Pause) 15176M->14434M(15360M) 11.814ms
[1348.641s] GC(5262) Pause Young (Normal) (G1 Evacuation Pause) 15178M->14434M(15360M) 11.381ms
[1348.750s] GC(5263) Pause Young (Normal) (G1 Evacuation Pause) 15178M->14436M(15360M) 11.670ms
[1348.851s] GC(5264) Pause Young (Normal) (G1 Evacuation Pause) 15180M->14437M(15360M) 10.869ms
[1348.966s] GC(5265) Pause Young (Normal) (G1 Evacuation Pause) 15181M->14438M(15360M) 10.705ms
[1349.091s] GC(5266) Pause Young (Normal) (G1 Evacuation Pause) 15182M->14439M(15360M) 10.513ms
[1349.186s] GC(5267) Pause Young (Normal) (G1 Evacuation Pause) 15183M->14440M(15360M) 10.099ms
[1349.285s] GC(5268) Pause Young (Normal) (G1 Evacuation Pause) 15184M->14441M(15360M) 11.401ms
[1349.372s] GC(5269) Pause Young (Normal) (G1 Evacuation Pause) 15185M->14442M(15360M) 12.928ms
[1349.466s] GC(5270) Pause Young (Normal) (G1 Evacuation Pause) 15186M->14443M(15360M) 11.971ms
[1349.543s] GC(5271) Pause Young (Normal) (G1 Evacuation Pause) 15187M->14444M(15360M) 11.558ms
[1349.643s] GC(5272) Pause Young (Normal) (G1 Evacuation Pause) 15188M->14446M(15360M) 10.703ms
[1349.747s] GC(5273) Pause Young (Normal) (G1 Evacuation Pause) 15190M->14447M(15360M) 11.185ms
[1349.850s] GC(5274) Pause Young (Normal) (G1 Evacuation Pause) 15191M->14448M(15360M) 11.589ms
[1349.954s] GC(5275) Pause Young (Normal) (G1 Evacuation Pause) 15192M->14449M(15360M) 11.375ms
[1350.058s] GC(5276) Pause Young (Normal) (G1 Evacuation Pause) 15193M->14450M(15360M) 11.211ms
[1350.146s] GC(5277) Pause Young (Normal) (G1 Evacuation Pause) 15194M->14451M(15360M) 11.939ms
[1350.241s] GC(5278) Pause Young (Normal) (G1 Evacuation Pause) 15195M->14452M(15360M) 11.350ms
[1350.323s] GC(5279) Pause Young (Normal) (G1 Evacuation Pause) 15196M->14453M(15360M) 11.463ms
[1350.436s] GC(5280) Pause Young (Normal) (G1 Evacuation Pause) 15197M->14454M(15360M) 11.739ms
[1350.538s] GC(5281) Pause Young (Normal) (G1 Evacuation Pause) 15198M->14455M(15360M) 11.723ms
[1350.640s] GC(5282) Pause Young (Normal) (G1 Evacuation Pause) 15199M->14456M(15360M) 11.794ms
[1350.729s] GC(5283) Pause Young (Normal) (G1 Evacuation Pause) 15200M->14457M(15360M) 10.996ms
[1350.838s] GC(5284) Pause Young (Normal) (G1 Evacuation Pause) 15201M->14458M(15360M) 10.355ms
[1350.917s] GC(5285) Pause Young (Normal) (G1 Evacuation Pause) 15202M->14459M(15360M) 11.130ms
[1351.009s] GC(5286) Pause Young (Normal) (G1 Evacuation Pause) 15203M->14461M(15360M) 10.615ms
[1351.082s] GC(5287) Pause Young (Normal) (G1 Evacuation Pause) 15205M->14462M(15360M) 10.805ms
[1351.179s] GC(5288) Pause Young (Normal) (G1 Evacuation Pause) 15206M->14463M(15360M) 10.650ms
[1351.275s] GC(5289) Pause Young (Normal) (G1 Evacuation Pause) 15207M->14464M(15360M) 10.207ms
[1351.394s] GC(5290) Pause Young (Normal) (G1 Evacuation Pause) 15208M->14465M(15360M) 10.817ms
[1351.476s] GC(5291) Pause Young (Normal) (G1 Evacuation Pause) 15209M->14466M(15360M) 9.736ms
[1351.576s] GC(5292) Pause Young (Normal) (G1 Evacuation Pause) 15210M->14467M(15360M) 9.611ms
[1351.656s] GC(5293) Pause Young (Normal) (G1 Evacuation Pause) 15211M->14468M(15360M) 10.222ms
[1351.736s] GC(5294) Pause Young (Normal) (G1 Evacuation Pause) 15212M->14469M(15360M) 10.527ms
[1351.824s] GC(5295) Pause Young (Normal) (G1 Evacuation Pause) 15213M->14470M(15360M) 10.943ms
[1351.901s] GC(5296) Pause Young (Normal) (G1 Evacuation Pause) 15214M->14471M(15360M) 10.736ms
[1352.012s] GC(5297) Pause Young (Normal) (G1 Evacuation Pause) 15215M->14473M(15360M) 9.664ms
[1352.105s] GC(5298) Pause Young (Normal) (G1 Evacuation Pause) 15217M->14474M(15360M) 10.515ms
[1352.208s] GC(5299) Pause Young (Normal) (G1 Evacuation Pause) 15218M->14475M(15360M) 9.737ms
[1352.293s] GC(5300) Pause Young (Normal) (G1 Evacuation Pause) 15219M->14476M(15360M) 10.232ms
[1352.385s] GC(5301) Pause Young (Normal) (G1 Evacuation Pause) 15220M->14477M(15360M) 9.951ms
[1352.459s] GC(5302) Pause Young (Normal) (G1 Evacuation Pause) 15221M->14478M(15360M) 9.720ms
[1352.555s] GC(5303) Pause Young (Normal) (G1 Evacuation Pause) 15222M->14479M(15360M) 11.141ms
[1352.633s] GC(5304) Pause Young (Normal) (G1 Evacuation Pause) 15223M->14479M(15360M) 10.777ms
[1352.728s] GC(5305) Pause Young (Normal) (G1 Evacuation Pause) 15231M->14481M(15360M) 10.612ms
[1352.829s] GC(5306) Pause Young (Normal) (G1 Evacuation Pause) 15225M->14482M(15360M) 10.321ms
[1352.945s] GC(5307) Pause Young (Normal) (G1 Evacuation Pause) 15226M->14483M(15360M) 10.889ms
[1353.041s] GC(5308) Pause Young (Normal) (G1 Evacuation Pause) 15227M->14485M(15360M) 10.901ms
[1353.157s] GC(5309) Pause Young (Normal) (G1 Evacuation Pause) 15229M->14485M(15360M) 10.114ms
[1353.243s] GC(5310) Pause Young (Normal) (G1 Evacuation Pause) 15229M->14487M(15360M) 10.627ms
[1353.340s] GC(5311) Pause Young (Normal) (G1 Evacuation Pause) 15231M->14487M(15360M) 11.236ms
[1353.423s] GC(5312) Pause Young (Normal) (G1 Evacuation Pause) 15231M->14489M(15360M) 11.166ms
[1353.526s] GC(5313) Pause Young (Normal) (G1 Evacuation Pause) 15233M->14490M(15360M) 10.854ms
[1353.631s] GC(5314) Pause Young (Normal) (G1 Evacuation Pause) 15234M->14491M(15360M) 10.396ms
[1353.739s] GC(5315) Pause Young (Normal) (G1 Evacuation Pause) 15235M->14492M(15360M) 11.635ms
[1353.835s] GC(5316) Pause Young (Normal) (G1 Evacuation Pause) 15236M->14493M(15360M) 10.326ms
[1353.939s] GC(5317) Pause Young (Normal) (G1 Evacuation Pause) 15237M->14494M(15360M) 10.222ms
[1354.026s] GC(5318) Pause Young (Normal) (G1 Evacuation Pause) 15238M->14495M(15360M) 10.637ms
[1354.123s] GC(5319) Pause Young (Normal) (G1 Evacuation Pause) 15239M->14496M(15360M) 11.872ms
[1354.202s] GC(5320) Pause Young (Normal) (G1 Evacuation Pause) 15240M->14497M(15360M) 10.556ms
[1354.283s] GC(5321) Pause Young (Normal) (G1 Evacuation Pause) 15241M->14498M(15360M) 10.334ms
[1354.401s] GC(5322) Pause Young (Normal) (G1 Evacuation Pause) 15242M->14499M(15360M) 10.658ms
[1354.508s] GC(5323) Pause Young (Normal) (G1 Evacuation Pause) 15243M->14501M(15360M) 11.864ms
[1354.624s] GC(5324) Pause Young (Normal) (G1 Evacuation Pause) 15245M->14501M(15360M) 10.741ms
[1354.723s] GC(5325) Pause Young (Normal) (G1 Evacuation Pause) 15253M->14502M(15360M) 10.386ms
[1354.829s] GC(5326) Pause Young (Normal) (G1 Evacuation Pause) 15246M->14504M(15360M) 11.424ms
[1354.912s] GC(5327) Pause Young (Normal) (G1 Evacuation Pause) 15248M->14504M(15360M) 11.370ms
[1355.014s] GC(5328) Pause Young (Normal) (G1 Evacuation Pause) 15248M->14506M(15360M) 11.609ms
[1355.099s] GC(5329) Pause Young (Normal) (G1 Evacuation Pause) 15250M->14507M(15360M) 10.538ms
[1355.211s] GC(5330) Pause Young (Normal) (G1 Evacuation Pause) 15251M->14508M(15360M) 10.665ms
[1355.309s] GC(5331) Pause Young (Normal) (G1 Evacuation Pause) 15252M->14509M(15360M) 11.222ms
[1355.411s] GC(5332) Pause Young (Normal) (G1 Evacuation Pause) 15253M->14510M(15360M) 11.127ms
[1355.500s] GC(5333) Pause Young (Normal) (G1 Evacuation Pause) 15254M->14510M(15360M) 10.699ms
[1355.598s] GC(5334) Pause Young (Normal) (G1 Evacuation Pause) 15262M->14513M(15360M) 10.875ms
[1355.678s] GC(5335) Pause Young (Normal) (G1 Evacuation Pause) 15257M->14513M(15360M) 10.382ms
[1355.763s] GC(5336) Pause Young (Normal) (G1 Evacuation Pause) 15257M->14514M(15360M) 11.158ms
[1355.836s] GC(5337) Pause Young (Normal) (G1 Evacuation Pause) 15258M->14515M(15360M) 10.101ms
[1355.924s] GC(5338) Pause Young (Normal) (G1 Evacuation Pause) 15259M->14516M(15360M) 11.295ms
[1356.019s] GC(5339) Pause Young (Normal) (G1 Evacuation Pause) 15260M->14517M(15360M) 10.618ms
[1356.125s] GC(5340) Pause Young (Normal) (G1 Evacuation Pause) 15269M->14518M(15360M) 10.752ms
[1356.214s] GC(5341) Pause Young (Normal) (G1 Evacuation Pause) 15262M->14519M(15360M) 10.350ms
[1356.321s] GC(5342) Pause Young (Normal) (G1 Evacuation Pause) 15263M->14520M(15360M) 10.856ms
[1356.393s] GC(5343) Pause Young (Normal) (G1 Evacuation Pause) 15264M->14521M(15360M) 10.265ms
[1356.487s] GC(5344) Pause Young (Normal) (G1 Evacuation Pause) 15265M->14522M(15360M) 10.383ms
[1356.560s] GC(5345) Pause Young (Normal) (G1 Evacuation Pause) 15266M->14524M(15360M) 10.569ms
[1356.657s] GC(5346) Pause Young (Normal) (G1 Evacuation Pause) 15268M->14525M(15360M) 10.341ms
[1356.756s] GC(5347) Pause Young (Normal) (G1 Evacuation Pause) 15269M->14526M(15360M) 9.867ms
[1356.797s] GC(5184) Pause Remark 14874M->14874M(15360M) 1.767ms
[1356.854s] GC(5348) Pause Young (Normal) (G1 Evacuation Pause) 15270M->14526M(15360M) 10.203ms
[1356.953s] GC(5349) Pause Young (Normal) (G1 Evacuation Pause) 15278M->14528M(15360M) 9.794ms
[1357.046s] GC(5350) Pause Young (Normal) (G1 Evacuation Pause) 15272M->14529M(15360M) 10.259ms
[1357.148s] GC(5351) Pause Young (Normal) (G1 Evacuation Pause) 15273M->14530M(15360M) 10.715ms
[1357.225s] GC(5352) Pause Young (Normal) (G1 Evacuation Pause) 15274M->14531M(15360M) 10.989ms
[1357.305s] GC(5353) Pause Young (Normal) (G1 Evacuation Pause) 15275M->14533M(15360M) 10.112ms
[1357.384s] GC(5354) Pause Young (Normal) (G1 Evacuation Pause) 15277M->14533M(15360M) 11.136ms
[1357.492s] GC(5355) Pause Young (Normal) (G1 Evacuation Pause) 15277M->14534M(15360M) 11.161ms
[1357.601s] GC(5356) Pause Young (Normal) (G1 Evacuation Pause) 15278M->14535M(15360M) 11.272ms
[1357.709s] GC(5357) Pause Young (Normal) (G1 Evacuation Pause) 15279M->14537M(15360M) 11.113ms
[1357.795s] GC(5358) Pause Young (Normal) (G1 Evacuation Pause) 15281M->14537M(15360M) 11.157ms
[1357.890s] GC(5359) Pause Young (Normal) (G1 Evacuation Pause) 15289M->14539M(15360M) 11.675ms
[1357.978s] GC(5360) Pause Young (Normal) (G1 Evacuation Pause) 15283M->14540M(15360M) 11.657ms
[1358.067s] GC(5361) Pause Young (Normal) (G1 Evacuation Pause) 15284M->14541M(15360M) 11.157ms
[1358.148s] GC(5362) Pause Young (Normal) (G1 Evacuation Pause) 15285M->14542M(15360M) 12.102ms
[1358.256s] GC(5363) Pause Young (Normal) (G1 Evacuation Pause) 15286M->14543M(15360M) 11.442ms
[1358.360s] GC(5364) Pause Young (Normal) (G1 Evacuation Pause) 15287M->14544M(15360M) 11.839ms
[1358.482s] GC(5365) Pause Young (Normal) (G1 Evacuation Pause) 15288M->14545M(15360M) 11.910ms
[1358.587s] GC(5366) Pause Young (Normal) (G1 Evacuation Pause) 15289M->14546M(15360M) 12.004ms
[1358.707s] GC(5367) Pause Young (Normal) (G1 Evacuation Pause) 15290M->14548M(15360M) 11.508ms
[1358.801s] GC(5368) Pause Young (Normal) (G1 Evacuation Pause) 15292M->14548M(15360M) 11.562ms
[1358.916s] GC(5369) Pause Young (Normal) (G1 Evacuation Pause) 15300M->14549M(15360M) 11.848ms
[1359.000s] GC(5370) Pause Young (Normal) (G1 Evacuation Pause) 15301M->14550M(15360M) 11.711ms
[1359.100s] GC(5371) Pause Young (Normal) (G1 Evacuation Pause) 15302M->14551M(15360M) 11.380ms
[1359.207s] GC(5372) Pause Young (Normal) (G1 Evacuation Pause) 15303M->14552M(15360M) 12.688ms
[1359.328s] GC(5373) Pause Young (Normal) (G1 Evacuation Pause) 15304M->14553M(15360M) 11.898ms
[1359.441s] GC(5374) Pause Young (Normal) (G1 Evacuation Pause) 15305M->14554M(15360M) 11.544ms
[1359.580s] GC(5375) To-space exhausted
[1359.580s] GC(5375) Pause Young (Normal) (G1 Evacuation Pause) 15306M->15099M(15360M) 35.343ms
[1359.633s] GC(5376) To-space exhausted
[1359.633s] GC(5376) Pause Young (Normal) (G1 Evacuation Pause) 15323M->15323M(15360M) 27.588ms
[1365.177s] GC(5377) Pause Full (G1 Compaction Pause) 15323M->14444M(15360M) 5544.439ms
[1365.178s] GC(5184) Concurrent Mark Cycle 24420.968ms
[1365.245s] GC(5378) Pause Young (Normal) (G1 Evacuation Pause) 15212M->14446M(15360M) 3.341ms
[1365.313s] GC(5379) Pause Young (Concurrent Start) (G1 Evacuation Pause) 15206M->14447M(15360M) 3.643ms
[1365.313s] GC(5380) Concurrent Mark Cycle
[1365.374s] GC(5381) Pause Young (Normal) (G1 Evacuation Pause) 15207M->14448M(15360M) 3.401ms
[1365.439s] GC(5382) Pause Young (Normal) (G1 Evacuation Pause) 15208M->14449M(15360M) 3.908ms
[1365.519s] GC(5383) Pause Young (Normal) (G1 Evacuation Pause) 15209M->14450M(15360M) 4.689ms
[1365.614s] GC(5384) Pause Young (Normal) (G1 Evacuation Pause) 15210M->14452M(15360M) 4.816ms
[1365.686s] GC(5385) Pause Young (Normal) (G1 Evacuation Pause) 15212M->14452M(15360M) 5.144ms
[1365.769s] GC(5386) Pause Young (Normal) (G1 Evacuation Pause) 15212M->14454M(15360M) 5.417ms
[1365.835s] GC(5387) Pause Young (Normal) (G1 Evacuation Pause) 15206M->14455M(15360M) 6.187ms
[1365.907s] GC(5388) Pause Young (Normal) (G1 Evacuation Pause) 15207M->14456M(15360M) 6.868ms
[1365.974s] GC(5389) Pause Young (Normal) (G1 Evacuation Pause) 15208M->14457M(15360M) 6.939ms
[1366.050s] GC(5390) Pause Young (Normal) (G1 Evacuation Pause) 15209M->14458M(15360M) 7.460ms
[1366.133s] GC(5391) Pause Young (Normal) (G1 Evacuation Pause) 15210M->14459M(15360M) 7.814ms
[1366.236s] GC(5392) Pause Young (Normal) (G1 Evacuation Pause) 15211M->14460M(15360M) 8.055ms
[1366.317s] GC(5393) Pause Young (Normal) (G1 Evacuation Pause) 15212M->14461M(15360M) 8.370ms
[1366.406s] GC(5394) Pause Young (Normal) (G1 Evacuation Pause) 15205M->14462M(15360M) 8.857ms
[1366.477s] GC(5395) Pause Young (Normal) (G1 Evacuation Pause) 15206M->14463M(15360M) 8.817ms
[1366.553s] GC(5396) Pause Young (Normal) (G1 Evacuation Pause) 15207M->14464M(15360M) 8.838ms
[1366.637s] GC(5397) Pause Young (Normal) (G1 Evacuation Pause) 15208M->14465M(15360M) 8.956ms
[1366.706s] GC(5398) Pause Young (Normal) (G1 Evacuation Pause) 15209M->14466M(15360M) 9.029ms
[1366.803s] GC(5399) Pause Young (Normal) (G1 Evacuation Pause) 15210M->14467M(15360M) 8.777ms
[1366.893s] GC(5400) Pause Young (Normal) (G1 Evacuation Pause) 15211M->14469M(15360M) 9.040ms
[1366.985s] GC(5401) Pause Young (Normal) (G1 Evacuation Pause) 15213M->14470M(15360M) 8.434ms
[1367.065s] GC(5402) Pause Young (Normal) (G1 Evacuation Pause) 15214M->14471M(15360M) 9.090ms
[1367.147s] GC(5403) Pause Young (Normal) (G1 Evacuation Pause) 15215M->14472M(15360M) 8.558ms
[1367.225s] GC(5404) Pause Young (Normal) (G1 Evacuation Pause) 15216M->14473M(15360M) 9.365ms
[1367.314s] GC(5405) Pause Young (Normal) (G1 Evacuation Pause) 15217M->14474M(15360M) 8.743ms
[1367.389s] GC(5406) Pause Young (Normal) (G1 Evacuation Pause) 15218M->14475M(15360M) 9.081ms
[1367.478s] GC(5407) Pause Young (Normal) (G1 Evacuation Pause) 15219M->14476M(15360M) 9.034ms
[1367.575s] GC(5408) Pause Young (Normal) (G1 Evacuation Pause) 15220M->14477M(15360M) 8.994ms
[1367.671s] GC(5409) Pause Young (Normal) (G1 Evacuation Pause) 15221M->14478M(15360M) 8.761ms
[1367.756s] GC(5410) Pause Young (Normal) (G1 Evacuation Pause) 15222M->14479M(15360M) 9.125ms
[1367.840s] GC(5411) Pause Young (Normal) (G1 Evacuation Pause) 15231M->14481M(15360M) 9.247ms
[1367.921s] GC(5412) Pause Young (Normal) (G1 Evacuation Pause) 15225M->14481M(15360M) 9.632ms
[1368.010s] GC(5413) Pause Young (Normal) (G1 Evacuation Pause) 15225M->14482M(15360M) 10.820ms
[1368.086s] GC(5414) Pause Young (Normal) (G1 Evacuation Pause) 15234M->14484M(15360M) 9.663ms
[1368.165s] GC(5415) Pause Young (Normal) (G1 Evacuation Pause) 15228M->14484M(15360M) 9.361ms
[1368.266s] GC(5416) Pause Young (Normal) (G1 Evacuation Pause) 15228M->14486M(15360M) 9.832ms
[1368.366s] GC(5417) Pause Young (Normal) (G1 Evacuation Pause) 15230M->14487M(15360M) 10.756ms
[1368.458s] GC(5418) Pause Young (Normal) (G1 Evacuation Pause) 15231M->14488M(15360M) 10.034ms
[1368.549s] GC(5419) Pause Young (Normal) (G1 Evacuation Pause) 15232M->14489M(15360M) 9.761ms
[1368.629s] GC(5420) Pause Young (Normal) (G1 Evacuation Pause) 15233M->14490M(15360M) 9.650ms
[1368.714s] GC(5421) Pause Young (Normal) (G1 Evacuation Pause) 15234M->14491M(15360M) 9.624ms
[1368.805s] GC(5422) Pause Young (Normal) (G1 Evacuation Pause) 15235M->14492M(15360M) 10.579ms
[1368.888s] GC(5423) Pause Young (Normal) (G1 Evacuation Pause) 15244M->14493M(15360M) 10.162ms
[1368.991s] GC(5424) Pause Young (Normal) (G1 Evacuation Pause) 15237M->14494M(15360M) 10.454ms
[1369.087s] GC(5425) Pause Young (Normal) (G1 Evacuation Pause) 15238M->14495M(15360M) 10.543ms
[1369.199s] GC(5426) Pause Young (Normal) (G1 Evacuation Pause) 15239M->14496M(15360M) 10.171ms
[1369.290s] GC(5427) Pause Young (Normal) (G1 Evacuation Pause) 15240M->14497M(15360M) 9.357ms
[1369.397s] GC(5428) Pause Young (Normal) (G1 Evacuation Pause) 15241M->14499M(15360M) 10.511ms
[1369.476s] GC(5429) Pause Young (Normal) (G1 Evacuation Pause) 15243M->14499M(15360M) 10.202ms
[1369.557s] GC(5430) Pause Young (Normal) (G1 Evacuation Pause) 15243M->14501M(15360M) 10.417ms
[1369.645s] GC(5431) Pause Young (Normal) (G1 Evacuation Pause) 15245M->14501M(15360M) 9.921ms
[1369.737s] GC(5432) Pause Young (Normal) (G1 Evacuation Pause) 15245M->14503M(15360M) 9.725ms
[1369.833s] GC(5433) Pause Young (Normal) (G1 Evacuation Pause) 15247M->14504M(15360M) 9.359ms
[1369.943s] GC(5434) Pause Young (Normal) (G1 Evacuation Pause) 15248M->14505M(15360M) 9.781ms
[1370.033s] GC(5435) Pause Young (Normal) (G1 Evacuation Pause) 15249M->14506M(15360M) 9.666ms
[1370.133s] GC(5436) Pause Young (Normal) (G1 Evacuation Pause) 15250M->14507M(15360M) 9.489ms
[1370.219s] GC(5437) Pause Young (Normal) (G1 Evacuation Pause) 15251M->14508M(15360M) 9.243ms
[1370.327s] GC(5438) Pause Young (Normal) (G1 Evacuation Pause) 15252M->14509M(15360M) 9.992ms
[1370.414s] GC(5439) Pause Young (Normal) (G1 Evacuation Pause) 15253M->14510M(15360M) 9.679ms
[1370.517s] GC(5440) Pause Young (Normal) (G1 Evacuation Pause) 15254M->14512M(15360M) 9.868ms
[1370.615s] GC(5441) Pause Young (Normal) (G1 Evacuation Pause) 15256M->14512M(15360M) 9.452ms
[1370.729s] GC(5442) Pause Young (Normal) (G1 Evacuation Pause) 15256M->14513M(15360M) 10.093ms
[1370.821s] GC(5443) Pause Young (Normal) (G1 Evacuation Pause) 15257M->14514M(15360M) 9.949ms
[1370.928s] GC(5444) Pause Young (Normal) (G1 Evacuation Pause) 15258M->14516M(15360M) 10.181ms
[1371.003s] GC(5445) Pause Young (Normal) (G1 Evacuation Pause) 15260M->14516M(15360M) 9.359ms
[1371.085s] GC(5446) Pause Young (Normal) (G1 Evacuation Pause) 15260M->14518M(15360M) 10.014ms
[1371.187s] GC(5447) Pause Young (Normal) (G1 Evacuation Pause) 15262M->14518M(15360M) 9.866ms
[1371.270s] GC(5448) Pause Young (Normal) (G1 Evacuation Pause) 15270M->14520M(15360M) 9.381ms
[1371.389s] GC(5449) Pause Young (Normal) (G1 Evacuation Pause) 15264M->14521M(15360M) 10.193ms
[1371.487s] GC(5450) Pause Young (Normal) (G1 Evacuation Pause) 15265M->14522M(15360M) 9.704ms
[1371.595s] GC(5451) Pause Young (Normal) (G1 Evacuation Pause) 15266M->14523M(15360M) 9.651ms
[1371.685s] GC(5452) Pause Young (Normal) (G1 Evacuation Pause) 15267M->14524M(15360M) 9.327ms
[1371.792s] GC(5453) Pause Young (Normal) (G1 Evacuation Pause) 15268M->14525M(15360M) 9.520ms
[1371.875s] GC(5454) Pause Young (Normal) (G1 Evacuation Pause) 15277M->14526M(15360M) 9.616ms
[1371.966s] GC(5455) Pause Young (Normal) (G1 Evacuation Pause) 15278M->14527M(15360M) 9.272ms
[1372.049s] GC(5456) Pause Young (Normal) (G1 Evacuation Pause) 15279M->14528M(15360M) 10.628ms
[1372.149s] GC(5457) Pause Young (Normal) (G1 Evacuation Pause) 15280M->14529M(15360M) 10.026ms
[1372.245s] GC(5458) Pause Young (Normal) (G1 Evacuation Pause) 15281M->14530M(15360M) 9.984ms
[1372.366s] GC(5459) Pause Young (Normal) (G1 Evacuation Pause) 15282M->14531M(15360M) 10.176ms
[1372.463s] GC(5460) Pause Young (Normal) (G1 Evacuation Pause) 15283M->14532M(15360M) 9.788ms
[1372.553s] GC(5461) Pause Young (Normal) (G1 Evacuation Pause) 15284M->14532M(15360M) 10.380ms
[1372.675s] GC(5462) To-space exhausted
[1372.675s] GC(5462) Pause Young (Normal) (G1 Evacuation Pause) 15292M->15300M(15360M) 40.998ms
[1378.390s] GC(5463) Pause Full (G1 Compaction Pause) 15300M->14526M(15360M) 5714.297ms
[1378.390s] GC(5380) Concurrent Mark Cycle 13076.905ms
[1378.469s] GC(5464) Pause Young (Normal) (G1 Evacuation Pause) 15294M->14528M(15360M) 2.807ms
[1378.526s] GC(5465) Pause Young (Concurrent Start) (G1 Evacuation Pause) 15288M->14529M(15360M) 2.786ms
[1378.527s] GC(5466) Concurrent Mark Cycle
[1378.605s] GC(5467) Pause Young (Normal) (G1 Evacuation Pause) 15289M->14530M(15360M) 3.266ms
[1378.681s] GC(5468) Pause Young (Normal) (G1 Evacuation Pause) 15290M->14531M(15360M) 4.166ms
[1378.778s] GC(5469) Pause Young (Normal) (G1 Evacuation Pause) 15291M->14532M(15360M) 4.816ms
[1378.856s] GC(5470) Pause Young (Normal) (G1 Evacuation Pause) 15292M->14533M(15360M) 5.631ms
[1378.948s] GC(5471) Pause Young (Normal) (G1 Evacuation Pause) 15293M->14534M(15360M) 5.135ms
[1379.020s] GC(5472) Pause Young (Normal) (G1 Evacuation Pause) 15286M->14535M(15360M) 6.392ms
[1379.103s] GC(5473) Pause Young (Normal) (G1 Evacuation Pause) 15287M->14536M(15360M) 6.255ms
[1379.174s] GC(5474) Pause Young (Normal) (G1 Evacuation Pause) 15288M->14537M(15360M) 6.728ms
[1379.261s] GC(5475) Pause Young (Normal) (G1 Evacuation Pause) 15289M->14538M(15360M) 7.141ms
[1379.350s] GC(5476) Pause Young (Normal) (G1 Evacuation Pause) 15290M->14539M(15360M) 7.558ms
[1379.458s] GC(5477) Pause Young (Normal) (G1 Evacuation Pause) 15291M->14540M(15360M) 8.141ms
[1379.546s] GC(5478) Pause Young (Normal) (G1 Evacuation Pause) 15292M->14541M(15360M) 8.225ms
[1379.635s] GC(5479) Pause Young (Normal) (G1 Evacuation Pause) 15293M->14543M(15360M) 8.994ms
[1379.726s] GC(5480) Pause Young (Normal) (G1 Evacuation Pause) 15287M->14544M(15360M) 10.359ms
[1379.810s] GC(5481) Pause Young (Normal) (G1 Evacuation Pause) 15288M->14545M(15360M) 10.440ms
[1379.891s] GC(5482) Pause Young (Normal) (G1 Evacuation Pause) 15289M->14546M(15360M) 9.532ms
[1379.971s] GC(5483) Pause Young (Normal) (G1 Evacuation Pause) 15290M->14546M(15360M) 9.477ms
[1380.076s] GC(5484) Pause Young (Normal) (G1 Evacuation Pause) 15290M->14548M(15360M) 9.573ms
[1380.169s] GC(5485) Pause Young (Normal) (G1 Evacuation Pause) 15292M->14549M(15360M) 10.057ms
[1380.273s] GC(5486) Pause Young (Normal) (G1 Evacuation Pause) 15293M->14550M(15360M) 9.720ms
[1380.358s] GC(5487) Pause Young (Normal) (G1 Evacuation Pause) 15294M->14551M(15360M) 9.702ms
[1380.447s] GC(5488) Pause Young (Normal) (G1 Evacuation Pause) 15295M->14552M(15360M) 9.657ms
[1380.529s] GC(5489) Pause Young (Normal) (G1 Evacuation Pause) 15296M->14553M(15360M) 9.741ms
[1380.615s] GC(5490) Pause Young (Normal) (G1 Evacuation Pause) 15297M->14554M(15360M) 10.656ms
[1380.688s] GC(5491) Pause Young (Normal) (G1 Evacuation Pause) 15298M->14555M(15360M) 9.932ms
[1380.794s] GC(5492) Pause Young (Normal) (G1 Evacuation Pause) 15299M->14557M(15360M) 9.491ms
[1380.899s] GC(5493) Pause Young (Normal) (G1 Evacuation Pause) 15301M->14558M(15360M) 9.860ms
[1381.006s] GC(5494) Pause Young (Normal) (G1 Evacuation Pause) 15302M->14558M(15360M) 9.789ms
[1381.097s] GC(5495) Pause Young (Normal) (G1 Evacuation Pause) 15310M->14559M(15360M) 9.628ms
[1381.209s] GC(5496) Pause Young (Normal) (G1 Evacuation Pause) 15311M->14561M(15360M) 9.783ms
[1381.301s] GC(5497) Pause Young (Normal) (G1 Evacuation Pause) 15313M->14562M(15360M) 10.504ms
[1381.405s] GC(5498) Pause Young (Normal) (G1 Evacuation Pause) 15314M->14563M(15360M) 10.592ms
[1381.495s] GC(5499) Pause Young (Normal) (G1 Evacuation Pause) 15315M->14564M(15360M) 10.986ms
[1381.591s] GC(5500) Pause Young (Normal) (G1 Evacuation Pause) 15316M->14565M(15360M) 9.990ms
[1381.704s] GC(5501) Pause Young (Normal) (G1 Evacuation Pause) 15317M->14566M(15360M) 10.086ms
[1381.822s] GC(5502) Pause Young (Normal) (G1 Evacuation Pause) 15318M->14566M(15360M) 10.186ms
[1381.948s] GC(5503) To-space exhausted
[1381.948s] GC(5503) Pause Young (Normal) (G1 Evacuation Pause) 15326M->15334M(15360M) 42.921ms
[1387.189s] GC(5504) Pause Full (G1 Compaction Pause) 15334M->14565M(15360M) 5241.396ms
[1387.190s] GC(5466) Concurrent Mark Cycle 8662.972ms
[1387.306s] GC(5505) To-space exhausted
[1387.306s] GC(5505) Pause Young (Normal) (G1 Evacuation Pause) 15317M->15317M(15360M) 31.511ms
[1392.474s] GC(5506) Pause Full (G1 Compaction Pause) 15317M->14566M(15360M) 5167.655ms
[1392.576s] GC(5507) To-space exhausted
[1392.576s] GC(5507) Pause Young (Concurrent Start) (G1 Evacuation Pause) 15326M->15326M(15360M) 30.172ms
[1392.576s] GC(5509) Concurrent Mark Cycle
[1397.829s] GC(5508) Pause Full (G1 Compaction Pause) 15326M->14566M(15360M) 5252.480ms
[1397.829s] GC(5509) Concurrent Mark Cycle 5252.744ms
[1397.927s] GC(5510) To-space exhausted
[1397.927s] GC(5510) Pause Young (Normal) (G1 Evacuation Pause) 15326M->15326M(15360M) 29.214ms
[1402.934s] GC(5511) Pause Full (G1 Compaction Pause) 15326M->14567M(15360M) 5007.123ms
[1403.045s] GC(5512) To-space exhausted
[1403.045s] GC(5512) Pause Young (Concurrent Start) (G1 Evacuation Pause) 15319M->15319M(15360M) 29.808ms
[1403.045s] GC(5514) Concurrent Mark Cycle
[1408.282s] GC(5513) Pause Full (G1 Compaction Pause) 15319M->14568M(15360M) 5236.486ms
[1408.282s] GC(5514) Concurrent Mark Cycle 5236.678ms
[1408.379s] GC(5515) To-space exhausted
[1408.379s] GC(5515) Pause Young (Normal) (G1 Evacuation Pause) 15320M->15320M(15360M) 32.522ms
[1413.535s] GC(5516) Pause Full (G1 Compaction Pause) 15320M->14569M(15360M) 5155.961ms
[1413.651s] GC(5517) To-space exhausted
[1413.651s] GC(5517) Pause Young (Concurrent Start) (G1 Evacuation Pause) 15321M->15321M(15360M) 29.167ms
[1413.651s] GC(5519) Concurrent Mark Cycle
[1418.917s] GC(5518) Pause Full (G1 Compaction Pause) 15321M->14570M(15360M) 5265.873ms
[1418.917s] GC(5519) Concurrent Mark Cycle 5266.097ms
[1419.029s] GC(5520) To-space exhausted
[1419.029s] GC(5520) Pause Young (Normal) (G1 Evacuation Pause) 15322M->15322M(15360M) 28.163ms
[1423.850s] GC(5521) Pause Full (G1 Compaction Pause) 15322M->14571M(15360M) 4820.292ms
[1423.967s] GC(5522) To-space exhausted
[1423.967s] GC(5522) Pause Young (Concurrent Start) (G1 Evacuation Pause) 15323M->15323M(15360M) 28.655ms
[1423.967s] GC(5524) Concurrent Mark Cycle
[1429.012s] GC(5523) Pause Full (G1 Compaction Pause) 15323M->14572M(15360M) 5044.815ms
[1429.012s] GC(5524) Concurrent Mark Cycle 5044.956ms
[1429.113s] GC(5525) To-space exhausted
[1429.113s] GC(5525) Pause Young (Normal) (G1 Evacuation Pause) 15324M->15324M(15360M) 30.269ms
[1434.116s] GC(5526) Pause Full (G1 Compaction Pause) 15324M->14573M(15360M) 5003.756ms
[1434.224s] GC(5527) To-space exhausted
[1434.224s] GC(5527) Pause Young (Concurrent Start) (G1 Evacuation Pause) 15325M->15325M(15360M) 31.777ms
[1434.224s] GC(5529) Concurrent Mark Cycle
[1439.142s] GC(5528) Pause Full (G1 Compaction Pause) 15325M->14574M(15360M) 4918.045ms
[1439.142s] GC(5529) Concurrent Mark Cycle 4918.213ms
[1439.241s] GC(5530) To-space exhausted
[1439.241s] GC(5530) Pause Young (Normal) (G1 Evacuation Pause) 15326M->15326M(15360M) 31.017ms
[1444.053s] GC(5531) Pause Full (G1 Compaction Pause) 15326M->14575M(15360M) 4811.987ms
[1444.151s] GC(5532) To-space exhausted
[1444.152s] GC(5532) Pause Young (Concurrent Start) (G1 Evacuation Pause) 15335M->15335M(15360M) 30.363ms
[1444.152s] GC(5534) Concurrent Mark Cycle
[1449.240s] GC(5533) Pause Full (G1 Compaction Pause) 15335M->14576M(15360M) 5088.536ms
[1449.240s] GC(5534) Concurrent Mark Cycle 5088.749ms
[1449.323s] GC(5535) To-space exhausted
[1449.323s] GC(5535) Pause Young (Normal) (G1 Evacuation Pause) 15312M->15312M(15360M) 27.014ms
[1454.556s] GC(5536) Pause Full (G1 Compaction Pause) 15312M->14577M(15360M) 5233.551ms
[1454.664s] GC(5537) To-space exhausted
[1454.664s] GC(5537) Pause Young (Concurrent Start) (G1 Evacuation Pause) 15321M->15321M(15360M) 29.774ms
[1454.664s] GC(5539) Concurrent Mark Cycle
[1459.547s] GC(5538) Pause Full (G1 Compaction Pause) 15321M->14578M(15360M) 4883.003ms
[1459.547s] GC(5539) Concurrent Mark Cycle 4883.126ms
[1459.662s] GC(5540) To-space exhausted
[1459.662s] GC(5540) Pause Young (Normal) (G1 Evacuation Pause) 15322M->15322M(15360M) 30.114ms
[1464.649s] GC(5541) Pause Full (G1 Compaction Pause) 15322M->14579M(15360M) 4987.022ms
[1464.764s] GC(5542) To-space exhausted
[1464.764s] GC(5542) Pause Young (Concurrent Start) (G1 Evacuation Pause) 15315M->15315M(15360M) 26.189ms
[1464.765s] GC(5544) Concurrent Mark Cycle
[1469.828s] GC(5543) Pause Full (G1 Compaction Pause) 15315M->14580M(15360M) 5063.670ms
[1469.828s] GC(5544) Concurrent Mark Cycle 5063.863ms
[1469.933s] GC(5545) To-space exhausted
[1469.933s] GC(5545) Pause Young (Normal) (G1 Evacuation Pause) 15332M->15332M(15360M) 31.200ms
[1474.908s] GC(5546) Pause Full (G1 Compaction Pause) 15332M->14581M(15360M) 4975.445ms
[1475.022s] GC(5547) To-space exhausted
[1475.022s] GC(5547) Pause Young (Concurrent Start) (G1 Evacuation Pause) 15333M->15333M(15360M) 31.564ms
[1475.022s] GC(5549) Concurrent Mark Cycle
[1479.840s] GC(5548) Pause Full (G1 Compaction Pause) 15333M->14582M(15360M) 4817.154ms
[1479.840s] GC(5549) Concurrent Mark Cycle 4817.286ms
[1479.930s] GC(5550) To-space exhausted
[1479.930s] GC(5550) Pause Young (Normal) (G1 Evacuation Pause) 15318M->15318M(15360M) 32.211ms
[1482.919s] GC(5551) Pause Full (G1 Compaction Pause) 15318M->14583M(15360M) 2988.734ms
[1482.993s] GC(5552) To-space exhausted
[1482.993s] GC(5552) Pause Young (Concurrent Start) (G1 Evacuation Pause) 15319M->15319M(15360M) 16.658ms
[1482.994s] GC(5554) Concurrent Mark Cycle
[1486.214s] GC(5553) Pause Full (G1 Compaction Pause) 15319M->14584M(15360M) 3220.292ms
[1486.214s] GC(5554) Concurrent Mark Cycle 3220.346ms
[1486.279s] GC(5555) To-space exhausted
[1486.279s] GC(5555) Pause Young (Normal) (G1 Evacuation Pause) 15336M->15336M(15360M) 24.509ms
[1489.471s] GC(5556) Pause Full (G1 Compaction Pause) 15336M->14585M(15360M) 3192.474ms
[1489.533s] GC(5557) To-space exhausted
[1489.533s] GC(5557) Pause Young (Concurrent Start) (G1 Evacuation Pause) 15321M->15321M(15360M) 19.037ms
[1489.533s] GC(5559) Concurrent Mark Cycle
[1492.842s] GC(5558) Pause Full (G1 Compaction Pause) 15321M->14586M(15360M) 3308.480ms
[1492.842s] GC(5559) Concurrent Mark Cycle 3308.602ms
[1492.909s] GC(5560) To-space exhausted
[1492.909s] GC(5560) Pause Young (Normal) (G1 Evacuation Pause) 15322M->15322M(15360M) 16.957ms
[1496.208s] GC(5561) Pause Full (G1 Compaction Pause) 15322M->14587M(15360M) 3298.450ms
[1496.275s] GC(5562) To-space exhausted
[1496.275s] GC(5562) Pause Young (Concurrent Start) (G1 Evacuation Pause) 15331M->15331M(15360M) 16.527ms
[1496.275s] GC(5564) Concurrent Mark Cycle
[1499.329s] GC(5563) Pause Full (G1 Compaction Pause) 15331M->14588M(15360M) 3054.507ms
[1499.330s] GC(5564) Concurrent Mark Cycle 3054.676ms
[1499.391s] GC(5565) To-space exhausted
[1499.391s] GC(5565) Pause Young (Normal) (G1 Evacuation Pause) 15324M->15324M(15360M) 17.192ms
[1502.633s] GC(5566) Pause Full (G1 Compaction Pause) 15324M->14589M(15360M) 3241.898ms
[1502.699s] GC(5567) To-space exhausted
[1502.699s] GC(5567) Pause Young (Concurrent Start) (G1 Evacuation Pause) 15325M->15325M(15360M) 18.030ms
[1502.699s] GC(5569) Concurrent Mark Cycle
[1506.006s] GC(5568) Pause Full (G1 Compaction Pause) 15325M->14589M(15360M) 3306.320ms
[1506.006s] GC(5569) Concurrent Mark Cycle 3306.645ms
[1506.060s] GC(5570) To-space exhausted
[1506.060s] GC(5570) Pause Young (Normal) (G1 Evacuation Pause) 15333M->15333M(15360M) 16.423ms
[1509.257s] GC(5571) Pause Full (G1 Compaction Pause) 15333M->14591M(15360M) 3197.000ms
[1509.316s] GC(5572) To-space exhausted
[1509.316s] GC(5572) Pause Young (Concurrent Start) (G1 Evacuation Pause) 15318M->15318M(15360M) 17.747ms
[1509.316s] GC(5574) Concurrent Mark Cycle
[1512.692s] GC(5573) Pause Full (G1 Compaction Pause) 15318M->14591M(15360M) 3376.595ms
[1512.693s] GC(5574) Concurrent Mark Cycle 3376.703ms
[1512.754s] GC(5575) To-space exhausted
[1512.754s] GC(5575) Pause Young (Normal) (G1 Evacuation Pause) 15311M->15311M(15360M) 16.388ms
[1515.903s] GC(5576) Pause Full (G1 Compaction Pause) 15311M->14592M(15360M) 3148.951ms
[1515.957s] GC(5577) To-space exhausted
[1515.957s] GC(5577) Pause Young (Concurrent Start) (G1 Evacuation Pause) 15304M->15304M(15360M) 17.827ms
[1515.957s] GC(5579) Concurrent Mark Cycle
[1519.141s] GC(5578) Pause Full (G1 Compaction Pause) 15304M->14593M(15360M) 3184.114ms
[1519.141s] GC(5579) Concurrent Mark Cycle 3184.268ms
[1519.202s] GC(5580) To-space exhausted
[1519.202s] GC(5580) Pause Young (Normal) (G1 Evacuation Pause) 15337M->15337M(15360M) 17.673ms
[1522.260s] GC(5581) Pause Full (G1 Compaction Pause) 15337M->14594M(15360M) 3057.990ms
[1522.326s] GC(5582) To-space exhausted
[1522.326s] GC(5582) Pause Young (Concurrent Start) (G1 Evacuation Pause) 15298M->15298M(15360M) 17.683ms
[1522.326s] GC(5584) Concurrent Mark Cycle
[1525.546s] GC(5583) Pause Full (G1 Compaction Pause) 15298M->14595M(15360M) 3219.758ms
[1525.546s] GC(5584) Concurrent Mark Cycle 3219.834ms
[1525.609s] GC(5585) To-space exhausted
[1525.609s] GC(5585) Pause Young (Normal) (G1 Evacuation Pause) 15323M->15323M(15360M) 16.971ms
[1528.753s] GC(5586) Pause Full (G1 Compaction Pause) 15323M->14596M(15360M) 3143.659ms
[1528.812s] GC(5587) To-space exhausted
[1528.812s] GC(5587) Pause Young (Concurrent Start) (G1 Evacuation Pause) 15300M->15300M(15360M) 17.578ms
[1528.812s] GC(5589) Concurrent Mark Cycle
[1531.984s] GC(5588) Pause Full (G1 Compaction Pause) 15300M->14597M(15360M) 3172.224ms
[1531.985s] GC(5589) Concurrent Mark Cycle 3172.426ms
[1532.053s] GC(5590) To-space exhausted
[1532.053s] GC(5590) Pause Young (Normal) (G1 Evacuation Pause) 15301M->15301M(15360M) 18.842ms
[1535.536s] GC(5591) Pause Full (G1 Compaction Pause) 15301M->14598M(15360M) 3483.040ms
[1535.594s] GC(5592) To-space exhausted
[1535.595s] GC(5592) Pause Young (Concurrent Start) (G1 Evacuation Pause) 15302M->15302M(15360M) 17.132ms
[1535.595s] GC(5594) Concurrent Mark Cycle
[1538.659s] GC(5593) Pause Full (G1 Compaction Pause) 15302M->14599M(15360M) 3064.779ms
[1538.660s] GC(5594) Concurrent Mark Cycle 3064.854ms
[1538.724s] GC(5595) To-space exhausted
[1538.725s] GC(5595) Pause Young (Normal) (G1 Evacuation Pause) 15303M->15303M(15360M) 16.209ms
[1541.874s] GC(5596) Pause Full (G1 Compaction Pause) 15303M->14600M(15360M) 3149.656ms
[1541.929s] GC(5597) To-space exhausted
[1541.929s] GC(5597) Pause Young (Concurrent Start) (G1 Evacuation Pause) 15304M->15304M(15360M) 17.450ms
[1541.930s] GC(5599) Concurrent Mark Cycle
[1545.234s] GC(5598) Pause Full (G1 Compaction Pause) 15304M->14601M(15360M) 3304.447ms
[1545.234s] GC(5599) Concurrent Mark Cycle 3304.611ms
[1545.286s] GC(5600) To-space exhausted
[1545.286s] GC(5600) Pause Young (Normal) (G1 Evacuation Pause) 15305M->15305M(15360M) 16.579ms
[1548.267s] GC(5601) Pause Full (G1 Compaction Pause) 15305M->14602M(15360M) 2980.059ms
[1548.339s] GC(5602) To-space exhausted
[1548.339s] GC(5602) Pause Young (Concurrent Start) (G1 Evacuation Pause) 15306M->15306M(15360M) 15.957ms
[1548.339s] GC(5604) Concurrent Mark Cycle
[1551.396s] GC(5603) Pause Full (G1 Compaction Pause) 15306M->14603M(15360M) 3057.012ms
[1551.396s] GC(5604) Concurrent Mark Cycle 3057.153ms
[1551.458s] GC(5605) To-space exhausted
[1551.458s] GC(5605) Pause Young (Normal) (G1 Evacuation Pause) 15307M->15307M(15360M) 15.436ms
[1554.631s] GC(5606) Pause Full (G1 Compaction Pause) 15307M->14603M(15360M) 3173.458ms
[1554.700s] GC(5607) To-space exhausted
[1554.700s] GC(5607) Pause Young (Concurrent Start) (G1 Evacuation Pause) 15315M->15315M(15360M) 16.102ms
[1554.700s] GC(5609) Concurrent Mark Cycle
[1558.190s] GC(5608) Pause Full (G1 Compaction Pause) 15315M->14604M(15360M) 3490.241ms
[1558.190s] GC(5609) Concurrent Mark Cycle 3490.407ms
[1558.249s] GC(5610) To-space exhausted
[1558.249s] GC(5610) Pause Young (Normal) (G1 Evacuation Pause) 15324M->15324M(15360M) 16.698ms
[1561.644s] GC(5611) Pause Full (G1 Compaction Pause) 15324M->14605M(15360M) 3394.500ms
[1561.715s] GC(5612) To-space exhausted
[1561.715s] GC(5612) Pause Young (Concurrent Start) (G1 Evacuation Pause) 15317M->15317M(15360M) 17.475ms
[1561.715s] GC(5614) Concurrent Mark Cycle
[1564.975s] GC(5613) Pause Full (G1 Compaction Pause) 15317M->14606M(15360M) 3259.662ms
[1564.975s] GC(5614) Concurrent Mark Cycle 3259.837ms
[1565.033s] GC(5615) To-space exhausted
[1565.033s] GC(5615) Pause Young (Normal) (G1 Evacuation Pause) 15310M->15310M(15360M) 16.728ms
[1568.124s] GC(5616) Pause Full (G1 Compaction Pause) 15310M->14607M(15360M) 3090.409ms
[1568.186s] GC(5617) To-space exhausted
[1568.186s] GC(5617) Pause Young (Concurrent Start) (G1 Evacuation Pause) 15319M->15319M(15360M) 17.951ms
[1568.186s] GC(5619) Concurrent Mark Cycle
[1571.551s] GC(5618) Pause Full (G1 Compaction Pause) 15319M->14608M(15360M) 3365.253ms
[1571.551s] GC(5619) Concurrent Mark Cycle 3365.422ms
[1571.608s] GC(5620) To-space exhausted
[1571.608s] GC(5620) Pause Young (Normal) (G1 Evacuation Pause) 15312M->15312M(15360M) 18.544ms
[1574.988s] GC(5621) Pause Full (G1 Compaction Pause) 15312M->14609M(15360M) 3379.264ms
[1575.063s] GC(5622) To-space exhausted
[1575.063s] GC(5622) Pause Young (Concurrent Start) (G1 Evacuation Pause) 15313M->15313M(15360M) 21.506ms
[1575.063s] GC(5624) Concurrent Mark Cycle
[1578.624s] GC(5623) Pause Full (G1 Compaction Pause) 15313M->14610M(15360M) 3560.644ms
[1578.624s] GC(5624) Concurrent Mark Cycle 3560.876ms
[1578.702s] GC(5625) To-space exhausted
[1578.702s] GC(5625) Pause Young (Normal) (G1 Evacuation Pause) 15314M->15314M(15360M) 21.022ms
[1582.462s] GC(5626) Pause Full (G1 Compaction Pause) 15314M->14611M(15360M) 3759.680ms
[1582.550s] GC(5627) To-space exhausted
[1582.550s] GC(5627) Pause Young (Concurrent Start) (G1 Evacuation Pause) 15315M->15315M(15360M) 24.814ms
[1582.550s] GC(5629) Concurrent Mark Cycle
[1587.047s] GC(5628) Pause Full (G1 Compaction Pause) 15315M->14612M(15360M) 4497.506ms
[1587.047s] GC(5629) Concurrent Mark Cycle 4497.638ms
[1587.151s] GC(5630) To-space exhausted
[1587.151s] GC(5630) Pause Young (Normal) (G1 Evacuation Pause) 15316M->15316M(15360M) 23.481ms
[1592.327s] GC(5631) Pause Full (G1 Compaction Pause) 15316M->14613M(15360M) 5176.660ms
[1592.436s] GC(5632) To-space exhausted
[1592.436s] GC(5632) Pause Young (Concurrent Start) (G1 Evacuation Pause) 15317M->15317M(15360M) 31.986ms
[1592.436s] GC(5634) Concurrent Mark Cycle
[1597.797s] GC(5633) Pause Full (G1 Compaction Pause) 15317M->14614M(15360M) 5361.481ms
[1597.798s] GC(5634) Concurrent Mark Cycle 5361.702ms
[1597.906s] GC(5635) To-space exhausted
[1597.907s] GC(5635) Pause Young (Normal) (G1 Evacuation Pause) 15318M->15318M(15360M) 30.675ms
[1603.051s] GC(5636) Pause Full (G1 Compaction Pause) 15318M->14615M(15360M) 5144.681ms
[1603.142s] GC(5637) To-space exhausted
[1603.142s] GC(5637) Pause Young (Concurrent Start) (G1 Evacuation Pause) 15319M->15319M(15360M) 30.269ms
[1603.142s] GC(5639) Concurrent Mark Cycle
[1608.352s] GC(5638) Pause Full (G1 Compaction Pause) 15319M->14615M(15360M) 5209.828ms
[1608.353s] GC(5639) Concurrent Mark Cycle 5210.118ms
[1608.461s] GC(5640) To-space exhausted
[1608.461s] GC(5640) Pause Young (Normal) (G1 Evacuation Pause) 15319M->15319M(15360M) 26.403ms
[1613.459s] GC(5641) Pause Full (G1 Compaction Pause) 15319M->14616M(15360M) 4998.191ms
[1613.554s] GC(5642) To-space exhausted
[1613.554s] GC(5642) Pause Young (Concurrent Start) (G1 Evacuation Pause) 15320M->15320M(15360M) 29.594ms
[1613.554s] GC(5644) Concurrent Mark Cycle
[1618.801s] GC(5643) Pause Full (G1 Compaction Pause) 15320M->14617M(15360M) 5246.204ms
[1618.801s] GC(5644) Concurrent Mark Cycle 5246.425ms
[1618.893s] GC(5645) To-space exhausted
[1618.893s] GC(5645) Pause Young (Normal) (G1 Evacuation Pause) 15329M->15329M(15360M) 27.662ms
[1623.543s] GC(5646) Pause Full (G1 Compaction Pause) 15329M->14618M(15360M) 4650.086ms
[1623.636s] GC(5647) To-space exhausted
[1623.636s] GC(5647) Pause Young (Concurrent Start) (G1 Evacuation Pause) 15290M->15290M(15360M) 25.582ms
[1623.636s] GC(5649) Concurrent Mark Cycle
[1628.717s] GC(5648) Pause Full (G1 Compaction Pause) 15290M->14619M(15360M) 5081.060ms
[1628.717s] GC(5649) Concurrent Mark Cycle 5081.328ms
[1628.820s] GC(5650) To-space exhausted
[1628.820s] GC(5650) Pause Young (Normal) (G1 Evacuation Pause) 15291M->15291M(15360M) 25.042ms
[1633.743s] GC(5651) Pause Full (G1 Compaction Pause) 15291M->14620M(15360M) 4922.431ms
[1633.849s] GC(5652) To-space exhausted
[1633.849s] GC(5652) Pause Young (Concurrent Start) (G1 Evacuation Pause) 15300M->15300M(15360M) 30.927ms
[1633.849s] GC(5653) Concurrent Mark Cycle
[1639.012s] GC(5654) Pause Full (G1 Compaction Pause) 15300M->14621M(15360M) 5163.317ms
[1639.012s] GC(5653) Concurrent Mark Cycle 5163.531ms
[1639.104s] GC(5655) To-space exhausted
[1639.104s] GC(5655) Pause Young (Normal) (G1 Evacuation Pause) 15293M->15293M(15360M) 25.409ms
[1644.270s] GC(5656) Pause Full (G1 Compaction Pause) 15293M->14622M(15360M) 5165.875ms
[1644.369s] GC(5657) To-space exhausted
[1644.369s] GC(5657) Pause Young (Concurrent Start) (G1 Evacuation Pause) 15294M->15294M(15360M) 26.748ms
[1644.370s] GC(5659) Concurrent Mark Cycle
[1649.542s] GC(5658) Pause Full (G1 Compaction Pause) 15294M->14623M(15360M) 5172.016ms
[1649.542s] GC(5659) Concurrent Mark Cycle 5172.142ms
[1649.636s] GC(5660) To-space exhausted
[1649.636s] GC(5660) Pause Young (Normal) (G1 Evacuation Pause) 15295M->15295M(15360M) 28.278ms
[1654.970s] GC(5661) Pause Full (G1 Compaction Pause) 15295M->14623M(15360M) 5333.551ms
[1655.076s] GC(5662) To-space exhausted
[1655.076s] GC(5662) Pause Young (Concurrent Start) (G1 Evacuation Pause) 15303M->15303M(15360M) 31.284ms
[1655.076s] GC(5664) Concurrent Mark Cycle
[1660.758s] GC(5663) Pause Full (G1 Compaction Pause) 15303M->14624M(15360M) 5681.844ms
[1660.758s] GC(5664) Concurrent Mark Cycle 5682.148ms
[1660.844s] GC(5665) To-space exhausted
[1660.844s] GC(5665) Pause Young (Normal) (G1 Evacuation Pause) 15296M->15296M(15360M) 28.389ms
[1666.008s] GC(5666) Pause Full (G1 Compaction Pause) 15296M->14625M(15360M) 5163.913ms
[1666.097s] GC(5667) To-space exhausted
[1666.097s] GC(5667) Pause Young (Concurrent Start) (G1 Evacuation Pause) 15313M->15313M(15360M) 28.626ms
[1666.097s] GC(5669) Concurrent Mark Cycle
[1671.037s] GC(5668) Pause Full (G1 Compaction Pause) 15313M->14626M(15360M) 4939.520ms
[1671.037s] GC(5669) Concurrent Mark Cycle 4939.663ms
[1671.136s] GC(5670) To-space exhausted
[1671.136s] GC(5670) Pause Young (Normal) (G1 Evacuation Pause) 15298M->15298M(15360M) 28.771ms
[1676.263s] GC(5671) Pause Full (G1 Compaction Pause) 15298M->14627M(15360M) 5127.061ms
[1676.362s] GC(5672) To-space exhausted
[1676.362s] GC(5672) Pause Young (Concurrent Start) (G1 Evacuation Pause) 15299M->15299M(15360M) 26.422ms
[1676.362s] GC(5674) Concurrent Mark Cycle
[1681.685s] GC(5673) Pause Full (G1 Compaction Pause) 15299M->14628M(15360M) 5323.353ms
[1681.685s] GC(5674) Concurrent Mark Cycle 5323.551ms
[1681.814s] GC(5675) To-space exhausted
[1681.814s] GC(5675) Pause Young (Normal) (G1 Evacuation Pause) 15316M->15316M(15360M) 36.360ms
[1687.532s] GC(5676) Pause Full (G1 Compaction Pause) 15316M->14629M(15360M) 5718.051ms
[1687.625s] GC(5677) To-space exhausted
[1687.626s] GC(5677) Pause Young (Concurrent Start) (G1 Evacuation Pause) 15317M->15317M(15360M) 26.348ms
[1687.626s] GC(5679) Concurrent Mark Cycle
[1693.140s] GC(5678) Pause Full (G1 Compaction Pause) 15317M->14630M(15360M) 5514.208ms
[1693.140s] GC(5679) Concurrent Mark Cycle 5514.466ms
[1693.248s] GC(5680) To-space exhausted
[1693.248s] GC(5680) Pause Young (Normal) (G1 Evacuation Pause) 15302M->15302M(15360M) 27.186ms
[1698.242s] GC(5681) Pause Full (G1 Compaction Pause) 15302M->14630M(15360M) 4994.003ms
[1698.326s] GC(5682) To-space exhausted
[1698.326s] GC(5682) Pause Young (Concurrent Start) (G1 Evacuation Pause) 15302M->15302M(15360M) 26.791ms
[1698.326s] GC(5684) Concurrent Mark Cycle
[1703.692s] GC(5683) Pause Full (G1 Compaction Pause) 15302M->14631M(15360M) 5366.277ms
[1703.692s] GC(5684) Concurrent Mark Cycle 5366.560ms
[1703.792s] GC(5685) To-space exhausted
[1703.792s] GC(5685) Pause Young (Normal) (G1 Evacuation Pause) 15303M->15303M(15360M) 25.432ms
[1708.714s] GC(5686) Pause Full (G1 Compaction Pause) 15303M->14632M(15360M) 4922.099ms
[1708.798s] GC(5687) To-space exhausted
[1708.798s] GC(5687) Pause Young (Concurrent Start) (G1 Evacuation Pause) 15320M->15320M(15360M) 26.079ms
[1708.798s] GC(5689) Concurrent Mark Cycle
[1713.944s] GC(5688) Pause Full (G1 Compaction Pause) 15320M->14633M(15360M) 5145.894ms
[1713.944s] GC(5689) Concurrent Mark Cycle 5145.992ms
[1714.025s] GC(5690) To-space exhausted
[1714.026s] GC(5690) Pause Young (Normal) (G1 Evacuation Pause) 15313M->15313M(15360M) 28.001ms
[1719.185s] GC(5691) Pause Full (G1 Compaction Pause) 15313M->14634M(15360M) 5159.081ms
[1719.286s] GC(5692) To-space exhausted
[1719.287s] GC(5692) Pause Young (Concurrent Start) (G1 Evacuation Pause) 15306M->15306M(15360M) 27.226ms
[1719.287s] GC(5694) Concurrent Mark Cycle
[1724.382s] GC(5693) Pause Full (G1 Compaction Pause) 15306M->14635M(15360M) 5095.434ms
[1724.382s] GC(5694) Concurrent Mark Cycle 5095.677ms
[1724.483s] GC(5695) To-space exhausted
[1724.483s] GC(5695) Pause Young (Normal) (G1 Evacuation Pause) 15307M->15307M(15360M) 27.190ms
[1729.739s] GC(5696) Pause Full (G1 Compaction Pause) 15307M->14636M(15360M) 5256.476ms
[1729.835s] GC(5697) To-space exhausted
[1729.835s] GC(5697) Pause Young (Concurrent Start) (G1 Evacuation Pause) 15308M->15308M(15360M) 24.634ms
[1729.835s] GC(5699) Concurrent Mark Cycle
[1735.052s] GC(5698) Pause Full (G1 Compaction Pause) 15308M->14636M(15360M) 5216.814ms
[1735.052s] GC(5699) Concurrent Mark Cycle 5217.103ms
[1735.145s] GC(5700) To-space exhausted
[1735.145s] GC(5700) Pause Young (Normal) (G1 Evacuation Pause) 15308M->15308M(15360M) 26.715ms
[1740.447s] GC(5701) Pause Full (G1 Compaction Pause) 15308M->14637M(15360M) 5302.487ms
[1740.554s] GC(5702) To-space exhausted
[1740.554s] GC(5702) Pause Young (Concurrent Start) (G1 Evacuation Pause) 15309M->15309M(15360M) 29.287ms
[1740.554s] GC(5704) Concurrent Mark Cycle
[1745.566s] GC(5703) Pause Full (G1 Compaction Pause) 15309M->14638M(15360M) 5012.315ms
[1745.566s] GC(5704) Concurrent Mark Cycle 5012.609ms
[1745.651s] GC(5705) To-space exhausted
[1745.652s] GC(5705) Pause Young (Normal) (G1 Evacuation Pause) 15310M->15310M(15360M) 26.020ms
[1750.642s] GC(5706) Pause Full (G1 Compaction Pause) 15310M->14639M(15360M) 4990.206ms
[1750.726s] GC(5707) To-space exhausted
[1750.726s] GC(5707) Pause Young (Concurrent Start) (G1 Evacuation Pause) 15311M->15311M(15360M) 26.910ms
[1750.726s] GC(5709) Concurrent Mark Cycle
[1755.580s] GC(5708) Pause Full (G1 Compaction Pause) 15311M->14640M(15360M) 4853.679ms
[1755.580s] GC(5709) Concurrent Mark Cycle 4853.771ms
[1755.645s] GC(5710) To-space exhausted
[1755.645s] GC(5710) Pause Young (Normal) (G1 Evacuation Pause) 15312M->15312M(15360M) 14.688ms
[1758.702s] GC(5711) Pause Full (G1 Compaction Pause) 15312M->14641M(15360M) 3057.229ms
[1758.747s] GC(5712) To-space exhausted
[1758.747s] GC(5712) Pause Young (Concurrent Start) (G1 Evacuation Pause) 15313M->15313M(15360M) 14.555ms
[1758.747s] GC(5714) Concurrent Mark Cycle
[1761.857s] GC(5713) Pause Full (G1 Compaction Pause) 15313M->14642M(15360M) 3110.528ms
[1761.858s] GC(5714) Concurrent Mark Cycle 3110.729ms
[1761.913s] GC(5715) To-space exhausted
[1761.913s] GC(5715) Pause Young (Normal) (G1 Evacuation Pause) 15322M->15322M(15360M) 14.795ms
[1765.038s] GC(5716) Pause Full (G1 Compaction Pause) 15322M->14643M(15360M) 3124.476ms
[1765.097s] GC(5717) To-space exhausted
[1765.097s] GC(5717) Pause Young (Concurrent Start) (G1 Evacuation Pause) 15315M->15315M(15360M) 14.761ms
[1765.097s] GC(5719) Concurrent Mark Cycle
[1768.125s] GC(5718) Pause Full (G1 Compaction Pause) 15315M->14644M(15360M) 3027.416ms
[1768.125s] GC(5719) Concurrent Mark Cycle 3027.565ms
[1768.186s] GC(5720) To-space exhausted
[1768.186s] GC(5720) Pause Young (Normal) (G1 Evacuation Pause) 15316M->15316M(15360M) 14.097ms
[1771.165s] GC(5721) Pause Full (G1 Compaction Pause) 15316M->14645M(15360M) 2979.138ms
[1771.213s] GC(5722) To-space exhausted
[1771.213s] GC(5722) Pause Young (Concurrent Start) (G1 Evacuation Pause) 15301M->15301M(15360M) 14.592ms
[1771.213s] GC(5724) Concurrent Mark Cycle
[1774.157s] GC(5723) Pause Full (G1 Compaction Pause) 15301M->14646M(15360M) 2943.567ms
[1774.157s] GC(5724) Concurrent Mark Cycle 2943.719ms
[1774.206s] GC(5725) To-space exhausted
[1774.206s] GC(5725) Pause Young (Normal) (G1 Evacuation Pause) 15302M->15302M(15360M) 14.903ms
[1777.064s] GC(5726) Pause Full (G1 Compaction Pause) 15302M->14647M(15360M) 2858.209ms
[1777.120s] GC(5727) To-space exhausted
[1777.120s] GC(5727) Pause Young (Concurrent Start) (G1 Evacuation Pause) 15319M->15319M(15360M) 16.980ms
[1777.120s] GC(5729) Concurrent Mark Cycle
[1780.282s] GC(5728) Pause Full (G1 Compaction Pause) 15319M->14647M(15360M) 3162.389ms
[1780.282s] GC(5729) Concurrent Mark Cycle 3162.510ms
[1780.332s] GC(5730) To-space exhausted
[1780.332s] GC(5730) Pause Young (Normal) (G1 Evacuation Pause) 15303M->15303M(15360M) 14.493ms
[1783.582s] GC(5731) Pause Full (G1 Compaction Pause) 15303M->14648M(15360M) 3250.768ms
[1783.640s] GC(5732) To-space exhausted
[1783.640s] GC(5732) Pause Young (Concurrent Start) (G1 Evacuation Pause) 15312M->15312M(15360M) 16.226ms
[1783.640s] GC(5734) Concurrent Mark Cycle
[1786.891s] GC(5733) Pause Full (G1 Compaction Pause) 15312M->14649M(15360M) 3250.553ms
[1786.891s] GC(5734) Concurrent Mark Cycle 3250.745ms
[1786.939s] GC(5735) To-space exhausted
[1786.939s] GC(5735) Pause Young (Normal) (G1 Evacuation Pause) 15313M->15313M(15360M) 16.302ms
[1790.203s] GC(5736) Pause Full (G1 Compaction Pause) 15313M->14650M(15360M) 3263.191ms
[1790.262s] GC(5737) To-space exhausted
[1790.262s] GC(5737) Pause Young (Concurrent Start) (G1 Evacuation Pause) 15306M->15306M(15360M) 18.868ms
[1790.262s] GC(5739) Concurrent Mark Cycle
[1793.644s] GC(5738) Pause Full (G1 Compaction Pause) 15306M->14651M(15360M) 3382.567ms
[1793.645s] GC(5739) Concurrent Mark Cycle 3382.750ms
[1793.708s] GC(5740) To-space exhausted
[1793.708s] GC(5740) Pause Young (Normal) (G1 Evacuation Pause) 15307M->15307M(15360M) 15.620ms
[1797.168s] GC(5741) Pause Full (G1 Compaction Pause) 15307M->14652M(15360M) 3459.654ms
[1797.232s] GC(5742) To-space exhausted
[1797.232s] GC(5742) Pause Young (Concurrent Start) (G1 Evacuation Pause) 15308M->15308M(15360M) 16.594ms
[1797.232s] GC(5744) Concurrent Mark Cycle
[1800.832s] GC(5743) Pause Full (G1 Compaction Pause) 15308M->14652M(15360M) 3599.593ms
[1800.832s] GC(5744) Concurrent Mark Cycle 3599.764ms
[1800.910s] GC(5745) To-space exhausted
[1800.910s] GC(5745) Pause Young (Normal) (G1 Evacuation Pause) 15316M->15316M(15360M) 19.519ms
[1804.692s] GC(5746) Pause Full (G1 Compaction Pause) 15316M->14653M(15360M) 3781.368ms
[1804.766s] GC(5747) To-space exhausted
[1804.766s] GC(5747) Pause Young (Concurrent Start) (G1 Evacuation Pause) 15317M->15317M(15360M) 21.445ms
[1804.766s] GC(5749) Concurrent Mark Cycle
[1809.169s] GC(5748) Pause Full (G1 Compaction Pause) 15317M->14654M(15360M) 4402.552ms
[1809.169s] GC(5749) Concurrent Mark Cycle 4402.831ms
[1809.268s] GC(5750) To-space exhausted
[1809.268s] GC(5750) Pause Young (Normal) (G1 Evacuation Pause) 15318M->15318M(15360M) 28.175ms
[1814.414s] GC(5751) Pause Full (G1 Compaction Pause) 15318M->14655M(15360M) 5145.612ms
[1814.503s] GC(5752) To-space exhausted
[1814.503s] GC(5752) Pause Young (Concurrent Start) (G1 Evacuation Pause) 15311M->15311M(15360M) 27.600ms
[1814.503s] GC(5754) Concurrent Mark Cycle
[1819.792s] GC(5753) Pause Full (G1 Compaction Pause) 15311M->14656M(15360M) 5289.370ms
[1819.793s] GC(5754) Concurrent Mark Cycle 5289.772ms
[1819.892s] GC(5755) To-space exhausted
[1819.892s] GC(5755) Pause Young (Normal) (G1 Evacuation Pause) 15304M->15304M(15360M) 27.105ms
[1825.042s] GC(5756) Pause Full (G1 Compaction Pause) 15304M->14656M(15360M) 5149.588ms
[1825.125s] GC(5757) To-space exhausted
[1825.126s] GC(5757) Pause Young (Concurrent Start) (G1 Evacuation Pause) 15304M->15304M(15360M) 25.572ms
[1825.126s] GC(5759) Concurrent Mark Cycle
[1830.417s] GC(5758) Pause Full (G1 Compaction Pause) 15304M->14657M(15360M) 5291.862ms
[1830.418s] GC(5759) Concurrent Mark Cycle 5292.089ms
[1830.508s] GC(5760) To-space exhausted
[1830.508s] GC(5760) Pause Young (Normal) (G1 Evacuation Pause) 15305M->15305M(15360M) 28.209ms
[1835.754s] GC(5761) Pause Full (G1 Compaction Pause) 15305M->14658M(15360M) 5245.209ms
[1835.852s] GC(5762) To-space exhausted
[1835.852s] GC(5762) Pause Young (Concurrent Start) (G1 Evacuation Pause) 15322M->15322M(15360M) 27.267ms
[1835.852s] GC(5764) Concurrent Mark Cycle
[1840.672s] GC(5763) Pause Full (G1 Compaction Pause) 15322M->14659M(15360M) 4819.895ms
[1840.672s] GC(5764) Concurrent Mark Cycle 4820.183ms
[1840.779s] GC(5765) To-space exhausted
[1840.779s] GC(5765) Pause Young (Normal) (G1 Evacuation Pause) 15307M->15307M(15360M) 29.227ms
[1845.793s] GC(5766) Pause Full (G1 Compaction Pause) 15307M->14660M(15360M) 5014.143ms
[1845.908s] GC(5767) To-space exhausted
[1845.909s] GC(5767) Pause Young (Concurrent Start) (G1 Evacuation Pause) 15316M->15316M(15360M) 28.371ms
[1845.909s] GC(5769) Concurrent Mark Cycle
[1851.187s] GC(5768) Pause Full (G1 Compaction Pause) 15316M->14661M(15360M) 5277.839ms
[1851.187s] GC(5769) Concurrent Mark Cycle 5278.052ms
[1851.280s] GC(5770) To-space exhausted
[1851.280s] GC(5770) Pause Young (Normal) (G1 Evacuation Pause) 15317M->15317M(15360M) 26.907ms
[1856.196s] GC(5771) Pause Full (G1 Compaction Pause) 15317M->14662M(15360M) 4916.132ms
[1856.289s] GC(5772) To-space exhausted
[1856.289s] GC(5772) Pause Young (Concurrent Start) (G1 Evacuation Pause) 15310M->15310M(15360M) 27.213ms
[1856.289s] GC(5774) Concurrent Mark Cycle
[1861.581s] GC(5773) Pause Full (G1 Compaction Pause) 15310M->14663M(15360M) 5291.870ms
[1861.582s] GC(5774) Concurrent Mark Cycle 5292.406ms
[1861.682s] GC(5775) To-space exhausted
[1861.682s] GC(5775) Pause Young (Normal) (G1 Evacuation Pause) 15311M->15311M(15360M) 28.725ms
[1867.657s] GC(5776) Pause Full (G1 Compaction Pause) 15311M->14664M(15360M) 5974.171ms
[1867.743s] GC(5777) To-space exhausted
[1867.743s] GC(5777) Pause Young (Concurrent Start) (G1 Evacuation Pause) 15312M->15312M(15360M) 27.403ms
[1867.743s] GC(5779) Concurrent Mark Cycle
[1873.333s] GC(5778) Pause Full (G1 Compaction Pause) 15312M->14664M(15360M) 5589.465ms
[1873.333s] GC(5779) Concurrent Mark Cycle 5589.714ms
[1873.429s] GC(5780) To-space exhausted
[1873.429s] GC(5780) Pause Young (Normal) (G1 Evacuation Pause) 15312M->15312M(15360M) 23.979ms
[1878.565s] GC(5781) Pause Full (G1 Compaction Pause) 15312M->14665M(15360M) 5135.293ms
[1878.649s] GC(5782) To-space exhausted
[1878.649s] GC(5782) Pause Young (Concurrent Start) (G1 Evacuation Pause) 15313M->15313M(15360M) 27.816ms
[1878.649s] GC(5784) Concurrent Mark Cycle
[1884.417s] GC(5783) Pause Full (G1 Compaction Pause) 15313M->14666M(15360M) 5768.529ms
[1884.418s] GC(5784) Concurrent Mark Cycle 5768.750ms
[1884.519s] GC(5785) To-space exhausted
[1884.519s] GC(5785) Pause Young (Normal) (G1 Evacuation Pause) 15314M->15314M(15360M) 36.248ms
[1890.098s] GC(5786) Pause Full (G1 Compaction Pause) 15314M->14666M(15360M) 5579.089ms
[1890.195s] GC(5787) To-space exhausted
[1890.196s] GC(5787) Pause Young (Concurrent Start) (G1 Evacuation Pause) 15314M->15314M(15360M) 27.012ms
[1890.196s] GC(5789) Concurrent Mark Cycle
[2026-07-15T20:55:35Z] END limbo rc=4294967295 elapsed=1895s
[2026-07-15T20:55:35Z] limbo DID NOT COMPLETE within 21600s (rc=4294967295; agglomeration of 7782 entities -> 13 clusters). Scale limitation confirmed empirically at this wall-clock ceiling.
[NOTE] LIMBO @-Xmx15g ALSO death-spiralled: Full GC every ~5s (4.8-5.3s each), To-space exhausted, live set ~14.7 GB climbing to the 15360 MB ceiling, wall hit ~28min. CONCLUSIVE: like WCA, heap-intractable for ITK 7782-entity file-gran agglomeration on this 32 GB machine (live set >15 GB).
