[2026-07-15T18:50:24Z] START wca cap=21600s k=13 graph=graph-file.rsf
[2026-07-15T18:50:24Z] cmd: java -Xmx12g -Xlog:gc:stdout:uptime -cp <repo>\tools\arcade\ARCADE_Core.jar;<repo>\baselines\arc StructuralRunner <repo>\out\itk\architecture\generated\graph\graph-file.rsf wca <repo>\out\itk\baseline\wca-file\clusters.rsf 13 itk
[0.013s] Using G1
[0.239s] GC(0) Pause Young (Normal) (G1 Evacuation Pause) 24M->10M(504M) 5.095ms
[0.307s] GC(1) Pause Young (Normal) (G1 Evacuation Pause) 26M->12M(504M) 2.945ms
[0.361s] GC(2) Pause Young (Normal) (G1 Evacuation Pause) 44M->12M(504M) 0.827ms
[0.872s] GC(3) Pause Young (Normal) (G1 Evacuation Pause) 300M->14M(504M) 1.511ms
[1.307s] GC(4) Pause Young (Normal) (G1 Evacuation Pause) 302M->16M(504M) 1.470ms
[wca] 7782 entities from graph-file.rsf
[wca] 7782 singleton clusters
[1.681s] GC(5) Pause Young (Normal) (G1 Evacuation Pause) 304M->21M(504M) 3.563ms
[2.024s] GC(6) Pause Young (Normal) (G1 Evacuation Pause) 301M->21M(504M) 2.309ms
[2.354s] GC(7) Pause Young (Normal) (G1 Evacuation Pause) 301M->22M(504M) 2.393ms
[2.896s] GC(8) Pause Young (Normal) (G1 Evacuation Pause) 302M->22M(504M) 2.027ms
[3.241s] GC(9) Pause Young (Normal) (G1 Evacuation Pause) 302M->23M(504M) 2.353ms
[3.571s] GC(10) Pause Young (Normal) (G1 Evacuation Pause) 303M->23M(504M) 2.565ms
[3.974s] GC(11) Pause Young (Normal) (G1 Evacuation Pause) 303M->24M(504M) 2.269ms
[4.520s] GC(12) Pause Young (Normal) (G1 Evacuation Pause) 304M->24M(504M) 2.204ms
[5.065s] GC(13) Pause Young (Normal) (G1 Evacuation Pause) 304M->26M(504M) 2.524ms
[5.470s] GC(14) Pause Young (Normal) (G1 Evacuation Pause) 306M->26M(504M) 2.740ms
[6.017s] GC(15) Pause Young (Normal) (G1 Evacuation Pause) 306M->28M(504M) 2.610ms
[6.424s] GC(16) Pause Young (Normal) (G1 Evacuation Pause) 300M->29M(504M) 3.340ms
[6.751s] GC(17) Pause Young (Normal) (G1 Evacuation Pause) 301M->30M(504M) 3.470ms
[7.080s] GC(18) Pause Young (Normal) (G1 Evacuation Pause) 302M->31M(504M) 3.624ms
[7.469s] GC(19) Pause Young (Normal) (G1 Evacuation Pause) 303M->33M(504M) 3.343ms
[7.997s] GC(20) Pause Young (Normal) (G1 Evacuation Pause) 305M->35M(504M) 3.475ms
[8.545s] GC(21) Pause Young (Normal) (G1 Evacuation Pause) 315M->37M(504M) 2.925ms
[9.155s] GC(22) Pause Young (Normal) (G1 Evacuation Pause) 317M->40M(504M) 3.170ms
[9.762s] GC(23) Pause Young (Normal) (G1 Evacuation Pause) 312M->43M(504M) 3.896ms
[10.292s] GC(24) Pause Young (Normal) (G1 Evacuation Pause) 315M->46M(504M) 3.626ms
[10.685s] GC(25) Pause Young (Normal) (G1 Evacuation Pause) 318M->48M(504M) 4.096ms
[11.212s] GC(26) Pause Young (Normal) (G1 Evacuation Pause) 320M->51M(504M) 4.223ms
[11.726s] GC(27) Pause Young (Normal) (G1 Evacuation Pause) 315M->54M(504M) 3.772ms
[12.147s] GC(28) Pause Young (Normal) (G1 Evacuation Pause) 318M->57M(504M) 4.087ms
[12.738s] GC(29) Pause Young (Normal) (G1 Evacuation Pause) 329M->61M(504M) 3.716ms
[13.334s] GC(30) Pause Young (Normal) (G1 Evacuation Pause) 333M->65M(504M) 4.476ms
[13.938s] GC(31) Pause Young (Normal) (G1 Evacuation Pause) 329M->72M(504M) 5.128ms
[14.546s] GC(32) Pause Young (Normal) (G1 Evacuation Pause) 336M->76M(504M) 5.334ms
[15.155s] GC(33) Pause Young (Normal) (G1 Evacuation Pause) 340M->81M(504M) 4.871ms
[15.763s] GC(34) Pause Young (Normal) (G1 Evacuation Pause) 345M->87M(504M) 4.746ms
[16.477s] GC(35) Pause Young (Normal) (G1 Evacuation Pause) 351M->92M(504M) 5.696ms
[16.994s] GC(36) Pause Young (Normal) (G1 Evacuation Pause) 356M->97M(504M) 5.439ms
[17.506s] GC(37) Pause Young (Normal) (G1 Evacuation Pause) 361M->103M(504M) 5.037ms
[17.928s] GC(38) Pause Young (Normal) (G1 Evacuation Pause) 367M->107M(504M) 4.790ms
[18.347s] GC(39) Pause Young (Normal) (G1 Evacuation Pause) 371M->112M(504M) 5.561ms
[18.658s] GC(40) Pause Young (Normal) (G1 Evacuation Pause) 376M->114M(504M) 4.599ms
[19.050s] GC(41) Pause Young (Normal) (G1 Evacuation Pause) 386M->118M(608M) 4.959ms
[19.592s] GC(42) Pause Young (Normal) (G1 Evacuation Pause) 446M->123M(608M) 5.646ms
[20.002s] GC(43) Pause Young (Normal) (G1 Evacuation Pause) 451M->128M(608M) 5.710ms
[20.393s] GC(44) Pause Young (Normal) (G1 Evacuation Pause) 456M->131M(608M) 5.424ms
[20.796s] GC(45) Pause Young (Normal) (G1 Evacuation Pause) 459M->137M(736M) 6.480ms
[21.188s] GC(46) Pause Young (Normal) (G1 Evacuation Pause) 545M->140M(736M) 6.126ms
[21.685s] GC(47) Pause Young (Normal) (G1 Evacuation Pause) 548M->146M(736M) 6.630ms
[22.075s] GC(48) Pause Young (Normal) (G1 Evacuation Pause) 546M->151M(736M) 6.540ms
[22.465s] GC(49) Pause Young (Normal) (G1 Evacuation Pause) 551M->156M(888M) 6.171ms
[22.931s] GC(50) Pause Young (Normal) (G1 Evacuation Pause) 644M->162M(888M) 6.671ms
[23.398s] GC(51) Pause Young (Normal) (G1 Evacuation Pause) 650M->167M(888M) 7.726ms
[23.974s] GC(52) Pause Young (Normal) (G1 Evacuation Pause) 647M->174M(888M) 8.645ms
[24.442s] GC(53) Pause Young (Normal) (G1 Evacuation Pause) 654M->181M(1072M) 9.350ms
[24.881s] GC(54) Pause Young (Normal) (G1 Evacuation Pause) 773M->187M(1072M) 8.506ms
[25.257s] GC(55) Pause Young (Normal) (G1 Evacuation Pause) 779M->192M(1072M) 9.463ms
[25.541s] GC(56) Pause Young (Normal) (G1 Evacuation Pause) 784M->204M(1072M) 9.913ms
[25.948s] GC(57) Pause Young (Normal) (G1 Evacuation Pause) 788M->210M(1288M) 12.335ms
[26.290s] GC(58) Pause Young (Normal) (G1 Evacuation Pause) 930M->214M(1288M) 10.491ms
[26.804s] GC(59) Pause Young (Normal) (G1 Evacuation Pause) 926M->222M(1288M) 11.035ms
[27.322s] GC(60) Pause Young (Normal) (G1 Evacuation Pause) 926M->230M(1288M) 11.478ms
[27.837s] GC(61) Pause Young (Normal) (G1 Evacuation Pause) 934M->238M(1552M) 12.351ms
[28.257s] GC(62) Pause Young (Normal) (G1 Evacuation Pause) 1102M->245M(1552M) 12.006ms
[28.666s] GC(63) Pause Young (Normal) (G1 Evacuation Pause) 1101M->251M(1552M) 11.963ms
[29.094s] GC(64) Pause Young (Normal) (G1 Evacuation Pause) 1107M->258M(1552M) 12.869ms
[29.523s] GC(65) Pause Young (Normal) (G1 Evacuation Pause) 1114M->266M(1864M) 12.793ms
[30.050s] GC(66) Pause Young (Normal) (G1 Evacuation Pause) 1314M->273M(1864M) 12.509ms
[30.548s] GC(67) Pause Young (Normal) (G1 Evacuation Pause) 1313M->282M(1864M) 14.391ms
[31.314s] GC(68) Pause Young (Normal) (G1 Evacuation Pause) 1314M->295M(1864M) 16.738ms
[32.080s] GC(69) Pause Young (Normal) (G1 Evacuation Pause) 1319M->308M(1864M) 15.873ms
[32.594s] GC(70) Pause Young (Normal) (G1 Evacuation Pause) 1332M->321M(1864M) 15.344ms
[33.108s] GC(71) Pause Young (Normal) (G1 Evacuation Pause) 1345M->330M(2240M) 15.263ms
[33.731s] GC(72) Pause Young (Normal) (G1 Evacuation Pause) 1586M->342M(2240M) 15.109ms
[34.358s] GC(73) Pause Young (Normal) (G1 Evacuation Pause) 1582M->353M(2240M) 16.805ms
[34.964s] GC(74) Pause Young (Normal) (G1 Evacuation Pause) 1593M->365M(2240M) 15.928ms
[35.591s] GC(75) Pause Young (Normal) (G1 Evacuation Pause) 1605M->379M(2240M) 16.949ms
[36.198s] GC(76) Pause Young (Normal) (G1 Evacuation Pause) 1619M->388M(2240M) 15.664ms
[36.819s] GC(77) Pause Young (Normal) (G1 Evacuation Pause) 1636M->403M(2240M) 16.002ms
[37.444s] GC(78) Pause Young (Normal) (G1 Evacuation Pause) 1651M->417M(2240M) 16.680ms
[38.064s] GC(79) Pause Young (Normal) (G1 Evacuation Pause) 1657M->433M(2240M) 16.714ms
[38.666s] GC(80) Pause Young (Normal) (G1 Evacuation Pause) 1673M->443M(2240M) 16.534ms
[39.292s] GC(81) Pause Young (Normal) (G1 Evacuation Pause) 1683M->458M(2240M) 17.028ms
[39.916s] GC(82) Pause Young (Normal) (G1 Evacuation Pause) 1706M->473M(2240M) 15.916ms
[40.540s] GC(83) Pause Young (Normal) (G1 Evacuation Pause) 1721M->487M(2240M) 17.098ms
[41.148s] GC(84) Pause Young (Normal) (G1 Evacuation Pause) 1727M->502M(2240M) 16.981ms
[41.781s] GC(85) Pause Young (Normal) (G1 Evacuation Pause) 1742M->516M(2240M) 21.774ms
[42.401s] GC(86) Pause Young (Normal) (G1 Evacuation Pause) 1756M->533M(2240M) 21.188ms
[43.009s] GC(87) Pause Young (Normal) (G1 Evacuation Pause) 1773M->547M(2240M) 21.454ms
[43.636s] GC(88) Pause Young (Normal) (G1 Evacuation Pause) 1787M->563M(2240M) 21.369ms
[44.243s] GC(89) Pause Young (Normal) (G1 Evacuation Pause) 1795M->579M(2648M) 24.107ms
[44.982s] GC(90) Pause Young (Normal) (G1 Evacuation Pause) 2051M->599M(2648M) 28.351ms
[45.702s] GC(91) Pause Young (Normal) (G1 Evacuation Pause) 2055M->614M(2648M) 25.708ms
[46.429s] GC(92) Pause Young (Normal) (G1 Evacuation Pause) 2078M->637M(2648M) 24.251ms
[47.150s] GC(93) Pause Young (Normal) (G1 Evacuation Pause) 2093M->655M(3040M) 26.234ms
[47.990s] GC(94) Pause Young (Normal) (G1 Evacuation Pause) 2351M->676M(3040M) 26.563ms
[48.828s] GC(95) Pause Young (Normal) (G1 Evacuation Pause) 2348M->704M(3040M) 25.893ms
[49.658s] GC(96) Pause Young (Normal) (G1 Evacuation Pause) 2384M->729M(3040M) 25.642ms
[50.506s] GC(97) Pause Young (Normal) (G1 Evacuation Pause) 2417M->790M(3040M) 31.426ms
[51.335s] GC(98) Pause Young (Normal) (G1 Evacuation Pause) 2438M->817M(3040M) 29.692ms
[52.195s] GC(99) Pause Young (Normal) (G1 Evacuation Pause) 2497M->843M(3040M) 28.415ms
[53.036s] GC(100) Pause Young (Normal) (G1 Evacuation Pause) 2523M->870M(3040M) 27.546ms
[53.879s] GC(101) Pause Young (Normal) (G1 Evacuation Pause) 2550M->902M(3040M) 28.009ms
[54.740s] GC(102) Pause Young (Normal) (G1 Evacuation Pause) 2606M->926M(3040M) 23.701ms
[55.580s] GC(103) Pause Young (Normal) (G1 Evacuation Pause) 2582M->957M(3040M) 25.928ms
[56.398s] GC(104) Pause Young (Normal) (G1 Evacuation Pause) 2589M->984M(3040M) 28.372ms
[57.217s] GC(105) Pause Young (Normal) (G1 Evacuation Pause) 2584M->1011M(3040M) 27.626ms
[58.035s] GC(106) Pause Young (Normal) (G1 Evacuation Pause) 2587M->1038M(3040M) 53.100ms
[58.832s] GC(107) Pause Young (Normal) (G1 Evacuation Pause) 2590M->1065M(3040M) 53.247ms
[59.603s] GC(108) Pause Young (Normal) (G1 Evacuation Pause) 2585M->1095M(3040M) 38.439ms
[60.354s] GC(109) Pause Young (Normal) (G1 Evacuation Pause) 2583M->1121M(3040M) 35.841ms
[61.104s] GC(110) Pause Young (Normal) (G1 Evacuation Pause) 2585M->1150M(3504M) 37.836ms
[62.031s] GC(111) Pause Young (Normal) (G1 Evacuation Pause) 2998M->1182M(3504M) 43.068ms
[62.957s] GC(112) Pause Young (Normal) (G1 Evacuation Pause) 2966M->1217M(3504M) 46.363ms
[63.863s] GC(113) Pause Young (Normal) (G1 Evacuation Pause) 2985M->1250M(3504M) 45.181ms
[64.765s] GC(114) Pause Young (Normal) (G1 Evacuation Pause) 2986M->1288M(3856M) 52.007ms
[65.795s] GC(115) Pause Young (Normal) (G1 Evacuation Pause) 3312M->1321M(3856M) 53.590ms
[66.901s] GC(116) Pause Young (Normal) (G1 Evacuation Pause) 3281M->1356M(3856M) 68.178ms
[67.902s] GC(117) Pause Young (Normal) (G1 Evacuation Pause) 3268M->1401M(3856M) 73.553ms
[68.874s] GC(118) Pause Young (Normal) (G1 Evacuation Pause) 3297M->1438M(4200M) 62.963ms
[70.000s] GC(119) Pause Young (Normal) (G1 Evacuation Pause) 3606M->1480M(4200M) 66.795ms
[71.089s] GC(120) Pause Young (Normal) (G1 Evacuation Pause) 3568M->1523M(4200M) 67.746ms
[72.157s] GC(121) Pause Young (Normal) (G1 Evacuation Pause) 3603M->1574M(4200M) 54.260ms
[73.187s] GC(122) Pause Young (Normal) (G1 Evacuation Pause) 3582M->1618M(4200M) 48.828ms
[74.185s] GC(123) Pause Young (Normal) (G1 Evacuation Pause) 3586M->1658M(4200M) 49.395ms
[75.173s] GC(124) Pause Young (Normal) (G1 Evacuation Pause) 3578M->1705M(4200M) 43.220ms
[76.151s] GC(125) Pause Young (Normal) (G1 Evacuation Pause) 3585M->1746M(4200M) 43.845ms
[77.084s] GC(126) Pause Young (Normal) (G1 Evacuation Pause) 3594M->1789M(4200M) 42.959ms
[78.005s] GC(127) Pause Young (Normal) (G1 Evacuation Pause) 3597M->1839M(4200M) 40.157ms
[78.888s] GC(128) Pause Young (Normal) (G1 Evacuation Pause) 3583M->1875M(4200M) 37.760ms
[79.764s] GC(129) Pause Young (Normal) (G1 Evacuation Pause) 3595M->1917M(4200M) 35.784ms
[80.606s] GC(130) Pause Young (Normal) (G1 Evacuation Pause) 3589M->1959M(4200M) 35.770ms
[81.434s] GC(131) Pause Young (Normal) (G1 Evacuation Pause) 3607M->1997M(4200M) 35.891ms
[82.246s] GC(132) Pause Young (Normal) (G1 Evacuation Pause) 3597M->2037M(4200M) 35.031ms
[83.039s] GC(133) Pause Young (Normal) (G1 Evacuation Pause) 3613M->2079M(4200M) 34.055ms
[83.824s] GC(134) Pause Young (Concurrent Start) (G1 Evacuation Pause) 3615M->2115M(4200M) 36.792ms
[83.824s] GC(135) Concurrent Mark Cycle
[84.478s] GC(135) Pause Remark 3451M->3451M(5760M) 7.167ms
[84.618s] GC(136) Pause Young (Normal) (G1 Evacuation Pause) 3651M->2157M(5760M) 48.444ms
[84.938s] GC(135) Pause Cleanup 2825M->2825M(5760M) 0.277ms
[84.946s] GC(135) Concurrent Mark Cycle 1122.353ms
[86.070s] GC(137) Pause Young (Prepare Mixed) (G1 Evacuation Pause) 4989M->2225M(5760M) 56.557ms
[86.355s] GC(138) Pause Young (Mixed) (G1 Evacuation Pause) 2321M->2226M(5760M) 55.438ms
[87.715s] GC(139) Pause Young (Normal) (G1 Evacuation Pause) 4970M->2281M(5760M) 35.051ms
[89.070s] GC(140) Pause Young (Normal) (G1 Evacuation Pause) 4977M->2351M(5760M) 41.770ms
[90.388s] GC(141) Pause Young (Normal) (G1 Evacuation Pause) 4991M->2420M(5760M) 46.750ms
[91.693s] GC(142) Pause Young (Normal) (G1 Evacuation Pause) 4940M->2495M(5760M) 52.816ms
[92.944s] GC(143) Pause Young (Normal) (G1 Evacuation Pause) 4951M->2564M(5760M) 54.385ms
[94.178s] GC(144) Pause Young (Normal) (G1 Evacuation Pause) 4964M->2636M(5760M) 59.083ms
[95.380s] GC(145) Pause Young (Normal) (G1 Evacuation Pause) 4964M->2704M(5760M) 62.867ms
[96.581s] GC(146) Pause Young (Normal) (G1 Evacuation Pause) 4960M->2762M(5760M) 98.998ms
[97.785s] GC(147) Pause Young (Normal) (G1 Evacuation Pause) 4978M->2818M(5760M) 108.370ms
[98.944s] GC(148) Pause Young (Concurrent Start) (G1 Evacuation Pause) 4994M->2889M(5760M) 91.394ms
[98.944s] GC(149) Concurrent Mark Cycle
[100.310s] GC(150) Pause Young (Normal) (G1 Evacuation Pause) 4985M->2944M(6024M) 118.916ms
[100.962s] GC(149) Pause Remark 3700M->3700M(6192M) 1.903ms
[102.132s] GC(149) Pause Cleanup 4316M->4316M(6192M) 0.790ms
[102.146s] GC(149) Concurrent Mark Cycle 3201.632ms
[103.292s] GC(151) Pause Young (Prepare Mixed) (G1 Evacuation Pause) 5208M->3138M(6192M) 429.013ms
[103.693s] GC(152) Pause Young (Mixed) (G1 Evacuation Pause) 3146M->3151M(6192M) 294.593ms
[105.218s] GC(153) Pause Young (Concurrent Start) (G1 Evacuation Pause) 5263M->3175M(6192M) 86.498ms
[105.219s] GC(154) Concurrent Mark Cycle
[106.831s] GC(155) Pause Young (Normal) (G1 Evacuation Pause) 5295M->3229M(6192M) 62.924ms
[107.259s] GC(154) Pause Remark 3861M->3861M(6440M) 2.745ms
[108.267s] GC(156) Pause Young (Normal) (G1 Evacuation Pause) 5317M->3287M(6440M) 103.473ms
[108.421s] GC(154) Pause Cleanup 3535M->3535M(6440M) 0.676ms
[108.434s] GC(154) Concurrent Mark Cycle 3215.768ms
[109.126s] GC(157) Pause Young (Prepare Mixed) (G1 Evacuation Pause) 4735M->3334M(6440M) 117.920ms
[109.741s] GC(158) Pause Young (Mixed) (G1 Evacuation Pause) 3542M->3321M(6440M) 118.663ms
[111.574s] GC(159) Pause Young (Concurrent Start) (G1 Evacuation Pause) 5505M->3378M(8784M) 82.301ms
[111.574s] GC(160) Concurrent Mark Cycle
[113.837s] GC(160) Pause Remark 5158M->5158M(8784M) 1.513ms
[114.951s] GC(160) Pause Cleanup 5914M->5914M(8784M) 0.715ms
[114.978s] GC(160) Concurrent Mark Cycle 3404.307ms
[116.140s] GC(161) Pause Young (Prepare Mixed) (G1 Evacuation Pause) 7202M->3487M(8784M) 126.196ms
[116.718s] GC(162) Pause Young (Mixed) (G1 Evacuation Pause) 3719M->3492M(8784M) 109.793ms
[118.729s] GC(163) Pause Young (Normal) (G1 Evacuation Pause) 7452M->3601M(8784M) 67.668ms
[120.703s] GC(164) Pause Young (Normal) (G1 Evacuation Pause) 7481M->3728M(8784M) 81.094ms
[122.018s] GC(165) Pause Young (Normal) (G1 Evacuation Pause) 6208M->3817M(8784M) 88.099ms
[123.944s] GC(166) Pause Young (Normal) (G1 Evacuation Pause) 7529M->3931M(8784M) 87.081ms
[125.836s] GC(167) Pause Young (Normal) (G1 Evacuation Pause) 7563M->4054M(8784M) 100.617ms
[127.653s] GC(168) Pause Young (Normal) (G1 Evacuation Pause) 7566M->4184M(8784M) 91.448ms
[129.415s] GC(169) Pause Young (Normal) (G1 Evacuation Pause) 7528M->4305M(8784M) 119.333ms
[131.105s] GC(170) Pause Young (Normal) (G1 Evacuation Pause) 7521M->4426M(8784M) 105.292ms
[132.749s] GC(171) Pause Young (Normal) (G1 Evacuation Pause) 7530M->4541M(8784M) 110.057ms
[134.378s] GC(172) Pause Young (Normal) (G1 Evacuation Pause) 7533M->4645M(8784M) 134.793ms
[135.952s] GC(173) Pause Young (Normal) (G1 Evacuation Pause) 7645M->4770M(8784M) 94.702ms
[137.464s] GC(174) Pause Young (Normal) (G1 Evacuation Pause) 7658M->4878M(8784M) 92.269ms
[138.902s] GC(175) Pause Young (Normal) (G1 Evacuation Pause) 7662M->4989M(8784M) 81.333ms
[140.277s] GC(176) Pause Young (Normal) (G1 Evacuation Pause) 7661M->5094M(8784M) 78.405ms
[141.632s] GC(177) Pause Young (Normal) (G1 Evacuation Pause) 7678M->5202M(8784M) 74.067ms
[142.920s] GC(178) Pause Young (Normal) (G1 Evacuation Pause) 7682M->5306M(8784M) 73.970ms
[144.162s] GC(179) Pause Young (Normal) (G1 Evacuation Pause) 7690M->5405M(8784M) 73.338ms
[145.363s] GC(180) Pause Young (Normal) (G1 Evacuation Pause) 7701M->5500M(8784M) 74.704ms
[146.516s] GC(181) Pause Young (Normal) (G1 Evacuation Pause) 7708M->5594M(8784M) 71.343ms
[147.637s] GC(182) Pause Young (Normal) (G1 Evacuation Pause) 7706M->5689M(8784M) 71.013ms
[148.707s] GC(183) Pause Young (Normal) (G1 Evacuation Pause) 7705M->5773M(8784M) 74.252ms
[149.725s] GC(184) Pause Young (Normal) (G1 Evacuation Pause) 7709M->5858M(8784M) 69.636ms
[150.701s] GC(185) Pause Young (Normal) (G1 Evacuation Pause) 7722M->5943M(8784M) 72.633ms
[151.652s] GC(186) Pause Young (Normal) (G1 Evacuation Pause) 7735M->6024M(8784M) 70.845ms
[152.554s] GC(187) Pause Young (Normal) (G1 Evacuation Pause) 7728M->6097M(8784M) 68.222ms
[153.428s] GC(188) Pause Young (Normal) (G1 Evacuation Pause) 7737M->6173M(8784M) 64.629ms
[154.260s] GC(189) Pause Young (Normal) (G1 Evacuation Pause) 7749M->6247M(8784M) 67.287ms
[155.078s] GC(190) Pause Young (Normal) (G1 Evacuation Pause) 7751M->6314M(8784M) 65.560ms
[155.867s] GC(191) Pause Young (Normal) (G1 Evacuation Pause) 7754M->6382M(8784M) 63.890ms
[156.602s] GC(192) Pause Young (Normal) (G1 Evacuation Pause) 7750M->6450M(8784M) 64.389ms
[157.294s] GC(193) Pause Young (Normal) (G1 Evacuation Pause) 7762M->6512M(8928M) 61.052ms
[158.027s] GC(194) Pause Young (Normal) (G1 Evacuation Pause) 7888M->6572M(8928M) 60.549ms
[158.726s] GC(195) Pause Young (Normal) (G1 Evacuation Pause) 7884M->6634M(8928M) 56.749ms
[159.400s] GC(196) Pause Young (Normal) (G1 Evacuation Pause) 7898M->6698M(8928M) 55.904ms
[160.044s] GC(197) Pause Young (Normal) (G1 Evacuation Pause) 7898M->6753M(9064M) 57.695ms
[160.711s] GC(198) Pause Young (Normal) (G1 Evacuation Pause) 8009M->6815M(9064M) 53.689ms
[161.327s] GC(199) Pause Young (Normal) (G1 Evacuation Pause) 8015M->6873M(9064M) 52.848ms
[161.959s] GC(200) Pause Young (Normal) (G1 Evacuation Pause) 8025M->6925M(9064M) 54.512ms
[162.844s] GC(201) Pause Young (Normal) (G1 Evacuation Pause) 8029M->7007M(9200M) 62.258ms
[163.455s] GC(202) Pause Young (Normal) (G1 Evacuation Pause) 8135M->7058M(9200M) 61.222ms
[164.029s] GC(203) Pause Young (Normal) (G1 Evacuation Pause) 8130M->7116M(9200M) 54.213ms
[164.594s] GC(204) Pause Young (Normal) (G1 Evacuation Pause) 8156M->7168M(9200M) 51.371ms
[165.379s] GC(205) Pause Young (Normal) (G1 Evacuation Pause) 8160M->7238M(9200M) 52.350ms
[166.124s] GC(206) Pause Young (Normal) (G1 Evacuation Pause) 8158M->7306M(9200M) 58.211ms
[166.804s] GC(207) Pause Young (Normal) (G1 Evacuation Pause) 8138M->7367M(9328M) 64.011ms
[167.310s] GC(208) Pause Young (Normal) (G1 Evacuation Pause) 8255M->7416M(9328M) 56.429ms
[167.795s] GC(209) Pause Young (Normal) (G1 Evacuation Pause) 8264M->7455M(9328M) 56.185ms
[168.319s] GC(210) Pause Young (Normal) (G1 Evacuation Pause) 8279M->7499M(9328M) 48.864ms
[168.781s] GC(211) Pause Young (Normal) (G1 Evacuation Pause) 8283M->7536M(9536M) 46.706ms
[169.332s] GC(212) Pause Young (Normal) (G1 Evacuation Pause) 8456M->7585M(9536M) 53.257ms
[169.820s] GC(213) Pause Young (Normal) (G1 Evacuation Pause) 8465M->7629M(9536M) 52.251ms
[170.283s] GC(214) Pause Young (Normal) (G1 Evacuation Pause) 8469M->7672M(9536M) 49.536ms
[170.927s] GC(215) Pause Young (Normal) (G1 Evacuation Pause) 8472M->7733M(9728M) 53.304ms
[171.558s] GC(216) Pause Young (Normal) (G1 Evacuation Pause) 8621M->7790M(9728M) 54.942ms
[172.027s] GC(217) Pause Young (Normal) (G1 Evacuation Pause) 8622M->7833M(9728M) 50.909ms
[172.480s] GC(218) Pause Young (Normal) (G1 Evacuation Pause) 8633M->7873M(9728M) 46.855ms
[172.905s] GC(219) Pause Young (Normal) (G1 Evacuation Pause) 8649M->7911M(9856M) 47.334ms
[173.561s] GC(220) Pause Young (Normal) (G1 Evacuation Pause) 8751M->7973M(9856M) 47.154ms
[174.187s] GC(221) Pause Young (Normal) (G1 Evacuation Pause) 8741M->8026M(9856M) 57.944ms
[174.670s] GC(222) Pause Young (Normal) (G1 Evacuation Pause) 8746M->8065M(9856M) 38.793ms
[175.053s] GC(223) Pause Young (Normal) (G1 Evacuation Pause) 8753M->8102M(9856M) 41.603ms
[175.591s] GC(224) Pause Young (Normal) (G1 Evacuation Pause) 8766M->8150M(9992M) 48.316ms
[175.977s] GC(225) Pause Young (Normal) (G1 Evacuation Pause) 8878M->8183M(9992M) 41.612ms
[176.549s] GC(226) Pause Young (Normal) (G1 Evacuation Pause) 8887M->8236M(9992M) 45.215ms
[177.072s] GC(227) Pause Young (Normal) (G1 Evacuation Pause) 8884M->8285M(9992M) 43.748ms
[177.601s] GC(228) Pause Young (Normal) (G1 Evacuation Pause) 8893M->8341M(10088M) 38.670ms
[178.102s] GC(229) Pause Young (Normal) (G1 Evacuation Pause) 8957M->8393M(10088M) 38.195ms
[178.422s] GC(230) Pause Young (Normal) (G1 Evacuation Pause) 8961M->8428M(10088M) 29.388ms
[178.753s] GC(231) Pause Young (Normal) (G1 Evacuation Pause) 8972M->8458M(10088M) 25.663ms
[179.291s] GC(232) Pause Young (Normal) (G1 Evacuation Pause) 8978M->8507M(10088M) 36.621ms
[179.780s] GC(233) Pause Young (Normal) (G1 Evacuation Pause) 8971M->8563M(10088M) 41.356ms
[180.247s] GC(234) Pause Young (Normal) (G1 Evacuation Pause) 9011M->8608M(10088M) 33.887ms
[180.845s] GC(235) Pause Young (Normal) (G1 Evacuation Pause) 9056M->8670M(10088M) 36.422ms
[181.382s] GC(236) Pause Young (Normal) (G1 Evacuation Pause) 9110M->8726M(10088M) 38.433ms
[181.846s] GC(237) Pause Young (Concurrent Start) (G1 Evacuation Pause) 9166M->8774M(10088M) 33.993ms
[181.846s] GC(238) Concurrent Mark Cycle
[182.463s] GC(239) Pause Young (Normal) (G1 Evacuation Pause) 9222M->8824M(10088M) 37.886ms
[183.141s] GC(240) Pause Young (Normal) (G1 Evacuation Pause) 9272M->8874M(10088M) 41.276ms
[183.657s] GC(241) Pause Young (Normal) (G1 Evacuation Pause) 9322M->8913M(10088M) 38.781ms
[184.187s] GC(242) Pause Young (Normal) (G1 Evacuation Pause) 9377M->8952M(10088M) 32.020ms
[184.867s] GC(243) Pause Young (Normal) (G1 Evacuation Pause) 9416M->8999M(10088M) 36.677ms
[185.566s] GC(244) Pause Young (Normal) (G1 Evacuation Pause) 9455M->9049M(10088M) 41.310ms
[186.469s] GC(245) Pause Young (Normal) (G1 Evacuation Pause) 9497M->9113M(10088M) 48.660ms
[186.993s] GC(238) Pause Remark 9376M->9376M(12288M) 14.241ms
[187.519s] GC(246) Pause Young (Normal) (G1 Evacuation Pause) 9657M->9183M(12288M) 62.988ms
[188.638s] GC(247) Pause Young (Normal) (G1 Evacuation Pause) 10599M->9254M(12288M) 71.234ms
[189.741s] GC(248) Pause Young (Normal) (G1 Evacuation Pause) 10662M->9328M(12288M) 92.410ms
[189.886s] GC(238) Pause Cleanup 9512M->9512M(12288M) 2.248ms
[189.920s] GC(238) Concurrent Mark Cycle 8073.296ms
[190.801s] GC(249) Pause Young (Prepare Mixed) (G1 Evacuation Pause) 10712M->9402M(12288M) 86.480ms
[191.500s] GC(250) Pause Young (Mixed) (G1 Evacuation Pause) 9858M->9337M(12288M) 98.667ms
[192.262s] GC(251) Pause Young (Normal) (G1 Evacuation Pause) 10745M->9400M(12288M) 54.543ms
[193.061s] GC(252) Pause Young (Normal) (G1 Evacuation Pause) 10784M->9471M(12288M) 59.063ms
[193.825s] GC(253) Pause Young (Concurrent Start) (G1 Evacuation Pause) 10815M->9544M(12288M) 65.938ms
[193.825s] GC(254) Concurrent Mark Cycle
[194.774s] GC(255) Pause Young (Normal) (G1 Evacuation Pause) 10840M->9613M(12288M) 70.807ms
[195.769s] GC(256) Pause Young (Normal) (G1 Evacuation Pause) 10861M->9681M(12288M) 72.954ms
[196.710s] GC(257) Pause Young (Normal) (G1 Evacuation Pause) 10881M->9742M(12288M) 74.499ms
[197.638s] GC(258) Pause Young (Normal) (G1 Evacuation Pause) 10894M->9801M(12288M) 75.639ms
[198.510s] GC(259) Pause Young (Normal) (G1 Evacuation Pause) 10905M->9860M(12288M) 72.036ms
[199.332s] GC(254) Pause Remark 10803M->10803M(12288M) 0.927ms
[199.454s] GC(260) Pause Young (Normal) (G1 Evacuation Pause) 10916M->9930M(12288M) 44.438ms
[200.227s] GC(261) Pause Young (Normal) (G1 Evacuation Pause) 10914M->10003M(12288M) 48.621ms
[200.794s] GC(262) Pause Young (Normal) (G1 Evacuation Pause) 10907M->10067M(12288M) 50.509ms
[200.811s] GC(254) Pause Cleanup 10119M->10119M(12288M) 0.980ms
[200.827s] GC(254) Concurrent Mark Cycle 7001.403ms
[201.231s] GC(263) Pause Young (Prepare Mixed) (G1 Evacuation Pause) 10915M->10101M(12288M) 28.523ms
[201.911s] GC(264) Pause Young (Mixed) (G1 Evacuation Pause) 10605M->10083M(12288M) 65.761ms
[202.325s] GC(265) Pause Young (Concurrent Start) (G1 Evacuation Pause) 10899M->10134M(12288M) 31.556ms
[202.325s] GC(266) Concurrent Mark Cycle
[202.935s] GC(267) Pause Young (Normal) (G1 Evacuation Pause) 10918M->10189M(12288M) 30.749ms
[203.573s] GC(268) Pause Young (Normal) (G1 Evacuation Pause) 10917M->10253M(12288M) 43.210ms
[204.317s] GC(269) Pause Young (Normal) (G1 Evacuation Pause) 10925M->10325M(12288M) 39.805ms
[204.837s] GC(270) Pause Young (Normal) (G1 Evacuation Pause) 10925M->10379M(12288M) 39.093ms
[205.439s] GC(271) Pause Young (Normal) (G1 Evacuation Pause) 10939M->10439M(12288M) 36.089ms
[205.768s] GC(272) Pause Young (Normal) (G1 Evacuation Pause) 10983M->10473M(12288M) 29.261ms
[205.903s] GC(266) Pause Remark 10620M->10620M(12288M) 0.961ms
[206.317s] GC(273) Pause Young (Normal) (G1 Evacuation Pause) 11041M->10527M(12288M) 33.170ms
[206.927s] GC(274) Pause Young (Normal) (G1 Evacuation Pause) 11055M->10593M(12288M) 39.915ms
[207.573s] GC(266) Pause Cleanup 11129M->11129M(12288M) 1.081ms
[207.616s] GC(275) Pause Young (Prepare Mixed) (G1 Evacuation Pause) 11137M->10667M(12288M) 41.222ms
[207.623s] GC(266) Concurrent Mark Cycle 5297.288ms
[208.447s] GC(276) Pause Young (Mixed) (G1 Evacuation Pause) 11203M->10680M(12288M) 64.151ms
[209.260s] GC(277) Pause Young (Concurrent Start) (G1 Evacuation Pause) 11208M->10773M(12288M) 52.102ms
[209.260s] GC(278) Concurrent Mark Cycle
[209.879s] GC(279) Pause Young (Normal) (G1 Evacuation Pause) 11301M->10848M(12288M) 43.620ms
[210.434s] GC(280) Pause Young (Normal) (G1 Evacuation Pause) 11384M->10907M(12288M) 37.040ms
[211.020s] GC(281) Pause Young (Normal) (G1 Evacuation Pause) 11451M->10965M(12288M) 33.033ms
[211.603s] GC(282) Pause Young (Normal) (G1 Evacuation Pause) 11509M->11024M(12288M) 34.277ms
[212.184s] GC(283) Pause Young (Normal) (G1 Evacuation Pause) 11568M->11084M(12288M) 33.922ms
[212.620s] GC(284) Pause Young (Normal) (G1 Evacuation Pause) 11628M->11133M(12288M) 30.838ms
[212.905s] GC(278) Pause Remark 11436M->11436M(12288M) 0.824ms
[213.188s] GC(285) Pause Young (Normal) (G1 Evacuation Pause) 11693M->11193M(12288M) 33.060ms
[213.756s] GC(286) Pause Young (Normal) (G1 Evacuation Pause) 11737M->11253M(12288M) 36.904ms
[214.463s] GC(287) Pause Young (Normal) (G1 Evacuation Pause) 11797M->11330M(12288M) 41.952ms
[214.683s] GC(278) Pause Cleanup 11508M->11508M(12288M) 1.106ms
[214.693s] GC(278) Concurrent Mark Cycle 5432.269ms
[215.149s] GC(288) Pause Young (Prepare Mixed) (G1 Evacuation Pause) 11858M->11406M(12288M) 43.185ms
[215.765s] GC(289) Pause Young (Mixed) (G1 Evacuation Pause) 11934M->11395M(12288M) 62.171ms
[216.463s] GC(290) Pause Young (Concurrent Start) (G1 Evacuation Pause) 11931M->11471M(12288M) 41.441ms
[216.463s] GC(291) Concurrent Mark Cycle
[217.100s] GC(292) Pause Young (Normal) (G1 Evacuation Pause) 11999M->11538M(12288M) 39.596ms
[217.711s] GC(293) Pause Young (Normal) (G1 Evacuation Pause) 12082M->11617M(12288M) 40.975ms
[218.349s] GC(294) To-space exhausted
[218.349s] GC(294) Pause Young (Normal) (G1 Evacuation Pause) 12145M->12286M(12288M) 185.253ms
[220.888s] GC(295) Pause Full (G1 Compaction Pause) 12286M->11287M(12288M) 2538.681ms
[220.888s] GC(291) Concurrent Mark Cycle 4424.911ms
[221.489s] GC(296) Pause Young (Normal) (G1 Evacuation Pause) 11895M->11404M(12288M) 29.319ms
[222.178s] GC(297) Pause Young (Concurrent Start) (G1 Evacuation Pause) 11932M->11484M(12288M) 37.457ms
[222.178s] GC(298) Concurrent Mark Cycle
[222.803s] GC(299) Pause Young (Normal) (G1 Evacuation Pause) 12012M->11547M(12288M) 34.482ms
[223.369s] GC(300) Pause Young (Normal) (G1 Evacuation Pause) 12083M->11613M(12288M) 34.038ms
[223.941s] GC(301) To-space exhausted
[223.941s] GC(301) Pause Young (Normal) (G1 Evacuation Pause) 12157M->12223M(12288M) 44.200ms
[225.696s] GC(302) Pause Full (G1 Compaction Pause) 12223M->11625M(12288M) 1754.467ms
[225.696s] GC(298) Concurrent Mark Cycle 3517.579ms
[226.336s] GC(303) To-space exhausted
[226.336s] GC(303) Pause Young (Normal) (G1 Evacuation Pause) 12225M->12225M(12288M) 35.401ms
[228.355s] GC(304) Pause Full (G1 Compaction Pause) 12225M->11689M(12288M) 2019.400ms
[228.907s] GC(305) To-space exhausted
[228.907s] GC(305) Pause Young (Concurrent Start) (G1 Evacuation Pause) 12233M->12233M(12288M) 29.607ms
[228.907s] GC(307) Concurrent Mark Cycle
[230.801s] GC(306) Pause Full (G1 Compaction Pause) 12233M->11751M(12288M) 1894.091ms
[230.802s] GC(307) Concurrent Mark Cycle 1894.145ms
[231.164s] GC(308) To-space exhausted
[231.164s] GC(308) Pause Young (Normal) (G1 Evacuation Pause) 12199M->12199M(12288M) 20.181ms
[233.056s] GC(309) Pause Full (G1 Compaction Pause) 12199M->11793M(12288M) 1892.638ms
[233.505s] GC(310) To-space exhausted
[233.505s] GC(310) Pause Young (Concurrent Start) (G1 Evacuation Pause) 12233M->12233M(12288M) 23.655ms
[233.505s] GC(312) Concurrent Mark Cycle
[235.323s] GC(311) Pause Full (G1 Compaction Pause) 12233M->11845M(12288M) 1817.774ms
[235.323s] GC(312) Concurrent Mark Cycle 1817.939ms
[235.739s] GC(313) To-space exhausted
[235.739s] GC(313) Pause Young (Normal) (G1 Evacuation Pause) 12245M->12245M(12288M) 22.871ms
[237.817s] GC(314) Pause Full (G1 Compaction Pause) 12245M->11894M(12288M) 2078.747ms
[238.077s] GC(315) To-space exhausted
[238.077s] GC(315) Pause Young (Concurrent Start) (G1 Evacuation Pause) 12206M->12206M(12288M) 16.705ms
[238.077s] GC(317) Concurrent Mark Cycle
[240.375s] GC(316) Pause Full (G1 Compaction Pause) 12206M->11924M(12288M) 2297.606ms
[240.375s] GC(317) Concurrent Mark Cycle 2297.773ms
[240.698s] GC(318) To-space exhausted
[240.698s] GC(318) Pause Young (Normal) (G1 Evacuation Pause) 12236M->12236M(12288M) 19.335ms
[242.756s] GC(319) Pause Full (G1 Compaction Pause) 12236M->11960M(12288M) 2057.552ms
[243.050s] GC(320) To-space exhausted
[243.050s] GC(320) Pause Young (Concurrent Start) (G1 Evacuation Pause) 12224M->12224M(12288M) 21.276ms
[243.050s] GC(322) Concurrent Mark Cycle
[245.226s] GC(321) Pause Full (G1 Compaction Pause) 12224M->11995M(12288M) 2175.799ms
[245.226s] GC(322) Concurrent Mark Cycle 2175.931ms
[245.405s] GC(323) To-space exhausted
[245.405s] GC(323) Pause Young (Normal) (G1 Evacuation Pause) 12219M->12219M(12288M) 12.669ms
[247.658s] GC(324) Pause Full (G1 Compaction Pause) 12219M->12015M(12288M) 2252.924ms
[247.832s] GC(325) To-space exhausted
[247.832s] GC(325) Pause Young (Concurrent Start) (G1 Evacuation Pause) 12223M->12223M(12288M) 13.069ms
[247.832s] GC(327) Concurrent Mark Cycle
[250.219s] GC(326) Pause Full (G1 Compaction Pause) 12223M->12034M(12288M) 2386.341ms
[250.219s] GC(327) Concurrent Mark Cycle 2386.487ms
[250.399s] GC(328) To-space exhausted
[250.399s] GC(328) Pause Young (Normal) (G1 Evacuation Pause) 12250M->12250M(12288M) 13.511ms
[252.783s] GC(329) Pause Full (G1 Compaction Pause) 12250M->12053M(12288M) 2384.303ms
[253.020s] GC(330) To-space exhausted
[253.020s] GC(330) Pause Young (Concurrent Start) (G1 Evacuation Pause) 12229M->12229M(12288M) 15.580ms
[253.020s] GC(332) Concurrent Mark Cycle
[255.713s] GC(331) Pause Full (G1 Compaction Pause) 12229M->12075M(12288M) 2693.722ms
[255.714s] GC(332) Concurrent Mark Cycle 2693.883ms
[255.861s] GC(333) To-space exhausted
[255.861s] GC(333) Pause Young (Normal) (G1 Evacuation Pause) 12243M->12243M(12288M) 14.943ms
[258.862s] GC(334) Pause Full (G1 Compaction Pause) 12243M->12090M(12288M) 3000.873ms
[259.024s] GC(335) To-space exhausted
[259.024s] GC(335) Pause Young (Concurrent Start) (G1 Evacuation Pause) 12234M->12234M(12288M) 14.493ms
[259.024s] GC(337) Concurrent Mark Cycle
[262.531s] GC(336) Pause Full (G1 Compaction Pause) 12234M->12103M(12288M) 3506.939ms
[262.531s] GC(337) Concurrent Mark Cycle 3507.076ms
[262.705s] GC(338) To-space exhausted
[262.705s] GC(338) Pause Young (Normal) (G1 Evacuation Pause) 12255M->12255M(12288M) 15.992ms
[266.790s] GC(339) Pause Full (G1 Compaction Pause) 12255M->12116M(12288M) 4084.237ms
[266.874s] GC(340) To-space exhausted
[266.874s] GC(340) Pause Young (Concurrent Start) (G1 Evacuation Pause) 12212M->12212M(12288M) 12.444ms
[266.874s] GC(342) Concurrent Mark Cycle
[270.604s] GC(341) Pause Full (G1 Compaction Pause) 12212M->12121M(12288M) 3730.135ms
[270.605s] GC(342) Concurrent Mark Cycle 3730.475ms
[270.684s] GC(343) To-space exhausted
[270.684s] GC(343) Pause Young (Normal) (G1 Evacuation Pause) 12209M->12209M(12288M) 9.493ms
[274.514s] GC(344) Pause Full (G1 Compaction Pause) 12209M->12127M(12288M) 3829.875ms
[274.618s] GC(345) To-space exhausted
[274.618s] GC(345) Pause Young (Concurrent Start) (G1 Evacuation Pause) 12223M->12223M(12288M) 10.979ms
[274.618s] GC(347) Concurrent Mark Cycle
[278.473s] GC(346) Pause Full (G1 Compaction Pause) 12223M->12135M(12288M) 3854.620ms
[278.473s] GC(347) Concurrent Mark Cycle 3854.794ms
[278.568s] GC(348) To-space exhausted
[278.568s] GC(348) Pause Young (Normal) (G1 Evacuation Pause) 12223M->12223M(12288M) 10.708ms
[281.921s] GC(349) Pause Full (G1 Compaction Pause) 12223M->12142M(12288M) 3352.822ms
[282.004s] GC(350) To-space exhausted
[282.004s] GC(350) Pause Young (Concurrent Start) (G1 Evacuation Pause) 12214M->12214M(12288M) 10.184ms
[282.004s] GC(352) Concurrent Mark Cycle
[285.594s] GC(351) Pause Full (G1 Compaction Pause) 12214M->12148M(12288M) 3589.904ms
[285.594s] GC(352) Concurrent Mark Cycle 3590.106ms
[285.724s] GC(353) To-space exhausted
[285.724s] GC(353) Pause Young (Normal) (G1 Evacuation Pause) 12236M->12236M(12288M) 12.976ms
[289.432s] GC(354) Pause Full (G1 Compaction Pause) 12236M->12157M(12288M) 3708.125ms
[289.524s] GC(355) To-space exhausted
[289.524s] GC(355) Pause Young (Concurrent Start) (G1 Evacuation Pause) 12237M->12237M(12288M) 10.292ms
[289.524s] GC(357) Concurrent Mark Cycle
[293.120s] GC(356) Pause Full (G1 Compaction Pause) 12237M->12164M(12288M) 3595.175ms
[293.120s] GC(357) Concurrent Mark Cycle 3595.340ms
[293.177s] GC(358) To-space exhausted
[293.177s] GC(358) Pause Young (Normal) (G1 Evacuation Pause) 12236M->12236M(12288M) 7.496ms
[296.871s] GC(359) Pause Full (G1 Compaction Pause) 12236M->12168M(12288M) 3693.744ms
[296.917s] GC(360) To-space exhausted
[296.917s] GC(360) Pause Young (Concurrent Start) (G1 Evacuation Pause) 12240M->12240M(12288M) 7.104ms
[296.917s] GC(362) Concurrent Mark Cycle
[300.653s] GC(361) Pause Full (G1 Compaction Pause) 12240M->12171M(12288M) 3735.941ms
[300.653s] GC(362) Concurrent Mark Cycle 3736.160ms
[300.704s] GC(363) To-space exhausted
[300.704s] GC(363) Pause Young (Normal) (G1 Evacuation Pause) 12251M->12251M(12288M) 7.283ms
[304.218s] GC(364) Pause Full (G1 Compaction Pause) 12251M->12175M(12288M) 3514.095ms
[304.268s] GC(365) To-space exhausted
[304.268s] GC(365) Pause Young (Concurrent Start) (G1 Evacuation Pause) 12231M->12231M(12288M) 10.136ms
[304.268s] GC(367) Concurrent Mark Cycle
[308.190s] GC(366) Pause Full (G1 Compaction Pause) 12231M->12179M(12288M) 3922.263ms
[308.190s] GC(367) Concurrent Mark Cycle 3922.481ms
[308.243s] GC(368) To-space exhausted
[308.243s] GC(368) Pause Young (Normal) (G1 Evacuation Pause) 12259M->12259M(12288M) 8.370ms
[311.817s] GC(369) Pause Full (G1 Compaction Pause) 12259M->12182M(12288M) 3574.154ms
[311.864s] GC(370) To-space exhausted
[311.865s] GC(370) Pause Young (Concurrent Start) (G1 Evacuation Pause) 12238M->12238M(12288M) 7.276ms
[311.865s] GC(372) Concurrent Mark Cycle
[315.755s] GC(371) Pause Full (G1 Compaction Pause) 12238M->12186M(12288M) 3890.333ms
[315.755s] GC(372) Concurrent Mark Cycle 3890.589ms
[315.837s] GC(373) To-space exhausted
[315.837s] GC(373) Pause Young (Normal) (G1 Evacuation Pause) 12250M->12250M(12288M) 12.846ms
[319.535s] GC(374) Pause Full (G1 Compaction Pause) 12250M->12191M(12288M) 3698.059ms
[319.573s] GC(375) To-space exhausted
[319.573s] GC(375) Pause Young (Concurrent Start) (G1 Evacuation Pause) 12247M->12247M(12288M) 6.631ms
[319.573s] GC(377) Concurrent Mark Cycle
[323.498s] GC(376) Pause Full (G1 Compaction Pause) 12247M->12193M(12288M) 3924.729ms
[323.498s] GC(377) Concurrent Mark Cycle 3924.941ms
[323.538s] GC(378) To-space exhausted
[323.538s] GC(378) Pause Young (Normal) (G1 Evacuation Pause) 12233M->12233M(12288M) 5.564ms
[327.494s] GC(379) Pause Full (G1 Compaction Pause) 12233M->12195M(12288M) 3956.788ms
[327.529s] GC(380) To-space exhausted
[327.529s] GC(380) Pause Young (Concurrent Start) (G1 Evacuation Pause) 12227M->12227M(12288M) 6.948ms
[327.529s] GC(382) Concurrent Mark Cycle
[331.225s] GC(381) Pause Full (G1 Compaction Pause) 12227M->12197M(12288M) 3695.248ms
[331.225s] GC(382) Concurrent Mark Cycle 3695.485ms
[331.287s] GC(383) To-space exhausted
[331.287s] GC(383) Pause Young (Normal) (G1 Evacuation Pause) 12245M->12245M(12288M) 12.226ms
[335.319s] GC(384) Pause Full (G1 Compaction Pause) 12245M->12201M(12288M) 4032.175ms
[335.335s] GC(385) To-space exhausted
[335.335s] GC(385) Pause Young (Concurrent Start) (G1 Evacuation Pause) 12217M->12217M(12288M) 5.888ms
[335.335s] GC(387) Concurrent Mark Cycle
[339.045s] GC(386) Pause Full (G1 Compaction Pause) 12217M->12202M(12288M) 3710.249ms
[339.046s] GC(387) Concurrent Mark Cycle 3710.463ms
[339.072s] GC(388) To-space exhausted
[339.072s] GC(388) Pause Young (Normal) (G1 Evacuation Pause) 12226M->12226M(12288M) 6.057ms
[342.662s] GC(389) Pause Full (G1 Compaction Pause) 12226M->12203M(12288M) 3590.187ms
[342.692s] GC(390) To-space exhausted
[342.693s] GC(390) Pause Young (Concurrent Start) (G1 Evacuation Pause) 12227M->12227M(12288M) 6.087ms
[342.693s] GC(392) Concurrent Mark Cycle
[346.502s] GC(391) Pause Full (G1 Compaction Pause) 12227M->12205M(12288M) 3809.572ms
[346.502s] GC(392) Concurrent Mark Cycle 3809.833ms
[346.543s] GC(393) To-space exhausted
[346.543s] GC(393) Pause Young (Normal) (G1 Evacuation Pause) 12229M->12229M(12288M) 6.505ms
[350.383s] GC(394) Pause Full (G1 Compaction Pause) 12229M->12206M(12288M) 3839.801ms
[350.437s] GC(395) To-space exhausted
[350.437s] GC(395) Pause Young (Concurrent Start) (G1 Evacuation Pause) 12246M->12246M(12288M) 8.980ms
[350.437s] GC(397) Concurrent Mark Cycle
[354.350s] GC(396) Pause Full (G1 Compaction Pause) 12246M->12210M(12288M) 3912.792ms
[354.350s] GC(397) Concurrent Mark Cycle 3913.005ms
[354.352s] GC(398) To-space exhausted
[354.352s] GC(398) Pause Young (Normal) (G1 Evacuation Pause) 12218M->12218M(12288M) 1.431ms
[358.415s] GC(399) Pause Full (G1 Compaction Pause) 12218M->12210M(12288M) 4063.138ms
[358.439s] GC(400) To-space exhausted
[358.439s] GC(400) Pause Young (Concurrent Start) (G1 Evacuation Pause) 12234M->12234M(12288M) 6.896ms
[358.439s] GC(402) Concurrent Mark Cycle
[363.299s] GC(401) Pause Full (G1 Compaction Pause) 12234M->12212M(12288M) 4859.747ms
[363.299s] GC(402) Concurrent Mark Cycle 4859.962ms
[363.334s] GC(403) To-space exhausted
[363.334s] GC(403) Pause Young (Normal) (G1 Evacuation Pause) 12236M->12236M(12288M) 6.406ms
[367.235s] GC(404) Pause Full (G1 Compaction Pause) 12236M->12214M(12288M) 3900.367ms
[367.304s] GC(405) To-space exhausted
[367.304s] GC(405) Pause Young (Concurrent Start) (G1 Evacuation Pause) 12278M->12278M(12288M) 11.996ms
[367.304s] GC(407) Concurrent Mark Cycle
[371.566s] GC(406) Pause Full (G1 Compaction Pause) 12278M->12218M(12288M) 4261.542ms
[371.566s] GC(407) Concurrent Mark Cycle 4261.756ms
[371.587s] GC(408) To-space exhausted
[371.587s] GC(408) Pause Young (Normal) (G1 Evacuation Pause) 12274M->12274M(12288M) 6.673ms
[375.346s] GC(409) Pause Full (G1 Compaction Pause) 12274M->12220M(12288M) 3759.560ms
[375.401s] GC(410) To-space exhausted
[375.401s] GC(410) Pause Young (Concurrent Start) (G1 Evacuation Pause) 12276M->12276M(12288M) 10.768ms
[375.401s] GC(412) Concurrent Mark Cycle
[379.256s] GC(411) Pause Full (G1 Compaction Pause) 12276M->12223M(12288M) 3855.326ms
[379.256s] GC(412) Concurrent Mark Cycle 3855.553ms
[379.313s] GC(413) To-space exhausted
[379.313s] GC(413) Pause Young (Normal) (G1 Evacuation Pause) 12279M->12279M(12288M) 7.312ms
[382.809s] GC(414) Pause Full (G1 Compaction Pause) 12279M->12227M(12288M) 3495.427ms
[382.865s] GC(415) To-space exhausted
[382.865s] GC(415) Pause Young (Concurrent Start) (G1 Evacuation Pause) 12275M->12275M(12288M) 7.990ms
[382.865s] GC(417) Concurrent Mark Cycle
[386.517s] GC(416) Pause Full (G1 Compaction Pause) 12275M->12231M(12288M) 3652.001ms
[386.517s] GC(417) Concurrent Mark Cycle 3652.224ms
[386.574s] GC(418) To-space exhausted
[386.574s] GC(418) Pause Young (Normal) (G1 Evacuation Pause) 12279M->12279M(12288M) 7.241ms
[390.517s] GC(419) Pause Full (G1 Compaction Pause) 12279M->12235M(12288M) 3942.487ms
[390.545s] GC(420) To-space exhausted
[390.545s] GC(420) Pause Young (Concurrent Start) (G1 Evacuation Pause) 12275M->12275M(12288M) 6.905ms
[390.546s] GC(422) Concurrent Mark Cycle
[394.419s] GC(421) Pause Full (G1 Compaction Pause) 12275M->12236M(12288M) 3873.035ms
[394.419s] GC(422) Concurrent Mark Cycle 3873.260ms
[394.472s] GC(423) To-space exhausted
[394.472s] GC(423) Pause Young (Normal) (G1 Evacuation Pause) 12276M->12276M(12288M) 7.731ms
[398.420s] GC(424) Pause Full (G1 Compaction Pause) 12276M->12240M(12288M) 3947.687ms
[398.450s] GC(425) To-space exhausted
[398.450s] GC(425) Pause Young (Concurrent Start) (G1 Evacuation Pause) 12280M->12280M(12288M) 6.096ms
[398.450s] GC(427) Concurrent Mark Cycle
[402.164s] GC(426) Pause Full (G1 Compaction Pause) 12280M->12242M(12288M) 3713.579ms
[402.164s] GC(427) Concurrent Mark Cycle 3713.787ms
[402.194s] GC(428) To-space exhausted
[402.194s] GC(428) Pause Young (Normal) (G1 Evacuation Pause) 12274M->12274M(12288M) 5.620ms
[406.072s] GC(429) Pause Full (G1 Compaction Pause) 12274M->12244M(12288M) 3877.725ms
[406.105s] GC(430) To-space exhausted
[406.105s] GC(430) Pause Young (Concurrent Start) (G1 Evacuation Pause) 12276M->12276M(12288M) 7.683ms
[406.105s] GC(432) Concurrent Mark Cycle
[409.959s] GC(431) Pause Full (G1 Compaction Pause) 12276M->12246M(12288M) 3854.636ms
[409.960s] GC(432) Concurrent Mark Cycle 3854.852ms
[409.991s] GC(433) To-space exhausted
[409.991s] GC(433) Pause Young (Normal) (G1 Evacuation Pause) 12278M->12278M(12288M) 8.575ms
[413.718s] GC(434) Pause Full (G1 Compaction Pause) 12278M->12248M(12288M) 3726.281ms
[413.774s] GC(435) To-space exhausted
[413.774s] GC(435) Pause Young (Concurrent Start) (G1 Evacuation Pause) 12280M->12280M(12288M) 7.910ms
[413.774s] GC(437) Concurrent Mark Cycle
[417.552s] GC(436) Pause Full (G1 Compaction Pause) 12280M->12251M(12288M) 3777.769ms
[417.552s] GC(437) Concurrent Mark Cycle 3777.985ms
[417.580s] GC(438) To-space exhausted
[417.580s] GC(438) Pause Young (Normal) (G1 Evacuation Pause) 12275M->12275M(12288M) 7.359ms
[421.321s] GC(439) Pause Full (G1 Compaction Pause) 12275M->12253M(12288M) 3740.975ms
[421.348s] GC(440) To-space exhausted
[421.348s] GC(440) Pause Young (Concurrent Start) (G1 Evacuation Pause) 12277M->12277M(12288M) 6.300ms
[421.349s] GC(442) Concurrent Mark Cycle
[425.312s] GC(441) Pause Full (G1 Compaction Pause) 12277M->12255M(12288M) 3963.463ms
[425.312s] GC(442) Concurrent Mark Cycle 3963.687ms
[425.341s] GC(443) To-space exhausted
[425.341s] GC(443) Pause Young (Normal) (G1 Evacuation Pause) 12279M->12279M(12288M) 5.408ms
[429.135s] GC(444) Pause Full (G1 Compaction Pause) 12279M->12257M(12288M) 3794.202ms
[429.174s] GC(445) To-space exhausted
[429.174s] GC(445) Pause Young (Concurrent Start) (G1 Evacuation Pause) 12281M->12281M(12288M) 5.981ms
[429.174s] GC(447) Concurrent Mark Cycle
[433.096s] GC(446) Pause Full (G1 Compaction Pause) 12281M->12258M(12288M) 3922.196ms
[433.096s] GC(447) Concurrent Mark Cycle 3922.431ms
[433.105s] GC(448) To-space exhausted
[433.105s] GC(448) Pause Young (Normal) (G1 Evacuation Pause) 12274M->12274M(12288M) 4.779ms
[436.662s] GC(449) Pause Full (G1 Compaction Pause) 12274M->12259M(12288M) 3556.235ms
[436.676s] GC(450) To-space exhausted
[436.676s] GC(450) Pause Young (Concurrent Start) (G1 Evacuation Pause) 12275M->12275M(12288M) 4.747ms
[436.676s] GC(452) Concurrent Mark Cycle
[440.480s] GC(451) Pause Full (G1 Compaction Pause) 12275M->12260M(12288M) 3803.714ms
[440.480s] GC(452) Concurrent Mark Cycle 3803.917ms
[440.494s] GC(453) To-space exhausted
[440.494s] GC(453) Pause Young (Normal) (G1 Evacuation Pause) 12276M->12276M(12288M) 5.676ms
[443.889s] GC(454) Pause Full (G1 Compaction Pause) 12276M->12261M(12288M) 3395.106ms
[443.904s] GC(455) To-space exhausted
[443.904s] GC(455) Pause Young (Concurrent Start) (G1 Evacuation Pause) 12277M->12277M(12288M) 4.899ms
[443.904s] GC(457) Concurrent Mark Cycle
[447.581s] GC(456) Pause Full (G1 Compaction Pause) 12277M->12262M(12288M) 3677.124ms
[447.581s] GC(457) Concurrent Mark Cycle 3677.328ms
[447.590s] GC(458) To-space exhausted
[447.590s] GC(458) Pause Young (Normal) (G1 Evacuation Pause) 12278M->12278M(12288M) 1.441ms
[451.375s] GC(459) Pause Full (G1 Compaction Pause) 12278M->12262M(12288M) 3785.556ms
[451.386s] GC(460) To-space exhausted
[451.386s] GC(460) Pause Young (Concurrent Start) (G1 Evacuation Pause) 12278M->12278M(12288M) 3.650ms
[451.386s] GC(462) Concurrent Mark Cycle
[455.228s] GC(461) Pause Full (G1 Compaction Pause) 12278M->12263M(12288M) 3841.895ms
[455.228s] GC(462) Concurrent Mark Cycle 3842.090ms
[455.230s] GC(463) To-space exhausted
[455.230s] GC(463) Pause Young (Normal) (G1 Evacuation Pause) 12278M->12278M(12288M) 1.624ms
[458.899s] GC(464) Pause Full (G1 Compaction Pause) 12278M->12263M(12288M) 3668.624ms
[458.900s] GC(465) To-space exhausted
[458.901s] GC(465) Pause Young (Concurrent Start) (G1 Evacuation Pause) 12278M->12278M(12288M) 1.660ms
[458.901s] GC(467) Concurrent Mark Cycle
[462.779s] GC(466) Pause Full (G1 Compaction Pause) 12278M->12263M(12288M) 3878.770ms
[462.780s] GC(467) Concurrent Mark Cycle 3879.033ms
[462.781s] GC(468) To-space exhausted
[462.781s] GC(468) Pause Young (Normal) (G1 Evacuation Pause) 12278M->12278M(12288M) 1.596ms
[466.356s] GC(469) Pause Full (G1 Compaction Pause) 12278M->12263M(12288M) 3574.255ms
[466.381s] GC(470) To-space exhausted
[466.381s] GC(470) Pause Young (Concurrent Start) (G1 Evacuation Pause) 12279M->12279M(12288M) 6.044ms
[466.381s] GC(472) Concurrent Mark Cycle
[470.217s] GC(471) Pause Full (G1 Compaction Pause) 12279M->12264M(12288M) 3836.313ms
[470.217s] GC(472) Concurrent Mark Cycle 3836.539ms
[470.258s] GC(473) To-space exhausted
[470.258s] GC(473) Pause Young (Normal) (G1 Evacuation Pause) 12280M->12280M(12288M) 6.794ms
[473.947s] GC(474) Pause Full (G1 Compaction Pause) 12280M->12266M(12288M) 3689.565ms
[473.950s] GC(475) To-space exhausted
[473.950s] GC(475) Pause Young (Concurrent Start) (G1 Evacuation Pause) 12274M->12274M(12288M) 2.042ms
[473.950s] GC(477) Concurrent Mark Cycle
[477.939s] GC(476) Pause Full (G1 Compaction Pause) 12274M->12266M(12288M) 3988.827ms
[477.939s] GC(477) Concurrent Mark Cycle 3988.911ms
[477.941s] GC(478) To-space exhausted
[477.941s] GC(478) Pause Young (Normal) (G1 Evacuation Pause) 12274M->12274M(12288M) 1.260ms
[481.582s] GC(479) Pause Full (G1 Compaction Pause) 12274M->12266M(12288M) 3640.849ms
[481.584s] GC(480) To-space exhausted
[481.584s] GC(480) Pause Young (Concurrent Start) (G1 Evacuation Pause) 12274M->12274M(12288M) 1.622ms
[481.584s] GC(482) Concurrent Mark Cycle
[485.343s] GC(481) Pause Full (G1 Compaction Pause) 12274M->12266M(12288M) 3759.271ms
[485.344s] GC(482) Concurrent Mark Cycle 3759.395ms
[485.345s] GC(483) To-space exhausted
[485.345s] GC(483) Pause Young (Normal) (G1 Evacuation Pause) 12274M->12274M(12288M) 1.819ms
[489.129s] GC(484) Pause Full (G1 Compaction Pause) 12274M->12266M(12288M) 3783.963ms
[489.131s] GC(485) To-space exhausted
[489.131s] GC(485) Pause Young (Concurrent Start) (G1 Evacuation Pause) 12274M->12274M(12288M) 1.267ms
[489.131s] GC(487) Concurrent Mark Cycle
[493.035s] GC(486) Pause Full (G1 Compaction Pause) 12274M->12266M(12288M) 3903.915ms
[493.035s] GC(487) Concurrent Mark Cycle 3904.128ms
[493.037s] GC(488) To-space exhausted
[493.037s] GC(488) Pause Young (Normal) (G1 Evacuation Pause) 12274M->12274M(12288M) 1.796ms
[496.895s] GC(489) Pause Full (G1 Compaction Pause) 12274M->12266M(12288M) 3857.734ms
[496.896s] GC(490) To-space exhausted
[496.896s] GC(490) Pause Young (Concurrent Start) (G1 Evacuation Pause) 12274M->12274M(12288M) 1.311ms
[496.897s] GC(492) Concurrent Mark Cycle
[500.522s] GC(491) Pause Full (G1 Compaction Pause) 12274M->12266M(12288M) 3625.938ms
[500.523s] GC(492) Concurrent Mark Cycle 3626.121ms
[500.524s] GC(493) To-space exhausted
[500.524s] GC(493) Pause Young (Normal) (G1 Evacuation Pause) 12274M->12274M(12288M) 1.214ms
[504.717s] GC(494) Pause Full (G1 Compaction Pause) 12274M->12266M(12288M) 4193.468ms
[504.720s] GC(495) To-space exhausted
[504.720s] GC(495) Pause Young (Concurrent Start) (G1 Evacuation Pause) 12274M->12274M(12288M) 2.296ms
[504.720s] GC(497) Concurrent Mark Cycle
[508.741s] GC(496) Pause Full (G1 Compaction Pause) 12274M->12266M(12288M) 4020.980ms
[508.743s] GC(498) To-space exhausted
[508.743s] GC(498) Pause Young (Normal) (G1 Evacuation Pause) 12274M->12274M(12288M) 1.417ms
[512.427s] GC(499) Pause Full (G1 Compaction Pause) 12274M->12266M(12288M) 3684.726ms
[512.428s] GC(497) Concurrent Mark Cycle 7707.531ms
[512.429s] GC(500) To-space exhausted
[512.429s] GC(500) Pause Young (Normal) (G1 Evacuation Pause) 12274M->12274M(12288M) 1.503ms
[516.428s] GC(501) Pause Full (G1 Compaction Pause) 12274M->12266M(12288M) 3999.042ms
[516.430s] GC(502) To-space exhausted
[516.430s] GC(502) Pause Young (Concurrent Start) (G1 Evacuation Pause) 12274M->12274M(12288M) 1.142ms
[516.430s] GC(504) Concurrent Mark Cycle
[520.124s] GC(503) Pause Full (G1 Compaction Pause) 12274M->12266M(12288M) 3694.214ms
[520.124s] GC(504) Concurrent Mark Cycle 3694.415ms
[520.126s] GC(505) To-space exhausted
[520.126s] GC(505) Pause Young (Normal) (G1 Evacuation Pause) 12274M->12274M(12288M) 1.626ms
[524.089s] GC(506) Pause Full (G1 Compaction Pause) 12274M->12266M(12288M) 3963.027ms
[524.090s] GC(507) To-space exhausted
[524.090s] GC(507) Pause Young (Concurrent Start) (G1 Evacuation Pause) 12274M->12274M(12288M) 1.211ms
[524.090s] GC(509) Concurrent Mark Cycle
[527.999s] GC(508) Pause Full (G1 Compaction Pause) 12274M->12266M(12288M) 3908.190ms
[527.999s] GC(509) Concurrent Mark Cycle 3908.402ms
[528.000s] GC(510) To-space exhausted
[528.001s] GC(510) Pause Young (Normal) (G1 Evacuation Pause) 12274M->12274M(12288M) 1.503ms
[531.919s] GC(511) Pause Full (G1 Compaction Pause) 12274M->12266M(12288M) 3918.214ms
[531.921s] GC(512) To-space exhausted
[531.921s] GC(512) Pause Young (Concurrent Start) (G1 Evacuation Pause) 12274M->12274M(12288M) 2.247ms
[531.922s] GC(514) Concurrent Mark Cycle
[535.958s] GC(513) Pause Full (G1 Compaction Pause) 12274M->12266M(12288M) 4036.799ms
[535.958s] GC(514) Concurrent Mark Cycle 4036.978ms
[535.960s] GC(515) To-space exhausted
[535.960s] GC(515) Pause Young (Normal) (G1 Evacuation Pause) 12274M->12274M(12288M) 1.479ms
[540.121s] GC(516) Pause Full (G1 Compaction Pause) 12274M->12266M(12288M) 4161.348ms
[540.123s] GC(517) To-space exhausted
[540.123s] GC(517) Pause Young (Concurrent Start) (G1 Evacuation Pause) 12274M->12274M(12288M) 1.358ms
[540.123s] GC(519) Concurrent Mark Cycle
[544.007s] GC(518) Pause Full (G1 Compaction Pause) 12274M->12266M(12288M) 3884.156ms
[544.008s] GC(519) Concurrent Mark Cycle 3884.349ms
[544.009s] GC(520) To-space exhausted
[544.009s] GC(520) Pause Young (Normal) (G1 Evacuation Pause) 12274M->12274M(12288M) 1.001ms
[548.193s] GC(521) Pause Full (G1 Compaction Pause) 12274M->12266M(12288M) 4183.791ms
[548.194s] GC(522) To-space exhausted
[548.194s] GC(522) Pause Young (Concurrent Start) (G1 Evacuation Pause) 12274M->12274M(12288M) 1.588ms
[548.194s] GC(524) Concurrent Mark Cycle
[552.356s] GC(523) Pause Full (G1 Compaction Pause) 12274M->12266M(12288M) 4161.476ms
[552.356s] GC(524) Concurrent Mark Cycle 4161.687ms
[552.358s] GC(525) To-space exhausted
[552.358s] GC(525) Pause Young (Normal) (G1 Evacuation Pause) 12274M->12274M(12288M) 1.753ms
[556.318s] GC(526) Pause Full (G1 Compaction Pause) 12274M->12266M(12288M) 3959.595ms
[556.319s] GC(527) To-space exhausted
[556.319s] GC(527) Pause Young (Concurrent Start) (G1 Evacuation Pause) 12274M->12274M(12288M) 1.549ms
[556.320s] GC(529) Concurrent Mark Cycle
[560.353s] GC(528) Pause Full (G1 Compaction Pause) 12274M->12266M(12288M) 4033.485ms
[560.353s] GC(529) Concurrent Mark Cycle 4033.663ms
[560.355s] GC(530) To-space exhausted
[560.355s] GC(530) Pause Young (Normal) (G1 Evacuation Pause) 12274M->12274M(12288M) 1.670ms
[564.175s] GC(531) Pause Full (G1 Compaction Pause) 12274M->12266M(12288M) 3819.873ms
[564.176s] GC(532) To-space exhausted
[564.177s] GC(532) Pause Young (Concurrent Start) (G1 Evacuation Pause) 12274M->12274M(12288M) 1.326ms
[564.177s] GC(534) Concurrent Mark Cycle
[567.992s] GC(533) Pause Full (G1 Compaction Pause) 12274M->12266M(12288M) 3815.515ms
[567.992s] GC(534) Concurrent Mark Cycle 3815.740ms
[567.994s] GC(535) To-space exhausted
[567.994s] GC(535) Pause Young (Normal) (G1 Evacuation Pause) 12274M->12274M(12288M) 1.545ms
[571.933s] GC(536) Pause Full (G1 Compaction Pause) 12274M->12266M(12288M) 3938.817ms
[571.934s] GC(537) To-space exhausted
[571.935s] GC(537) Pause Young (Concurrent Start) (G1 Evacuation Pause) 12274M->12274M(12288M) 1.546ms
[571.935s] GC(539) Concurrent Mark Cycle
[575.808s] GC(538) Pause Full (G1 Compaction Pause) 12274M->12266M(12288M) 3873.455ms
[575.808s] GC(539) Concurrent Mark Cycle 3873.666ms
[575.810s] GC(540) To-space exhausted
[575.810s] GC(540) Pause Young (Normal) (G1 Evacuation Pause) 12274M->12274M(12288M) 1.634ms
[579.668s] GC(541) Pause Full (G1 Compaction Pause) 12274M->12266M(12288M) 3857.491ms
[579.670s] GC(542) To-space exhausted
[579.670s] GC(542) Pause Young (Concurrent Start) (G1 Evacuation Pause) 12274M->12274M(12288M) 1.731ms
[579.670s] GC(544) Concurrent Mark Cycle
[583.578s] GC(543) Pause Full (G1 Compaction Pause) 12274M->12266M(12288M) 3908.153ms
[583.578s] GC(544) Concurrent Mark Cycle 3908.304ms
[583.580s] GC(545) To-space exhausted
[583.580s] GC(545) Pause Young (Normal) (G1 Evacuation Pause) 12274M->12274M(12288M) 1.533ms
[587.264s] GC(546) Pause Full (G1 Compaction Pause) 12274M->12266M(12288M) 3684.325ms
[587.266s] GC(547) To-space exhausted
[587.266s] GC(547) Pause Young (Concurrent Start) (G1 Evacuation Pause) 12274M->12274M(12288M) 1.190ms
[587.266s] GC(549) Concurrent Mark Cycle
[590.952s] GC(548) Pause Full (G1 Compaction Pause) 12274M->12266M(12288M) 3686.689ms
[590.953s] GC(549) Concurrent Mark Cycle 3686.890ms
[590.954s] GC(550) To-space exhausted
[590.954s] GC(550) Pause Young (Normal) (G1 Evacuation Pause) 12274M->12274M(12288M) 1.639ms
[594.642s] GC(551) Pause Full (G1 Compaction Pause) 12274M->12266M(12288M) 3687.876ms
[594.644s] GC(552) To-space exhausted
[594.644s] GC(552) Pause Young (Concurrent Start) (G1 Evacuation Pause) 12274M->12274M(12288M) 1.861ms
[594.645s] GC(554) Concurrent Mark Cycle
[598.670s] GC(553) Pause Full (G1 Compaction Pause) 12274M->12266M(12288M) 4025.578ms
[598.670s] GC(554) Concurrent Mark Cycle 4025.668ms
[598.672s] GC(555) To-space exhausted
[598.672s] GC(555) Pause Young (Normal) (G1 Evacuation Pause) 12274M->12274M(12288M) 1.520ms
[602.559s] GC(556) Pause Full (G1 Compaction Pause) 12274M->12266M(12288M) 3886.630ms
[602.560s] GC(557) To-space exhausted
[602.560s] GC(557) Pause Young (Concurrent Start) (G1 Evacuation Pause) 12274M->12274M(12288M) 1.570ms
[602.560s] GC(559) Concurrent Mark Cycle
[606.500s] GC(558) Pause Full (G1 Compaction Pause) 12274M->12266M(12288M) 3939.237ms
[606.500s] GC(559) Concurrent Mark Cycle 3939.425ms
[606.501s] GC(560) To-space exhausted
[606.502s] GC(560) Pause Young (Normal) (G1 Evacuation Pause) 12274M->12274M(12288M) 1.513ms
[610.080s] GC(561) Pause Full (G1 Compaction Pause) 12274M->12266M(12288M) 3578.367ms
[610.082s] GC(562) To-space exhausted
[610.082s] GC(562) Pause Young (Concurrent Start) (G1 Evacuation Pause) 12274M->12274M(12288M) 1.537ms
[610.082s] GC(564) Concurrent Mark Cycle
[613.837s] GC(563) Pause Full (G1 Compaction Pause) 12274M->12266M(12288M) 3755.559ms
[613.838s] GC(564) Concurrent Mark Cycle 3755.727ms
[613.839s] GC(565) To-space exhausted
[613.839s] GC(565) Pause Young (Normal) (G1 Evacuation Pause) 12274M->12274M(12288M) 1.619ms
[617.687s] GC(566) Pause Full (G1 Compaction Pause) 12274M->12266M(12288M) 3847.259ms
[617.690s] GC(567) To-space exhausted
[617.690s] GC(567) Pause Young (Concurrent Start) (G1 Evacuation Pause) 12274M->12274M(12288M) 2.853ms
[617.690s] GC(569) Concurrent Mark Cycle
[621.436s] GC(568) Pause Full (G1 Compaction Pause) 12274M->12266M(12288M) 3745.634ms
[621.436s] GC(569) Concurrent Mark Cycle 3745.664ms
[621.437s] GC(570) To-space exhausted
[621.438s] GC(570) Pause Young (Normal) (G1 Evacuation Pause) 12274M->12274M(12288M) 1.693ms
[624.995s] GC(571) Pause Full (G1 Compaction Pause) 12274M->12266M(12288M) 3557.484ms
[624.997s] GC(572) To-space exhausted
[624.997s] GC(572) Pause Young (Concurrent Start) (G1 Evacuation Pause) 12274M->12274M(12288M) 1.560ms
[624.997s] GC(574) Concurrent Mark Cycle
[628.844s] GC(573) Pause Full (G1 Compaction Pause) 12274M->12266M(12288M) 3846.862ms
[628.844s] GC(574) Concurrent Mark Cycle 3847.051ms
[628.846s] GC(575) To-space exhausted
[628.846s] GC(575) Pause Young (Normal) (G1 Evacuation Pause) 12274M->12274M(12288M) 1.544ms
[632.817s] GC(576) Pause Full (G1 Compaction Pause) 12274M->12266M(12288M) 3971.434ms
[632.819s] GC(577) To-space exhausted
[632.820s] GC(577) Pause Young (Concurrent Start) (G1 Evacuation Pause) 12274M->12274M(12288M) 2.164ms
[632.820s] GC(579) Concurrent Mark Cycle
[636.463s] GC(578) Pause Full (G1 Compaction Pause) 12274M->12266M(12288M) 3643.398ms
[636.463s] GC(579) Concurrent Mark Cycle 3643.573ms
[636.465s] GC(580) To-space exhausted
[636.465s] GC(580) Pause Young (Normal) (G1 Evacuation Pause) 12274M->12274M(12288M) 1.553ms
[640.354s] GC(581) Pause Full (G1 Compaction Pause) 12274M->12266M(12288M) 3889.175ms
[640.356s] GC(582) To-space exhausted
[640.356s] GC(582) Pause Young (Concurrent Start) (G1 Evacuation Pause) 12274M->12274M(12288M) 1.371ms
[640.356s] GC(584) Concurrent Mark Cycle
[644.209s] GC(583) Pause Full (G1 Compaction Pause) 12274M->12266M(12288M) 3852.972ms
[644.209s] GC(584) Concurrent Mark Cycle 3853.184ms
[644.211s] GC(585) To-space exhausted
[644.211s] GC(585) Pause Young (Normal) (G1 Evacuation Pause) 12274M->12274M(12288M) 1.609ms
[647.979s] GC(586) Pause Full (G1 Compaction Pause) 12274M->12266M(12288M) 3768.159ms
[647.981s] GC(587) To-space exhausted
[647.981s] GC(587) Pause Young (Concurrent Start) (G1 Evacuation Pause) 12274M->12274M(12288M) 1.638ms
[647.981s] GC(589) Concurrent Mark Cycle
[651.769s] GC(588) Pause Full (G1 Compaction Pause) 12274M->12266M(12288M) 3787.728ms
[651.769s] GC(589) Concurrent Mark Cycle 3787.795ms
[651.770s] GC(590) To-space exhausted
[651.771s] GC(590) Pause Young (Normal) (G1 Evacuation Pause) 12274M->12274M(12288M) 1.702ms
[655.526s] GC(591) Pause Full (G1 Compaction Pause) 12274M->12266M(12288M) 3755.239ms
[655.527s] GC(592) To-space exhausted
[655.527s] GC(592) Pause Young (Concurrent Start) (G1 Evacuation Pause) 12274M->12274M(12288M) 1.205ms
[655.527s] GC(594) Concurrent Mark Cycle
[659.411s] GC(593) Pause Full (G1 Compaction Pause) 12274M->12266M(12288M) 3884.147ms
[659.412s] GC(594) Concurrent Mark Cycle 3884.326ms
[659.414s] GC(595) To-space exhausted
[659.414s] GC(595) Pause Young (Normal) (G1 Evacuation Pause) 12274M->12274M(12288M) 1.880ms
[663.320s] GC(596) Pause Full (G1 Compaction Pause) 12274M->12266M(12288M) 3906.205ms
[663.323s] GC(597) To-space exhausted
[663.323s] GC(597) Pause Young (Concurrent Start) (G1 Evacuation Pause) 12274M->12274M(12288M) 2.893ms
[663.324s] GC(599) Concurrent Mark Cycle
[667.087s] GC(598) Pause Full (G1 Compaction Pause) 12274M->12266M(12288M) 3763.389ms
[667.087s] GC(599) Concurrent Mark Cycle 3763.478ms
[667.088s] GC(600) To-space exhausted
[667.088s] GC(600) Pause Young (Normal) (G1 Evacuation Pause) 12274M->12274M(12288M) 1.279ms
[670.679s] GC(601) Pause Full (G1 Compaction Pause) 12274M->12266M(12288M) 3590.555ms
[670.681s] GC(602) To-space exhausted
[670.681s] GC(602) Pause Young (Concurrent Start) (G1 Evacuation Pause) 12274M->12274M(12288M) 2.174ms
[670.681s] GC(604) Concurrent Mark Cycle
[674.284s] GC(603) Pause Full (G1 Compaction Pause) 12274M->12266M(12288M) 3602.967ms
[674.285s] GC(604) Concurrent Mark Cycle 3603.165ms
[674.286s] GC(605) To-space exhausted
[674.286s] GC(605) Pause Young (Normal) (G1 Evacuation Pause) 12274M->12274M(12288M) 1.587ms
[677.969s] GC(606) Pause Full (G1 Compaction Pause) 12274M->12266M(12288M) 3682.318ms
[677.971s] GC(607) To-space exhausted
[677.971s] GC(607) Pause Young (Concurrent Start) (G1 Evacuation Pause) 12274M->12274M(12288M) 1.685ms
[677.971s] GC(609) Concurrent Mark Cycle
[681.602s] GC(608) Pause Full (G1 Compaction Pause) 12274M->12266M(12288M) 3630.841ms
[681.604s] GC(610) To-space exhausted
[681.604s] GC(610) Pause Young (Normal) (G1 Evacuation Pause) 12274M->12274M(12288M) 2.071ms
[685.012s] GC(611) Pause Full (G1 Compaction Pause) 12274M->12266M(12288M) 3408.332ms
[685.012s] GC(609) Concurrent Mark Cycle 7041.788ms
[685.014s] GC(612) To-space exhausted
[685.015s] GC(612) Pause Young (Normal) (G1 Evacuation Pause) 12274M->12274M(12288M) 1.935ms
[688.727s] GC(613) Pause Full (G1 Compaction Pause) 12274M->12267M(12288M) 3712.014ms
[688.729s] GC(614) To-space exhausted
[688.729s] GC(614) Pause Young (Concurrent Start) (G1 Evacuation Pause) 12275M->12275M(12288M) 1.712ms
[688.729s] GC(616) Concurrent Mark Cycle
[692.490s] GC(615) Pause Full (G1 Compaction Pause) 12275M->12267M(12288M) 3761.254ms
[692.490s] GC(616) Concurrent Mark Cycle 3761.345ms
[692.492s] GC(617) To-space exhausted
[692.492s] GC(617) Pause Young (Normal) (G1 Evacuation Pause) 12275M->12275M(12288M) 1.302ms
[696.172s] GC(618) Pause Full (G1 Compaction Pause) 12275M->12267M(12288M) 3680.727ms
[696.175s] GC(619) To-space exhausted
[696.175s] GC(619) Pause Young (Concurrent Start) (G1 Evacuation Pause) 12275M->12275M(12288M) 1.965ms
[696.175s] GC(621) Concurrent Mark Cycle
[699.859s] GC(620) Pause Full (G1 Compaction Pause) 12275M->12267M(12288M) 3683.830ms
[699.859s] GC(621) Concurrent Mark Cycle 3684.045ms
[699.861s] GC(622) To-space exhausted
[699.861s] GC(622) Pause Young (Normal) (G1 Evacuation Pause) 12275M->12275M(12288M) 1.879ms
[703.289s] GC(623) Pause Full (G1 Compaction Pause) 12275M->12267M(12288M) 3427.845ms
[703.290s] GC(624) To-space exhausted
[703.290s] GC(624) Pause Young (Concurrent Start) (G1 Evacuation Pause) 12275M->12275M(12288M) 1.270ms
[703.290s] GC(626) Concurrent Mark Cycle
[706.995s] GC(625) Pause Full (G1 Compaction Pause) 12275M->12267M(12288M) 3704.429ms
[706.995s] GC(626) Concurrent Mark Cycle 3704.677ms
[706.997s] GC(627) To-space exhausted
[706.997s] GC(627) Pause Young (Normal) (G1 Evacuation Pause) 12275M->12275M(12288M) 1.857ms
[710.724s] GC(628) Pause Full (G1 Compaction Pause) 12275M->12267M(12288M) 3726.792ms
[710.726s] GC(629) To-space exhausted
[710.726s] GC(629) Pause Young (Concurrent Start) (G1 Evacuation Pause) 12275M->12275M(12288M) 2.198ms
[710.726s] GC(631) Concurrent Mark Cycle
[714.380s] GC(630) Pause Full (G1 Compaction Pause) 12275M->12267M(12288M) 3653.307ms
[714.380s] GC(631) Concurrent Mark Cycle 3653.525ms
[714.381s] GC(632) To-space exhausted
[714.381s] GC(632) Pause Young (Normal) (G1 Evacuation Pause) 12275M->12275M(12288M) 1.300ms
[717.942s] GC(633) Pause Full (G1 Compaction Pause) 12275M->12267M(12288M) 3560.839ms
[717.944s] GC(634) To-space exhausted
[717.944s] GC(634) Pause Young (Concurrent Start) (G1 Evacuation Pause) 12275M->12275M(12288M) 1.563ms
[717.944s] GC(636) Concurrent Mark Cycle
[721.595s] GC(635) Pause Full (G1 Compaction Pause) 12275M->12267M(12288M) 3650.539ms
[721.595s] GC(636) Concurrent Mark Cycle 3650.699ms
[721.596s] GC(637) To-space exhausted
[721.596s] GC(637) Pause Young (Normal) (G1 Evacuation Pause) 12275M->12275M(12288M) 1.228ms
[725.583s] GC(638) Pause Full (G1 Compaction Pause) 12275M->12267M(12288M) 3986.736ms
[725.585s] GC(639) To-space exhausted
[725.585s] GC(639) Pause Young (Concurrent Start) (G1 Evacuation Pause) 12275M->12275M(12288M) 2.084ms
[725.585s] GC(641) Concurrent Mark Cycle
[729.255s] GC(640) Pause Full (G1 Compaction Pause) 12275M->12267M(12288M) 3669.622ms
[729.255s] GC(641) Concurrent Mark Cycle 3669.802ms
[729.256s] GC(642) To-space exhausted
[729.257s] GC(642) Pause Young (Normal) (G1 Evacuation Pause) 12275M->12275M(12288M) 1.343ms
[732.790s] GC(643) Pause Full (G1 Compaction Pause) 12275M->12267M(12288M) 3533.280ms
[732.792s] GC(644) To-space exhausted
[732.792s] GC(644) Pause Young (Concurrent Start) (G1 Evacuation Pause) 12275M->12275M(12288M) 1.780ms
[732.792s] GC(646) Concurrent Mark Cycle
[736.501s] GC(645) Pause Full (G1 Compaction Pause) 12275M->12267M(12288M) 3708.882ms
[736.501s] GC(646) Concurrent Mark Cycle 3709.022ms
[736.502s] GC(647) To-space exhausted
[736.502s] GC(647) Pause Young (Normal) (G1 Evacuation Pause) 12275M->12275M(12288M) 1.404ms
[740.216s] GC(648) Pause Full (G1 Compaction Pause) 12275M->12267M(12288M) 3713.024ms
[740.217s] GC(649) To-space exhausted
[740.217s] GC(649) Pause Young (Concurrent Start) (G1 Evacuation Pause) 12275M->12275M(12288M) 1.525ms
[740.217s] GC(651) Concurrent Mark Cycle
[743.868s] GC(650) Pause Full (G1 Compaction Pause) 12275M->12267M(12288M) 3650.722ms
[743.868s] GC(651) Concurrent Mark Cycle 3650.890ms
[743.870s] GC(652) To-space exhausted
[743.870s] GC(652) Pause Young (Normal) (G1 Evacuation Pause) 12275M->12275M(12288M) 1.285ms
[747.684s] GC(653) Pause Full (G1 Compaction Pause) 12275M->12267M(12288M) 3813.720ms
[747.685s] GC(654) To-space exhausted
[747.685s] GC(654) Pause Young (Concurrent Start) (G1 Evacuation Pause) 12275M->12275M(12288M) 1.255ms
[747.685s] GC(656) Concurrent Mark Cycle
[751.473s] GC(655) Pause Full (G1 Compaction Pause) 12275M->12267M(12288M) 3787.801ms
[751.473s] GC(656) Concurrent Mark Cycle 3788.039ms
[751.475s] GC(657) To-space exhausted
[751.475s] GC(657) Pause Young (Normal) (G1 Evacuation Pause) 12275M->12275M(12288M) 1.631ms
[755.092s] GC(658) Pause Full (G1 Compaction Pause) 12275M->12267M(12288M) 3617.131ms
[755.094s] GC(659) To-space exhausted
[755.094s] GC(659) Pause Young (Concurrent Start) (G1 Evacuation Pause) 12275M->12275M(12288M) 1.977ms
[755.094s] GC(661) Concurrent Mark Cycle
[758.943s] GC(660) Pause Full (G1 Compaction Pause) 12275M->12267M(12288M) 3848.745ms
[758.943s] GC(661) Concurrent Mark Cycle 3848.924ms
[758.945s] GC(662) To-space exhausted
[758.945s] GC(662) Pause Young (Normal) (G1 Evacuation Pause) 12275M->12275M(12288M) 1.638ms
[762.637s] GC(663) Pause Full (G1 Compaction Pause) 12275M->12267M(12288M) 3691.970ms
[762.639s] GC(664) To-space exhausted
[762.639s] GC(664) Pause Young (Concurrent Start) (G1 Evacuation Pause) 12275M->12275M(12288M) 1.556ms
[762.639s] GC(666) Concurrent Mark Cycle
[766.329s] GC(665) Pause Full (G1 Compaction Pause) 12275M->12267M(12288M) 3690.440ms
[766.330s] GC(666) Concurrent Mark Cycle 3690.617ms
[766.331s] GC(667) To-space exhausted
[766.331s] GC(667) Pause Young (Normal) (G1 Evacuation Pause) 12275M->12275M(12288M) 1.146ms
[770.067s] GC(668) Pause Full (G1 Compaction Pause) 12275M->12267M(12288M) 3736.452ms
[770.070s] GC(669) To-space exhausted
[770.070s] GC(669) Pause Young (Concurrent Start) (G1 Evacuation Pause) 12275M->12275M(12288M) 2.035ms
[770.070s] GC(671) Concurrent Mark Cycle
[773.836s] GC(670) Pause Full (G1 Compaction Pause) 12275M->12267M(12288M) 3766.431ms
[773.836s] GC(671) Concurrent Mark Cycle 3766.634ms
[773.839s] GC(672) To-space exhausted
[773.839s] GC(672) Pause Young (Normal) (G1 Evacuation Pause) 12275M->12275M(12288M) 2.075ms
[777.325s] GC(673) Pause Full (G1 Compaction Pause) 12275M->12267M(12288M) 3486.729ms
[777.327s] GC(674) To-space exhausted
[777.327s] GC(674) Pause Young (Concurrent Start) (G1 Evacuation Pause) 12275M->12275M(12288M) 1.322ms
[777.327s] GC(676) Concurrent Mark Cycle
[781.211s] GC(675) Pause Full (G1 Compaction Pause) 12275M->12267M(12288M) 3883.884ms
[781.211s] GC(676) Concurrent Mark Cycle 3884.105ms
[781.212s] GC(677) To-space exhausted
[781.212s] GC(677) Pause Young (Normal) (G1 Evacuation Pause) 12275M->12275M(12288M) 1.163ms
[785.115s] GC(678) Pause Full (G1 Compaction Pause) 12275M->12267M(12288M) 3902.754ms
[785.117s] GC(679) To-space exhausted
[785.117s] GC(679) Pause Young (Concurrent Start) (G1 Evacuation Pause) 12275M->12275M(12288M) 1.741ms
[785.117s] GC(681) Concurrent Mark Cycle
[788.759s] GC(680) Pause Full (G1 Compaction Pause) 12275M->12267M(12288M) 3641.816ms
[788.759s] GC(681) Concurrent Mark Cycle 3642.025ms
[788.761s] GC(682) To-space exhausted
[788.761s] GC(682) Pause Young (Normal) (G1 Evacuation Pause) 12275M->12275M(12288M) 1.327ms
[792.533s] GC(683) Pause Full (G1 Compaction Pause) 12275M->12267M(12288M) 3772.672ms
[792.535s] GC(684) To-space exhausted
[792.535s] GC(684) Pause Young (Concurrent Start) (G1 Evacuation Pause) 12275M->12275M(12288M) 1.586ms
[792.535s] GC(686) Concurrent Mark Cycle
[796.100s] GC(685) Pause Full (G1 Compaction Pause) 12275M->12267M(12288M) 3564.479ms
[796.100s] GC(686) Concurrent Mark Cycle 3564.748ms
[796.102s] GC(687) To-space exhausted
[796.102s] GC(687) Pause Young (Normal) (G1 Evacuation Pause) 12275M->12275M(12288M) 1.899ms
[799.930s] GC(688) Pause Full (G1 Compaction Pause) 12275M->12267M(12288M) 3828.166ms
[799.933s] GC(689) To-space exhausted
[799.933s] GC(689) Pause Young (Concurrent Start) (G1 Evacuation Pause) 12275M->12275M(12288M) 2.300ms
[799.933s] GC(691) Concurrent Mark Cycle
[803.404s] GC(690) Pause Full (G1 Compaction Pause) 12275M->12267M(12288M) 3471.363ms
[803.404s] GC(691) Concurrent Mark Cycle 3471.594ms
[803.407s] GC(692) To-space exhausted
[803.407s] GC(692) Pause Young (Normal) (G1 Evacuation Pause) 12275M->12275M(12288M) 2.131ms
[807.152s] GC(693) Pause Full (G1 Compaction Pause) 12275M->12267M(12288M) 3745.182ms
[807.154s] GC(694) To-space exhausted
[807.154s] GC(694) Pause Young (Concurrent Start) (G1 Evacuation Pause) 12275M->12275M(12288M) 1.842ms
[807.154s] GC(696) Concurrent Mark Cycle
[811.088s] GC(695) Pause Full (G1 Compaction Pause) 12275M->12267M(12288M) 3933.682ms
[811.088s] GC(696) Concurrent Mark Cycle 3933.839ms
[811.090s] GC(697) To-space exhausted
[811.090s] GC(697) Pause Young (Normal) (G1 Evacuation Pause) 12275M->12275M(12288M) 1.738ms
[814.803s] GC(698) Pause Full (G1 Compaction Pause) 12275M->12267M(12288M) 3713.386ms
[814.806s] GC(699) To-space exhausted
[814.806s] GC(699) Pause Young (Concurrent Start) (G1 Evacuation Pause) 12275M->12275M(12288M) 2.011ms
[814.806s] GC(701) Concurrent Mark Cycle
[818.520s] GC(700) Pause Full (G1 Compaction Pause) 12275M->12267M(12288M) 3714.256ms
[818.520s] GC(701) Concurrent Mark Cycle 3714.443ms
[818.522s] GC(702) To-space exhausted
[818.522s] GC(702) Pause Young (Normal) (G1 Evacuation Pause) 12275M->12275M(12288M) 2.135ms
[822.121s] GC(703) Pause Full (G1 Compaction Pause) 12275M->12267M(12288M) 3598.925ms
[822.123s] GC(704) To-space exhausted
[822.123s] GC(704) Pause Young (Concurrent Start) (G1 Evacuation Pause) 12275M->12275M(12288M) 1.334ms
[822.123s] GC(706) Concurrent Mark Cycle
[825.845s] GC(705) Pause Full (G1 Compaction Pause) 12275M->12267M(12288M) 3721.960ms
[825.846s] GC(707) To-space exhausted
[825.847s] GC(707) Pause Young (Normal) (G1 Evacuation Pause) 12275M->12275M(12288M) 1.168ms
[829.381s] GC(708) Pause Full (G1 Compaction Pause) 12275M->12267M(12288M) 3534.483ms
[829.381s] GC(706) Concurrent Mark Cycle 7258.044ms
[829.383s] GC(709) To-space exhausted
[829.383s] GC(709) Pause Young (Normal) (G1 Evacuation Pause) 12275M->12275M(12288M) 1.192ms
[833.200s] GC(710) Pause Full (G1 Compaction Pause) 12275M->12267M(12288M) 3817.015ms
[833.202s] GC(711) To-space exhausted
[833.202s] GC(711) Pause Young (Concurrent Start) (G1 Evacuation Pause) 12275M->12275M(12288M) 2.039ms
[833.202s] GC(713) Concurrent Mark Cycle
[836.901s] GC(712) Pause Full (G1 Compaction Pause) 12275M->12267M(12288M) 3699.490ms
[836.902s] GC(713) Concurrent Mark Cycle 3699.559ms
[836.903s] GC(714) To-space exhausted
[836.903s] GC(714) Pause Young (Normal) (G1 Evacuation Pause) 12275M->12275M(12288M) 1.372ms
[840.672s] GC(715) Pause Full (G1 Compaction Pause) 12275M->12267M(12288M) 3769.052ms
[840.674s] GC(716) To-space exhausted
[840.674s] GC(716) Pause Young (Concurrent Start) (G1 Evacuation Pause) 12275M->12275M(12288M) 1.333ms
[840.674s] GC(718) Concurrent Mark Cycle
[844.393s] GC(717) Pause Full (G1 Compaction Pause) 12275M->12267M(12288M) 3719.431ms
[844.394s] GC(718) Concurrent Mark Cycle 3719.625ms
[844.395s] GC(719) To-space exhausted
[844.395s] GC(719) Pause Young (Normal) (G1 Evacuation Pause) 12275M->12275M(12288M) 1.348ms
[848.103s] GC(720) Pause Full (G1 Compaction Pause) 12275M->12267M(12288M) 3707.566ms
[848.104s] GC(721) To-space exhausted
[848.104s] GC(721) Pause Young (Concurrent Start) (G1 Evacuation Pause) 12275M->12275M(12288M) 1.477ms
[848.105s] GC(723) Concurrent Mark Cycle
[851.848s] GC(722) Pause Full (G1 Compaction Pause) 12275M->12267M(12288M) 3743.569ms
[851.848s] GC(723) Concurrent Mark Cycle 3743.776ms
[851.850s] GC(724) To-space exhausted
[851.850s] GC(724) Pause Young (Normal) (G1 Evacuation Pause) 12275M->12275M(12288M) 1.326ms
[855.634s] GC(725) Pause Full (G1 Compaction Pause) 12275M->12267M(12288M) 3784.093ms
[855.635s] GC(726) To-space exhausted
[855.635s] GC(726) Pause Young (Concurrent Start) (G1 Evacuation Pause) 12275M->12275M(12288M) 1.314ms
[855.635s] GC(728) Concurrent Mark Cycle
[859.418s] GC(727) Pause Full (G1 Compaction Pause) 12275M->12267M(12288M) 3782.197ms
[859.418s] GC(728) Concurrent Mark Cycle 3782.401ms
[859.419s] GC(729) To-space exhausted
[859.419s] GC(729) Pause Young (Normal) (G1 Evacuation Pause) 12275M->12275M(12288M) 1.151ms
[863.029s] GC(730) Pause Full (G1 Compaction Pause) 12275M->12267M(12288M) 3610.251ms
[863.031s] GC(731) To-space exhausted
[863.031s] GC(731) Pause Young (Concurrent Start) (G1 Evacuation Pause) 12275M->12275M(12288M) 1.386ms
[863.031s] GC(733) Concurrent Mark Cycle
[866.825s] GC(732) Pause Full (G1 Compaction Pause) 12275M->12267M(12288M) 3793.501ms
[866.825s] GC(733) Concurrent Mark Cycle 3793.703ms
[866.827s] GC(734) To-space exhausted
[866.827s] GC(734) Pause Young (Normal) (G1 Evacuation Pause) 12275M->12275M(12288M) 2.037ms
[870.481s] GC(735) Pause Full (G1 Compaction Pause) 12275M->12267M(12288M) 3653.739ms
[870.483s] GC(736) To-space exhausted
[870.483s] GC(736) Pause Young (Concurrent Start) (G1 Evacuation Pause) 12275M->12275M(12288M) 2.296ms
[870.483s] GC(738) Concurrent Mark Cycle
[874.340s] GC(737) Pause Full (G1 Compaction Pause) 12275M->12267M(12288M) 3856.068ms
[874.340s] GC(738) Concurrent Mark Cycle 3856.265ms
[874.341s] GC(739) To-space exhausted
[874.342s] GC(739) Pause Young (Normal) (G1 Evacuation Pause) 12275M->12275M(12288M) 1.705ms
[878.063s] GC(740) Pause Full (G1 Compaction Pause) 12275M->12267M(12288M) 3721.860ms
[878.066s] GC(741) To-space exhausted
[878.066s] GC(741) Pause Young (Concurrent Start) (G1 Evacuation Pause) 12275M->12275M(12288M) 1.948ms
[878.066s] GC(743) Concurrent Mark Cycle
[881.850s] GC(742) Pause Full (G1 Compaction Pause) 12275M->12267M(12288M) 3784.314ms
[881.850s] GC(743) Concurrent Mark Cycle 3784.480ms
[881.852s] GC(744) To-space exhausted
[881.852s] GC(744) Pause Young (Normal) (G1 Evacuation Pause) 12275M->12275M(12288M) 1.482ms
[885.577s] GC(745) Pause Full (G1 Compaction Pause) 12275M->12267M(12288M) 3725.689ms
[885.579s] GC(746) To-space exhausted
[885.579s] GC(746) Pause Young (Concurrent Start) (G1 Evacuation Pause) 12275M->12275M(12288M) 1.445ms
[885.579s] GC(748) Concurrent Mark Cycle
[889.341s] GC(747) Pause Full (G1 Compaction Pause) 12275M->12267M(12288M) 3761.937ms
[889.341s] GC(748) Concurrent Mark Cycle 3762.089ms
[889.344s] GC(749) To-space exhausted
[889.344s] GC(749) Pause Young (Normal) (G1 Evacuation Pause) 12275M->12275M(12288M) 2.178ms
[892.967s] GC(750) Pause Full (G1 Compaction Pause) 12275M->12267M(12288M) 3623.712ms
[892.969s] GC(751) To-space exhausted
[892.969s] GC(751) Pause Young (Concurrent Start) (G1 Evacuation Pause) 12275M->12275M(12288M) 1.264ms
[892.969s] GC(753) Concurrent Mark Cycle
[896.625s] GC(752) Pause Full (G1 Compaction Pause) 12275M->12267M(12288M) 3656.205ms
[896.626s] GC(753) Concurrent Mark Cycle 3656.455ms
[896.628s] GC(754) To-space exhausted
[896.628s] GC(754) Pause Young (Normal) (G1 Evacuation Pause) 12275M->12275M(12288M) 2.772ms
[900.322s] GC(755) Pause Full (G1 Compaction Pause) 12275M->12267M(12288M) 3693.392ms
[900.324s] GC(756) To-space exhausted
[900.324s] GC(756) Pause Young (Concurrent Start) (G1 Evacuation Pause) 12275M->12275M(12288M) 1.655ms
[900.324s] GC(758) Concurrent Mark Cycle
[904.150s] GC(757) Pause Full (G1 Compaction Pause) 12275M->12267M(12288M) 3825.924ms
[904.150s] GC(758) Concurrent Mark Cycle 3826.170ms
[904.151s] GC(759) To-space exhausted
[904.151s] GC(759) Pause Young (Normal) (G1 Evacuation Pause) 12275M->12275M(12288M) 1.029ms
[907.711s] GC(760) Pause Full (G1 Compaction Pause) 12275M->12267M(12288M) 3560.154ms
[907.723s] GC(761) To-space exhausted
[907.723s] GC(761) Pause Young (Concurrent Start) (G1 Evacuation Pause) 12275M->12275M(12288M) 3.931ms
[907.723s] GC(763) Concurrent Mark Cycle
[911.669s] GC(762) Pause Full (G1 Compaction Pause) 12275M->12268M(12288M) 3946.823ms
[911.671s] GC(764) To-space exhausted
[911.671s] GC(764) Pause Young (Normal) (G1 Evacuation Pause) 12276M->12276M(12288M) 1.585ms
[915.011s] GC(765) Pause Full (G1 Compaction Pause) 12276M->12268M(12288M) 3339.842ms
[915.011s] GC(763) Concurrent Mark Cycle 7288.745ms
[915.013s] GC(766) To-space exhausted
[915.013s] GC(766) Pause Young (Normal) (G1 Evacuation Pause) 12276M->12276M(12288M) 1.663ms
[918.592s] GC(767) Pause Full (G1 Compaction Pause) 12276M->12268M(12288M) 3579.064ms
[918.595s] GC(768) To-space exhausted
[918.595s] GC(768) Pause Young (Concurrent Start) (G1 Evacuation Pause) 12276M->12276M(12288M) 2.020ms
[918.595s] GC(770) Concurrent Mark Cycle
[922.146s] GC(769) Pause Full (G1 Compaction Pause) 12276M->12268M(12288M) 3550.872ms
[922.146s] GC(770) Concurrent Mark Cycle 3551.079ms
[922.148s] GC(771) To-space exhausted
[922.148s] GC(771) Pause Young (Normal) (G1 Evacuation Pause) 12276M->12276M(12288M) 2.366ms
[925.684s] GC(772) Pause Full (G1 Compaction Pause) 12276M->12268M(12288M) 3535.715ms
[925.686s] GC(773) To-space exhausted
[925.686s] GC(773) Pause Young (Concurrent Start) (G1 Evacuation Pause) 12276M->12276M(12288M) 1.586ms
[925.686s] GC(775) Concurrent Mark Cycle
[929.260s] GC(774) Pause Full (G1 Compaction Pause) 12276M->12268M(12288M) 3573.817ms
[929.260s] GC(775) Concurrent Mark Cycle 3573.915ms
[929.262s] GC(776) To-space exhausted
[929.262s] GC(776) Pause Young (Normal) (G1 Evacuation Pause) 12276M->12276M(12288M) 1.721ms
[932.907s] GC(777) Pause Full (G1 Compaction Pause) 12276M->12268M(12288M) 3645.030ms
[932.908s] GC(778) To-space exhausted
[932.909s] GC(778) Pause Young (Concurrent Start) (G1 Evacuation Pause) 12276M->12276M(12288M) 1.504ms
[932.909s] GC(780) Concurrent Mark Cycle
[936.846s] GC(779) Pause Full (G1 Compaction Pause) 12276M->12268M(12288M) 3937.379ms
[936.846s] GC(780) Concurrent Mark Cycle 3937.597ms
[936.848s] GC(781) To-space exhausted
[936.848s] GC(781) Pause Young (Normal) (G1 Evacuation Pause) 12276M->12276M(12288M) 1.600ms
[940.547s] GC(782) Pause Full (G1 Compaction Pause) 12276M->12268M(12288M) 3698.865ms
[940.549s] GC(783) To-space exhausted
[940.549s] GC(783) Pause Young (Concurrent Start) (G1 Evacuation Pause) 12276M->12276M(12288M) 1.582ms
[940.549s] GC(785) Concurrent Mark Cycle
[944.419s] GC(784) Pause Full (G1 Compaction Pause) 12276M->12268M(12288M) 3870.846ms
[944.420s] GC(785) Concurrent Mark Cycle 3871.017ms
[944.421s] GC(786) To-space exhausted
[944.421s] GC(786) Pause Young (Normal) (G1 Evacuation Pause) 12276M->12276M(12288M) 1.355ms
[948.068s] GC(787) Pause Full (G1 Compaction Pause) 12276M->12268M(12288M) 3646.666ms
[948.070s] GC(788) To-space exhausted
[948.070s] GC(788) Pause Young (Concurrent Start) (G1 Evacuation Pause) 12276M->12276M(12288M) 1.493ms
[948.070s] GC(790) Concurrent Mark Cycle
[951.646s] GC(789) Pause Full (G1 Compaction Pause) 12276M->12268M(12288M) 3576.560ms
[951.646s] GC(790) Concurrent Mark Cycle 3576.748ms
[951.649s] GC(791) To-space exhausted
[951.649s] GC(791) Pause Young (Normal) (G1 Evacuation Pause) 12276M->12276M(12288M) 2.135ms
[955.145s] GC(792) Pause Full (G1 Compaction Pause) 12276M->12268M(12288M) 3496.096ms
[955.147s] GC(793) To-space exhausted
[955.147s] GC(793) Pause Young (Concurrent Start) (G1 Evacuation Pause) 12276M->12276M(12288M) 1.931ms
[955.147s] GC(795) Concurrent Mark Cycle
[958.790s] GC(794) Pause Full (G1 Compaction Pause) 12276M->12268M(12288M) 3642.775ms
[958.790s] GC(795) Concurrent Mark Cycle 3642.953ms
[958.792s] GC(796) To-space exhausted
[958.792s] GC(796) Pause Young (Normal) (G1 Evacuation Pause) 12276M->12276M(12288M) 1.193ms
[962.298s] GC(797) Pause Full (G1 Compaction Pause) 12276M->12268M(12288M) 3506.315ms
[962.300s] GC(798) To-space exhausted
[962.300s] GC(798) Pause Young (Concurrent Start) (G1 Evacuation Pause) 12276M->12276M(12288M) 1.501ms
[962.300s] GC(800) Concurrent Mark Cycle
[965.814s] GC(799) Pause Full (G1 Compaction Pause) 12276M->12268M(12288M) 3514.273ms
[965.814s] GC(800) Concurrent Mark Cycle 3514.504ms
[965.816s] GC(801) To-space exhausted
[965.816s] GC(801) Pause Young (Normal) (G1 Evacuation Pause) 12276M->12276M(12288M) 1.498ms
[969.699s] GC(802) Pause Full (G1 Compaction Pause) 12276M->12268M(12288M) 3883.392ms
[969.701s] GC(803) To-space exhausted
[969.701s] GC(803) Pause Young (Concurrent Start) (G1 Evacuation Pause) 12276M->12276M(12288M) 1.727ms
[969.701s] GC(805) Concurrent Mark Cycle
[973.190s] GC(804) Pause Full (G1 Compaction Pause) 12276M->12268M(12288M) 3488.442ms
[973.190s] GC(805) Concurrent Mark Cycle 3488.632ms
[973.191s] GC(806) To-space exhausted
[973.191s] GC(806) Pause Young (Normal) (G1 Evacuation Pause) 12276M->12276M(12288M) 1.147ms
[977.000s] GC(807) Pause Full (G1 Compaction Pause) 12276M->12268M(12288M) 3808.358ms
[977.001s] GC(808) To-space exhausted
[977.001s] GC(808) Pause Young (Concurrent Start) (G1 Evacuation Pause) 12276M->12276M(12288M) 1.461ms
[977.001s] GC(810) Concurrent Mark Cycle
[980.604s] GC(809) Pause Full (G1 Compaction Pause) 12276M->12268M(12288M) 3602.691ms
[980.604s] GC(810) Concurrent Mark Cycle 3602.873ms
[980.606s] GC(811) To-space exhausted
[980.606s] GC(811) Pause Young (Normal) (G1 Evacuation Pause) 12276M->12276M(12288M) 1.826ms
[984.113s] GC(812) Pause Full (G1 Compaction Pause) 12276M->12268M(12288M) 3506.344ms
[984.115s] GC(813) To-space exhausted
[984.115s] GC(813) Pause Young (Concurrent Start) (G1 Evacuation Pause) 12276M->12276M(12288M) 2.056ms
[984.115s] GC(815) Concurrent Mark Cycle
[987.835s] GC(814) Pause Full (G1 Compaction Pause) 12276M->12268M(12288M) 3719.601ms
[987.835s] GC(815) Concurrent Mark Cycle 3719.775ms
[987.837s] GC(816) To-space exhausted
[987.837s] GC(816) Pause Young (Normal) (G1 Evacuation Pause) 12276M->12276M(12288M) 1.864ms
[991.394s] GC(817) Pause Full (G1 Compaction Pause) 12276M->12268M(12288M) 3556.566ms
[991.396s] GC(818) To-space exhausted
[991.396s] GC(818) Pause Young (Concurrent Start) (G1 Evacuation Pause) 12276M->12276M(12288M) 2.142ms
[991.396s] GC(820) Concurrent Mark Cycle
[995.061s] GC(819) Pause Full (G1 Compaction Pause) 12276M->12268M(12288M) 3665.169ms
[995.063s] GC(821) To-space exhausted
[995.063s] GC(821) Pause Young (Normal) (G1 Evacuation Pause) 12276M->12276M(12288M) 1.518ms
[998.856s] GC(822) Pause Full (G1 Compaction Pause) 12276M->12268M(12288M) 3792.473ms
[998.856s] GC(820) Concurrent Mark Cycle 7459.570ms
[998.858s] GC(823) To-space exhausted
[998.858s] GC(823) Pause Young (Normal) (G1 Evacuation Pause) 12276M->12276M(12288M) 2.471ms
[1002.506s] GC(824) Pause Full (G1 Compaction Pause) 12276M->12268M(12288M) 3647.610ms
[1002.508s] GC(825) To-space exhausted
[1002.508s] GC(825) Pause Young (Concurrent Start) (G1 Evacuation Pause) 12276M->12276M(12288M) 1.905ms
[1002.508s] GC(827) Concurrent Mark Cycle
[1006.267s] GC(826) Pause Full (G1 Compaction Pause) 12276M->12268M(12288M) 3758.695ms
[1006.267s] GC(827) Concurrent Mark Cycle 3758.865ms
[1006.268s] GC(828) To-space exhausted
[1006.268s] GC(828) Pause Young (Normal) (G1 Evacuation Pause) 12276M->12276M(12288M) 1.229ms
[1009.908s] GC(829) Pause Full (G1 Compaction Pause) 12276M->12268M(12288M) 3639.924ms
[1009.910s] GC(830) To-space exhausted
[1009.910s] GC(830) Pause Young (Concurrent Start) (G1 Evacuation Pause) 12276M->12276M(12288M) 1.436ms
[1009.910s] GC(832) Concurrent Mark Cycle
[1013.629s] GC(831) Pause Full (G1 Compaction Pause) 12276M->12268M(12288M) 3719.318ms
[1013.630s] GC(832) Concurrent Mark Cycle 3719.462ms
[1013.631s] GC(833) To-space exhausted
[1013.631s] GC(833) Pause Young (Normal) (G1 Evacuation Pause) 12276M->12276M(12288M) 1.561ms
[1017.075s] GC(834) Pause Full (G1 Compaction Pause) 12276M->12268M(12288M) 3443.222ms
[1017.076s] GC(835) To-space exhausted
[1017.076s] GC(835) Pause Young (Concurrent Start) (G1 Evacuation Pause) 12276M->12276M(12288M) 1.434ms
[1017.076s] GC(837) Concurrent Mark Cycle
[1020.522s] GC(836) Pause Full (G1 Compaction Pause) 12276M->12268M(12288M) 3445.216ms
[1020.522s] GC(837) Concurrent Mark Cycle 3445.424ms
[1020.523s] GC(838) To-space exhausted
[1020.523s] GC(838) Pause Young (Normal) (G1 Evacuation Pause) 12276M->12276M(12288M) 1.497ms
[1024.462s] GC(839) Pause Full (G1 Compaction Pause) 12276M->12268M(12288M) 3938.349ms
[1024.464s] GC(840) To-space exhausted
[1024.464s] GC(840) Pause Young (Concurrent Start) (G1 Evacuation Pause) 12276M->12276M(12288M) 1.752ms
[1024.464s] GC(842) Concurrent Mark Cycle
[1028.001s] GC(841) Pause Full (G1 Compaction Pause) 12276M->12268M(12288M) 3536.698ms
[1028.001s] GC(842) Concurrent Mark Cycle 3536.792ms
[1028.003s] GC(843) To-space exhausted
[1028.003s] GC(843) Pause Young (Normal) (G1 Evacuation Pause) 12276M->12276M(12288M) 1.906ms
[1031.844s] GC(844) Pause Full (G1 Compaction Pause) 12276M->12268M(12288M) 3841.044ms
[1031.845s] GC(845) To-space exhausted
[1031.845s] GC(845) Pause Young (Concurrent Start) (G1 Evacuation Pause) 12276M->12276M(12288M) 1.316ms
[1031.845s] GC(847) Concurrent Mark Cycle
[1035.541s] GC(846) Pause Full (G1 Compaction Pause) 12276M->12268M(12288M) 3695.314ms
[1035.541s] GC(847) Concurrent Mark Cycle 3695.517ms
[1035.542s] GC(848) To-space exhausted
[1035.542s] GC(848) Pause Young (Normal) (G1 Evacuation Pause) 12276M->12276M(12288M) 1.373ms
[1039.337s] GC(849) Pause Full (G1 Compaction Pause) 12276M->12268M(12288M) 3795.020ms
[1039.340s] GC(850) To-space exhausted
[1039.340s] GC(850) Pause Young (Concurrent Start) (G1 Evacuation Pause) 12276M->12276M(12288M) 1.970ms
[1039.340s] GC(852) Concurrent Mark Cycle
[1043.133s] GC(851) Pause Full (G1 Compaction Pause) 12276M->12268M(12288M) 3793.634ms
[1043.134s] GC(852) Concurrent Mark Cycle 3793.778ms
[1043.135s] GC(853) To-space exhausted
[1043.135s] GC(853) Pause Young (Normal) (G1 Evacuation Pause) 12276M->12276M(12288M) 1.232ms
[1046.835s] GC(854) Pause Full (G1 Compaction Pause) 12276M->12268M(12288M) 3700.025ms
[1046.837s] GC(855) To-space exhausted
[1046.837s] GC(855) Pause Young (Concurrent Start) (G1 Evacuation Pause) 12276M->12276M(12288M) 1.375ms
[1046.837s] GC(857) Concurrent Mark Cycle
[1050.715s] GC(856) Pause Full (G1 Compaction Pause) 12276M->12268M(12288M) 3878.544ms
[1050.715s] GC(857) Concurrent Mark Cycle 3878.707ms
[1050.717s] GC(858) To-space exhausted
[1050.717s] GC(858) Pause Young (Normal) (G1 Evacuation Pause) 12276M->12276M(12288M) 2.032ms
[1054.545s] GC(859) Pause Full (G1 Compaction Pause) 12276M->12268M(12288M) 3827.296ms
[1054.546s] GC(860) To-space exhausted
[1054.546s] GC(860) Pause Young (Concurrent Start) (G1 Evacuation Pause) 12276M->12276M(12288M) 1.298ms
[1054.546s] GC(862) Concurrent Mark Cycle
[1058.289s] GC(861) Pause Full (G1 Compaction Pause) 12276M->12268M(12288M) 3742.647ms
[1058.289s] GC(862) Concurrent Mark Cycle 3742.793ms
[1058.291s] GC(863) To-space exhausted
[1058.291s] GC(863) Pause Young (Normal) (G1 Evacuation Pause) 12276M->12276M(12288M) 1.244ms
[1061.939s] GC(864) Pause Full (G1 Compaction Pause) 12276M->12268M(12288M) 3648.358ms
[1061.941s] GC(865) To-space exhausted
[1061.941s] GC(865) Pause Young (Concurrent Start) (G1 Evacuation Pause) 12276M->12276M(12288M) 1.745ms
[1061.941s] GC(867) Concurrent Mark Cycle
[1065.927s] GC(866) Pause Full (G1 Compaction Pause) 12276M->12268M(12288M) 3985.638ms
[1065.927s] GC(867) Concurrent Mark Cycle 3985.813ms
[1065.928s] GC(868) To-space exhausted
[1065.928s] GC(868) Pause Young (Normal) (G1 Evacuation Pause) 12276M->12276M(12288M) 1.475ms
[1069.687s] GC(869) Pause Full (G1 Compaction Pause) 12276M->12268M(12288M) 3758.963ms
[1069.689s] GC(870) To-space exhausted
[1069.689s] GC(870) Pause Young (Concurrent Start) (G1 Evacuation Pause) 12276M->12276M(12288M) 1.283ms
[1069.689s] GC(872) Concurrent Mark Cycle
[1073.577s] GC(871) Pause Full (G1 Compaction Pause) 12276M->12268M(12288M) 3887.524ms
[1073.577s] GC(872) Concurrent Mark Cycle 3887.773ms
[1073.579s] GC(873) To-space exhausted
[1073.579s] GC(873) Pause Young (Normal) (G1 Evacuation Pause) 12276M->12276M(12288M) 1.982ms
[1077.256s] GC(874) Pause Full (G1 Compaction Pause) 12276M->12268M(12288M) 3677.356ms
[1077.258s] GC(875) To-space exhausted
[1077.258s] GC(875) Pause Young (Concurrent Start) (G1 Evacuation Pause) 12276M->12276M(12288M) 1.196ms
[1077.258s] GC(877) Concurrent Mark Cycle
[1080.870s] GC(876) Pause Full (G1 Compaction Pause) 12276M->12268M(12288M) 3611.856ms
[1080.870s] GC(877) Concurrent Mark Cycle 3612.021ms
[1080.872s] GC(878) To-space exhausted
[1080.872s] GC(878) Pause Young (Normal) (G1 Evacuation Pause) 12276M->12276M(12288M) 1.898ms
[1084.668s] GC(879) Pause Full (G1 Compaction Pause) 12276M->12268M(12288M) 3795.560ms
[1084.669s] GC(880) To-space exhausted
[1084.670s] GC(880) Pause Young (Concurrent Start) (G1 Evacuation Pause) 12276M->12276M(12288M) 1.738ms
[1084.670s] GC(882) Concurrent Mark Cycle
[1088.257s] GC(881) Pause Full (G1 Compaction Pause) 12276M->12268M(12288M) 3587.622ms
[1088.257s] GC(882) Concurrent Mark Cycle 3587.771ms
[1088.259s] GC(883) To-space exhausted
[1088.259s] GC(883) Pause Young (Normal) (G1 Evacuation Pause) 12276M->12276M(12288M) 1.790ms
[1092.084s] GC(884) Pause Full (G1 Compaction Pause) 12276M->12268M(12288M) 3824.942ms
[1092.086s] GC(885) To-space exhausted
[1092.086s] GC(885) Pause Young (Concurrent Start) (G1 Evacuation Pause) 12276M->12276M(12288M) 1.746ms
[1092.087s] GC(887) Concurrent Mark Cycle
[1095.529s] GC(886) Pause Full (G1 Compaction Pause) 12276M->12268M(12288M) 3443.071ms
[1095.530s] GC(887) Concurrent Mark Cycle 3443.068ms
[1095.531s] GC(888) To-space exhausted
[1095.531s] GC(888) Pause Young (Normal) (G1 Evacuation Pause) 12276M->12276M(12288M) 1.576ms
[1099.187s] GC(889) Pause Full (G1 Compaction Pause) 12276M->12268M(12288M) 3655.593ms
[1099.188s] GC(890) To-space exhausted
[1099.188s] GC(890) Pause Young (Concurrent Start) (G1 Evacuation Pause) 12276M->12276M(12288M) 1.251ms
[1099.188s] GC(892) Concurrent Mark Cycle
[1103.111s] GC(891) Pause Full (G1 Compaction Pause) 12276M->12268M(12288M) 3922.583ms
[1103.111s] GC(892) Concurrent Mark Cycle 3922.762ms
[1103.113s] GC(893) To-space exhausted
[1103.113s] GC(893) Pause Young (Normal) (G1 Evacuation Pause) 12276M->12276M(12288M) 1.496ms
[1107.111s] GC(894) Pause Full (G1 Compaction Pause) 12276M->12268M(12288M) 3998.052ms
[1107.113s] GC(895) To-space exhausted
[1107.113s] GC(895) Pause Young (Concurrent Start) (G1 Evacuation Pause) 12276M->12276M(12288M) 1.431ms
[1107.113s] GC(897) Concurrent Mark Cycle
[1110.730s] GC(896) Pause Full (G1 Compaction Pause) 12276M->12268M(12288M) 3617.568ms
[1110.732s] GC(898) To-space exhausted
[1110.732s] GC(898) Pause Young (Normal) (G1 Evacuation Pause) 12276M->12276M(12288M) 1.324ms
[1114.503s] GC(899) Pause Full (G1 Compaction Pause) 12276M->12268M(12288M) 3771.416ms
[1114.503s] GC(897) Concurrent Mark Cycle 7390.713ms
[1114.505s] GC(900) To-space exhausted
[1114.505s] GC(900) Pause Young (Normal) (G1 Evacuation Pause) 12276M->12276M(12288M) 1.551ms
[1118.085s] GC(901) Pause Full (G1 Compaction Pause) 12276M->12268M(12288M) 3579.533ms
[1118.086s] GC(902) To-space exhausted
[1118.086s] GC(902) Pause Young (Concurrent Start) (G1 Evacuation Pause) 12276M->12276M(12288M) 1.240ms
[1118.086s] GC(904) Concurrent Mark Cycle
[1121.846s] GC(903) Pause Full (G1 Compaction Pause) 12276M->12268M(12288M) 3760.170ms
[1121.847s] GC(904) Concurrent Mark Cycle 3760.361ms
[1121.848s] GC(905) To-space exhausted
[1121.848s] GC(905) Pause Young (Normal) (G1 Evacuation Pause) 12276M->12276M(12288M) 1.012ms
[1125.484s] GC(906) Pause Full (G1 Compaction Pause) 12276M->12268M(12288M) 3636.713ms
[1125.486s] GC(907) To-space exhausted
[1125.486s] GC(907) Pause Young (Concurrent Start) (G1 Evacuation Pause) 12276M->12276M(12288M) 1.356ms
[1125.486s] GC(909) Concurrent Mark Cycle
[1129.290s] GC(908) Pause Full (G1 Compaction Pause) 12276M->12268M(12288M) 3803.716ms
[1129.290s] GC(909) Concurrent Mark Cycle 3803.914ms
[1129.291s] GC(910) To-space exhausted
[1129.292s] GC(910) Pause Young (Normal) (G1 Evacuation Pause) 12276M->12276M(12288M) 1.454ms
[1132.725s] GC(911) Pause Full (G1 Compaction Pause) 12276M->12268M(12288M) 3433.720ms
[1132.727s] GC(912) To-space exhausted
[1132.727s] GC(912) Pause Young (Concurrent Start) (G1 Evacuation Pause) 12276M->12276M(12288M) 1.831ms
[1132.728s] GC(914) Concurrent Mark Cycle
[1136.645s] GC(913) Pause Full (G1 Compaction Pause) 12276M->12268M(12288M) 3917.384ms
[1136.645s] GC(914) Concurrent Mark Cycle 3917.412ms
[1136.647s] GC(915) To-space exhausted
[1136.647s] GC(915) Pause Young (Normal) (G1 Evacuation Pause) 12276M->12276M(12288M) 1.758ms
[1140.120s] GC(916) Pause Full (G1 Compaction Pause) 12276M->12268M(12288M) 3472.560ms
[1140.121s] GC(917) To-space exhausted
[1140.121s] GC(917) Pause Young (Concurrent Start) (G1 Evacuation Pause) 12276M->12276M(12288M) 1.630ms
[1140.122s] GC(919) Concurrent Mark Cycle
[1143.768s] GC(918) Pause Full (G1 Compaction Pause) 12276M->12268M(12288M) 3646.247ms
[1143.768s] GC(919) Concurrent Mark Cycle 3646.342ms
[1143.770s] GC(920) To-space exhausted
[1143.770s] GC(920) Pause Young (Normal) (G1 Evacuation Pause) 12276M->12276M(12288M) 1.718ms
[1147.581s] GC(921) Pause Full (G1 Compaction Pause) 12276M->12268M(12288M) 3811.196ms
[1147.583s] GC(922) To-space exhausted
[1147.583s] GC(922) Pause Young (Concurrent Start) (G1 Evacuation Pause) 12276M->12276M(12288M) 1.724ms
[1147.583s] GC(924) Concurrent Mark Cycle
[1151.557s] GC(923) Pause Full (G1 Compaction Pause) 12276M->12268M(12288M) 3973.537ms
[1151.557s] GC(924) Concurrent Mark Cycle 3973.678ms
[1151.559s] GC(925) To-space exhausted
[1151.559s] GC(925) Pause Young (Normal) (G1 Evacuation Pause) 12276M->12276M(12288M) 1.875ms
[1155.474s] GC(926) Pause Full (G1 Compaction Pause) 12276M->12268M(12288M) 3915.449ms
[1155.476s] GC(927) To-space exhausted
[1155.476s] GC(927) Pause Young (Concurrent Start) (G1 Evacuation Pause) 12276M->12276M(12288M) 1.466ms
[1155.476s] GC(929) Concurrent Mark Cycle
[1159.046s] GC(928) Pause Full (G1 Compaction Pause) 12276M->12268M(12288M) 3569.783ms
[1159.046s] GC(929) Concurrent Mark Cycle 3569.976ms
[1159.047s] GC(930) To-space exhausted
[1159.047s] GC(930) Pause Young (Normal) (G1 Evacuation Pause) 12276M->12276M(12288M) 1.250ms
[1162.615s] GC(931) Pause Full (G1 Compaction Pause) 12276M->12268M(12288M) 3567.548ms
[1162.617s] GC(932) To-space exhausted
[1162.617s] GC(932) Pause Young (Concurrent Start) (G1 Evacuation Pause) 12276M->12276M(12288M) 2.127ms
[1162.617s] GC(934) Concurrent Mark Cycle
[1166.295s] GC(933) Pause Full (G1 Compaction Pause) 12276M->12268M(12288M) 3677.920ms
[1166.295s] GC(934) Concurrent Mark Cycle 3678.111ms
[1166.297s] GC(935) To-space exhausted
[1166.297s] GC(935) Pause Young (Normal) (G1 Evacuation Pause) 12276M->12276M(12288M) 1.369ms
[1169.724s] GC(936) Pause Full (G1 Compaction Pause) 12276M->12268M(12288M) 3426.833ms
[1169.727s] GC(937) To-space exhausted
[1169.727s] GC(937) Pause Young (Concurrent Start) (G1 Evacuation Pause) 12276M->12276M(12288M) 3.011ms
[1169.727s] GC(939) Concurrent Mark Cycle
[1173.573s] GC(938) Pause Full (G1 Compaction Pause) 12276M->12268M(12288M) 3845.419ms
[1173.573s] GC(939) Concurrent Mark Cycle 3845.601ms
[1173.575s] GC(940) To-space exhausted
[1173.575s] GC(940) Pause Young (Normal) (G1 Evacuation Pause) 12276M->12276M(12288M) 1.685ms
[1177.184s] GC(941) Pause Full (G1 Compaction Pause) 12276M->12268M(12288M) 3609.789ms
[1177.186s] GC(942) To-space exhausted
[1177.186s] GC(942) Pause Young (Concurrent Start) (G1 Evacuation Pause) 12276M->12276M(12288M) 1.250ms
[1177.186s] GC(944) Concurrent Mark Cycle
[1181.082s] GC(943) Pause Full (G1 Compaction Pause) 12276M->12268M(12288M) 3895.832ms
[1181.082s] GC(944) Concurrent Mark Cycle 3896.018ms
[1181.083s] GC(945) To-space exhausted
[1181.083s] GC(945) Pause Young (Normal) (G1 Evacuation Pause) 12276M->12276M(12288M) 1.331ms
[1184.958s] GC(946) Pause Full (G1 Compaction Pause) 12276M->12268M(12288M) 3874.707ms
[1184.960s] GC(947) To-space exhausted
[1184.960s] GC(947) Pause Young (Concurrent Start) (G1 Evacuation Pause) 12276M->12276M(12288M) 1.902ms
[1184.960s] GC(949) Concurrent Mark Cycle
[1188.775s] GC(948) Pause Full (G1 Compaction Pause) 12276M->12268M(12288M) 3814.705ms
[1188.775s] GC(949) Concurrent Mark Cycle 3814.870ms
[1188.777s] GC(950) To-space exhausted
[1188.777s] GC(950) Pause Young (Normal) (G1 Evacuation Pause) 12276M->12276M(12288M) 1.857ms
[1192.663s] GC(951) Pause Full (G1 Compaction Pause) 12276M->12268M(12288M) 3885.335ms
[1192.664s] GC(952) To-space exhausted
[1192.664s] GC(952) Pause Young (Concurrent Start) (G1 Evacuation Pause) 12276M->12276M(12288M) 1.486ms
[1192.664s] GC(954) Concurrent Mark Cycle
[1196.255s] GC(953) Pause Full (G1 Compaction Pause) 12276M->12268M(12288M) 3590.962ms
[1196.256s] GC(954) Concurrent Mark Cycle 3591.124ms
[1196.257s] GC(955) To-space exhausted
[1196.257s] GC(955) Pause Young (Normal) (G1 Evacuation Pause) 12276M->12276M(12288M) 1.549ms
[1199.852s] GC(956) Pause Full (G1 Compaction Pause) 12276M->12268M(12288M) 3594.501ms
[1199.854s] GC(957) To-space exhausted
[1199.854s] GC(957) Pause Young (Concurrent Start) (G1 Evacuation Pause) 12276M->12276M(12288M) 1.956ms
[1199.854s] GC(959) Concurrent Mark Cycle
[1203.838s] GC(958) Pause Full (G1 Compaction Pause) 12276M->12268M(12288M) 3983.546ms
[1203.838s] GC(959) Concurrent Mark Cycle 3983.700ms
[1203.840s] GC(960) To-space exhausted
[1203.840s] GC(960) Pause Young (Normal) (G1 Evacuation Pause) 12276M->12276M(12288M) 2.147ms
[1207.422s] GC(961) Pause Full (G1 Compaction Pause) 12276M->12268M(12288M) 3581.501ms
[1207.423s] GC(962) To-space exhausted
[1207.423s] GC(962) Pause Young (Concurrent Start) (G1 Evacuation Pause) 12276M->12276M(12288M) 1.715ms
[1207.424s] GC(964) Concurrent Mark Cycle
[1211.492s] GC(963) Pause Full (G1 Compaction Pause) 12276M->12268M(12288M) 4068.953ms
[1211.493s] GC(964) Concurrent Mark Cycle 4069.166ms
[1211.494s] GC(965) To-space exhausted
[1211.494s] GC(965) Pause Young (Normal) (G1 Evacuation Pause) 12276M->12276M(12288M) 1.469ms
[1215.241s] GC(966) Pause Full (G1 Compaction Pause) 12276M->12268M(12288M) 3746.932ms
[1215.243s] GC(967) To-space exhausted
[1215.243s] GC(967) Pause Young (Concurrent Start) (G1 Evacuation Pause) 12276M->12276M(12288M) 1.227ms
[1215.243s] GC(969) Concurrent Mark Cycle
[1218.876s] GC(968) Pause Full (G1 Compaction Pause) 12276M->12268M(12288M) 3632.875ms
[1218.876s] GC(969) Concurrent Mark Cycle 3633.102ms
[1218.878s] GC(970) To-space exhausted
[1218.878s] GC(970) Pause Young (Normal) (G1 Evacuation Pause) 12276M->12276M(12288M) 2.508ms
[1222.682s] GC(971) Pause Full (G1 Compaction Pause) 12276M->12268M(12288M) 3803.377ms
[1222.684s] GC(972) To-space exhausted
[1222.684s] GC(972) Pause Young (Concurrent Start) (G1 Evacuation Pause) 12276M->12276M(12288M) 1.989ms
[1222.684s] GC(974) Concurrent Mark Cycle
[1226.144s] GC(973) Pause Full (G1 Compaction Pause) 12276M->12268M(12288M) 3459.497ms
[1226.144s] GC(974) Concurrent Mark Cycle 3459.618ms
[1226.146s] GC(975) To-space exhausted
[1226.146s] GC(975) Pause Young (Normal) (G1 Evacuation Pause) 12276M->12276M(12288M) 2.091ms
[1229.792s] GC(976) Pause Full (G1 Compaction Pause) 12276M->12268M(12288M) 3646.275ms
[1229.795s] GC(977) To-space exhausted
[1229.795s] GC(977) Pause Young (Concurrent Start) (G1 Evacuation Pause) 12276M->12276M(12288M) 2.636ms
[1229.795s] GC(979) Concurrent Mark Cycle
[1233.628s] GC(978) Pause Full (G1 Compaction Pause) 12276M->12268M(12288M) 3832.653ms
[1233.628s] GC(979) Concurrent Mark Cycle 3832.749ms
[1233.630s] GC(980) To-space exhausted
[1233.630s] GC(980) Pause Young (Normal) (G1 Evacuation Pause) 12276M->12276M(12288M) 1.433ms
[1237.723s] GC(981) Pause Full (G1 Compaction Pause) 12276M->12268M(12288M) 4092.914ms
[1237.725s] GC(982) To-space exhausted
[1237.725s] GC(982) Pause Young (Concurrent Start) (G1 Evacuation Pause) 12276M->12276M(12288M) 1.572ms
[1237.725s] GC(984) Concurrent Mark Cycle
[1241.434s] GC(983) Pause Full (G1 Compaction Pause) 12276M->12268M(12288M) 3709.206ms
[1241.436s] GC(985) To-space exhausted
[1241.436s] GC(985) Pause Young (Normal) (G1 Evacuation Pause) 12276M->12276M(12288M) 2.201ms
[1245.204s] GC(986) Pause Full (G1 Compaction Pause) 12276M->12268M(12288M) 3767.463ms
[1245.204s] GC(984) Concurrent Mark Cycle 7479.305ms
[1245.205s] GC(987) To-space exhausted
[1245.206s] GC(987) Pause Young (Normal) (G1 Evacuation Pause) 12276M->12276M(12288M) 1.373ms
[1248.959s] GC(988) Pause Full (G1 Compaction Pause) 12276M->12268M(12288M) 3753.759ms
[1248.961s] GC(989) To-space exhausted
[1248.961s] GC(989) Pause Young (Concurrent Start) (G1 Evacuation Pause) 12276M->12276M(12288M) 1.478ms
[1248.961s] GC(991) Concurrent Mark Cycle
[1252.936s] GC(990) Pause Full (G1 Compaction Pause) 12276M->12268M(12288M) 3975.257ms
[1252.937s] GC(991) Concurrent Mark Cycle 3975.411ms
[1252.938s] GC(992) To-space exhausted
[1252.938s] GC(992) Pause Young (Normal) (G1 Evacuation Pause) 12276M->12276M(12288M) 1.516ms
[1256.637s] GC(993) Pause Full (G1 Compaction Pause) 12276M->12268M(12288M) 3698.793ms
[1256.639s] GC(994) To-space exhausted
[1256.639s] GC(994) Pause Young (Concurrent Start) (G1 Evacuation Pause) 12276M->12276M(12288M) 1.355ms
[1256.639s] GC(996) Concurrent Mark Cycle
[1260.442s] GC(995) Pause Full (G1 Compaction Pause) 12276M->12268M(12288M) 3803.727ms
[1260.444s] GC(997) To-space exhausted
[1260.444s] GC(997) Pause Young (Normal) (G1 Evacuation Pause) 12276M->12276M(12288M) 1.592ms
[1264.511s] GC(998) Pause Full (G1 Compaction Pause) 12276M->12268M(12288M) 4066.704ms
[1264.511s] GC(996) Concurrent Mark Cycle 7872.462ms
[1264.512s] GC(999) To-space exhausted
[1264.512s] GC(999) Pause Young (Normal) (G1 Evacuation Pause) 12276M->12276M(12288M) 1.203ms
[1268.141s] GC(1000) Pause Full (G1 Compaction Pause) 12276M->12268M(12288M) 3628.671ms
[1268.143s] GC(1001) To-space exhausted
[1268.143s] GC(1001) Pause Young (Concurrent Start) (G1 Evacuation Pause) 12276M->12276M(12288M) 1.643ms
[1268.143s] GC(1003) Concurrent Mark Cycle
[1272.230s] GC(1002) Pause Full (G1 Compaction Pause) 12276M->12268M(12288M) 4086.960ms
[1272.230s] GC(1003) Concurrent Mark Cycle 4087.187ms
[1272.232s] GC(1004) To-space exhausted
[1272.232s] GC(1004) Pause Young (Normal) (G1 Evacuation Pause) 12276M->12276M(12288M) 1.359ms
[1275.809s] GC(1005) Pause Full (G1 Compaction Pause) 12276M->12268M(12288M) 3577.351ms
[1275.811s] GC(1006) To-space exhausted
[1275.811s] GC(1006) Pause Young (Concurrent Start) (G1 Evacuation Pause) 12276M->12276M(12288M) 1.294ms
[1275.811s] GC(1008) Concurrent Mark Cycle
[1279.728s] GC(1007) Pause Full (G1 Compaction Pause) 12276M->12268M(12288M) 3917.189ms
[1279.729s] GC(1009) To-space exhausted
[1279.729s] GC(1009) Pause Young (Normal) (G1 Evacuation Pause) 12276M->12276M(12288M) 1.323ms
[1283.391s] GC(1010) Pause Full (G1 Compaction Pause) 12276M->12268M(12288M) 3661.677ms
[1283.391s] GC(1008) Concurrent Mark Cycle 7580.631ms
[1283.393s] GC(1011) To-space exhausted
[1283.393s] GC(1011) Pause Young (Normal) (G1 Evacuation Pause) 12276M->12276M(12288M) 1.763ms
[1287.116s] GC(1012) Pause Full (G1 Compaction Pause) 12276M->12268M(12288M) 3722.990ms
[1287.118s] GC(1013) To-space exhausted
[1287.118s] GC(1013) Pause Young (Concurrent Start) (G1 Evacuation Pause) 12276M->12276M(12288M) 1.688ms
[1287.118s] GC(1015) Concurrent Mark Cycle
[1290.869s] GC(1014) Pause Full (G1 Compaction Pause) 12276M->12268M(12288M) 3750.876ms
[1290.869s] GC(1015) Concurrent Mark Cycle 3751.004ms
[1290.872s] GC(1016) To-space exhausted
[1290.872s] GC(1016) Pause Young (Normal) (G1 Evacuation Pause) 12276M->12276M(12288M) 2.266ms
[1294.785s] GC(1017) Pause Full (G1 Compaction Pause) 12276M->12268M(12288M) 3913.481ms
[1294.787s] GC(1018) To-space exhausted
[1294.787s] GC(1018) Pause Young (Concurrent Start) (G1 Evacuation Pause) 12276M->12276M(12288M) 1.839ms
[1294.787s] GC(1020) Concurrent Mark Cycle
[1298.488s] GC(1019) Pause Full (G1 Compaction Pause) 12276M->12268M(12288M) 3700.485ms
[1298.490s] GC(1021) To-space exhausted
[1298.490s] GC(1021) Pause Young (Normal) (G1 Evacuation Pause) 12276M->12276M(12288M) 1.495ms
[1302.148s] GC(1022) Pause Full (G1 Compaction Pause) 12276M->12268M(12288M) 3658.499ms
[1302.148s] GC(1020) Concurrent Mark Cycle 7360.926ms
[1302.150s] GC(1023) To-space exhausted
[1302.150s] GC(1023) Pause Young (Normal) (G1 Evacuation Pause) 12276M->12276M(12288M) 1.125ms
[1306.045s] GC(1024) Pause Full (G1 Compaction Pause) 12276M->12268M(12288M) 3894.981ms
[1306.047s] GC(1025) To-space exhausted
[1306.047s] GC(1025) Pause Young (Concurrent Start) (G1 Evacuation Pause) 12276M->12276M(12288M) 2.297ms
[1306.047s] GC(1027) Concurrent Mark Cycle
[1309.880s] GC(1026) Pause Full (G1 Compaction Pause) 12276M->12268M(12288M) 3832.909ms
[1309.880s] GC(1027) Concurrent Mark Cycle 3833.050ms
[1309.882s] GC(1028) To-space exhausted
[1309.882s] GC(1028) Pause Young (Normal) (G1 Evacuation Pause) 12276M->12276M(12288M) 1.692ms
[1313.790s] GC(1029) Pause Full (G1 Compaction Pause) 12276M->12268M(12288M) 3907.518ms
[1313.792s] GC(1030) To-space exhausted
[1313.792s] GC(1030) Pause Young (Concurrent Start) (G1 Evacuation Pause) 12276M->12276M(12288M) 1.994ms
[1313.792s] GC(1032) Concurrent Mark Cycle
[1317.408s] GC(1031) Pause Full (G1 Compaction Pause) 12276M->12268M(12288M) 3616.275ms
[1317.408s] GC(1032) Concurrent Mark Cycle 3616.464ms
[1317.410s] GC(1033) To-space exhausted
[1317.411s] GC(1033) Pause Young (Normal) (G1 Evacuation Pause) 12276M->12276M(12288M) 2.002ms
[1321.313s] GC(1034) Pause Full (G1 Compaction Pause) 12276M->12268M(12288M) 3902.788ms
[1321.316s] GC(1035) To-space exhausted
[1321.316s] GC(1035) Pause Young (Concurrent Start) (G1 Evacuation Pause) 12276M->12276M(12288M) 2.046ms
[1321.316s] GC(1037) Concurrent Mark Cycle
[1325.339s] GC(1036) Pause Full (G1 Compaction Pause) 12276M->12268M(12288M) 4022.827ms
[1325.339s] GC(1037) Concurrent Mark Cycle 4023.073ms
[1325.342s] GC(1038) To-space exhausted
[1325.342s] GC(1038) Pause Young (Normal) (G1 Evacuation Pause) 12276M->12276M(12288M) 3.149ms
[1329.250s] GC(1039) Pause Full (G1 Compaction Pause) 12276M->12268M(12288M) 3907.673ms
[1329.252s] GC(1040) To-space exhausted
[1329.252s] GC(1040) Pause Young (Concurrent Start) (G1 Evacuation Pause) 12276M->12276M(12288M) 2.050ms
[1329.252s] GC(1042) Concurrent Mark Cycle
[1333.074s] GC(1041) Pause Full (G1 Compaction Pause) 12276M->12268M(12288M) 3821.761ms
[1333.074s] GC(1042) Concurrent Mark Cycle 3821.836ms
[1333.076s] GC(1043) To-space exhausted
[1333.076s] GC(1043) Pause Young (Normal) (G1 Evacuation Pause) 12276M->12276M(12288M) 1.867ms
[1337.073s] GC(1044) Pause Full (G1 Compaction Pause) 12276M->12268M(12288M) 3996.766ms
[1337.074s] GC(1045) To-space exhausted
[1337.074s] GC(1045) Pause Young (Concurrent Start) (G1 Evacuation Pause) 12276M->12276M(12288M) 1.362ms
[1337.074s] GC(1047) Concurrent Mark Cycle
[1340.804s] GC(1046) Pause Full (G1 Compaction Pause) 12276M->12268M(12288M) 3729.964ms
[1340.805s] GC(1047) Concurrent Mark Cycle 3730.121ms
[1340.806s] GC(1048) To-space exhausted
[1340.806s] GC(1048) Pause Young (Normal) (G1 Evacuation Pause) 12276M->12276M(12288M) 1.343ms
[1344.632s] GC(1049) Pause Full (G1 Compaction Pause) 12276M->12268M(12288M) 3825.892ms
[1344.634s] GC(1050) To-space exhausted
[1344.634s] GC(1050) Pause Young (Concurrent Start) (G1 Evacuation Pause) 12276M->12276M(12288M) 1.358ms
[1344.634s] GC(1052) Concurrent Mark Cycle
[1348.110s] GC(1051) Pause Full (G1 Compaction Pause) 12276M->12268M(12288M) 3476.597ms
[1348.110s] GC(1052) Concurrent Mark Cycle 3476.802ms
[1348.112s] GC(1053) To-space exhausted
[1348.112s] GC(1053) Pause Young (Normal) (G1 Evacuation Pause) 12276M->12276M(12288M) 1.133ms
[1352.052s] GC(1054) Pause Full (G1 Compaction Pause) 12276M->12268M(12288M) 3939.909ms
[1352.053s] GC(1055) To-space exhausted
[1352.053s] GC(1055) Pause Young (Concurrent Start) (G1 Evacuation Pause) 12276M->12276M(12288M) 1.517ms
[1352.053s] GC(1057) Concurrent Mark Cycle
[1355.643s] GC(1056) Pause Full (G1 Compaction Pause) 12276M->12268M(12288M) 3590.015ms
[1355.644s] GC(1057) Concurrent Mark Cycle 3590.169ms
[1355.645s] GC(1058) To-space exhausted
[1355.645s] GC(1058) Pause Young (Normal) (G1 Evacuation Pause) 12276M->12276M(12288M) 1.633ms
[1359.537s] GC(1059) Pause Full (G1 Compaction Pause) 12276M->12268M(12288M) 3891.677ms
[1359.538s] GC(1060) To-space exhausted
[1359.539s] GC(1060) Pause Young (Concurrent Start) (G1 Evacuation Pause) 12276M->12276M(12288M) 1.232ms
[1359.539s] GC(1062) Concurrent Mark Cycle
[1363.143s] GC(1061) Pause Full (G1 Compaction Pause) 12276M->12268M(12288M) 3604.643ms
[1363.143s] GC(1062) Concurrent Mark Cycle 3604.811ms
[1363.145s] GC(1063) To-space exhausted
[1363.145s] GC(1063) Pause Young (Normal) (G1 Evacuation Pause) 12276M->12276M(12288M) 1.345ms
[1366.993s] GC(1064) Pause Full (G1 Compaction Pause) 12276M->12268M(12288M) 3848.108ms
[1366.995s] GC(1065) To-space exhausted
[1366.995s] GC(1065) Pause Young (Concurrent Start) (G1 Evacuation Pause) 12276M->12276M(12288M) 1.532ms
[1366.995s] GC(1067) Concurrent Mark Cycle
[1370.886s] GC(1066) Pause Full (G1 Compaction Pause) 12276M->12268M(12288M) 3891.167ms
[1370.886s] GC(1067) Concurrent Mark Cycle 3891.359ms
[1370.887s] GC(1068) To-space exhausted
[1370.887s] GC(1068) Pause Young (Normal) (G1 Evacuation Pause) 12276M->12276M(12288M) 1.080ms
[1374.776s] GC(1069) Pause Full (G1 Compaction Pause) 12276M->12268M(12288M) 3888.960ms
[1374.778s] GC(1070) To-space exhausted
[1374.778s] GC(1070) Pause Young (Concurrent Start) (G1 Evacuation Pause) 12274M->12274M(12288M) 1.886ms
[1374.779s] GC(1072) Concurrent Mark Cycle
[1379.022s] GC(1071) Pause Full (G1 Compaction Pause) 12274M->12268M(12288M) 4243.410ms
[1379.022s] GC(1072) Concurrent Mark Cycle 4243.600ms
[1379.024s] GC(1073) To-space exhausted
[1379.024s] GC(1073) Pause Young (Normal) (G1 Evacuation Pause) 12276M->12276M(12288M) 1.555ms
[1383.217s] GC(1074) Pause Full (G1 Compaction Pause) 12276M->12268M(12288M) 4192.954ms
[1383.219s] GC(1075) To-space exhausted
[1383.219s] GC(1075) Pause Young (Concurrent Start) (G1 Evacuation Pause) 12276M->12276M(12288M) 1.708ms
[1383.219s] GC(1077) Concurrent Mark Cycle
[1387.238s] GC(1076) Pause Full (G1 Compaction Pause) 12276M->12268M(12288M) 4018.808ms
[1387.238s] GC(1077) Concurrent Mark Cycle 4018.979ms
[1387.239s] GC(1078) To-space exhausted
[1387.239s] GC(1078) Pause Young (Normal) (G1 Evacuation Pause) 12276M->12276M(12288M) 1.511ms
[1391.298s] GC(1079) Pause Full (G1 Compaction Pause) 12276M->12268M(12288M) 4058.949ms
[1391.300s] GC(1080) To-space exhausted
[1391.300s] GC(1080) Pause Young (Concurrent Start) (G1 Evacuation Pause) 12276M->12276M(12288M) 1.712ms
[1391.300s] GC(1082) Concurrent Mark Cycle
[1395.349s] GC(1081) Pause Full (G1 Compaction Pause) 12276M->12268M(12288M) 4048.889ms
[1395.350s] GC(1083) To-space exhausted
[1395.351s] GC(1083) Pause Young (Normal) (G1 Evacuation Pause) 12276M->12276M(12288M) 1.103ms
[1399.393s] GC(1084) Pause Full (G1 Compaction Pause) 12276M->12268M(12288M) 4042.576ms
[1399.393s] GC(1082) Concurrent Mark Cycle 8092.973ms
[1399.395s] GC(1085) To-space exhausted
[1399.395s] GC(1085) Pause Young (Normal) (G1 Evacuation Pause) 12276M->12276M(12288M) 1.689ms
[1403.618s] GC(1086) Pause Full (G1 Compaction Pause) 12276M->12268M(12288M) 4223.295ms
[1403.620s] GC(1087) To-space exhausted
[1403.620s] GC(1087) Pause Young (Concurrent Start) (G1 Evacuation Pause) 12276M->12276M(12288M) 1.342ms
[1403.620s] GC(1089) Concurrent Mark Cycle
[1407.581s] GC(1088) Pause Full (G1 Compaction Pause) 12276M->12268M(12288M) 3961.153ms
[1407.581s] GC(1089) Concurrent Mark Cycle 3961.336ms
[1407.583s] GC(1090) To-space exhausted
[1407.583s] GC(1090) Pause Young (Normal) (G1 Evacuation Pause) 12276M->12276M(12288M) 1.550ms
[1411.744s] GC(1091) Pause Full (G1 Compaction Pause) 12276M->12268M(12288M) 4161.013ms
[1411.746s] GC(1092) To-space exhausted
[1411.746s] GC(1092) Pause Young (Concurrent Start) (G1 Evacuation Pause) 12276M->12276M(12288M) 1.306ms
[1411.746s] GC(1094) Concurrent Mark Cycle
[1415.969s] GC(1093) Pause Full (G1 Compaction Pause) 12276M->12268M(12288M) 4223.265ms
[1415.969s] GC(1094) Concurrent Mark Cycle 4223.408ms
[1415.971s] GC(1095) To-space exhausted
[1415.971s] GC(1095) Pause Young (Normal) (G1 Evacuation Pause) 12276M->12276M(12288M) 1.650ms
[1420.145s] GC(1096) Pause Full (G1 Compaction Pause) 12276M->12268M(12288M) 4174.059ms
[1420.147s] GC(1097) To-space exhausted
[1420.147s] GC(1097) Pause Young (Concurrent Start) (G1 Evacuation Pause) 12276M->12276M(12288M) 1.802ms
[1420.147s] GC(1099) Concurrent Mark Cycle
[1424.240s] GC(1098) Pause Full (G1 Compaction Pause) 12276M->12268M(12288M) 4093.319ms
[1424.241s] GC(1099) Concurrent Mark Cycle 4093.521ms
[1424.242s] GC(1100) To-space exhausted
[1424.242s] GC(1100) Pause Young (Normal) (G1 Evacuation Pause) 12276M->12276M(12288M) 1.423ms
[1428.228s] GC(1101) Pause Full (G1 Compaction Pause) 12276M->12268M(12288M) 3985.357ms
[1428.229s] GC(1102) To-space exhausted
[1428.229s] GC(1102) Pause Young (Concurrent Start) (G1 Evacuation Pause) 12276M->12276M(12288M) 1.446ms
[1428.229s] GC(1104) Concurrent Mark Cycle
[1432.539s] GC(1103) Pause Full (G1 Compaction Pause) 12276M->12268M(12288M) 4310.066ms
[1432.540s] GC(1104) Concurrent Mark Cycle 4310.290ms
[1432.541s] GC(1105) To-space exhausted
[1432.541s] GC(1105) Pause Young (Normal) (G1 Evacuation Pause) 12276M->12276M(12288M) 1.734ms
[1436.555s] GC(1106) Pause Full (G1 Compaction Pause) 12276M->12268M(12288M) 4013.149ms
[1436.556s] GC(1107) To-space exhausted
[1436.556s] GC(1107) Pause Young (Concurrent Start) (G1 Evacuation Pause) 12276M->12276M(12288M) 1.507ms
[1436.556s] GC(1109) Concurrent Mark Cycle
[1440.462s] GC(1108) Pause Full (G1 Compaction Pause) 12276M->12268M(12288M) 3905.861ms
[1440.463s] GC(1109) Concurrent Mark Cycle 3906.023ms
[1440.464s] GC(1110) To-space exhausted
[1440.464s] GC(1110) Pause Young (Normal) (G1 Evacuation Pause) 12276M->12276M(12288M) 1.662ms
[1444.420s] GC(1111) Pause Full (G1 Compaction Pause) 12276M->12268M(12288M) 3955.630ms
[1444.422s] GC(1112) To-space exhausted
[1444.422s] GC(1112) Pause Young (Concurrent Start) (G1 Evacuation Pause) 12276M->12276M(12288M) 2.157ms
[1444.423s] GC(1114) Concurrent Mark Cycle
[1448.412s] GC(1113) Pause Full (G1 Compaction Pause) 12276M->12268M(12288M) 3989.711ms
[1448.413s] GC(1114) Concurrent Mark Cycle 3989.967ms
[1448.415s] GC(1115) To-space exhausted
[1448.415s] GC(1115) Pause Young (Normal) (G1 Evacuation Pause) 12276M->12276M(12288M) 2.147ms
[1452.181s] GC(1116) Pause Full (G1 Compaction Pause) 12276M->12268M(12288M) 3766.018ms
[1452.183s] GC(1117) To-space exhausted
[1452.183s] GC(1117) Pause Young (Concurrent Start) (G1 Evacuation Pause) 12276M->12276M(12288M) 1.498ms
[1452.183s] GC(1119) Concurrent Mark Cycle
[1455.920s] GC(1118) Pause Full (G1 Compaction Pause) 12276M->12268M(12288M) 3737.399ms
[1455.921s] GC(1119) Concurrent Mark Cycle 3737.683ms
[1455.923s] GC(1120) To-space exhausted
[1455.923s] GC(1120) Pause Young (Normal) (G1 Evacuation Pause) 12276M->12276M(12288M) 2.387ms
[1460.003s] GC(1121) Pause Full (G1 Compaction Pause) 12276M->12268M(12288M) 4080.030ms
[1460.005s] GC(1122) To-space exhausted
[1460.005s] GC(1122) Pause Young (Concurrent Start) (G1 Evacuation Pause) 12276M->12276M(12288M) 1.336ms
[1460.005s] GC(1124) Concurrent Mark Cycle
[1464.005s] GC(1123) Pause Full (G1 Compaction Pause) 12276M->12268M(12288M) 3999.798ms
[1464.005s] GC(1124) Concurrent Mark Cycle 3999.980ms
[1464.007s] GC(1125) To-space exhausted
[1464.007s] GC(1125) Pause Young (Normal) (G1 Evacuation Pause) 12276M->12276M(12288M) 2.008ms
[1467.800s] GC(1126) Pause Full (G1 Compaction Pause) 12276M->12268M(12288M) 3792.776ms
[1467.802s] GC(1127) To-space exhausted
[1467.802s] GC(1127) Pause Young (Concurrent Start) (G1 Evacuation Pause) 12276M->12276M(12288M) 1.635ms
[1467.802s] GC(1129) Concurrent Mark Cycle
[1471.416s] GC(1128) Pause Full (G1 Compaction Pause) 12276M->12268M(12288M) 3613.576ms
[1471.416s] GC(1129) Concurrent Mark Cycle 3613.735ms
[1471.417s] GC(1130) To-space exhausted
[1471.417s] GC(1130) Pause Young (Normal) (G1 Evacuation Pause) 12276M->12276M(12288M) 1.568ms
[1475.497s] GC(1131) Pause Full (G1 Compaction Pause) 12276M->12268M(12288M) 4079.796ms
[1475.499s] GC(1132) To-space exhausted
[1475.499s] GC(1132) Pause Young (Concurrent Start) (G1 Evacuation Pause) 12276M->12276M(12288M) 1.609ms
[1475.499s] GC(1134) Concurrent Mark Cycle
[1479.199s] GC(1133) Pause Full (G1 Compaction Pause) 12276M->12268M(12288M) 3699.434ms
[1479.199s] GC(1134) Concurrent Mark Cycle 3699.586ms
[1479.200s] GC(1135) To-space exhausted
[1479.200s] GC(1135) Pause Young (Normal) (G1 Evacuation Pause) 12276M->12276M(12288M) 1.140ms
[1483.175s] GC(1136) Pause Full (G1 Compaction Pause) 12276M->12268M(12288M) 3975.429ms
[1483.177s] GC(1137) To-space exhausted
[1483.177s] GC(1137) Pause Young (Concurrent Start) (G1 Evacuation Pause) 12276M->12276M(12288M) 1.669ms
[1483.177s] GC(1139) Concurrent Mark Cycle
[1486.702s] GC(1138) Pause Full (G1 Compaction Pause) 12276M->12268M(12288M) 3524.058ms
[1486.702s] GC(1139) Concurrent Mark Cycle 3524.225ms
[1486.703s] GC(1140) To-space exhausted
[1486.704s] GC(1140) Pause Young (Normal) (G1 Evacuation Pause) 12276M->12276M(12288M) 1.700ms
[1490.503s] GC(1141) Pause Full (G1 Compaction Pause) 12276M->12268M(12288M) 3799.662ms
[1490.505s] GC(1142) To-space exhausted
[1490.505s] GC(1142) Pause Young (Concurrent Start) (G1 Evacuation Pause) 12276M->12276M(12288M) 1.327ms
[1490.505s] GC(1144) Concurrent Mark Cycle
[1494.101s] GC(1143) Pause Full (G1 Compaction Pause) 12276M->12268M(12288M) 3596.281ms
[1494.101s] GC(1144) Concurrent Mark Cycle 3596.510ms
[1494.104s] GC(1145) To-space exhausted
[1494.104s] GC(1145) Pause Young (Normal) (G1 Evacuation Pause) 12276M->12276M(12288M) 2.373ms
[1497.828s] GC(1146) Pause Full (G1 Compaction Pause) 12276M->12268M(12288M) 3724.241ms
[1497.831s] GC(1147) To-space exhausted
[1497.831s] GC(1147) Pause Young (Concurrent Start) (G1 Evacuation Pause) 12276M->12276M(12288M) 2.832ms
[1497.832s] GC(1149) Concurrent Mark Cycle
[1501.416s] GC(1148) Pause Full (G1 Compaction Pause) 12276M->12268M(12288M) 3584.459ms
[1501.416s] GC(1149) Concurrent Mark Cycle 3584.570ms
[1501.417s] GC(1150) To-space exhausted
[1501.418s] GC(1150) Pause Young (Normal) (G1 Evacuation Pause) 12276M->12276M(12288M) 1.279ms
[1505.592s] GC(1151) Pause Full (G1 Compaction Pause) 12276M->12268M(12288M) 4174.081ms
[1505.594s] GC(1152) To-space exhausted
[1505.595s] GC(1152) Pause Young (Concurrent Start) (G1 Evacuation Pause) 12276M->12276M(12288M) 2.409ms
[1505.595s] GC(1154) Concurrent Mark Cycle
[1509.422s] GC(1153) Pause Full (G1 Compaction Pause) 12276M->12268M(12288M) 3827.828ms
[1509.424s] GC(1155) To-space exhausted
[1509.424s] GC(1155) Pause Young (Normal) (G1 Evacuation Pause) 12276M->12276M(12288M) 1.708ms
[1513.386s] GC(1156) Pause Full (G1 Compaction Pause) 12276M->12268M(12288M) 3961.232ms
[1513.386s] GC(1154) Concurrent Mark Cycle 7791.361ms
[1513.388s] GC(1157) To-space exhausted
[1513.388s] GC(1157) Pause Young (Normal) (G1 Evacuation Pause) 12276M->12276M(12288M) 2.084ms
[1516.958s] GC(1158) Pause Full (G1 Compaction Pause) 12276M->12268M(12288M) 3569.463ms
[1516.960s] GC(1159) To-space exhausted
[1516.960s] GC(1159) Pause Young (Concurrent Start) (G1 Evacuation Pause) 12276M->12276M(12288M) 1.987ms
[1516.960s] GC(1161) Concurrent Mark Cycle
[1520.503s] GC(1160) Pause Full (G1 Compaction Pause) 12276M->12268M(12288M) 3543.121ms
[1520.503s] GC(1161) Concurrent Mark Cycle 3543.374ms
[1520.506s] GC(1162) To-space exhausted
[1520.506s] GC(1162) Pause Young (Normal) (G1 Evacuation Pause) 12276M->12276M(12288M) 2.200ms
[1524.179s] GC(1163) Pause Full (G1 Compaction Pause) 12276M->12268M(12288M) 3673.186ms
[1524.180s] GC(1164) To-space exhausted
[1524.180s] GC(1164) Pause Young (Concurrent Start) (G1 Evacuation Pause) 12276M->12276M(12288M) 1.156ms
[1524.180s] GC(1166) Concurrent Mark Cycle
[1528.121s] GC(1165) Pause Full (G1 Compaction Pause) 12276M->12268M(12288M) 3940.181ms
[1528.121s] GC(1166) Concurrent Mark Cycle 3940.373ms
[1528.123s] GC(1167) To-space exhausted
[1528.123s] GC(1167) Pause Young (Normal) (G1 Evacuation Pause) 12276M->12276M(12288M) 2.249ms
[1531.719s] GC(1168) Pause Full (G1 Compaction Pause) 12276M->12268M(12288M) 3595.932ms
[1531.721s] GC(1169) To-space exhausted
[1531.721s] GC(1169) Pause Young (Concurrent Start) (G1 Evacuation Pause) 12276M->12276M(12288M) 1.667ms
[1531.721s] GC(1171) Concurrent Mark Cycle
[1535.480s] GC(1170) Pause Full (G1 Compaction Pause) 12276M->12268M(12288M) 3758.977ms
[1535.480s] GC(1171) Concurrent Mark Cycle 3759.203ms
[1535.482s] GC(1172) To-space exhausted
[1535.482s] GC(1172) Pause Young (Normal) (G1 Evacuation Pause) 12276M->12276M(12288M) 1.519ms
[1539.355s] GC(1173) Pause Full (G1 Compaction Pause) 12276M->12268M(12288M) 3873.235ms
[1539.357s] GC(1174) To-space exhausted
[1539.357s] GC(1174) Pause Young (Concurrent Start) (G1 Evacuation Pause) 12276M->12276M(12288M) 1.167ms
[1539.357s] GC(1176) Concurrent Mark Cycle
[1543.377s] GC(1175) Pause Full (G1 Compaction Pause) 12276M->12268M(12288M) 4020.075ms
[1543.377s] GC(1176) Concurrent Mark Cycle 4020.274ms
[1543.379s] GC(1177) To-space exhausted
[1543.379s] GC(1177) Pause Young (Normal) (G1 Evacuation Pause) 12276M->12276M(12288M) 1.554ms
[1547.462s] GC(1178) Pause Full (G1 Compaction Pause) 12276M->12268M(12288M) 4083.723ms
[1547.464s] GC(1179) To-space exhausted
[1547.464s] GC(1179) Pause Young (Concurrent Start) (G1 Evacuation Pause) 12276M->12276M(12288M) 1.548ms
[1547.464s] GC(1181) Concurrent Mark Cycle
[1551.734s] GC(1180) Pause Full (G1 Compaction Pause) 12276M->12268M(12288M) 4269.498ms
[1551.734s] GC(1181) Concurrent Mark Cycle 4269.704ms
[1551.735s] GC(1182) To-space exhausted
[1551.735s] GC(1182) Pause Young (Normal) (G1 Evacuation Pause) 12276M->12276M(12288M) 1.186ms
[1555.563s] GC(1183) Pause Full (G1 Compaction Pause) 12276M->12268M(12288M) 3827.595ms
[1555.565s] GC(1184) To-space exhausted
[1555.565s] GC(1184) Pause Young (Concurrent Start) (G1 Evacuation Pause) 12276M->12276M(12288M) 1.738ms
[1555.565s] GC(1186) Concurrent Mark Cycle
[1559.886s] GC(1185) Pause Full (G1 Compaction Pause) 12276M->12268M(12288M) 4321.372ms
[1559.887s] GC(1186) Concurrent Mark Cycle 4321.539ms
[1559.888s] GC(1187) To-space exhausted
[1559.888s] GC(1187) Pause Young (Normal) (G1 Evacuation Pause) 12276M->12276M(12288M) 1.401ms
[1563.724s] GC(1188) Pause Full (G1 Compaction Pause) 12276M->12268M(12288M) 3835.568ms
[1563.725s] GC(1189) To-space exhausted
[1563.725s] GC(1189) Pause Young (Concurrent Start) (G1 Evacuation Pause) 12276M->12276M(12288M) 1.487ms
[1563.725s] GC(1191) Concurrent Mark Cycle
[1567.819s] GC(1190) Pause Full (G1 Compaction Pause) 12276M->12268M(12288M) 4093.677ms
[1567.821s] GC(1192) To-space exhausted
[1567.821s] GC(1192) Pause Young (Normal) (G1 Evacuation Pause) 12276M->12276M(12288M) 1.659ms
[1571.855s] GC(1193) Pause Full (G1 Compaction Pause) 12276M->12268M(12288M) 4034.151ms
[1571.855s] GC(1191) Concurrent Mark Cycle 8129.973ms
[1571.857s] GC(1194) To-space exhausted
[1571.857s] GC(1194) Pause Young (Normal) (G1 Evacuation Pause) 12276M->12276M(12288M) 1.304ms
[1575.492s] GC(1195) Pause Full (G1 Compaction Pause) 12276M->12268M(12288M) 3635.541ms
[1575.495s] GC(1196) To-space exhausted
[1575.495s] GC(1196) Pause Young (Concurrent Start) (G1 Evacuation Pause) 12276M->12276M(12288M) 2.108ms
[1575.495s] GC(1198) Concurrent Mark Cycle
[1579.087s] GC(1197) Pause Full (G1 Compaction Pause) 12276M->12268M(12288M) 3591.572ms
[1579.087s] GC(1198) Concurrent Mark Cycle 3591.905ms
[1579.089s] GC(1199) To-space exhausted
[1579.089s] GC(1199) Pause Young (Normal) (G1 Evacuation Pause) 12276M->12276M(12288M) 1.839ms
[1582.744s] GC(1200) Pause Full (G1 Compaction Pause) 12276M->12268M(12288M) 3654.813ms
[1582.746s] GC(1201) To-space exhausted
[1582.746s] GC(1201) Pause Young (Concurrent Start) (G1 Evacuation Pause) 12276M->12276M(12288M) 1.755ms
[1582.746s] GC(1203) Concurrent Mark Cycle
[1586.693s] GC(1202) Pause Full (G1 Compaction Pause) 12276M->12268M(12288M) 3947.619ms
[1586.694s] GC(1203) Concurrent Mark Cycle 3948.051ms
[1586.696s] GC(1204) To-space exhausted
[1586.696s] GC(1204) Pause Young (Normal) (G1 Evacuation Pause) 12276M->12276M(12288M) 1.845ms
[1590.519s] GC(1205) Pause Full (G1 Compaction Pause) 12276M->12268M(12288M) 3823.078ms
[1590.521s] GC(1206) To-space exhausted
[1590.521s] GC(1206) Pause Young (Concurrent Start) (G1 Evacuation Pause) 12276M->12276M(12288M) 1.596ms
[1590.521s] GC(1208) Concurrent Mark Cycle
[1594.961s] GC(1207) Pause Full (G1 Compaction Pause) 12276M->12268M(12288M) 4440.590ms
[1594.962s] GC(1208) Concurrent Mark Cycle 4440.765ms
[1594.963s] GC(1209) To-space exhausted
[1594.963s] GC(1209) Pause Young (Normal) (G1 Evacuation Pause) 12276M->12276M(12288M) 1.317ms
[1598.811s] GC(1210) Pause Full (G1 Compaction Pause) 12276M->12268M(12288M) 3847.814ms
[1598.813s] GC(1211) To-space exhausted
[1598.813s] GC(1211) Pause Young (Concurrent Start) (G1 Evacuation Pause) 12276M->12276M(12288M) 2.364ms
[1598.814s] GC(1213) Concurrent Mark Cycle
[1602.523s] GC(1212) Pause Full (G1 Compaction Pause) 12276M->12268M(12288M) 3709.082ms
[1602.523s] GC(1213) Concurrent Mark Cycle 3709.300ms
[1602.524s] GC(1214) To-space exhausted
[1602.525s] GC(1214) Pause Young (Normal) (G1 Evacuation Pause) 12276M->12276M(12288M) 1.636ms
[1606.329s] GC(1215) Pause Full (G1 Compaction Pause) 12276M->12268M(12288M) 3804.452ms
[1606.332s] GC(1216) To-space exhausted
[1606.332s] GC(1216) Pause Young (Concurrent Start) (G1 Evacuation Pause) 12276M->12276M(12288M) 2.309ms
[1606.332s] GC(1218) Concurrent Mark Cycle
[1610.060s] GC(1217) Pause Full (G1 Compaction Pause) 12276M->12268M(12288M) 3728.291ms
[1610.060s] GC(1218) Concurrent Mark Cycle 3728.483ms
[1610.062s] GC(1219) To-space exhausted
[1610.062s] GC(1219) Pause Young (Normal) (G1 Evacuation Pause) 12276M->12276M(12288M) 1.878ms
[1613.660s] GC(1220) Pause Full (G1 Compaction Pause) 12276M->12268M(12288M) 3597.963ms
[1613.664s] GC(1221) To-space exhausted
[1613.664s] GC(1221) Pause Young (Concurrent Start) (G1 Evacuation Pause) 12276M->12276M(12288M) 1.627ms
[1613.664s] GC(1223) Concurrent Mark Cycle
[1617.753s] GC(1222) Pause Full (G1 Compaction Pause) 12276M->12268M(12288M) 4088.828ms
[1617.753s] GC(1223) Concurrent Mark Cycle 4089.008ms
[1617.755s] GC(1224) To-space exhausted
[1617.755s] GC(1224) Pause Young (Normal) (G1 Evacuation Pause) 12276M->12276M(12288M) 1.753ms
[1621.510s] GC(1225) Pause Full (G1 Compaction Pause) 12276M->12268M(12288M) 3754.714ms
[1621.512s] GC(1226) To-space exhausted
[1621.512s] GC(1226) Pause Young (Concurrent Start) (G1 Evacuation Pause) 12276M->12276M(12288M) 2.043ms
[1621.512s] GC(1228) Concurrent Mark Cycle
[1625.126s] GC(1227) Pause Full (G1 Compaction Pause) 12276M->12268M(12288M) 3614.157ms
[1625.127s] GC(1228) Concurrent Mark Cycle 3614.319ms
[1625.129s] GC(1229) To-space exhausted
[1625.129s] GC(1229) Pause Young (Normal) (G1 Evacuation Pause) 12276M->12276M(12288M) 2.199ms
[1628.799s] GC(1230) Pause Full (G1 Compaction Pause) 12276M->12268M(12288M) 3670.375ms
[1628.801s] GC(1231) To-space exhausted
[1628.801s] GC(1231) Pause Young (Concurrent Start) (G1 Evacuation Pause) 12276M->12276M(12288M) 1.525ms
[1628.801s] GC(1233) Concurrent Mark Cycle
[1632.841s] GC(1232) Pause Full (G1 Compaction Pause) 12276M->12268M(12288M) 4039.281ms
[1632.841s] GC(1233) Concurrent Mark Cycle 4039.498ms
[1632.843s] GC(1234) To-space exhausted
[1632.843s] GC(1234) Pause Young (Normal) (G1 Evacuation Pause) 12276M->12276M(12288M) 1.806ms
[1636.504s] GC(1235) Pause Full (G1 Compaction Pause) 12276M->12268M(12288M) 3661.473ms
[1636.507s] GC(1236) To-space exhausted
[1636.507s] GC(1236) Pause Young (Concurrent Start) (G1 Evacuation Pause) 12276M->12276M(12288M) 2.185ms
[1636.507s] GC(1238) Concurrent Mark Cycle
[1640.270s] GC(1237) Pause Full (G1 Compaction Pause) 12276M->12268M(12288M) 3763.375ms
[1640.271s] GC(1238) Concurrent Mark Cycle 3763.582ms
[1640.272s] GC(1239) To-space exhausted
[1640.272s] GC(1239) Pause Young (Normal) (G1 Evacuation Pause) 12276M->12276M(12288M) 1.526ms
[1643.919s] GC(1240) Pause Full (G1 Compaction Pause) 12276M->12268M(12288M) 3646.626ms
[1643.921s] GC(1241) To-space exhausted
[1643.921s] GC(1241) Pause Young (Concurrent Start) (G1 Evacuation Pause) 12276M->12276M(12288M) 1.893ms
[1643.921s] GC(1243) Concurrent Mark Cycle
[1647.591s] GC(1242) Pause Full (G1 Compaction Pause) 12276M->12268M(12288M) 3669.966ms
[1647.591s] GC(1243) Concurrent Mark Cycle 3670.148ms
[1647.593s] GC(1244) To-space exhausted
[1647.594s] GC(1244) Pause Young (Normal) (G1 Evacuation Pause) 12276M->12276M(12288M) 2.126ms
[1651.195s] GC(1245) Pause Full (G1 Compaction Pause) 12276M->12268M(12288M) 3601.577ms
[1651.197s] GC(1246) To-space exhausted
[1651.197s] GC(1246) Pause Young (Concurrent Start) (G1 Evacuation Pause) 12276M->12276M(12288M) 1.766ms
[1651.197s] GC(1248) Concurrent Mark Cycle
[1654.914s] GC(1247) Pause Full (G1 Compaction Pause) 12276M->12268M(12288M) 3716.868ms
[1654.914s] GC(1248) Concurrent Mark Cycle 3717.038ms
[1654.916s] GC(1249) To-space exhausted
[1654.916s] GC(1249) Pause Young (Normal) (G1 Evacuation Pause) 12276M->12276M(12288M) 1.287ms
[1658.851s] GC(1250) Pause Full (G1 Compaction Pause) 12276M->12268M(12288M) 3935.516ms
[1658.854s] GC(1251) To-space exhausted
[1658.854s] GC(1251) Pause Young (Concurrent Start) (G1 Evacuation Pause) 12276M->12276M(12288M) 2.255ms
[1658.854s] GC(1253) Concurrent Mark Cycle
[1662.928s] GC(1252) Pause Full (G1 Compaction Pause) 12276M->12268M(12288M) 4073.625ms
[1662.928s] GC(1253) Concurrent Mark Cycle 4073.812ms
[1662.930s] GC(1254) To-space exhausted
[1662.930s] GC(1254) Pause Young (Normal) (G1 Evacuation Pause) 12276M->12276M(12288M) 1.878ms
[1666.477s] GC(1255) Pause Full (G1 Compaction Pause) 12276M->12268M(12288M) 3546.854ms
[1666.480s] GC(1256) To-space exhausted
[1666.480s] GC(1256) Pause Young (Concurrent Start) (G1 Evacuation Pause) 12276M->12276M(12288M) 2.438ms
[1666.480s] GC(1258) Concurrent Mark Cycle
[1670.414s] GC(1257) Pause Full (G1 Compaction Pause) 12276M->12268M(12288M) 3933.855ms
[1670.414s] GC(1258) Concurrent Mark Cycle 3934.011ms
[1670.415s] GC(1259) To-space exhausted
[1670.415s] GC(1259) Pause Young (Normal) (G1 Evacuation Pause) 12276M->12276M(12288M) 1.149ms
[1674.287s] GC(1260) Pause Full (G1 Compaction Pause) 12276M->12268M(12288M) 3871.263ms
[1674.289s] GC(1261) To-space exhausted
[1674.289s] GC(1261) Pause Young (Concurrent Start) (G1 Evacuation Pause) 12276M->12276M(12288M) 2.031ms
[1674.289s] GC(1263) Concurrent Mark Cycle
[1677.987s] GC(1262) Pause Full (G1 Compaction Pause) 12276M->12268M(12288M) 3697.480ms
[1677.989s] GC(1264) To-space exhausted
[1677.989s] GC(1264) Pause Young (Normal) (G1 Evacuation Pause) 12276M->12276M(12288M) 1.694ms
[1681.771s] GC(1265) Pause Full (G1 Compaction Pause) 12276M->12268M(12288M) 3782.341ms
[1681.771s] GC(1263) Concurrent Mark Cycle 7482.310ms
[1681.773s] GC(1266) To-space exhausted
[1681.773s] GC(1266) Pause Young (Normal) (G1 Evacuation Pause) 12276M->12276M(12288M) 1.627ms
[1685.595s] GC(1267) Pause Full (G1 Compaction Pause) 12276M->12268M(12288M) 3822.046ms
[1685.598s] GC(1268) To-space exhausted
[1685.598s] GC(1268) Pause Young (Concurrent Start) (G1 Evacuation Pause) 12276M->12276M(12288M) 2.009ms
[1685.598s] GC(1270) Concurrent Mark Cycle
[1689.284s] GC(1269) Pause Full (G1 Compaction Pause) 12276M->12268M(12288M) 3685.670ms
[1689.284s] GC(1270) Concurrent Mark Cycle 3685.989ms
[1689.286s] GC(1271) To-space exhausted
[1689.286s] GC(1271) Pause Young (Normal) (G1 Evacuation Pause) 12276M->12276M(12288M) 1.966ms
[1693.002s] GC(1272) Pause Full (G1 Compaction Pause) 12276M->12268M(12288M) 3716.035ms
[1693.004s] GC(1273) To-space exhausted
[1693.004s] GC(1273) Pause Young (Concurrent Start) (G1 Evacuation Pause) 12276M->12276M(12288M) 1.851ms
[1693.004s] GC(1275) Concurrent Mark Cycle
[1696.880s] GC(1274) Pause Full (G1 Compaction Pause) 12276M->12268M(12288M) 3875.206ms
[1696.880s] GC(1275) Concurrent Mark Cycle 3875.470ms
[1696.882s] GC(1276) To-space exhausted
[1696.882s] GC(1276) Pause Young (Normal) (G1 Evacuation Pause) 12276M->12276M(12288M) 2.237ms
[1700.777s] GC(1277) Pause Full (G1 Compaction Pause) 12276M->12268M(12288M) 3894.435ms
[1700.779s] GC(1278) To-space exhausted
[1700.779s] GC(1278) Pause Young (Concurrent Start) (G1 Evacuation Pause) 12276M->12276M(12288M) 1.758ms
[1700.779s] GC(1280) Concurrent Mark Cycle
[1704.451s] GC(1279) Pause Full (G1 Compaction Pause) 12276M->12268M(12288M) 3671.972ms
[1704.453s] GC(1281) To-space exhausted
[1704.453s] GC(1281) Pause Young (Normal) (G1 Evacuation Pause) 12276M->12276M(12288M) 2.033ms
[1708.521s] GC(1282) Pause Full (G1 Compaction Pause) 12276M->12268M(12288M) 4068.219ms
[1708.522s] GC(1280) Concurrent Mark Cycle 7742.713ms
[1708.524s] GC(1283) To-space exhausted
[1708.524s] GC(1283) Pause Young (Normal) (G1 Evacuation Pause) 12276M->12276M(12288M) 1.860ms
[1712.119s] GC(1284) Pause Full (G1 Compaction Pause) 12276M->12268M(12288M) 3595.773ms
[1712.122s] GC(1285) To-space exhausted
[1712.122s] GC(1285) Pause Young (Concurrent Start) (G1 Evacuation Pause) 12276M->12276M(12288M) 2.206ms
[1712.122s] GC(1287) Concurrent Mark Cycle
[1716.122s] GC(1286) Pause Full (G1 Compaction Pause) 12276M->12268M(12288M) 3999.878ms
[1716.122s] GC(1287) Concurrent Mark Cycle 4000.098ms
[1716.124s] GC(1288) To-space exhausted
[1716.124s] GC(1288) Pause Young (Normal) (G1 Evacuation Pause) 12276M->12276M(12288M) 1.531ms
[1720.213s] GC(1289) Pause Full (G1 Compaction Pause) 12276M->12268M(12288M) 4089.646ms
[1720.216s] GC(1290) To-space exhausted
[1720.216s] GC(1290) Pause Young (Concurrent Start) (G1 Evacuation Pause) 12276M->12276M(12288M) 1.875ms
[1720.216s] GC(1292) Concurrent Mark Cycle
[1723.917s] GC(1291) Pause Full (G1 Compaction Pause) 12276M->12268M(12288M) 3701.153ms
[1723.917s] GC(1292) Concurrent Mark Cycle 3701.438ms
[1723.920s] GC(1293) To-space exhausted
[1723.920s] GC(1293) Pause Young (Normal) (G1 Evacuation Pause) 12276M->12276M(12288M) 2.389ms
[1727.686s] GC(1294) Pause Full (G1 Compaction Pause) 12276M->12268M(12288M) 3765.757ms
[1727.688s] GC(1295) To-space exhausted
[1727.688s] GC(1295) Pause Young (Concurrent Start) (G1 Evacuation Pause) 12276M->12276M(12288M) 1.599ms
[1727.688s] GC(1297) Concurrent Mark Cycle
[1731.341s] GC(1296) Pause Full (G1 Compaction Pause) 12276M->12268M(12288M) 3653.239ms
[1731.341s] GC(1297) Concurrent Mark Cycle 3653.450ms
[1731.343s] GC(1298) To-space exhausted
[1731.343s] GC(1298) Pause Young (Normal) (G1 Evacuation Pause) 12276M->12276M(12288M) 1.687ms
[1735.380s] GC(1299) Pause Full (G1 Compaction Pause) 12276M->12268M(12288M) 4037.355ms
[1735.382s] GC(1300) To-space exhausted
[1735.382s] GC(1300) Pause Young (Concurrent Start) (G1 Evacuation Pause) 12276M->12276M(12288M) 1.496ms
[1735.382s] GC(1302) Concurrent Mark Cycle
[1739.091s] GC(1301) Pause Full (G1 Compaction Pause) 12276M->12268M(12288M) 3708.584ms
[1739.091s] GC(1302) Concurrent Mark Cycle 3708.817ms
[1739.093s] GC(1303) To-space exhausted
[1739.093s] GC(1303) Pause Young (Normal) (G1 Evacuation Pause) 12276M->12276M(12288M) 1.616ms
[1743.061s] GC(1304) Pause Full (G1 Compaction Pause) 12276M->12268M(12288M) 3967.933ms
[1743.062s] GC(1305) To-space exhausted
[1743.062s] GC(1305) Pause Young (Concurrent Start) (G1 Evacuation Pause) 12276M->12276M(12288M) 1.435ms
[1743.062s] GC(1307) Concurrent Mark Cycle
[1746.722s] GC(1306) Pause Full (G1 Compaction Pause) 12276M->12268M(12288M) 3659.558ms
[1746.722s] GC(1307) Concurrent Mark Cycle 3659.762ms
[1746.724s] GC(1308) To-space exhausted
[1746.724s] GC(1308) Pause Young (Normal) (G1 Evacuation Pause) 12276M->12276M(12288M) 2.142ms
[1750.402s] GC(1309) Pause Full (G1 Compaction Pause) 12276M->12268M(12288M) 3677.838ms
[1750.405s] GC(1310) To-space exhausted
[1750.405s] GC(1310) Pause Young (Concurrent Start) (G1 Evacuation Pause) 12276M->12276M(12288M) 2.130ms
[1750.405s] GC(1312) Concurrent Mark Cycle
[1754.380s] GC(1311) Pause Full (G1 Compaction Pause) 12276M->12268M(12288M) 3974.754ms
[1754.380s] GC(1312) Concurrent Mark Cycle 3975.005ms
[1754.382s] GC(1313) To-space exhausted
[1754.382s] GC(1313) Pause Young (Normal) (G1 Evacuation Pause) 12276M->12276M(12288M) 2.352ms
[1758.057s] GC(1314) Pause Full (G1 Compaction Pause) 12276M->12268M(12288M) 3674.201ms
[1758.059s] GC(1315) To-space exhausted
[1758.059s] GC(1315) Pause Young (Concurrent Start) (G1 Evacuation Pause) 12276M->12276M(12288M) 2.054ms
[1758.059s] GC(1317) Concurrent Mark Cycle
[1761.681s] GC(1316) Pause Full (G1 Compaction Pause) 12276M->12268M(12288M) 3621.888ms
[1761.681s] GC(1317) Concurrent Mark Cycle 3622.176ms
[1761.683s] GC(1318) To-space exhausted
[1761.684s] GC(1318) Pause Young (Normal) (G1 Evacuation Pause) 12276M->12276M(12288M) 2.235ms
[1765.357s] GC(1319) Pause Full (G1 Compaction Pause) 12276M->12268M(12288M) 3673.365ms
[1765.359s] GC(1320) To-space exhausted
[1765.359s] GC(1320) Pause Young (Concurrent Start) (G1 Evacuation Pause) 12276M->12276M(12288M) 1.975ms
[1765.359s] GC(1322) Concurrent Mark Cycle
[1769.002s] GC(1321) Pause Full (G1 Compaction Pause) 12276M->12268M(12288M) 3642.418ms
[1769.002s] GC(1322) Concurrent Mark Cycle 3642.705ms
[1769.005s] GC(1323) To-space exhausted
[1769.005s] GC(1323) Pause Young (Normal) (G1 Evacuation Pause) 12276M->12276M(12288M) 2.199ms
[1772.598s] GC(1324) Pause Full (G1 Compaction Pause) 12276M->12268M(12288M) 3593.234ms
[1772.599s] GC(1325) To-space exhausted
[1772.599s] GC(1325) Pause Young (Concurrent Start) (G1 Evacuation Pause) 12276M->12276M(12288M) 1.301ms
[1772.600s] GC(1327) Concurrent Mark Cycle
[1776.333s] GC(1326) Pause Full (G1 Compaction Pause) 12276M->12268M(12288M) 3733.943ms
[1776.334s] GC(1327) Concurrent Mark Cycle 3734.266ms
[1776.336s] GC(1328) To-space exhausted
[1776.336s] GC(1328) Pause Young (Normal) (G1 Evacuation Pause) 12276M->12276M(12288M) 2.253ms
[1780.204s] GC(1329) Pause Full (G1 Compaction Pause) 12276M->12268M(12288M) 3867.979ms
[1780.206s] GC(1330) To-space exhausted
[1780.206s] GC(1330) Pause Young (Concurrent Start) (G1 Evacuation Pause) 12276M->12276M(12288M) 1.754ms
[1780.206s] GC(1332) Concurrent Mark Cycle
[1783.865s] GC(1331) Pause Full (G1 Compaction Pause) 12276M->12268M(12288M) 3658.402ms
[1783.865s] GC(1332) Concurrent Mark Cycle 3658.733ms
[1783.868s] GC(1333) To-space exhausted
[1783.868s] GC(1333) Pause Young (Normal) (G1 Evacuation Pause) 12276M->12276M(12288M) 2.256ms
[1787.569s] GC(1334) Pause Full (G1 Compaction Pause) 12276M->12268M(12288M) 3701.251ms
[1787.573s] GC(1335) To-space exhausted
[1787.573s] GC(1335) Pause Young (Concurrent Start) (G1 Evacuation Pause) 12276M->12276M(12288M) 3.103ms
[1787.573s] GC(1337) Concurrent Mark Cycle
[1791.185s] GC(1336) Pause Full (G1 Compaction Pause) 12276M->12268M(12288M) 3611.854ms
[1791.185s] GC(1337) Concurrent Mark Cycle 3612.007ms
[1791.187s] GC(1338) To-space exhausted
[1791.187s] GC(1338) Pause Young (Normal) (G1 Evacuation Pause) 12276M->12276M(12288M) 2.128ms
[1794.876s] GC(1339) Pause Full (G1 Compaction Pause) 12276M->12268M(12288M) 3688.571ms
[1794.878s] GC(1340) To-space exhausted
[1794.878s] GC(1340) Pause Young (Concurrent Start) (G1 Evacuation Pause) 12276M->12276M(12288M) 2.012ms
[1794.878s] GC(1342) Concurrent Mark Cycle
[1798.749s] GC(1341) Pause Full (G1 Compaction Pause) 12276M->12268M(12288M) 3871.027ms
[1798.749s] GC(1342) Concurrent Mark Cycle 3871.129ms
[1798.751s] GC(1343) To-space exhausted
[1798.752s] GC(1343) Pause Young (Normal) (G1 Evacuation Pause) 12276M->12276M(12288M) 2.110ms
[1802.530s] GC(1344) Pause Full (G1 Compaction Pause) 12276M->12268M(12288M) 3778.401ms
[1802.532s] GC(1345) To-space exhausted
[1802.532s] GC(1345) Pause Young (Concurrent Start) (G1 Evacuation Pause) 12276M->12276M(12288M) 1.504ms
[1802.532s] GC(1347) Concurrent Mark Cycle
[1806.506s] GC(1346) Pause Full (G1 Compaction Pause) 12276M->12268M(12288M) 3974.450ms
[1806.506s] GC(1347) Concurrent Mark Cycle 3974.636ms
[1806.508s] GC(1348) To-space exhausted
[1806.508s] GC(1348) Pause Young (Normal) (G1 Evacuation Pause) 12276M->12276M(12288M) 1.762ms
[1810.427s] GC(1349) Pause Full (G1 Compaction Pause) 12276M->12268M(12288M) 3918.996ms
[1810.430s] GC(1350) To-space exhausted
[1810.430s] GC(1350) Pause Young (Concurrent Start) (G1 Evacuation Pause) 12276M->12276M(12288M) 2.189ms
[1810.430s] GC(1352) Concurrent Mark Cycle
[1814.066s] GC(1351) Pause Full (G1 Compaction Pause) 12276M->12268M(12288M) 3635.695ms
[1814.066s] GC(1352) Concurrent Mark Cycle 3635.886ms
[1814.068s] GC(1353) To-space exhausted
[1814.068s] GC(1353) Pause Young (Normal) (G1 Evacuation Pause) 12276M->12276M(12288M) 2.167ms
[1817.701s] GC(1354) Pause Full (G1 Compaction Pause) 12276M->12268M(12288M) 3632.601ms
[1817.703s] GC(1355) To-space exhausted
[1817.703s] GC(1355) Pause Young (Concurrent Start) (G1 Evacuation Pause) 12276M->12276M(12288M) 1.522ms
[1817.703s] GC(1357) Concurrent Mark Cycle
[1821.519s] GC(1356) Pause Full (G1 Compaction Pause) 12276M->12268M(12288M) 3816.379ms
[1821.521s] GC(1358) To-space exhausted
[1821.521s] GC(1358) Pause Young (Normal) (G1 Evacuation Pause) 12276M->12276M(12288M) 1.710ms
[1825.323s] GC(1359) Pause Full (G1 Compaction Pause) 12276M->12268M(12288M) 3801.506ms
[1825.323s] GC(1357) Concurrent Mark Cycle 7620.035ms
[1825.325s] GC(1360) To-space exhausted
[1825.325s] GC(1360) Pause Young (Normal) (G1 Evacuation Pause) 12276M->12276M(12288M) 1.845ms
[1828.745s] GC(1361) Pause Full (G1 Compaction Pause) 12276M->12268M(12288M) 3420.355ms
[1828.748s] GC(1362) To-space exhausted
[1828.748s] GC(1362) Pause Young (Concurrent Start) (G1 Evacuation Pause) 12276M->12276M(12288M) 2.314ms
[1828.748s] GC(1364) Concurrent Mark Cycle
[1832.695s] GC(1363) Pause Full (G1 Compaction Pause) 12276M->12268M(12288M) 3947.570ms
[1832.696s] GC(1364) Concurrent Mark Cycle 3947.738ms
[1832.698s] GC(1365) To-space exhausted
[1832.698s] GC(1365) Pause Young (Normal) (G1 Evacuation Pause) 12276M->12276M(12288M) 2.007ms
[1836.438s] GC(1366) Pause Full (G1 Compaction Pause) 12276M->12268M(12288M) 3739.956ms
[1836.439s] GC(1367) To-space exhausted
[1836.439s] GC(1367) Pause Young (Concurrent Start) (G1 Evacuation Pause) 12276M->12276M(12288M) 1.236ms
[1836.439s] GC(1369) Concurrent Mark Cycle
[1840.247s] GC(1368) Pause Full (G1 Compaction Pause) 12276M->12268M(12288M) 3807.770ms
[1840.249s] GC(1370) To-space exhausted
[1840.250s] GC(1370) Pause Young (Normal) (G1 Evacuation Pause) 12276M->12276M(12288M) 2.069ms
[1843.826s] GC(1371) Pause Full (G1 Compaction Pause) 12276M->12268M(12288M) 3576.763ms
[1843.827s] GC(1369) Concurrent Mark Cycle 7387.286ms
[1843.829s] GC(1372) To-space exhausted
[1843.829s] GC(1372) Pause Young (Normal) (G1 Evacuation Pause) 12276M->12276M(12288M) 2.386ms
[1847.831s] GC(1373) Pause Full (G1 Compaction Pause) 12276M->12268M(12288M) 4001.917ms
[1847.833s] GC(1374) To-space exhausted
[1847.833s] GC(1374) Pause Young (Concurrent Start) (G1 Evacuation Pause) 12276M->12276M(12288M) 1.327ms
[1847.833s] GC(1376) Concurrent Mark Cycle
[1851.596s] GC(1375) Pause Full (G1 Compaction Pause) 12276M->12268M(12288M) 3762.819ms
[1851.596s] GC(1376) Concurrent Mark Cycle 3763.025ms
[1851.598s] GC(1377) To-space exhausted
[1851.598s] GC(1377) Pause Young (Normal) (G1 Evacuation Pause) 12276M->12276M(12288M) 1.565ms
[1855.669s] GC(1378) Pause Full (G1 Compaction Pause) 12276M->12268M(12288M) 4071.621ms
[1855.672s] GC(1379) To-space exhausted
[1855.672s] GC(1379) Pause Young (Concurrent Start) (G1 Evacuation Pause) 12276M->12276M(12288M) 2.309ms
[1855.672s] GC(1381) Concurrent Mark Cycle
[1859.363s] GC(1380) Pause Full (G1 Compaction Pause) 12276M->12268M(12288M) 3690.940ms
[1859.363s] GC(1381) Concurrent Mark Cycle 3691.122ms
[1859.366s] GC(1382) To-space exhausted
[1859.366s] GC(1382) Pause Young (Normal) (G1 Evacuation Pause) 12276M->12276M(12288M) 2.106ms
[1862.829s] GC(1383) Pause Full (G1 Compaction Pause) 12276M->12268M(12288M) 3463.649ms
[1862.832s] GC(1384) To-space exhausted
[1862.832s] GC(1384) Pause Young (Concurrent Start) (G1 Evacuation Pause) 12276M->12276M(12288M) 1.868ms
[1862.832s] GC(1386) Concurrent Mark Cycle
[1866.844s] GC(1385) Pause Full (G1 Compaction Pause) 12276M->12268M(12288M) 4012.196ms
[1866.844s] GC(1386) Concurrent Mark Cycle 4012.356ms
[1866.846s] GC(1387) To-space exhausted
[1866.846s] GC(1387) Pause Young (Normal) (G1 Evacuation Pause) 12276M->12276M(12288M) 1.778ms
[1870.742s] GC(1388) Pause Full (G1 Compaction Pause) 12276M->12268M(12288M) 3896.136ms
[1870.744s] GC(1389) To-space exhausted
[1870.744s] GC(1389) Pause Young (Concurrent Start) (G1 Evacuation Pause) 12276M->12276M(12288M) 1.610ms
[1870.744s] GC(1391) Concurrent Mark Cycle
[1874.436s] GC(1390) Pause Full (G1 Compaction Pause) 12276M->12268M(12288M) 3691.840ms
[1874.436s] GC(1391) Concurrent Mark Cycle 3692.028ms
[1874.438s] GC(1392) To-space exhausted
[1874.438s] GC(1392) Pause Young (Normal) (G1 Evacuation Pause) 12276M->12276M(12288M) 1.772ms
[1877.929s] GC(1393) Pause Full (G1 Compaction Pause) 12276M->12268M(12288M) 3490.455ms
[1877.931s] GC(1394) To-space exhausted
[1877.931s] GC(1394) Pause Young (Concurrent Start) (G1 Evacuation Pause) 12276M->12276M(12288M) 2.241ms
[1877.932s] GC(1396) Concurrent Mark Cycle
[1881.872s] GC(1395) Pause Full (G1 Compaction Pause) 12276M->12268M(12288M) 3940.711ms
[1881.874s] GC(1397) To-space exhausted
[1881.874s] GC(1397) Pause Young (Normal) (G1 Evacuation Pause) 12276M->12276M(12288M) 1.988ms
[1885.632s] GC(1398) Pause Full (G1 Compaction Pause) 12276M->12268M(12288M) 3757.894ms
[1885.633s] GC(1396) Concurrent Mark Cycle 7701.010ms
[1885.634s] GC(1399) To-space exhausted
[1885.635s] GC(1399) Pause Young (Normal) (G1 Evacuation Pause) 12276M->12276M(12288M) 1.795ms
[1889.404s] GC(1400) Pause Full (G1 Compaction Pause) 12276M->12268M(12288M) 3769.691ms
[1889.406s] GC(1401) To-space exhausted
[1889.406s] GC(1401) Pause Young (Concurrent Start) (G1 Evacuation Pause) 12276M->12276M(12288M) 1.606ms
[1889.406s] GC(1403) Concurrent Mark Cycle
[1892.945s] GC(1402) Pause Full (G1 Compaction Pause) 12276M->12268M(12288M) 3539.135ms
[1892.946s] GC(1403) Concurrent Mark Cycle 3539.429ms
[1892.948s] GC(1404) To-space exhausted
[1892.948s] GC(1404) Pause Young (Normal) (G1 Evacuation Pause) 12276M->12276M(12288M) 1.795ms
[1896.633s] GC(1405) Pause Full (G1 Compaction Pause) 12276M->12268M(12288M) 3685.476ms
[1896.635s] GC(1406) To-space exhausted
[1896.635s] GC(1406) Pause Young (Concurrent Start) (G1 Evacuation Pause) 12276M->12276M(12288M) 1.735ms
[1896.635s] GC(1408) Concurrent Mark Cycle
[1900.237s] GC(1407) Pause Full (G1 Compaction Pause) 12276M->12268M(12288M) 3601.605ms
[1900.237s] GC(1408) Concurrent Mark Cycle 3601.664ms
[1900.239s] GC(1409) To-space exhausted
[1900.239s] GC(1409) Pause Young (Normal) (G1 Evacuation Pause) 12276M->12276M(12288M) 1.636ms
[1904.251s] GC(1410) Pause Full (G1 Compaction Pause) 12276M->12268M(12288M) 4011.839ms
[1904.253s] GC(1411) To-space exhausted
[1904.253s] GC(1411) Pause Young (Concurrent Start) (G1 Evacuation Pause) 12276M->12276M(12288M) 1.974ms
[1904.253s] GC(1413) Concurrent Mark Cycle
[1908.103s] GC(1412) Pause Full (G1 Compaction Pause) 12276M->12268M(12288M) 3849.865ms
[1908.103s] GC(1413) Concurrent Mark Cycle 3850.131ms
[1908.106s] GC(1414) To-space exhausted
[1908.106s] GC(1414) Pause Young (Normal) (G1 Evacuation Pause) 12276M->12276M(12288M) 2.777ms
[1911.795s] GC(1415) Pause Full (G1 Compaction Pause) 12276M->12268M(12288M) 3688.887ms
[1911.797s] GC(1416) To-space exhausted
[1911.797s] GC(1416) Pause Young (Concurrent Start) (G1 Evacuation Pause) 12276M->12276M(12288M) 1.735ms
[1911.797s] GC(1418) Concurrent Mark Cycle
[1915.631s] GC(1417) Pause Full (G1 Compaction Pause) 12276M->12268M(12288M) 3833.457ms
[1915.631s] GC(1418) Concurrent Mark Cycle 3833.664ms
[1915.633s] GC(1419) To-space exhausted
[1915.633s] GC(1419) Pause Young (Normal) (G1 Evacuation Pause) 12276M->12276M(12288M) 2.014ms
[1919.289s] GC(1420) Pause Full (G1 Compaction Pause) 12276M->12268M(12288M) 3655.706ms
[1919.291s] GC(1421) To-space exhausted
[1919.291s] GC(1421) Pause Young (Concurrent Start) (G1 Evacuation Pause) 12276M->12276M(12288M) 1.858ms
[1919.291s] GC(1423) Concurrent Mark Cycle
[1923.276s] GC(1422) Pause Full (G1 Compaction Pause) 12276M->12268M(12288M) 3984.997ms
[1923.277s] GC(1423) Concurrent Mark Cycle 3985.376ms
[1923.279s] GC(1424) To-space exhausted
[1923.279s] GC(1424) Pause Young (Normal) (G1 Evacuation Pause) 12276M->12276M(12288M) 2.230ms
[1926.656s] GC(1425) Pause Full (G1 Compaction Pause) 12276M->12268M(12288M) 3377.398ms
[1926.659s] GC(1426) To-space exhausted
[1926.659s] GC(1426) Pause Young (Concurrent Start) (G1 Evacuation Pause) 12276M->12276M(12288M) 2.224ms
[1926.659s] GC(1428) Concurrent Mark Cycle
[1930.224s] GC(1427) Pause Full (G1 Compaction Pause) 12276M->12268M(12288M) 3565.252ms
[1930.224s] GC(1428) Concurrent Mark Cycle 3565.417ms
[1930.227s] GC(1429) To-space exhausted
[1930.227s] GC(1429) Pause Young (Normal) (G1 Evacuation Pause) 12276M->12276M(12288M) 1.899ms
[1933.941s] GC(1430) Pause Full (G1 Compaction Pause) 12276M->12268M(12288M) 3714.266ms
[1933.943s] GC(1431) To-space exhausted
[1933.944s] GC(1431) Pause Young (Concurrent Start) (G1 Evacuation Pause) 12276M->12276M(12288M) 2.262ms
[1933.944s] GC(1433) Concurrent Mark Cycle
[1937.597s] GC(1432) Pause Full (G1 Compaction Pause) 12276M->12268M(12288M) 3652.929ms
[1937.597s] GC(1433) Concurrent Mark Cycle 3653.132ms
[1937.598s] GC(1434) To-space exhausted
[1937.598s] GC(1434) Pause Young (Normal) (G1 Evacuation Pause) 12276M->12276M(12288M) 1.498ms
[1941.305s] GC(1435) Pause Full (G1 Compaction Pause) 12276M->12268M(12288M) 3706.563ms
[1941.307s] GC(1436) To-space exhausted
[1941.307s] GC(1436) Pause Young (Concurrent Start) (G1 Evacuation Pause) 12276M->12276M(12288M) 1.799ms
[1941.307s] GC(1438) Concurrent Mark Cycle
[1944.788s] GC(1437) Pause Full (G1 Compaction Pause) 12276M->12268M(12288M) 3480.663ms
[1944.788s] GC(1438) Concurrent Mark Cycle 3480.834ms
[1944.790s] GC(1439) To-space exhausted
[1944.790s] GC(1439) Pause Young (Normal) (G1 Evacuation Pause) 12276M->12276M(12288M) 1.864ms
[1948.595s] GC(1440) Pause Full (G1 Compaction Pause) 12276M->12268M(12288M) 3805.064ms
[1948.598s] GC(1441) To-space exhausted
[1948.598s] GC(1441) Pause Young (Concurrent Start) (G1 Evacuation Pause) 12276M->12276M(12288M) 2.186ms
[1948.598s] GC(1443) Concurrent Mark Cycle
[1952.202s] GC(1442) Pause Full (G1 Compaction Pause) 12276M->12268M(12288M) 3604.049ms
[1952.202s] GC(1443) Concurrent Mark Cycle 3604.287ms
[1952.204s] GC(1444) To-space exhausted
[1952.204s] GC(1444) Pause Young (Normal) (G1 Evacuation Pause) 12276M->12276M(12288M) 1.759ms
[1955.953s] GC(1445) Pause Full (G1 Compaction Pause) 12276M->12268M(12288M) 3748.998ms
[1955.954s] GC(1446) To-space exhausted
[1955.954s] GC(1446) Pause Young (Concurrent Start) (G1 Evacuation Pause) 12276M->12276M(12288M) 1.104ms
[1955.954s] GC(1448) Concurrent Mark Cycle
[1959.753s] GC(1447) Pause Full (G1 Compaction Pause) 12276M->12268M(12288M) 3798.949ms
[1959.754s] GC(1448) Concurrent Mark Cycle 3799.231ms
[1959.755s] GC(1449) To-space exhausted
[1959.755s] GC(1449) Pause Young (Normal) (G1 Evacuation Pause) 12276M->12276M(12288M) 1.815ms
[1963.349s] GC(1450) Pause Full (G1 Compaction Pause) 12276M->12268M(12288M) 3593.288ms
[1963.351s] GC(1451) To-space exhausted
[1963.351s] GC(1451) Pause Young (Concurrent Start) (G1 Evacuation Pause) 12276M->12276M(12288M) 1.735ms
[1963.351s] GC(1453) Concurrent Mark Cycle
[1967.284s] GC(1452) Pause Full (G1 Compaction Pause) 12276M->12268M(12288M) 3933.181ms
[1967.286s] GC(1454) To-space exhausted
[1967.286s] GC(1454) Pause Young (Normal) (G1 Evacuation Pause) 12276M->12276M(12288M) 1.794ms
[1970.946s] GC(1455) Pause Full (G1 Compaction Pause) 12276M->12268M(12288M) 3660.122ms
[1970.947s] GC(1453) Concurrent Mark Cycle 7595.676ms
[1970.948s] GC(1456) To-space exhausted
[1970.948s] GC(1456) Pause Young (Normal) (G1 Evacuation Pause) 12276M->12276M(12288M) 1.362ms
[1975.013s] GC(1457) Pause Full (G1 Compaction Pause) 12276M->12268M(12288M) 4064.531ms
[1975.015s] GC(1458) To-space exhausted
[1975.015s] GC(1458) Pause Young (Concurrent Start) (G1 Evacuation Pause) 12276M->12276M(12288M) 1.867ms
[1975.015s] GC(1460) Concurrent Mark Cycle
[1978.698s] GC(1459) Pause Full (G1 Compaction Pause) 12276M->12268M(12288M) 3683.428ms
[1978.699s] GC(1460) Concurrent Mark Cycle 3683.613ms
[1978.701s] GC(1461) To-space exhausted
[1978.701s] GC(1461) Pause Young (Normal) (G1 Evacuation Pause) 12276M->12276M(12288M) 1.841ms
[1982.317s] GC(1462) Pause Full (G1 Compaction Pause) 12276M->12268M(12288M) 3616.653ms
[1982.319s] GC(1463) To-space exhausted
[1982.319s] GC(1463) Pause Young (Concurrent Start) (G1 Evacuation Pause) 12276M->12276M(12288M) 1.733ms
[1982.319s] GC(1465) Concurrent Mark Cycle
[1986.201s] GC(1464) Pause Full (G1 Compaction Pause) 12276M->12268M(12288M) 3881.207ms
[1986.201s] GC(1465) Concurrent Mark Cycle 3881.416ms
[1986.203s] GC(1466) To-space exhausted
[1986.203s] GC(1466) Pause Young (Normal) (G1 Evacuation Pause) 12276M->12276M(12288M) 2.163ms
[1990.184s] GC(1467) Pause Full (G1 Compaction Pause) 12276M->12268M(12288M) 3980.918ms
[1990.187s] GC(1468) To-space exhausted
[1990.187s] GC(1468) Pause Young (Concurrent Start) (G1 Evacuation Pause) 12276M->12276M(12288M) 2.563ms
[1990.187s] GC(1470) Concurrent Mark Cycle
[1994.151s] GC(1469) Pause Full (G1 Compaction Pause) 12276M->12268M(12288M) 3964.311ms
[1994.152s] GC(1470) Concurrent Mark Cycle 3964.559ms
[1994.154s] GC(1471) To-space exhausted
[1994.154s] GC(1471) Pause Young (Normal) (G1 Evacuation Pause) 12276M->12276M(12288M) 1.836ms
[1997.878s] GC(1472) Pause Full (G1 Compaction Pause) 12276M->12268M(12288M) 3724.243ms
[1997.880s] GC(1473) To-space exhausted
[1997.880s] GC(1473) Pause Young (Concurrent Start) (G1 Evacuation Pause) 12276M->12276M(12288M) 2.139ms
[1997.881s] GC(1475) Concurrent Mark Cycle
[2001.722s] GC(1474) Pause Full (G1 Compaction Pause) 12276M->12268M(12288M) 3840.956ms
[2001.722s] GC(1475) Concurrent Mark Cycle 3841.216ms
[2001.724s] GC(1476) To-space exhausted
[2001.724s] GC(1476) Pause Young (Normal) (G1 Evacuation Pause) 12276M->12276M(12288M) 2.441ms
[2005.323s] GC(1477) Pause Full (G1 Compaction Pause) 12276M->12268M(12288M) 3598.802ms
[2005.325s] GC(1478) To-space exhausted
[2005.325s] GC(1478) Pause Young (Concurrent Start) (G1 Evacuation Pause) 12276M->12276M(12288M) 1.520ms
[2005.325s] GC(1480) Concurrent Mark Cycle
[2009.505s] GC(1479) Pause Full (G1 Compaction Pause) 12276M->12268M(12288M) 4179.706ms
[2009.505s] GC(1480) Concurrent Mark Cycle 4179.918ms
[2009.507s] GC(1481) To-space exhausted
[2009.507s] GC(1481) Pause Young (Normal) (G1 Evacuation Pause) 12276M->12276M(12288M) 1.801ms
[2013.112s] GC(1482) Pause Full (G1 Compaction Pause) 12276M->12268M(12288M) 3604.749ms
[2013.114s] GC(1483) To-space exhausted
[2013.114s] GC(1483) Pause Young (Concurrent Start) (G1 Evacuation Pause) 12276M->12276M(12288M) 1.992ms
[2013.114s] GC(1485) Concurrent Mark Cycle
[2016.936s] GC(1484) Pause Full (G1 Compaction Pause) 12276M->12268M(12288M) 3821.523ms
[2016.936s] GC(1485) Concurrent Mark Cycle 3821.670ms
[2016.938s] GC(1486) To-space exhausted
[2016.938s] GC(1486) Pause Young (Normal) (G1 Evacuation Pause) 12276M->12276M(12288M) 1.691ms
[2020.744s] GC(1487) Pause Full (G1 Compaction Pause) 12276M->12268M(12288M) 3806.406ms
[2020.746s] GC(1488) To-space exhausted
[2020.746s] GC(1488) Pause Young (Concurrent Start) (G1 Evacuation Pause) 12276M->12276M(12288M) 1.883ms
[2020.746s] GC(1490) Concurrent Mark Cycle
[2024.623s] GC(1489) Pause Full (G1 Compaction Pause) 12276M->12268M(12288M) 3876.433ms
[2024.623s] GC(1490) Concurrent Mark Cycle 3876.581ms
[2024.625s] GC(1491) To-space exhausted
[2024.625s] GC(1491) Pause Young (Normal) (G1 Evacuation Pause) 12276M->12276M(12288M) 1.751ms
[2028.247s] GC(1492) Pause Full (G1 Compaction Pause) 12276M->12268M(12288M) 3622.031ms
[2028.249s] GC(1493) To-space exhausted
[2028.249s] GC(1493) Pause Young (Concurrent Start) (G1 Evacuation Pause) 12276M->12276M(12288M) 1.952ms
[2028.249s] GC(1495) Concurrent Mark Cycle
[2032.142s] GC(1494) Pause Full (G1 Compaction Pause) 12276M->12268M(12288M) 3892.644ms
[2032.142s] GC(1495) Concurrent Mark Cycle 3892.847ms
[2032.144s] GC(1496) To-space exhausted
[2032.144s] GC(1496) Pause Young (Normal) (G1 Evacuation Pause) 12276M->12276M(12288M) 1.581ms
[2035.592s] GC(1497) Pause Full (G1 Compaction Pause) 12276M->12268M(12288M) 3447.653ms
[2035.594s] GC(1498) To-space exhausted
[2035.594s] GC(1498) Pause Young (Concurrent Start) (G1 Evacuation Pause) 12276M->12276M(12288M) 2.186ms
[2035.594s] GC(1500) Concurrent Mark Cycle
[2039.296s] GC(1499) Pause Full (G1 Compaction Pause) 12276M->12268M(12288M) 3701.667ms
[2039.296s] GC(1500) Concurrent Mark Cycle 3701.890ms
[2039.298s] GC(1501) To-space exhausted
[2039.298s] GC(1501) Pause Young (Normal) (G1 Evacuation Pause) 12276M->12276M(12288M) 1.406ms
[2043.175s] GC(1502) Pause Full (G1 Compaction Pause) 12276M->12268M(12288M) 3877.417ms
[2043.177s] GC(1503) To-space exhausted
[2043.178s] GC(1503) Pause Young (Concurrent Start) (G1 Evacuation Pause) 12276M->12276M(12288M) 2.147ms
[2043.178s] GC(1505) Concurrent Mark Cycle
[2046.713s] GC(1504) Pause Full (G1 Compaction Pause) 12276M->12268M(12288M) 3535.489ms
[2046.714s] GC(1505) Concurrent Mark Cycle 3535.803ms
[2046.716s] GC(1506) To-space exhausted
[2046.716s] GC(1506) Pause Young (Normal) (G1 Evacuation Pause) 12276M->12276M(12288M) 2.103ms
[2050.627s] GC(1507) Pause Full (G1 Compaction Pause) 12276M->12268M(12288M) 3911.400ms
[2050.630s] GC(1508) To-space exhausted
[2050.630s] GC(1508) Pause Young (Concurrent Start) (G1 Evacuation Pause) 12276M->12276M(12288M) 2.369ms
[2050.630s] GC(1510) Concurrent Mark Cycle
[2054.410s] GC(1509) Pause Full (G1 Compaction Pause) 12276M->12268M(12288M) 3779.678ms
[2054.410s] GC(1510) Concurrent Mark Cycle 3779.869ms
[2054.412s] GC(1511) To-space exhausted
[2054.412s] GC(1511) Pause Young (Normal) (G1 Evacuation Pause) 12276M->12276M(12288M) 1.959ms
[2058.270s] GC(1512) Pause Full (G1 Compaction Pause) 12276M->12268M(12288M) 3857.794ms
[2058.272s] GC(1513) To-space exhausted
[2058.272s] GC(1513) Pause Young (Concurrent Start) (G1 Evacuation Pause) 12276M->12276M(12288M) 1.878ms
[2058.272s] GC(1515) Concurrent Mark Cycle
[2061.791s] GC(1514) Pause Full (G1 Compaction Pause) 12276M->12268M(12288M) 3518.958ms
[2061.792s] GC(1515) Concurrent Mark Cycle 3519.134ms
[2061.793s] GC(1516) To-space exhausted
[2061.793s] GC(1516) Pause Young (Normal) (G1 Evacuation Pause) 12276M->12276M(12288M) 1.581ms
[2065.689s] GC(1517) Pause Full (G1 Compaction Pause) 12276M->12268M(12288M) 3895.980ms
[2065.691s] GC(1518) To-space exhausted
[2065.692s] GC(1518) Pause Young (Concurrent Start) (G1 Evacuation Pause) 12276M->12276M(12288M) 1.941ms
[2065.692s] GC(1520) Concurrent Mark Cycle
[2069.424s] GC(1519) Pause Full (G1 Compaction Pause) 12276M->12268M(12288M) 3732.677ms
[2069.425s] GC(1520) Concurrent Mark Cycle 3732.993ms
[2069.426s] GC(1521) To-space exhausted
[2069.426s] GC(1521) Pause Young (Normal) (G1 Evacuation Pause) 12276M->12276M(12288M) 1.219ms
[2073.120s] GC(1522) Pause Full (G1 Compaction Pause) 12276M->12268M(12288M) 3693.953ms
[2073.123s] GC(1523) To-space exhausted
[2073.123s] GC(1523) Pause Young (Concurrent Start) (G1 Evacuation Pause) 12276M->12276M(12288M) 2.442ms
[2073.123s] GC(1525) Concurrent Mark Cycle
[2076.760s] GC(1524) Pause Full (G1 Compaction Pause) 12276M->12268M(12288M) 3636.640ms
[2076.760s] GC(1525) Concurrent Mark Cycle 3636.897ms
[2076.761s] GC(1526) To-space exhausted
[2076.762s] GC(1526) Pause Young (Normal) (G1 Evacuation Pause) 12276M->12276M(12288M) 1.562ms
[2080.335s] GC(1527) Pause Full (G1 Compaction Pause) 12276M->12268M(12288M) 3573.837ms
[2080.337s] GC(1528) To-space exhausted
[2080.337s] GC(1528) Pause Young (Concurrent Start) (G1 Evacuation Pause) 12276M->12276M(12288M) 1.618ms
[2080.337s] GC(1530) Concurrent Mark Cycle
[2084.335s] GC(1529) Pause Full (G1 Compaction Pause) 12276M->12268M(12288M) 3997.458ms
[2084.335s] GC(1530) Concurrent Mark Cycle 3997.687ms
[2084.337s] GC(1531) To-space exhausted
[2084.338s] GC(1531) Pause Young (Normal) (G1 Evacuation Pause) 12276M->12276M(12288M) 2.105ms
[2088.084s] GC(1532) Pause Full (G1 Compaction Pause) 12276M->12268M(12288M) 3746.835ms
[2088.087s] GC(1533) To-space exhausted
[2088.087s] GC(1533) Pause Young (Concurrent Start) (G1 Evacuation Pause) 12276M->12276M(12288M) 1.915ms
[2088.087s] GC(1535) Concurrent Mark Cycle
[2091.576s] GC(1534) Pause Full (G1 Compaction Pause) 12276M->12268M(12288M) 3489.337ms
[2091.576s] GC(1535) Concurrent Mark Cycle 3489.537ms
[2091.579s] GC(1536) To-space exhausted
[2091.579s] GC(1536) Pause Young (Normal) (G1 Evacuation Pause) 12276M->12276M(12288M) 2.309ms
[2095.572s] GC(1537) Pause Full (G1 Compaction Pause) 12276M->12268M(12288M) 3992.966ms
[2095.574s] GC(1538) To-space exhausted
[2095.574s] GC(1538) Pause Young (Concurrent Start) (G1 Evacuation Pause) 12276M->12276M(12288M) 1.979ms
[2095.574s] GC(1540) Concurrent Mark Cycle
[2099.258s] GC(1539) Pause Full (G1 Compaction Pause) 12276M->12268M(12288M) 3683.938ms
[2099.258s] GC(1540) Concurrent Mark Cycle 3684.160ms
[2099.260s] GC(1541) To-space exhausted
[2099.261s] GC(1541) Pause Young (Normal) (G1 Evacuation Pause) 12276M->12276M(12288M) 2.069ms
[2102.977s] GC(1542) Pause Full (G1 Compaction Pause) 12276M->12268M(12288M) 3716.092ms
[2102.978s] GC(1543) To-space exhausted
[2102.979s] GC(1543) Pause Young (Concurrent Start) (G1 Evacuation Pause) 12276M->12276M(12288M) 1.500ms
[2102.979s] GC(1545) Concurrent Mark Cycle
[2106.823s] GC(1544) Pause Full (G1 Compaction Pause) 12276M->12268M(12288M) 3844.578ms
[2106.823s] GC(1545) Concurrent Mark Cycle 3844.756ms
[2106.825s] GC(1546) To-space exhausted
[2106.825s] GC(1546) Pause Young (Normal) (G1 Evacuation Pause) 12276M->12276M(12288M) 1.625ms
[2110.584s] GC(1547) Pause Full (G1 Compaction Pause) 12276M->12268M(12288M) 3758.591ms
[2110.586s] GC(1548) To-space exhausted
[2110.586s] GC(1548) Pause Young (Concurrent Start) (G1 Evacuation Pause) 12276M->12276M(12288M) 1.658ms
[2110.586s] GC(1550) Concurrent Mark Cycle
[2114.189s] GC(1549) Pause Full (G1 Compaction Pause) 12276M->12268M(12288M) 3603.407ms
[2114.189s] GC(1550) Concurrent Mark Cycle 3603.598ms
[2114.191s] GC(1551) To-space exhausted
[2114.191s] GC(1551) Pause Young (Normal) (G1 Evacuation Pause) 12276M->12276M(12288M) 1.466ms
[2118.008s] GC(1552) Pause Full (G1 Compaction Pause) 12276M->12268M(12288M) 3816.882ms
[2118.010s] GC(1553) To-space exhausted
[2118.010s] GC(1553) Pause Young (Concurrent Start) (G1 Evacuation Pause) 12276M->12276M(12288M) 2.022ms
[2118.010s] GC(1555) Concurrent Mark Cycle
[2121.799s] GC(1554) Pause Full (G1 Compaction Pause) 12276M->12268M(12288M) 3789.293ms
[2121.800s] GC(1555) Concurrent Mark Cycle 3789.462ms
[2121.801s] GC(1556) To-space exhausted
[2121.802s] GC(1556) Pause Young (Normal) (G1 Evacuation Pause) 12276M->12276M(12288M) 1.851ms
[2125.734s] GC(1557) Pause Full (G1 Compaction Pause) 12276M->12268M(12288M) 3932.380ms
[2125.736s] GC(1558) To-space exhausted
[2125.736s] GC(1558) Pause Young (Concurrent Start) (G1 Evacuation Pause) 12276M->12276M(12288M) 1.362ms
[2125.736s] GC(1560) Concurrent Mark Cycle
[2129.625s] GC(1559) Pause Full (G1 Compaction Pause) 12276M->12268M(12288M) 3889.628ms
[2129.626s] GC(1560) Concurrent Mark Cycle 3889.795ms
[2129.627s] GC(1561) To-space exhausted
[2129.628s] GC(1561) Pause Young (Normal) (G1 Evacuation Pause) 12276M->12276M(12288M) 1.953ms
[2133.049s] GC(1562) Pause Full (G1 Compaction Pause) 12276M->12268M(12288M) 3420.956ms
[2133.051s] GC(1563) To-space exhausted
[2133.051s] GC(1563) Pause Young (Concurrent Start) (G1 Evacuation Pause) 12276M->12276M(12288M) 2.227ms
[2133.051s] GC(1565) Concurrent Mark Cycle
[2136.688s] GC(1564) Pause Full (G1 Compaction Pause) 12276M->12268M(12288M) 3637.090ms
[2136.689s] GC(1565) Concurrent Mark Cycle 3637.196ms
[2136.690s] GC(1566) To-space exhausted
[2136.690s] GC(1566) Pause Young (Normal) (G1 Evacuation Pause) 12276M->12276M(12288M) 1.715ms
[2140.779s] GC(1567) Pause Full (G1 Compaction Pause) 12276M->12268M(12288M) 4088.094ms
[2140.780s] GC(1568) To-space exhausted
[2140.780s] GC(1568) Pause Young (Concurrent Start) (G1 Evacuation Pause) 12276M->12276M(12288M) 1.582ms
[2140.780s] GC(1570) Concurrent Mark Cycle
[2144.548s] GC(1569) Pause Full (G1 Compaction Pause) 12276M->12268M(12288M) 3767.186ms
[2144.548s] GC(1570) Concurrent Mark Cycle 3767.360ms
[2144.550s] GC(1571) To-space exhausted
[2144.550s] GC(1571) Pause Young (Normal) (G1 Evacuation Pause) 12276M->12276M(12288M) 1.841ms
[2148.381s] GC(1572) Pause Full (G1 Compaction Pause) 12276M->12268M(12288M) 3831.101ms
[2148.383s] GC(1573) To-space exhausted
[2148.383s] GC(1573) Pause Young (Concurrent Start) (G1 Evacuation Pause) 12276M->12276M(12288M) 1.717ms
[2148.383s] GC(1575) Concurrent Mark Cycle
[2152.074s] GC(1574) Pause Full (G1 Compaction Pause) 12276M->12268M(12288M) 3691.376ms
[2152.074s] GC(1575) Concurrent Mark Cycle 3691.549ms
[2152.076s] GC(1576) To-space exhausted
[2152.076s] GC(1576) Pause Young (Normal) (G1 Evacuation Pause) 12276M->12276M(12288M) 1.504ms
[2155.794s] GC(1577) Pause Full (G1 Compaction Pause) 12276M->12268M(12288M) 3718.241ms
[2155.796s] GC(1578) To-space exhausted
[2155.796s] GC(1578) Pause Young (Concurrent Start) (G1 Evacuation Pause) 12276M->12276M(12288M) 1.647ms
[2155.796s] GC(1580) Concurrent Mark Cycle
[2159.804s] GC(1579) Pause Full (G1 Compaction Pause) 12276M->12268M(12288M) 4008.034ms
[2159.805s] GC(1580) Concurrent Mark Cycle 4008.273ms
[2159.806s] GC(1581) To-space exhausted
[2159.807s] GC(1581) Pause Young (Normal) (G1 Evacuation Pause) 12276M->12276M(12288M) 1.744ms
[2163.396s] GC(1582) Pause Full (G1 Compaction Pause) 12276M->12268M(12288M) 3589.248ms
[2163.398s] GC(1583) To-space exhausted
[2163.398s] GC(1583) Pause Young (Concurrent Start) (G1 Evacuation Pause) 12276M->12276M(12288M) 1.633ms
[2163.398s] GC(1585) Concurrent Mark Cycle
[2167.120s] GC(1584) Pause Full (G1 Compaction Pause) 12276M->12268M(12288M) 3722.470ms
[2167.121s] GC(1585) Concurrent Mark Cycle 3722.649ms
[2167.122s] GC(1586) To-space exhausted
[2167.122s] GC(1586) Pause Young (Normal) (G1 Evacuation Pause) 12276M->12276M(12288M) 1.275ms
[2170.959s] GC(1587) Pause Full (G1 Compaction Pause) 12276M->12268M(12288M) 3837.308ms
[2170.961s] GC(1588) To-space exhausted
[2170.961s] GC(1588) Pause Young (Concurrent Start) (G1 Evacuation Pause) 12276M->12276M(12288M) 1.705ms
[2170.961s] GC(1590) Concurrent Mark Cycle
[2174.757s] GC(1589) Pause Full (G1 Compaction Pause) 12276M->12268M(12288M) 3795.137ms
[2174.757s] GC(1590) Concurrent Mark Cycle 3795.379ms
[2174.759s] GC(1591) To-space exhausted
[2174.759s] GC(1591) Pause Young (Normal) (G1 Evacuation Pause) 12276M->12276M(12288M) 1.966ms
[2178.433s] GC(1592) Pause Full (G1 Compaction Pause) 12276M->12268M(12288M) 3674.370ms
[2178.435s] GC(1593) To-space exhausted
[2178.435s] GC(1593) Pause Young (Concurrent Start) (G1 Evacuation Pause) 12276M->12276M(12288M) 1.304ms
[2178.435s] GC(1595) Concurrent Mark Cycle
[2182.546s] GC(1594) Pause Full (G1 Compaction Pause) 12276M->12268M(12288M) 4110.914ms
[2182.548s] GC(1596) To-space exhausted
[2182.548s] GC(1596) Pause Young (Normal) (G1 Evacuation Pause) 12276M->12276M(12288M) 1.443ms
[2186.146s] GC(1597) Pause Full (G1 Compaction Pause) 12276M->12268M(12288M) 3598.411ms
[2186.146s] GC(1595) Concurrent Mark Cycle 7711.216ms
[2186.148s] GC(1598) To-space exhausted
[2186.148s] GC(1598) Pause Young (Normal) (G1 Evacuation Pause) 12276M->12276M(12288M) 1.122ms
[2189.870s] GC(1599) Pause Full (G1 Compaction Pause) 12276M->12268M(12288M) 3722.811ms
[2189.872s] GC(1600) To-space exhausted
[2189.872s] GC(1600) Pause Young (Concurrent Start) (G1 Evacuation Pause) 12276M->12276M(12288M) 1.732ms
[2189.873s] GC(1602) Concurrent Mark Cycle
[2193.254s] GC(1601) Pause Full (G1 Compaction Pause) 12276M->12268M(12288M) 3381.169ms
[2193.254s] GC(1602) Concurrent Mark Cycle 3381.497ms
[2193.256s] GC(1603) To-space exhausted
[2193.256s] GC(1603) Pause Young (Normal) (G1 Evacuation Pause) 12276M->12276M(12288M) 1.661ms
[2196.720s] GC(1604) Pause Full (G1 Compaction Pause) 12276M->12268M(12288M) 3463.941ms
[2196.722s] GC(1605) To-space exhausted
[2196.723s] GC(1605) Pause Young (Concurrent Start) (G1 Evacuation Pause) 12276M->12276M(12288M) 2.282ms
[2196.723s] GC(1607) Concurrent Mark Cycle
[2200.435s] GC(1606) Pause Full (G1 Compaction Pause) 12276M->12268M(12288M) 3712.219ms
[2200.435s] GC(1607) Concurrent Mark Cycle 3712.318ms
[2200.437s] GC(1608) To-space exhausted
[2200.437s] GC(1608) Pause Young (Normal) (G1 Evacuation Pause) 12276M->12276M(12288M) 1.669ms
[2204.331s] GC(1609) Pause Full (G1 Compaction Pause) 12276M->12268M(12288M) 3893.626ms
[2204.333s] GC(1610) To-space exhausted
[2204.333s] GC(1610) Pause Young (Concurrent Start) (G1 Evacuation Pause) 12276M->12276M(12288M) 2.187ms
[2204.333s] GC(1612) Concurrent Mark Cycle
[2207.847s] GC(1611) Pause Full (G1 Compaction Pause) 12276M->12268M(12288M) 3513.575ms
[2207.847s] GC(1612) Concurrent Mark Cycle 3513.662ms
[2207.849s] GC(1613) To-space exhausted
[2207.849s] GC(1613) Pause Young (Normal) (G1 Evacuation Pause) 12276M->12276M(12288M) 1.933ms
[2211.638s] GC(1614) Pause Full (G1 Compaction Pause) 12276M->12268M(12288M) 3789.258ms
[2211.641s] GC(1615) To-space exhausted
[2211.641s] GC(1615) Pause Young (Concurrent Start) (G1 Evacuation Pause) 12276M->12276M(12288M) 2.170ms
[2211.641s] GC(1617) Concurrent Mark Cycle
[2215.333s] GC(1616) Pause Full (G1 Compaction Pause) 12276M->12268M(12288M) 3692.474ms
[2215.334s] GC(1617) Concurrent Mark Cycle 3692.674ms
[2215.335s] GC(1618) To-space exhausted
[2215.335s] GC(1618) Pause Young (Normal) (G1 Evacuation Pause) 12276M->12276M(12288M) 1.416ms
[2219.409s] GC(1619) Pause Full (G1 Compaction Pause) 12276M->12268M(12288M) 4073.580ms
[2219.411s] GC(1620) To-space exhausted
[2219.411s] GC(1620) Pause Young (Concurrent Start) (G1 Evacuation Pause) 12276M->12276M(12288M) 2.419ms
[2219.411s] GC(1622) Concurrent Mark Cycle
[2223.188s] GC(1621) Pause Full (G1 Compaction Pause) 12276M->12268M(12288M) 3776.868ms
[2223.189s] GC(1622) Concurrent Mark Cycle 3777.019ms
[2223.190s] GC(1623) To-space exhausted
[2223.190s] GC(1623) Pause Young (Normal) (G1 Evacuation Pause) 12276M->12276M(12288M) 1.108ms
[2226.918s] GC(1624) Pause Full (G1 Compaction Pause) 12276M->12268M(12288M) 3727.866ms
[2226.920s] GC(1625) To-space exhausted
[2226.920s] GC(1625) Pause Young (Concurrent Start) (G1 Evacuation Pause) 12276M->12276M(12288M) 1.824ms
[2226.920s] GC(1627) Concurrent Mark Cycle
[2230.517s] GC(1626) Pause Full (G1 Compaction Pause) 12276M->12268M(12288M) 3597.196ms
[2230.517s] GC(1627) Concurrent Mark Cycle 3597.372ms
[2230.519s] GC(1628) To-space exhausted
[2230.519s] GC(1628) Pause Young (Normal) (G1 Evacuation Pause) 12276M->12276M(12288M) 1.586ms
[2234.406s] GC(1629) Pause Full (G1 Compaction Pause) 12276M->12268M(12288M) 3887.152ms
[2234.408s] GC(1630) To-space exhausted
[2234.408s] GC(1630) Pause Young (Concurrent Start) (G1 Evacuation Pause) 12276M->12276M(12288M) 1.757ms
[2234.408s] GC(1632) Concurrent Mark Cycle
[2238.155s] GC(1631) Pause Full (G1 Compaction Pause) 12276M->12268M(12288M) 3746.784ms
[2238.155s] GC(1632) Concurrent Mark Cycle 3746.964ms
[2238.157s] GC(1633) To-space exhausted
[2238.157s] GC(1633) Pause Young (Normal) (G1 Evacuation Pause) 12276M->12276M(12288M) 1.486ms
[2242.145s] GC(1634) Pause Full (G1 Compaction Pause) 12276M->12268M(12288M) 3988.250ms
[2242.147s] GC(1635) To-space exhausted
[2242.147s] GC(1635) Pause Young (Concurrent Start) (G1 Evacuation Pause) 12276M->12276M(12288M) 2.045ms
[2242.147s] GC(1637) Concurrent Mark Cycle
[2245.755s] GC(1636) Pause Full (G1 Compaction Pause) 12276M->12268M(12288M) 3607.556ms
[2245.755s] GC(1637) Concurrent Mark Cycle 3607.746ms
[2245.757s] GC(1638) To-space exhausted
[2245.757s] GC(1638) Pause Young (Normal) (G1 Evacuation Pause) 12276M->12276M(12288M) 2.068ms
[2249.489s] GC(1639) Pause Full (G1 Compaction Pause) 12276M->12268M(12288M) 3731.951ms
[2249.491s] GC(1640) To-space exhausted
[2249.491s] GC(1640) Pause Young (Concurrent Start) (G1 Evacuation Pause) 12276M->12276M(12288M) 1.608ms
[2249.491s] GC(1642) Concurrent Mark Cycle
[2253.338s] GC(1641) Pause Full (G1 Compaction Pause) 12276M->12268M(12288M) 3846.788ms
[2253.338s] GC(1642) Concurrent Mark Cycle 3846.986ms
[2253.340s] GC(1643) To-space exhausted
[2253.340s] GC(1643) Pause Young (Normal) (G1 Evacuation Pause) 12276M->12276M(12288M) 1.636ms
[2257.018s] GC(1644) Pause Full (G1 Compaction Pause) 12276M->12268M(12288M) 3677.841ms
[2257.020s] GC(1645) To-space exhausted
[2257.020s] GC(1645) Pause Young (Concurrent Start) (G1 Evacuation Pause) 12276M->12276M(12288M) 2.313ms
[2257.021s] GC(1647) Concurrent Mark Cycle
[2261.027s] GC(1646) Pause Full (G1 Compaction Pause) 12276M->12268M(12288M) 4006.056ms
[2261.027s] GC(1647) Concurrent Mark Cycle 4006.272ms
[2261.028s] GC(1648) To-space exhausted
[2261.028s] GC(1648) Pause Young (Normal) (G1 Evacuation Pause) 12276M->12276M(12288M) 1.531ms
[2264.749s] GC(1649) Pause Full (G1 Compaction Pause) 12276M->12268M(12288M) 3720.289ms
[2264.750s] GC(1650) To-space exhausted
[2264.751s] GC(1650) Pause Young (Concurrent Start) (G1 Evacuation Pause) 12276M->12276M(12288M) 1.490ms
[2264.751s] GC(1652) Concurrent Mark Cycle
[2268.505s] GC(1651) Pause Full (G1 Compaction Pause) 12276M->12268M(12288M) 3753.985ms
[2268.505s] GC(1652) Concurrent Mark Cycle 3754.158ms
[2268.506s] GC(1653) To-space exhausted
[2268.506s] GC(1653) Pause Young (Normal) (G1 Evacuation Pause) 12276M->12276M(12288M) 1.543ms
[2272.417s] GC(1654) Pause Full (G1 Compaction Pause) 12276M->12268M(12288M) 3910.627ms
[2272.420s] GC(1655) To-space exhausted
[2272.420s] GC(1655) Pause Young (Concurrent Start) (G1 Evacuation Pause) 12276M->12276M(12288M) 2.448ms
[2272.420s] GC(1657) Concurrent Mark Cycle
[2276.154s] GC(1656) Pause Full (G1 Compaction Pause) 12276M->12268M(12288M) 3734.482ms
[2276.155s] GC(1657) Concurrent Mark Cycle 3734.645ms
[2276.156s] GC(1658) To-space exhausted
[2276.157s] GC(1658) Pause Young (Normal) (G1 Evacuation Pause) 12276M->12276M(12288M) 1.857ms
[2279.967s] GC(1659) Pause Full (G1 Compaction Pause) 12276M->12268M(12288M) 3810.391ms
[2279.969s] GC(1660) To-space exhausted
[2279.969s] GC(1660) Pause Young (Concurrent Start) (G1 Evacuation Pause) 12276M->12276M(12288M) 1.982ms
[2279.969s] GC(1662) Concurrent Mark Cycle
[2283.748s] GC(1661) Pause Full (G1 Compaction Pause) 12276M->12268M(12288M) 3778.789ms
[2283.748s] GC(1662) Concurrent Mark Cycle 3778.923ms
[2283.750s] GC(1663) To-space exhausted
[2283.750s] GC(1663) Pause Young (Normal) (G1 Evacuation Pause) 12276M->12276M(12288M) 1.363ms
[2287.563s] GC(1664) Pause Full (G1 Compaction Pause) 12276M->12269M(12288M) 3813.588ms
[2287.566s] GC(1665) To-space exhausted
[2287.566s] GC(1665) Pause Young (Concurrent Start) (G1 Evacuation Pause) 12277M->12277M(12288M) 2.018ms
[2287.566s] GC(1667) Concurrent Mark Cycle
[2291.453s] GC(1666) Pause Full (G1 Compaction Pause) 12277M->12269M(12288M) 3886.953ms
[2291.453s] GC(1667) Concurrent Mark Cycle 3887.154ms
[2291.455s] GC(1668) To-space exhausted
[2291.455s] GC(1668) Pause Young (Normal) (G1 Evacuation Pause) 12277M->12277M(12288M) 1.650ms
[2295.263s] GC(1669) Pause Full (G1 Compaction Pause) 12277M->12269M(12288M) 3807.867ms
[2295.264s] GC(1670) To-space exhausted
[2295.264s] GC(1670) Pause Young (Concurrent Start) (G1 Evacuation Pause) 12277M->12277M(12288M) 1.223ms
[2295.264s] GC(1672) Concurrent Mark Cycle
[2298.959s] GC(1671) Pause Full (G1 Compaction Pause) 12277M->12269M(12288M) 3694.945ms
[2298.959s] GC(1672) Concurrent Mark Cycle 3695.162ms
[2298.961s] GC(1673) To-space exhausted
[2298.961s] GC(1673) Pause Young (Normal) (G1 Evacuation Pause) 12277M->12277M(12288M) 1.374ms
[2302.842s] GC(1674) Pause Full (G1 Compaction Pause) 12277M->12269M(12288M) 3881.739ms
[2302.844s] GC(1675) To-space exhausted
[2302.845s] GC(1675) Pause Young (Concurrent Start) (G1 Evacuation Pause) 12277M->12277M(12288M) 1.859ms
[2302.845s] GC(1677) Concurrent Mark Cycle
[2307.022s] GC(1676) Pause Full (G1 Compaction Pause) 12277M->12269M(12288M) 4177.148ms
[2307.022s] GC(1677) Concurrent Mark Cycle 4177.343ms
[2307.023s] GC(1678) To-space exhausted
[2307.023s] GC(1678) Pause Young (Normal) (G1 Evacuation Pause) 12277M->12277M(12288M) 1.192ms
[2310.624s] GC(1679) Pause Full (G1 Compaction Pause) 12277M->12269M(12288M) 3600.724ms
[2310.626s] GC(1680) To-space exhausted
[2310.626s] GC(1680) Pause Young (Concurrent Start) (G1 Evacuation Pause) 12277M->12277M(12288M) 1.748ms
[2310.626s] GC(1682) Concurrent Mark Cycle
[2314.389s] GC(1681) Pause Full (G1 Compaction Pause) 12277M->12269M(12288M) 3762.898ms
[2314.389s] GC(1682) Concurrent Mark Cycle 3763.076ms
[2314.391s] GC(1683) To-space exhausted
[2314.391s] GC(1683) Pause Young (Normal) (G1 Evacuation Pause) 12277M->12277M(12288M) 1.385ms
[2318.350s] GC(1684) Pause Full (G1 Compaction Pause) 12277M->12269M(12288M) 3959.271ms
[2318.353s] GC(1685) To-space exhausted
[2318.353s] GC(1685) Pause Young (Concurrent Start) (G1 Evacuation Pause) 12277M->12277M(12288M) 2.446ms
[2318.353s] GC(1686) Concurrent Mark Cycle
[2322.139s] GC(1687) Pause Full (G1 Compaction Pause) 12277M->12269M(12288M) 3785.901ms
[2322.139s] GC(1686) Concurrent Mark Cycle 3786.089ms
[2322.140s] GC(1688) To-space exhausted
[2322.140s] GC(1688) Pause Young (Normal) (G1 Evacuation Pause) 12277M->12277M(12288M) 1.330ms
[2325.940s] GC(1689) Pause Full (G1 Compaction Pause) 12277M->12269M(12288M) 3799.103ms
[2325.943s] GC(1690) To-space exhausted
[2325.943s] GC(1690) Pause Young (Concurrent Start) (G1 Evacuation Pause) 12277M->12277M(12288M) 3.014ms
[2325.943s] GC(1692) Concurrent Mark Cycle
[2329.518s] GC(1691) Pause Full (G1 Compaction Pause) 12277M->12269M(12288M) 3574.668ms
[2329.518s] GC(1692) Concurrent Mark Cycle 3574.867ms
[2329.520s] GC(1693) To-space exhausted
[2329.520s] GC(1693) Pause Young (Normal) (G1 Evacuation Pause) 12277M->12277M(12288M) 1.952ms
[2333.256s] GC(1694) Pause Full (G1 Compaction Pause) 12277M->12269M(12288M) 3736.306ms
[2333.258s] GC(1695) To-space exhausted
[2333.259s] GC(1695) Pause Young (Concurrent Start) (G1 Evacuation Pause) 12277M->12277M(12288M) 1.828ms
[2333.259s] GC(1697) Concurrent Mark Cycle
[2337.002s] GC(1696) Pause Full (G1 Compaction Pause) 12277M->12269M(12288M) 3743.082ms
[2337.002s] GC(1697) Concurrent Mark Cycle 3743.238ms
[2337.004s] GC(1698) To-space exhausted
[2337.004s] GC(1698) Pause Young (Normal) (G1 Evacuation Pause) 12277M->12277M(12288M) 1.955ms
[2340.555s] GC(1699) Pause Full (G1 Compaction Pause) 12277M->12269M(12288M) 3551.197ms
[2340.557s] GC(1700) To-space exhausted
[2340.557s] GC(1700) Pause Young (Concurrent Start) (G1 Evacuation Pause) 12277M->12277M(12288M) 1.393ms
[2340.557s] GC(1702) Concurrent Mark Cycle
[2344.564s] GC(1701) Pause Full (G1 Compaction Pause) 12277M->12269M(12288M) 4006.337ms
[2344.564s] GC(1702) Concurrent Mark Cycle 4006.561ms
[2344.566s] GC(1703) To-space exhausted
[2344.567s] GC(1703) Pause Young (Normal) (G1 Evacuation Pause) 12277M->12277M(12288M) 2.457ms
[2348.057s] GC(1704) Pause Full (G1 Compaction Pause) 12277M->12269M(12288M) 3490.312ms
[2348.059s] GC(1705) To-space exhausted
[2348.059s] GC(1705) Pause Young (Concurrent Start) (G1 Evacuation Pause) 12277M->12277M(12288M) 1.962ms
[2348.059s] GC(1707) Concurrent Mark Cycle
[2352.097s] GC(1706) Pause Full (G1 Compaction Pause) 12277M->12269M(12288M) 4037.553ms
[2352.097s] GC(1707) Concurrent Mark Cycle 4037.744ms
[2352.099s] GC(1708) To-space exhausted
[2352.099s] GC(1708) Pause Young (Normal) (G1 Evacuation Pause) 12277M->12277M(12288M) 1.691ms
[2355.575s] GC(1709) Pause Full (G1 Compaction Pause) 12277M->12269M(12288M) 3476.486ms
[2355.578s] GC(1710) To-space exhausted
[2355.578s] GC(1710) Pause Young (Concurrent Start) (G1 Evacuation Pause) 12277M->12277M(12288M) 2.187ms
[2355.578s] GC(1712) Concurrent Mark Cycle
[2359.241s] GC(1711) Pause Full (G1 Compaction Pause) 12277M->12269M(12288M) 3662.814ms
[2359.241s] GC(1712) Concurrent Mark Cycle 3662.933ms
[2359.243s] GC(1713) To-space exhausted
[2359.243s] GC(1713) Pause Young (Normal) (G1 Evacuation Pause) 12277M->12277M(12288M) 1.956ms
[2362.872s] GC(1714) Pause Full (G1 Compaction Pause) 12277M->12269M(12288M) 3628.918ms
[2362.874s] GC(1715) To-space exhausted
[2362.874s] GC(1715) Pause Young (Concurrent Start) (G1 Evacuation Pause) 12277M->12277M(12288M) 1.683ms
[2362.874s] GC(1717) Concurrent Mark Cycle
[2366.350s] GC(1716) Pause Full (G1 Compaction Pause) 12277M->12269M(12288M) 3476.015ms
[2366.350s] GC(1717) Concurrent Mark Cycle 3476.298ms
[2366.352s] GC(1718) To-space exhausted
[2366.352s] GC(1718) Pause Young (Normal) (G1 Evacuation Pause) 12277M->12277M(12288M) 1.526ms
[2369.965s] GC(1719) Pause Full (G1 Compaction Pause) 12277M->12269M(12288M) 3612.746ms
[2369.967s] GC(1720) To-space exhausted
[2369.967s] GC(1720) Pause Young (Concurrent Start) (G1 Evacuation Pause) 12277M->12277M(12288M) 1.898ms
[2369.967s] GC(1722) Concurrent Mark Cycle
[2373.594s] GC(1721) Pause Full (G1 Compaction Pause) 12277M->12269M(12288M) 3626.712ms
[2373.594s] GC(1722) Concurrent Mark Cycle 3626.899ms
[2373.596s] GC(1723) To-space exhausted
[2373.596s] GC(1723) Pause Young (Normal) (G1 Evacuation Pause) 12277M->12277M(12288M) 1.912ms
[2377.240s] GC(1724) Pause Full (G1 Compaction Pause) 12277M->12269M(12288M) 3644.111ms
[2377.242s] GC(1725) To-space exhausted
[2377.242s] GC(1725) Pause Young (Concurrent Start) (G1 Evacuation Pause) 12277M->12277M(12288M) 1.594ms
[2377.242s] GC(1727) Concurrent Mark Cycle
[2380.721s] GC(1726) Pause Full (G1 Compaction Pause) 12277M->12269M(12288M) 3478.511ms
[2380.721s] GC(1727) Concurrent Mark Cycle 3478.713ms
[2380.722s] GC(1728) To-space exhausted
[2380.722s] GC(1728) Pause Young (Normal) (G1 Evacuation Pause) 12277M->12277M(12288M) 1.498ms
[2384.212s] GC(1729) Pause Full (G1 Compaction Pause) 12277M->12269M(12288M) 3489.314ms
[2384.214s] GC(1730) To-space exhausted
[2384.214s] GC(1730) Pause Young (Concurrent Start) (G1 Evacuation Pause) 12277M->12277M(12288M) 2.082ms
[2384.214s] GC(1732) Concurrent Mark Cycle
[2387.780s] GC(1731) Pause Full (G1 Compaction Pause) 12277M->12269M(12288M) 3565.863ms
[2387.780s] GC(1732) Concurrent Mark Cycle 3566.131ms
[2387.782s] GC(1733) To-space exhausted
[2387.782s] GC(1733) Pause Young (Normal) (G1 Evacuation Pause) 12277M->12277M(12288M) 1.669ms
[2391.152s] GC(1734) Pause Full (G1 Compaction Pause) 12277M->12269M(12288M) 3370.033ms
[2391.154s] GC(1735) To-space exhausted
[2391.155s] GC(1735) Pause Young (Concurrent Start) (G1 Evacuation Pause) 12277M->12277M(12288M) 2.109ms
[2391.155s] GC(1736) Concurrent Mark Cycle
[2394.678s] GC(1737) Pause Full (G1 Compaction Pause) 12277M->12269M(12288M) 3523.812ms
[2394.679s] GC(1736) Concurrent Mark Cycle 3524.053ms
[2394.681s] GC(1738) To-space exhausted
[2394.681s] GC(1738) Pause Young (Normal) (G1 Evacuation Pause) 12277M->12277M(12288M) 1.858ms
[2398.183s] GC(1739) Pause Full (G1 Compaction Pause) 12277M->12269M(12288M) 3502.451ms
[2398.185s] GC(1740) To-space exhausted
[2398.185s] GC(1740) Pause Young (Concurrent Start) (G1 Evacuation Pause) 12277M->12277M(12288M) 1.520ms
[2398.185s] GC(1742) Concurrent Mark Cycle
[2401.795s] GC(1741) Pause Full (G1 Compaction Pause) 12277M->12269M(12288M) 3609.948ms
[2401.795s] GC(1742) Concurrent Mark Cycle 3610.166ms
[2401.797s] GC(1743) To-space exhausted
[2401.798s] GC(1743) Pause Young (Normal) (G1 Evacuation Pause) 12277M->12277M(12288M) 2.145ms
[2405.106s] GC(1744) Pause Full (G1 Compaction Pause) 12277M->12269M(12288M) 3308.482ms
[2405.108s] GC(1745) To-space exhausted
[2405.108s] GC(1745) Pause Young (Concurrent Start) (G1 Evacuation Pause) 12277M->12277M(12288M) 2.171ms
[2405.109s] GC(1747) Concurrent Mark Cycle
[2408.811s] GC(1746) Pause Full (G1 Compaction Pause) 12277M->12269M(12288M) 3702.307ms
[2408.811s] GC(1747) Concurrent Mark Cycle 3702.511ms
[2408.812s] GC(1748) To-space exhausted
[2408.813s] GC(1748) Pause Young (Normal) (G1 Evacuation Pause) 12277M->12277M(12288M) 1.464ms
[2412.411s] GC(1749) Pause Full (G1 Compaction Pause) 12277M->12269M(12288M) 3598.607ms
[2412.413s] GC(1750) To-space exhausted
[2412.413s] GC(1750) Pause Young (Concurrent Start) (G1 Evacuation Pause) 12277M->12277M(12288M) 1.675ms
[2412.413s] GC(1752) Concurrent Mark Cycle
[2415.902s] GC(1751) Pause Full (G1 Compaction Pause) 12277M->12269M(12288M) 3488.906ms
[2415.902s] GC(1752) Concurrent Mark Cycle 3489.108ms
[2415.904s] GC(1753) To-space exhausted
[2415.904s] GC(1753) Pause Young (Normal) (G1 Evacuation Pause) 12277M->12277M(12288M) 1.612ms
[2419.230s] GC(1754) Pause Full (G1 Compaction Pause) 12277M->12269M(12288M) 3326.255ms
[2419.232s] GC(1755) To-space exhausted
[2419.232s] GC(1755) Pause Young (Concurrent Start) (G1 Evacuation Pause) 12277M->12277M(12288M) 1.844ms
[2419.233s] GC(1757) Concurrent Mark Cycle
[2423.070s] GC(1756) Pause Full (G1 Compaction Pause) 12277M->12269M(12288M) 3837.810ms
[2423.071s] GC(1757) Concurrent Mark Cycle 3838.007ms
[2423.073s] GC(1758) To-space exhausted
[2423.073s] GC(1758) Pause Young (Normal) (G1 Evacuation Pause) 12277M->12277M(12288M) 2.218ms
[2426.344s] GC(1759) Pause Full (G1 Compaction Pause) 12277M->12269M(12288M) 3270.806ms
[2426.347s] GC(1760) To-space exhausted
[2426.347s] GC(1760) Pause Young (Concurrent Start) (G1 Evacuation Pause) 12277M->12277M(12288M) 2.577ms
[2426.347s] GC(1762) Concurrent Mark Cycle
[2430.054s] GC(1761) Pause Full (G1 Compaction Pause) 12277M->12269M(12288M) 3706.899ms
[2430.054s] GC(1762) Concurrent Mark Cycle 3707.083ms
[2430.056s] GC(1763) To-space exhausted
[2430.056s] GC(1763) Pause Young (Normal) (G1 Evacuation Pause) 12277M->12277M(12288M) 1.657ms
[2433.757s] GC(1764) Pause Full (G1 Compaction Pause) 12277M->12269M(12288M) 3701.318ms
[2433.759s] GC(1765) To-space exhausted
[2433.759s] GC(1765) Pause Young (Concurrent Start) (G1 Evacuation Pause) 12277M->12277M(12288M) 2.051ms
[2433.759s] GC(1767) Concurrent Mark Cycle
[2437.167s] GC(1766) Pause Full (G1 Compaction Pause) 12277M->12269M(12288M) 3407.084ms
[2437.167s] GC(1767) Concurrent Mark Cycle 3407.286ms
[2437.168s] GC(1768) To-space exhausted
[2437.169s] GC(1768) Pause Young (Normal) (G1 Evacuation Pause) 12277M->12277M(12288M) 1.714ms
[2440.885s] GC(1769) Pause Full (G1 Compaction Pause) 12277M->12269M(12288M) 3716.631ms
[2440.888s] GC(1770) To-space exhausted
[2440.888s] GC(1770) Pause Young (Concurrent Start) (G1 Evacuation Pause) 12277M->12277M(12288M) 2.472ms
[2440.888s] GC(1772) Concurrent Mark Cycle
[2444.645s] GC(1771) Pause Full (G1 Compaction Pause) 12277M->12269M(12288M) 3757.311ms
[2444.646s] GC(1772) Concurrent Mark Cycle 3757.519ms
[2444.647s] GC(1773) To-space exhausted
[2444.647s] GC(1773) Pause Young (Normal) (G1 Evacuation Pause) 12277M->12277M(12288M) 1.382ms
[2448.427s] GC(1774) Pause Full (G1 Compaction Pause) 12277M->12269M(12288M) 3780.207ms
[2448.430s] GC(1775) To-space exhausted
[2448.430s] GC(1775) Pause Young (Concurrent Start) (G1 Evacuation Pause) 12277M->12277M(12288M) 1.838ms
[2448.430s] GC(1777) Concurrent Mark Cycle
[2451.929s] GC(1776) Pause Full (G1 Compaction Pause) 12277M->12269M(12288M) 3499.203ms
[2451.929s] GC(1777) Concurrent Mark Cycle 3499.378ms
[2451.932s] GC(1778) To-space exhausted
[2451.932s] GC(1778) Pause Young (Normal) (G1 Evacuation Pause) 12277M->12277M(12288M) 2.913ms
[2455.811s] GC(1779) Pause Full (G1 Compaction Pause) 12277M->12269M(12288M) 3878.518ms
[2455.812s] GC(1780) To-space exhausted
[2455.812s] GC(1780) Pause Young (Concurrent Start) (G1 Evacuation Pause) 12277M->12277M(12288M) 1.567ms
[2455.813s] GC(1782) Concurrent Mark Cycle
[2459.545s] GC(1781) Pause Full (G1 Compaction Pause) 12277M->12269M(12288M) 3732.467ms
[2459.545s] GC(1782) Concurrent Mark Cycle 3732.671ms
[2459.547s] GC(1783) To-space exhausted
[2459.547s] GC(1783) Pause Young (Normal) (G1 Evacuation Pause) 12277M->12277M(12288M) 1.642ms
[2463.158s] GC(1784) Pause Full (G1 Compaction Pause) 12277M->12269M(12288M) 3610.792ms
[2463.159s] GC(1785) To-space exhausted
[2463.159s] GC(1785) Pause Young (Concurrent Start) (G1 Evacuation Pause) 12277M->12277M(12288M) 1.395ms
[2463.159s] GC(1787) Concurrent Mark Cycle
[2467.326s] GC(1786) Pause Full (G1 Compaction Pause) 12277M->12269M(12288M) 4166.184ms
[2467.326s] GC(1787) Concurrent Mark Cycle 4166.396ms
[2467.327s] GC(1788) To-space exhausted
[2467.328s] GC(1788) Pause Young (Normal) (G1 Evacuation Pause) 12277M->12277M(12288M) 1.577ms
[2471.022s] GC(1789) Pause Full (G1 Compaction Pause) 12277M->12269M(12288M) 3694.279ms
[2471.023s] GC(1790) To-space exhausted
[2471.024s] GC(1790) Pause Young (Concurrent Start) (G1 Evacuation Pause) 12277M->12277M(12288M) 1.322ms
[2471.024s] GC(1792) Concurrent Mark Cycle
[2474.472s] GC(1791) Pause Full (G1 Compaction Pause) 12277M->12269M(12288M) 3448.553ms
[2474.472s] GC(1792) Concurrent Mark Cycle 3448.748ms
[2474.474s] GC(1793) To-space exhausted
[2474.474s] GC(1793) Pause Young (Normal) (G1 Evacuation Pause) 12277M->12277M(12288M) 1.554ms
[2477.885s] GC(1794) Pause Full (G1 Compaction Pause) 12277M->12269M(12288M) 3410.848ms
[2477.888s] GC(1795) To-space exhausted
[2477.888s] GC(1795) Pause Young (Concurrent Start) (G1 Evacuation Pause) 12277M->12277M(12288M) 2.380ms
[2477.888s] GC(1797) Concurrent Mark Cycle
[2481.511s] GC(1796) Pause Full (G1 Compaction Pause) 12277M->12269M(12288M) 3623.337ms
[2481.511s] GC(1797) Concurrent Mark Cycle 3623.529ms
[2481.513s] GC(1798) To-space exhausted
[2481.513s] GC(1798) Pause Young (Normal) (G1 Evacuation Pause) 12277M->12277M(12288M) 1.579ms
[2485.204s] GC(1799) Pause Full (G1 Compaction Pause) 12277M->12269M(12288M) 3690.855ms
[2485.206s] GC(1800) To-space exhausted
[2485.206s] GC(1800) Pause Young (Concurrent Start) (G1 Evacuation Pause) 12277M->12277M(12288M) 1.703ms
[2485.206s] GC(1802) Concurrent Mark Cycle
[2488.956s] GC(1801) Pause Full (G1 Compaction Pause) 12277M->12269M(12288M) 3749.924ms
[2488.956s] GC(1802) Concurrent Mark Cycle 3750.116ms
[2488.957s] GC(1803) To-space exhausted
[2488.958s] GC(1803) Pause Young (Normal) (G1 Evacuation Pause) 12277M->12277M(12288M) 1.395ms
[2492.623s] GC(1804) Pause Full (G1 Compaction Pause) 12277M->12269M(12288M) 3664.926ms
[2492.625s] GC(1805) To-space exhausted
[2492.625s] GC(1805) Pause Young (Concurrent Start) (G1 Evacuation Pause) 12277M->12277M(12288M) 1.837ms
[2492.625s] GC(1807) Concurrent Mark Cycle
[2496.106s] GC(1806) Pause Full (G1 Compaction Pause) 12277M->12269M(12288M) 3480.834ms
[2496.106s] GC(1807) Concurrent Mark Cycle 3481.035ms
[2496.107s] GC(1808) To-space exhausted
[2496.107s] GC(1808) Pause Young (Normal) (G1 Evacuation Pause) 12277M->12277M(12288M) 1.347ms
[2499.852s] GC(1809) Pause Full (G1 Compaction Pause) 12277M->12269M(12288M) 3744.763ms
[2499.854s] GC(1810) To-space exhausted
[2499.854s] GC(1810) Pause Young (Concurrent Start) (G1 Evacuation Pause) 12277M->12277M(12288M) 1.556ms
[2499.854s] GC(1812) Concurrent Mark Cycle
[2503.726s] GC(1811) Pause Full (G1 Compaction Pause) 12277M->12269M(12288M) 3871.647ms
[2503.726s] GC(1812) Concurrent Mark Cycle 3871.851ms
[2503.727s] GC(1813) To-space exhausted
[2503.727s] GC(1813) Pause Young (Normal) (G1 Evacuation Pause) 12277M->12277M(12288M) 1.546ms
[2507.095s] GC(1814) Pause Full (G1 Compaction Pause) 12277M->12269M(12288M) 3367.894ms
[2507.098s] GC(1815) To-space exhausted
[2507.098s] GC(1815) Pause Young (Concurrent Start) (G1 Evacuation Pause) 12277M->12277M(12288M) 2.297ms
[2507.098s] GC(1817) Concurrent Mark Cycle
[2510.809s] GC(1816) Pause Full (G1 Compaction Pause) 12277M->12269M(12288M) 3710.596ms
[2510.809s] GC(1817) Concurrent Mark Cycle 3710.754ms
[2510.811s] GC(1818) To-space exhausted
[2510.811s] GC(1818) Pause Young (Normal) (G1 Evacuation Pause) 12277M->12277M(12288M) 1.598ms
[2514.160s] GC(1819) Pause Full (G1 Compaction Pause) 12277M->12269M(12288M) 3349.759ms
[2514.163s] GC(1820) To-space exhausted
[2514.163s] GC(1820) Pause Young (Concurrent Start) (G1 Evacuation Pause) 12277M->12277M(12288M) 2.241ms
[2514.163s] GC(1822) Concurrent Mark Cycle
[2517.741s] GC(1821) Pause Full (G1 Compaction Pause) 12277M->12269M(12288M) 3578.007ms
[2517.741s] GC(1822) Concurrent Mark Cycle 3578.217ms
[2517.743s] GC(1823) To-space exhausted
[2517.743s] GC(1823) Pause Young (Normal) (G1 Evacuation Pause) 12277M->12277M(12288M) 1.556ms
[2521.327s] GC(1824) Pause Full (G1 Compaction Pause) 12277M->12269M(12288M) 3583.544ms
[2521.329s] GC(1825) To-space exhausted
[2521.330s] GC(1825) Pause Young (Concurrent Start) (G1 Evacuation Pause) 12277M->12277M(12288M) 2.492ms
[2521.330s] GC(1827) Concurrent Mark Cycle
[2524.884s] GC(1826) Pause Full (G1 Compaction Pause) 12277M->12269M(12288M) 3554.682ms
[2524.884s] GC(1827) Concurrent Mark Cycle 3554.865ms
[2524.886s] GC(1828) To-space exhausted
[2524.886s] GC(1828) Pause Young (Normal) (G1 Evacuation Pause) 12277M->12277M(12288M) 1.472ms
[2528.477s] GC(1829) Pause Full (G1 Compaction Pause) 12277M->12269M(12288M) 3590.753ms
[2528.479s] GC(1830) To-space exhausted
[2528.480s] GC(1830) Pause Young (Concurrent Start) (G1 Evacuation Pause) 12277M->12277M(12288M) 2.427ms
[2528.480s] GC(1832) Concurrent Mark Cycle
[2531.765s] GC(1831) Pause Full (G1 Compaction Pause) 12277M->12269M(12288M) 3285.278ms
[2531.765s] GC(1832) Concurrent Mark Cycle 3285.485ms
[2531.767s] GC(1833) To-space exhausted
[2531.767s] GC(1833) Pause Young (Normal) (G1 Evacuation Pause) 12277M->12277M(12288M) 1.902ms
[2535.488s] GC(1834) Pause Full (G1 Compaction Pause) 12277M->12269M(12288M) 3720.817ms
[2535.490s] GC(1835) To-space exhausted
[2535.490s] GC(1835) Pause Young (Concurrent Start) (G1 Evacuation Pause) 12277M->12277M(12288M) 1.975ms
[2535.490s] GC(1837) Concurrent Mark Cycle
[2539.140s] GC(1836) Pause Full (G1 Compaction Pause) 12277M->12269M(12288M) 3649.060ms
[2539.140s] GC(1837) Concurrent Mark Cycle 3649.297ms
[2539.142s] GC(1838) To-space exhausted
[2539.142s] GC(1838) Pause Young (Normal) (G1 Evacuation Pause) 12277M->12277M(12288M) 1.795ms
[2542.547s] GC(1839) Pause Full (G1 Compaction Pause) 12277M->12269M(12288M) 3405.103ms
[2542.549s] GC(1840) To-space exhausted
[2542.549s] GC(1840) Pause Young (Concurrent Start) (G1 Evacuation Pause) 12277M->12277M(12288M) 1.713ms
[2542.549s] GC(1842) Concurrent Mark Cycle
[2546.247s] GC(1841) Pause Full (G1 Compaction Pause) 12277M->12269M(12288M) 3698.255ms
[2546.247s] GC(1842) Concurrent Mark Cycle 3698.364ms
[2546.249s] GC(1843) To-space exhausted
[2546.249s] GC(1843) Pause Young (Normal) (G1 Evacuation Pause) 12277M->12277M(12288M) 1.672ms
[2549.965s] GC(1844) Pause Full (G1 Compaction Pause) 12277M->12269M(12288M) 3716.309ms
[2549.967s] GC(1845) To-space exhausted
[2549.967s] GC(1845) Pause Young (Concurrent Start) (G1 Evacuation Pause) 12277M->12277M(12288M) 1.603ms
[2549.967s] GC(1847) Concurrent Mark Cycle
[2553.411s] GC(1846) Pause Full (G1 Compaction Pause) 12277M->12269M(12288M) 3443.810ms
[2553.411s] GC(1847) Concurrent Mark Cycle 3444.034ms
[2553.413s] GC(1848) To-space exhausted
[2553.413s] GC(1848) Pause Young (Normal) (G1 Evacuation Pause) 12277M->12277M(12288M) 1.943ms
[2557.061s] GC(1849) Pause Full (G1 Compaction Pause) 12277M->12269M(12288M) 3647.208ms
[2557.063s] GC(1850) To-space exhausted
[2557.063s] GC(1850) Pause Young (Concurrent Start) (G1 Evacuation Pause) 12277M->12277M(12288M) 2.318ms
[2557.064s] GC(1852) Concurrent Mark Cycle
[2560.808s] GC(1851) Pause Full (G1 Compaction Pause) 12277M->12269M(12288M) 3744.858ms
[2560.809s] GC(1852) Concurrent Mark Cycle 3744.970ms
[2560.810s] GC(1853) To-space exhausted
[2560.810s] GC(1853) Pause Young (Normal) (G1 Evacuation Pause) 12277M->12277M(12288M) 1.244ms
[2564.695s] GC(1854) Pause Full (G1 Compaction Pause) 12277M->12269M(12288M) 3885.449ms
[2564.697s] GC(1855) To-space exhausted
[2564.697s] GC(1855) Pause Young (Concurrent Start) (G1 Evacuation Pause) 12277M->12277M(12288M) 1.730ms
[2564.697s] GC(1857) Concurrent Mark Cycle
[2568.263s] GC(1856) Pause Full (G1 Compaction Pause) 12277M->12269M(12288M) 3565.606ms
[2568.263s] GC(1857) Concurrent Mark Cycle 3565.862ms
[2568.265s] GC(1858) To-space exhausted
[2568.265s] GC(1858) Pause Young (Normal) (G1 Evacuation Pause) 12277M->12277M(12288M) 1.406ms
[2571.903s] GC(1859) Pause Full (G1 Compaction Pause) 12277M->12269M(12288M) 3637.744ms
[2571.905s] GC(1860) To-space exhausted
[2571.905s] GC(1860) Pause Young (Concurrent Start) (G1 Evacuation Pause) 12277M->12277M(12288M) 1.796ms
[2571.905s] GC(1862) Concurrent Mark Cycle
[2575.581s] GC(1861) Pause Full (G1 Compaction Pause) 12277M->12269M(12288M) 3676.676ms
[2575.582s] GC(1862) Concurrent Mark Cycle 3676.869ms
[2575.583s] GC(1863) To-space exhausted
[2575.583s] GC(1863) Pause Young (Normal) (G1 Evacuation Pause) 12277M->12277M(12288M) 1.239ms
[2579.199s] GC(1864) Pause Full (G1 Compaction Pause) 12277M->12269M(12288M) 3616.036ms
[2579.201s] GC(1865) To-space exhausted
[2579.201s] GC(1865) Pause Young (Concurrent Start) (G1 Evacuation Pause) 12277M->12277M(12288M) 1.600ms
[2579.201s] GC(1867) Concurrent Mark Cycle
[2582.926s] GC(1866) Pause Full (G1 Compaction Pause) 12277M->12269M(12288M) 3724.906ms
[2582.926s] GC(1867) Concurrent Mark Cycle 3725.123ms
[2582.928s] GC(1868) To-space exhausted
[2582.928s] GC(1868) Pause Young (Normal) (G1 Evacuation Pause) 12277M->12277M(12288M) 1.977ms
[2586.416s] GC(1869) Pause Full (G1 Compaction Pause) 12277M->12269M(12288M) 3488.201ms
[2586.418s] GC(1870) To-space exhausted
[2586.418s] GC(1870) Pause Young (Concurrent Start) (G1 Evacuation Pause) 12277M->12277M(12288M) 1.258ms
[2586.418s] GC(1872) Concurrent Mark Cycle
[2590.076s] GC(1871) Pause Full (G1 Compaction Pause) 12277M->12269M(12288M) 3657.749ms
[2590.076s] GC(1872) Concurrent Mark Cycle 3657.949ms
[2590.078s] GC(1873) To-space exhausted
[2590.078s] GC(1873) Pause Young (Normal) (G1 Evacuation Pause) 12277M->12277M(12288M) 1.736ms
[2593.808s] GC(1874) Pause Full (G1 Compaction Pause) 12277M->12269M(12288M) 3729.970ms
[2593.810s] GC(1875) To-space exhausted
[2593.810s] GC(1875) Pause Young (Concurrent Start) (G1 Evacuation Pause) 12277M->12277M(12288M) 1.883ms
[2593.810s] GC(1877) Concurrent Mark Cycle
[2597.486s] GC(1876) Pause Full (G1 Compaction Pause) 12277M->12269M(12288M) 3675.832ms
[2597.486s] GC(1877) Concurrent Mark Cycle 3676.061ms
[2597.488s] GC(1878) To-space exhausted
[2597.488s] GC(1878) Pause Young (Normal) (G1 Evacuation Pause) 12277M->12277M(12288M) 1.668ms
[2600.932s] GC(1879) Pause Full (G1 Compaction Pause) 12277M->12269M(12288M) 3443.687ms
[2600.933s] GC(1880) To-space exhausted
[2600.933s] GC(1880) Pause Young (Concurrent Start) (G1 Evacuation Pause) 12277M->12277M(12288M) 1.440ms
[2600.933s] GC(1882) Concurrent Mark Cycle
[2604.672s] GC(1881) Pause Full (G1 Compaction Pause) 12277M->12269M(12288M) 3738.348ms
[2604.673s] GC(1883) To-space exhausted
[2604.673s] GC(1883) Pause Young (Normal) (G1 Evacuation Pause) 12277M->12277M(12288M) 1.357ms
[2608.274s] GC(1884) Pause Full (G1 Compaction Pause) 12277M->12269M(12288M) 3601.057ms
[2608.274s] GC(1882) Concurrent Mark Cycle 7341.158ms
[2608.276s] GC(1885) To-space exhausted
[2608.276s] GC(1885) Pause Young (Normal) (G1 Evacuation Pause) 12277M->12277M(12288M) 1.565ms
[2612.010s] GC(1886) Pause Full (G1 Compaction Pause) 12277M->12269M(12288M) 3733.543ms
[2612.012s] GC(1887) To-space exhausted
[2612.012s] GC(1887) Pause Young (Concurrent Start) (G1 Evacuation Pause) 12277M->12277M(12288M) 2.454ms
[2612.013s] GC(1889) Concurrent Mark Cycle
[2615.538s] GC(1888) Pause Full (G1 Compaction Pause) 12277M->12269M(12288M) 3525.355ms
[2615.538s] GC(1889) Concurrent Mark Cycle 3525.532ms
[2615.540s] GC(1890) To-space exhausted
[2615.540s] GC(1890) Pause Young (Normal) (G1 Evacuation Pause) 12277M->12277M(12288M) 1.956ms
[2618.990s] GC(1891) Pause Full (G1 Compaction Pause) 12277M->12269M(12288M) 3449.704ms
[2618.992s] GC(1892) To-space exhausted
[2618.992s] GC(1892) Pause Young (Concurrent Start) (G1 Evacuation Pause) 12277M->12277M(12288M) 2.086ms
[2618.992s] GC(1894) Concurrent Mark Cycle
[2622.606s] GC(1893) Pause Full (G1 Compaction Pause) 12277M->12269M(12288M) 3613.629ms
[2622.606s] GC(1894) Concurrent Mark Cycle 3613.811ms
[2622.608s] GC(1895) To-space exhausted
[2622.608s] GC(1895) Pause Young (Normal) (G1 Evacuation Pause) 12277M->12277M(12288M) 1.470ms
[2626.193s] GC(1896) Pause Full (G1 Compaction Pause) 12277M->12269M(12288M) 3584.806ms
[2626.195s] GC(1897) To-space exhausted
[2626.195s] GC(1897) Pause Young (Concurrent Start) (G1 Evacuation Pause) 12277M->12277M(12288M) 2.276ms
[2626.195s] GC(1899) Concurrent Mark Cycle
[2629.964s] GC(1898) Pause Full (G1 Compaction Pause) 12277M->12269M(12288M) 3769.039ms
[2629.964s] GC(1899) Concurrent Mark Cycle 3769.125ms
[2629.966s] GC(1900) To-space exhausted
[2629.966s] GC(1900) Pause Young (Normal) (G1 Evacuation Pause) 12277M->12277M(12288M) 1.538ms
[2633.824s] GC(1901) Pause Full (G1 Compaction Pause) 12277M->12269M(12288M) 3857.408ms
[2633.825s] GC(1902) To-space exhausted
[2633.825s] GC(1902) Pause Young (Concurrent Start) (G1 Evacuation Pause) 12277M->12277M(12288M) 1.466ms
[2633.825s] GC(1904) Concurrent Mark Cycle
[2637.184s] GC(1903) Pause Full (G1 Compaction Pause) 12277M->12269M(12288M) 3358.774ms
[2637.184s] GC(1904) Concurrent Mark Cycle 3358.959ms
[2637.186s] GC(1905) To-space exhausted
[2637.186s] GC(1905) Pause Young (Normal) (G1 Evacuation Pause) 12277M->12277M(12288M) 1.782ms
[2640.990s] GC(1906) Pause Full (G1 Compaction Pause) 12277M->12269M(12288M) 3804.184ms
[2640.993s] GC(1907) To-space exhausted
[2640.993s] GC(1907) Pause Young (Concurrent Start) (G1 Evacuation Pause) 12277M->12277M(12288M) 1.875ms
[2640.993s] GC(1909) Concurrent Mark Cycle
[2644.506s] GC(1908) Pause Full (G1 Compaction Pause) 12277M->12269M(12288M) 3513.641ms
[2644.507s] GC(1909) Concurrent Mark Cycle 3513.826ms
[2644.508s] GC(1910) To-space exhausted
[2644.508s] GC(1910) Pause Young (Normal) (G1 Evacuation Pause) 12277M->12277M(12288M) 1.717ms
[2647.916s] GC(1911) Pause Full (G1 Compaction Pause) 12277M->12269M(12288M) 3407.512ms
[2647.918s] GC(1912) To-space exhausted
[2647.918s] GC(1912) Pause Young (Concurrent Start) (G1 Evacuation Pause) 12277M->12277M(12288M) 1.810ms
[2647.918s] GC(1914) Concurrent Mark Cycle
[2651.597s] GC(1913) Pause Full (G1 Compaction Pause) 12277M->12269M(12288M) 3679.224ms
[2651.598s] GC(1914) Concurrent Mark Cycle 3679.429ms
[2651.599s] GC(1915) To-space exhausted
[2651.600s] GC(1915) Pause Young (Normal) (G1 Evacuation Pause) 12277M->12277M(12288M) 1.779ms
[2655.205s] GC(1916) Pause Full (G1 Compaction Pause) 12277M->12269M(12288M) 3605.088ms
[2655.207s] GC(1917) To-space exhausted
[2655.207s] GC(1917) Pause Young (Concurrent Start) (G1 Evacuation Pause) 12277M->12277M(12288M) 1.774ms
[2655.207s] GC(1919) Concurrent Mark Cycle
[2658.764s] GC(1918) Pause Full (G1 Compaction Pause) 12277M->12269M(12288M) 3556.783ms
[2658.764s] GC(1919) Concurrent Mark Cycle 3556.962ms
[2658.766s] GC(1920) To-space exhausted
[2658.766s] GC(1920) Pause Young (Normal) (G1 Evacuation Pause) 12277M->12277M(12288M) 1.877ms
[2662.472s] GC(1921) Pause Full (G1 Compaction Pause) 12277M->12269M(12288M) 3705.565ms
[2662.473s] GC(1922) To-space exhausted
[2662.474s] GC(1922) Pause Young (Concurrent Start) (G1 Evacuation Pause) 12277M->12277M(12288M) 1.731ms
[2662.474s] GC(1924) Concurrent Mark Cycle
[2665.775s] GC(1923) Pause Full (G1 Compaction Pause) 12277M->12269M(12288M) 3301.539ms
[2665.775s] GC(1924) Concurrent Mark Cycle 3301.707ms
[2665.778s] GC(1925) To-space exhausted
[2665.778s] GC(1925) Pause Young (Normal) (G1 Evacuation Pause) 12277M->12277M(12288M) 2.457ms
[2669.367s] GC(1926) Pause Full (G1 Compaction Pause) 12277M->12269M(12288M) 3589.321ms
[2669.369s] GC(1927) To-space exhausted
[2669.369s] GC(1927) Pause Young (Concurrent Start) (G1 Evacuation Pause) 12277M->12277M(12288M) 1.714ms
[2669.369s] GC(1929) Concurrent Mark Cycle
[2672.960s] GC(1928) Pause Full (G1 Compaction Pause) 12277M->12269M(12288M) 3590.678ms
[2672.960s] GC(1929) Concurrent Mark Cycle 3590.857ms
[2672.962s] GC(1930) To-space exhausted
[2672.962s] GC(1930) Pause Young (Normal) (G1 Evacuation Pause) 12277M->12277M(12288M) 1.284ms
[2676.529s] GC(1931) Pause Full (G1 Compaction Pause) 12277M->12269M(12288M) 3567.641ms
[2676.531s] GC(1932) To-space exhausted
[2676.531s] GC(1932) Pause Young (Concurrent Start) (G1 Evacuation Pause) 12277M->12277M(12288M) 1.789ms
[2676.532s] GC(1934) Concurrent Mark Cycle
[2680.114s] GC(1933) Pause Full (G1 Compaction Pause) 12277M->12269M(12288M) 3582.276ms
[2680.114s] GC(1934) Concurrent Mark Cycle 3582.472ms
[2680.116s] GC(1935) To-space exhausted
[2680.116s] GC(1935) Pause Young (Normal) (G1 Evacuation Pause) 12277M->12277M(12288M) 1.853ms
[2683.845s] GC(1936) Pause Full (G1 Compaction Pause) 12277M->12269M(12288M) 3729.348ms
[2683.847s] GC(1937) To-space exhausted
[2683.847s] GC(1937) Pause Young (Concurrent Start) (G1 Evacuation Pause) 12277M->12277M(12288M) 1.569ms
[2683.847s] GC(1939) Concurrent Mark Cycle
[2687.604s] GC(1938) Pause Full (G1 Compaction Pause) 12277M->12269M(12288M) 3756.489ms
[2687.604s] GC(1939) Concurrent Mark Cycle 3756.692ms
[2687.605s] GC(1940) To-space exhausted
[2687.606s] GC(1940) Pause Young (Normal) (G1 Evacuation Pause) 12277M->12277M(12288M) 1.466ms
[2691.047s] GC(1941) Pause Full (G1 Compaction Pause) 12277M->12269M(12288M) 3441.250ms
[2691.048s] GC(1942) To-space exhausted
[2691.048s] GC(1942) Pause Young (Concurrent Start) (G1 Evacuation Pause) 12277M->12277M(12288M) 1.374ms
[2691.048s] GC(1944) Concurrent Mark Cycle
[2694.744s] GC(1943) Pause Full (G1 Compaction Pause) 12277M->12269M(12288M) 3695.426ms
[2694.745s] GC(1945) To-space exhausted
[2694.746s] GC(1945) Pause Young (Normal) (G1 Evacuation Pause) 12277M->12277M(12288M) 1.389ms
[2698.276s] GC(1946) Pause Full (G1 Compaction Pause) 12277M->12269M(12288M) 3530.829ms
[2698.277s] GC(1944) Concurrent Mark Cycle 7228.098ms
[2698.279s] GC(1947) To-space exhausted
[2698.279s] GC(1947) Pause Young (Normal) (G1 Evacuation Pause) 12277M->12277M(12288M) 1.838ms
[2701.827s] GC(1948) Pause Full (G1 Compaction Pause) 12277M->12269M(12288M) 3548.064ms
[2701.829s] GC(1949) To-space exhausted
[2701.829s] GC(1949) Pause Young (Concurrent Start) (G1 Evacuation Pause) 12277M->12277M(12288M) 1.712ms
[2701.829s] GC(1951) Concurrent Mark Cycle
[2705.419s] GC(1950) Pause Full (G1 Compaction Pause) 12277M->12269M(12288M) 3590.648ms
[2705.420s] GC(1951) Concurrent Mark Cycle 3590.863ms
[2705.421s] GC(1952) To-space exhausted
[2705.422s] GC(1952) Pause Young (Normal) (G1 Evacuation Pause) 12277M->12277M(12288M) 1.716ms
[2708.894s] GC(1953) Pause Full (G1 Compaction Pause) 12277M->12269M(12288M) 3472.327ms
[2708.896s] GC(1954) To-space exhausted
[2708.896s] GC(1954) Pause Young (Concurrent Start) (G1 Evacuation Pause) 12277M->12277M(12288M) 1.647ms
[2708.896s] GC(1956) Concurrent Mark Cycle
[2713.143s] GC(1955) Pause Full (G1 Compaction Pause) 12277M->12269M(12288M) 4246.757ms
[2713.143s] GC(1956) Concurrent Mark Cycle 4246.936ms
[2713.144s] GC(1957) To-space exhausted
[2713.144s] GC(1957) Pause Young (Normal) (G1 Evacuation Pause) 12277M->12277M(12288M) 1.395ms
[2716.742s] GC(1958) Pause Full (G1 Compaction Pause) 12277M->12269M(12288M) 3598.097ms
[2716.745s] GC(1959) To-space exhausted
[2716.745s] GC(1959) Pause Young (Concurrent Start) (G1 Evacuation Pause) 12277M->12277M(12288M) 2.546ms
[2716.745s] GC(1961) Concurrent Mark Cycle
[2720.343s] GC(1960) Pause Full (G1 Compaction Pause) 12277M->12269M(12288M) 3597.280ms
[2720.343s] GC(1961) Concurrent Mark Cycle 3597.491ms
[2720.344s] GC(1962) To-space exhausted
[2720.344s] GC(1962) Pause Young (Normal) (G1 Evacuation Pause) 12277M->12277M(12288M) 1.219ms
[2723.944s] GC(1963) Pause Full (G1 Compaction Pause) 12277M->12269M(12288M) 3599.552ms
[2723.946s] GC(1964) To-space exhausted
[2723.946s] GC(1964) Pause Young (Concurrent Start) (G1 Evacuation Pause) 12277M->12277M(12288M) 1.637ms
[2723.946s] GC(1966) Concurrent Mark Cycle
[2727.566s] GC(1965) Pause Full (G1 Compaction Pause) 12277M->12269M(12288M) 3619.867ms
[2727.566s] GC(1966) Concurrent Mark Cycle 3620.070ms
[2727.568s] GC(1967) To-space exhausted
[2727.569s] GC(1967) Pause Young (Normal) (G1 Evacuation Pause) 12277M->12277M(12288M) 2.532ms
[2731.055s] GC(1968) Pause Full (G1 Compaction Pause) 12277M->12269M(12288M) 3486.051ms
[2731.057s] GC(1969) To-space exhausted
[2731.057s] GC(1969) Pause Young (Concurrent Start) (G1 Evacuation Pause) 12277M->12277M(12288M) 1.852ms
[2731.057s] GC(1971) Concurrent Mark Cycle
[2734.713s] GC(1970) Pause Full (G1 Compaction Pause) 12277M->12269M(12288M) 3656.488ms
[2734.714s] GC(1971) Concurrent Mark Cycle 3656.681ms
[2734.715s] GC(1972) To-space exhausted
[2734.715s] GC(1972) Pause Young (Normal) (G1 Evacuation Pause) 12277M->12277M(12288M) 1.633ms
[2738.222s] GC(1973) Pause Full (G1 Compaction Pause) 12277M->12269M(12288M) 3506.724ms
[2738.224s] GC(1974) To-space exhausted
[2738.224s] GC(1974) Pause Young (Concurrent Start) (G1 Evacuation Pause) 12277M->12277M(12288M) 1.329ms
[2738.224s] GC(1976) Concurrent Mark Cycle
[2741.822s] GC(1975) Pause Full (G1 Compaction Pause) 12277M->12269M(12288M) 3598.689ms
[2741.823s] GC(1976) Concurrent Mark Cycle 3598.868ms
[2741.825s] GC(1977) To-space exhausted
[2741.825s] GC(1977) Pause Young (Normal) (G1 Evacuation Pause) 12277M->12277M(12288M) 1.818ms
[2745.219s] GC(1978) Pause Full (G1 Compaction Pause) 12277M->12269M(12288M) 3394.548ms
[2745.221s] GC(1979) To-space exhausted
[2745.221s] GC(1979) Pause Young (Concurrent Start) (G1 Evacuation Pause) 12277M->12277M(12288M) 1.696ms
[2745.221s] GC(1981) Concurrent Mark Cycle
[2748.967s] GC(1980) Pause Full (G1 Compaction Pause) 12277M->12269M(12288M) 3745.982ms
[2748.967s] GC(1981) Concurrent Mark Cycle 3746.202ms
[2748.969s] GC(1982) To-space exhausted
[2748.969s] GC(1982) Pause Young (Normal) (G1 Evacuation Pause) 12277M->12277M(12288M) 1.551ms
[2752.668s] GC(1983) Pause Full (G1 Compaction Pause) 12277M->12269M(12288M) 3699.175ms
[2752.670s] GC(1984) To-space exhausted
[2752.670s] GC(1984) Pause Young (Concurrent Start) (G1 Evacuation Pause) 12277M->12277M(12288M) 1.228ms
[2752.670s] GC(1986) Concurrent Mark Cycle
[2756.306s] GC(1985) Pause Full (G1 Compaction Pause) 12277M->12269M(12288M) 3636.147ms
[2756.306s] GC(1986) Concurrent Mark Cycle 3636.358ms
[2756.309s] GC(1987) To-space exhausted
[2756.309s] GC(1987) Pause Young (Normal) (G1 Evacuation Pause) 12277M->12277M(12288M) 2.171ms
[2760.288s] GC(1988) Pause Full (G1 Compaction Pause) 12277M->12269M(12288M) 3979.528ms
[2760.290s] GC(1989) To-space exhausted
[2760.290s] GC(1989) Pause Young (Concurrent Start) (G1 Evacuation Pause) 12277M->12277M(12288M) 1.589ms
[2760.290s] GC(1991) Concurrent Mark Cycle
[2763.811s] GC(1990) Pause Full (G1 Compaction Pause) 12277M->12269M(12288M) 3520.516ms
[2763.811s] GC(1991) Concurrent Mark Cycle 3520.710ms
[2763.812s] GC(1992) To-space exhausted
[2763.812s] GC(1992) Pause Young (Normal) (G1 Evacuation Pause) 12277M->12277M(12288M) 1.383ms
[2767.441s] GC(1993) Pause Full (G1 Compaction Pause) 12277M->12269M(12288M) 3628.689ms
[2767.443s] GC(1994) To-space exhausted
[2767.443s] GC(1994) Pause Young (Concurrent Start) (G1 Evacuation Pause) 12277M->12277M(12288M) 1.934ms
[2767.443s] GC(1996) Concurrent Mark Cycle
[2771.231s] GC(1995) Pause Full (G1 Compaction Pause) 12277M->12269M(12288M) 3787.184ms
[2771.231s] GC(1996) Concurrent Mark Cycle 3787.309ms
[2771.232s] GC(1997) To-space exhausted
[2771.233s] GC(1997) Pause Young (Normal) (G1 Evacuation Pause) 12277M->12277M(12288M) 1.654ms
[2774.703s] GC(1998) Pause Full (G1 Compaction Pause) 12277M->12269M(12288M) 3470.088ms
[2774.705s] GC(1999) To-space exhausted
[2774.705s] GC(1999) Pause Young (Concurrent Start) (G1 Evacuation Pause) 12277M->12277M(12288M) 1.985ms
[2774.705s] GC(2001) Concurrent Mark Cycle
[2778.377s] GC(2000) Pause Full (G1 Compaction Pause) 12277M->12269M(12288M) 3671.841ms
[2778.377s] GC(2001) Concurrent Mark Cycle 3671.988ms
[2778.379s] GC(2002) To-space exhausted
[2778.379s] GC(2002) Pause Young (Normal) (G1 Evacuation Pause) 12277M->12277M(12288M) 1.512ms
[2781.847s] GC(2003) Pause Full (G1 Compaction Pause) 12277M->12269M(12288M) 3467.794ms
[2781.849s] GC(2004) To-space exhausted
[2781.849s] GC(2004) Pause Young (Concurrent Start) (G1 Evacuation Pause) 12277M->12277M(12288M) 1.638ms
[2781.849s] GC(2006) Concurrent Mark Cycle
[2785.323s] GC(2005) Pause Full (G1 Compaction Pause) 12277M->12269M(12288M) 3473.970ms
[2785.323s] GC(2006) Concurrent Mark Cycle 3474.221ms
[2785.325s] GC(2007) To-space exhausted
[2785.325s] GC(2007) Pause Young (Normal) (G1 Evacuation Pause) 12277M->12277M(12288M) 1.937ms
[2788.948s] GC(2008) Pause Full (G1 Compaction Pause) 12277M->12269M(12288M) 3622.826ms
[2788.949s] GC(2009) To-space exhausted
[2788.950s] GC(2009) Pause Young (Concurrent Start) (G1 Evacuation Pause) 12277M->12277M(12288M) 1.438ms
[2788.950s] GC(2011) Concurrent Mark Cycle
[2792.586s] GC(2010) Pause Full (G1 Compaction Pause) 12277M->12269M(12288M) 3636.668ms
[2792.587s] GC(2011) Concurrent Mark Cycle 3636.901ms
[2792.589s] GC(2012) To-space exhausted
[2792.589s] GC(2012) Pause Young (Normal) (G1 Evacuation Pause) 12277M->12277M(12288M) 2.095ms
[2796.276s] GC(2013) Pause Full (G1 Compaction Pause) 12277M->12269M(12288M) 3687.363ms
[2796.278s] GC(2014) To-space exhausted
[2796.278s] GC(2014) Pause Young (Concurrent Start) (G1 Evacuation Pause) 12277M->12277M(12288M) 1.491ms
[2796.278s] GC(2016) Concurrent Mark Cycle
[2799.733s] GC(2015) Pause Full (G1 Compaction Pause) 12277M->12269M(12288M) 3455.157ms
[2799.733s] GC(2016) Concurrent Mark Cycle 3455.349ms
[2799.735s] GC(2017) To-space exhausted
[2799.735s] GC(2017) Pause Young (Normal) (G1 Evacuation Pause) 12277M->12277M(12288M) 1.895ms
[2803.295s] GC(2018) Pause Full (G1 Compaction Pause) 12277M->12269M(12288M) 3560.000ms
[2803.297s] GC(2019) To-space exhausted
[2803.297s] GC(2019) Pause Young (Concurrent Start) (G1 Evacuation Pause) 12277M->12277M(12288M) 1.385ms
[2803.297s] GC(2021) Concurrent Mark Cycle
[2807.160s] GC(2020) Pause Full (G1 Compaction Pause) 12277M->12269M(12288M) 3863.266ms
[2807.161s] GC(2021) Concurrent Mark Cycle 3863.493ms
[2807.163s] GC(2022) To-space exhausted
[2807.163s] GC(2022) Pause Young (Normal) (G1 Evacuation Pause) 12277M->12277M(12288M) 1.949ms
[2810.868s] GC(2023) Pause Full (G1 Compaction Pause) 12277M->12269M(12288M) 3705.097ms
[2810.870s] GC(2024) To-space exhausted
[2810.870s] GC(2024) Pause Young (Concurrent Start) (G1 Evacuation Pause) 12277M->12277M(12288M) 1.679ms
[2810.870s] GC(2026) Concurrent Mark Cycle
[2814.243s] GC(2025) Pause Full (G1 Compaction Pause) 12277M->12269M(12288M) 3373.355ms
[2814.244s] GC(2026) Concurrent Mark Cycle 3373.547ms
[2814.245s] GC(2027) To-space exhausted
[2814.245s] GC(2027) Pause Young (Normal) (G1 Evacuation Pause) 12277M->12277M(12288M) 1.668ms
[2817.907s] GC(2028) Pause Full (G1 Compaction Pause) 12277M->12269M(12288M) 3661.206ms
[2817.909s] GC(2029) To-space exhausted
[2817.909s] GC(2029) Pause Young (Concurrent Start) (G1 Evacuation Pause) 12277M->12277M(12288M) 1.693ms
[2817.909s] GC(2031) Concurrent Mark Cycle
[2821.382s] GC(2030) Pause Full (G1 Compaction Pause) 12277M->12269M(12288M) 3473.296ms
[2821.382s] GC(2031) Concurrent Mark Cycle 3473.531ms
[2821.384s] GC(2032) To-space exhausted
[2821.384s] GC(2032) Pause Young (Normal) (G1 Evacuation Pause) 12277M->12277M(12288M) 1.808ms
[2824.969s] GC(2033) Pause Full (G1 Compaction Pause) 12277M->12269M(12288M) 3584.322ms
[2824.970s] GC(2034) To-space exhausted
[2824.970s] GC(2034) Pause Young (Concurrent Start) (G1 Evacuation Pause) 12277M->12277M(12288M) 1.414ms
[2824.970s] GC(2036) Concurrent Mark Cycle
[2828.755s] GC(2035) Pause Full (G1 Compaction Pause) 12277M->12269M(12288M) 3784.217ms
[2828.755s] GC(2036) Concurrent Mark Cycle 3784.389ms
[2828.756s] GC(2037) To-space exhausted
[2828.756s] GC(2037) Pause Young (Normal) (G1 Evacuation Pause) 12277M->12277M(12288M) 1.349ms
[2832.479s] GC(2038) Pause Full (G1 Compaction Pause) 12277M->12269M(12288M) 3722.755ms
[2832.481s] GC(2039) To-space exhausted
[2832.481s] GC(2039) Pause Young (Concurrent Start) (G1 Evacuation Pause) 12277M->12277M(12288M) 1.677ms
[2832.481s] GC(2041) Concurrent Mark Cycle
[2836.277s] GC(2040) Pause Full (G1 Compaction Pause) 12277M->12269M(12288M) 3795.691ms
[2836.277s] GC(2041) Concurrent Mark Cycle 3795.867ms
[2836.278s] GC(2042) To-space exhausted
[2836.279s] GC(2042) Pause Young (Normal) (G1 Evacuation Pause) 12277M->12277M(12288M) 1.482ms
[2839.912s] GC(2043) Pause Full (G1 Compaction Pause) 12277M->12269M(12288M) 3633.057ms
[2839.913s] GC(2044) To-space exhausted
[2839.913s] GC(2044) Pause Young (Concurrent Start) (G1 Evacuation Pause) 12277M->12277M(12288M) 1.535ms
[2839.914s] GC(2046) Concurrent Mark Cycle
[2843.651s] GC(2045) Pause Full (G1 Compaction Pause) 12277M->12269M(12288M) 3737.215ms
[2843.651s] GC(2046) Concurrent Mark Cycle 3737.402ms
[2843.652s] GC(2047) To-space exhausted
[2843.653s] GC(2047) Pause Young (Normal) (G1 Evacuation Pause) 12277M->12277M(12288M) 1.547ms
[2847.070s] GC(2048) Pause Full (G1 Compaction Pause) 12277M->12269M(12288M) 3417.775ms
[2847.072s] GC(2049) To-space exhausted
[2847.072s] GC(2049) Pause Young (Concurrent Start) (G1 Evacuation Pause) 12277M->12277M(12288M) 1.817ms
[2847.072s] GC(2051) Concurrent Mark Cycle
[2850.774s] GC(2050) Pause Full (G1 Compaction Pause) 12277M->12269M(12288M) 3701.265ms
[2850.774s] GC(2051) Concurrent Mark Cycle 3701.441ms
[2850.776s] GC(2052) To-space exhausted
[2850.776s] GC(2052) Pause Young (Normal) (G1 Evacuation Pause) 12277M->12277M(12288M) 1.640ms
[2853.949s] GC(2053) Pause Full (G1 Compaction Pause) 12277M->12269M(12288M) 3173.522ms
[2853.950s] GC(2054) To-space exhausted
[2853.950s] GC(2054) Pause Young (Concurrent Start) (G1 Evacuation Pause) 12277M->12277M(12288M) 1.032ms
[2853.951s] GC(2056) Concurrent Mark Cycle
[2855.974s] GC(2055) Pause Full (G1 Compaction Pause) 12277M->12269M(12288M) 2023.979ms
[2855.975s] GC(2056) Concurrent Mark Cycle 2024.114ms
[2855.976s] GC(2057) To-space exhausted
[2855.976s] GC(2057) Pause Young (Normal) (G1 Evacuation Pause) 12277M->12277M(12288M) 1.533ms
[2858.079s] GC(2058) Pause Full (G1 Compaction Pause) 12277M->12269M(12288M) 2102.654ms
[2858.080s] GC(2059) To-space exhausted
[2858.080s] GC(2059) Pause Young (Concurrent Start) (G1 Evacuation Pause) 12277M->12277M(12288M) 0.993ms
[2858.080s] GC(2061) Concurrent Mark Cycle
[2860.315s] GC(2060) Pause Full (G1 Compaction Pause) 12277M->12269M(12288M) 2234.609ms
[2860.315s] GC(2061) Concurrent Mark Cycle 2234.737ms
[2860.316s] GC(2062) To-space exhausted
[2860.316s] GC(2062) Pause Young (Normal) (G1 Evacuation Pause) 12277M->12277M(12288M) 1.173ms
[2862.443s] GC(2063) Pause Full (G1 Compaction Pause) 12277M->12269M(12288M) 2127.017ms
[2862.444s] GC(2064) To-space exhausted
[2862.444s] GC(2064) Pause Young (Concurrent Start) (G1 Evacuation Pause) 12277M->12277M(12288M) 1.031ms
[2862.444s] GC(2066) Concurrent Mark Cycle
[2864.630s] GC(2065) Pause Full (G1 Compaction Pause) 12277M->12269M(12288M) 2185.642ms
[2864.630s] GC(2066) Concurrent Mark Cycle 2185.815ms
[2864.631s] GC(2067) To-space exhausted
[2864.631s] GC(2067) Pause Young (Normal) (G1 Evacuation Pause) 12277M->12277M(12288M) 0.756ms
[2866.841s] GC(2068) Pause Full (G1 Compaction Pause) 12277M->12269M(12288M) 2210.148ms
[2866.843s] GC(2069) To-space exhausted
[2866.843s] GC(2069) Pause Young (Concurrent Start) (G1 Evacuation Pause) 12277M->12277M(12288M) 1.453ms
[2866.843s] GC(2071) Concurrent Mark Cycle
[2868.984s] GC(2070) Pause Full (G1 Compaction Pause) 12277M->12269M(12288M) 2141.334ms
[2868.985s] GC(2071) Concurrent Mark Cycle 2141.372ms
[2868.985s] GC(2072) To-space exhausted
[2868.986s] GC(2072) Pause Young (Normal) (G1 Evacuation Pause) 12277M->12277M(12288M) 0.939ms
[2871.098s] GC(2073) Pause Full (G1 Compaction Pause) 12277M->12269M(12288M) 2112.538ms
[2871.099s] GC(2074) To-space exhausted
[2871.099s] GC(2074) Pause Young (Concurrent Start) (G1 Evacuation Pause) 12277M->12277M(12288M) 1.119ms
[2871.099s] GC(2076) Concurrent Mark Cycle
[2873.383s] GC(2075) Pause Full (G1 Compaction Pause) 12277M->12269M(12288M) 2284.082ms
[2873.384s] GC(2076) Concurrent Mark Cycle 2284.195ms
[2873.385s] GC(2077) To-space exhausted
[2873.385s] GC(2077) Pause Young (Normal) (G1 Evacuation Pause) 12277M->12277M(12288M) 1.025ms
[2875.493s] GC(2078) Pause Full (G1 Compaction Pause) 12277M->12269M(12288M) 2108.611ms
[2875.495s] GC(2079) To-space exhausted
[2875.495s] GC(2079) Pause Young (Concurrent Start) (G1 Evacuation Pause) 12277M->12277M(12288M) 1.174ms
[2875.495s] GC(2081) Concurrent Mark Cycle
[2877.598s] GC(2080) Pause Full (G1 Compaction Pause) 12277M->12269M(12288M) 2102.781ms
[2877.598s] GC(2081) Concurrent Mark Cycle 2102.889ms
[2877.599s] GC(2082) To-space exhausted
[2877.599s] GC(2082) Pause Young (Normal) (G1 Evacuation Pause) 12277M->12277M(12288M) 1.438ms
[2879.698s] GC(2083) Pause Full (G1 Compaction Pause) 12277M->12269M(12288M) 2098.557ms
[2879.699s] GC(2084) To-space exhausted
[2879.699s] GC(2084) Pause Young (Concurrent Start) (G1 Evacuation Pause) 12277M->12277M(12288M) 0.861ms
[2879.699s] GC(2086) Concurrent Mark Cycle
[2881.984s] GC(2085) Pause Full (G1 Compaction Pause) 12277M->12269M(12288M) 2285.170ms
[2881.984s] GC(2086) Concurrent Mark Cycle 2285.287ms
[2881.985s] GC(2087) To-space exhausted
[2881.985s] GC(2087) Pause Young (Normal) (G1 Evacuation Pause) 12277M->12277M(12288M) 0.936ms
[2884.100s] GC(2088) Pause Full (G1 Compaction Pause) 12277M->12269M(12288M) 2115.176ms
[2884.102s] GC(2089) To-space exhausted
[2884.102s] GC(2089) Pause Young (Concurrent Start) (G1 Evacuation Pause) 12277M->12277M(12288M) 1.344ms
[2884.102s] GC(2091) Concurrent Mark Cycle
[2886.163s] GC(2090) Pause Full (G1 Compaction Pause) 12277M->12269M(12288M) 2060.620ms
[2886.163s] GC(2091) Concurrent Mark Cycle 2060.775ms
[2886.164s] GC(2092) To-space exhausted
[2886.164s] GC(2092) Pause Young (Normal) (G1 Evacuation Pause) 12277M->12277M(12288M) 1.421ms
[2888.387s] GC(2093) Pause Full (G1 Compaction Pause) 12277M->12269M(12288M) 2222.485ms
[2888.388s] GC(2094) To-space exhausted
[2888.388s] GC(2094) Pause Young (Concurrent Start) (G1 Evacuation Pause) 12277M->12277M(12288M) 1.206ms
[2888.388s] GC(2096) Concurrent Mark Cycle
[2890.495s] GC(2095) Pause Full (G1 Compaction Pause) 12277M->12269M(12288M) 2106.780ms
[2890.495s] GC(2096) Concurrent Mark Cycle 2106.913ms
[2890.496s] GC(2097) To-space exhausted
[2890.496s] GC(2097) Pause Young (Normal) (G1 Evacuation Pause) 12277M->12277M(12288M) 0.761ms
[2892.572s] GC(2098) Pause Full (G1 Compaction Pause) 12277M->12269M(12288M) 2075.990ms
[2892.573s] GC(2099) To-space exhausted
[2892.573s] GC(2099) Pause Young (Concurrent Start) (G1 Evacuation Pause) 12277M->12277M(12288M) 1.278ms
[2892.573s] GC(2101) Concurrent Mark Cycle
[2894.724s] GC(2100) Pause Full (G1 Compaction Pause) 12277M->12269M(12288M) 2150.509ms
[2894.724s] GC(2101) Concurrent Mark Cycle 2150.634ms
[2894.725s] GC(2102) To-space exhausted
[2894.725s] GC(2102) Pause Young (Normal) (G1 Evacuation Pause) 12277M->12277M(12288M) 1.115ms
[2896.818s] GC(2103) Pause Full (G1 Compaction Pause) 12277M->12269M(12288M) 2092.308ms
[2896.819s] GC(2104) To-space exhausted
[2896.819s] GC(2104) Pause Young (Concurrent Start) (G1 Evacuation Pause) 12277M->12277M(12288M) 1.282ms
[2896.819s] GC(2106) Concurrent Mark Cycle
[2899.003s] GC(2105) Pause Full (G1 Compaction Pause) 12277M->12269M(12288M) 2183.498ms
[2899.003s] GC(2106) Concurrent Mark Cycle 2183.608ms
[2899.004s] GC(2107) To-space exhausted
[2899.004s] GC(2107) Pause Young (Normal) (G1 Evacuation Pause) 12277M->12277M(12288M) 0.810ms
[2901.116s] GC(2108) Pause Full (G1 Compaction Pause) 12277M->12269M(12288M) 2112.681ms
[2901.118s] GC(2109) To-space exhausted
[2901.118s] GC(2109) Pause Young (Concurrent Start) (G1 Evacuation Pause) 12277M->12277M(12288M) 1.360ms
[2901.118s] GC(2111) Concurrent Mark Cycle
[2903.220s] GC(2110) Pause Full (G1 Compaction Pause) 12277M->12269M(12288M) 2102.557ms
[2903.221s] GC(2111) Concurrent Mark Cycle 2102.692ms
[2903.222s] GC(2112) To-space exhausted
[2903.222s] GC(2112) Pause Young (Normal) (G1 Evacuation Pause) 12277M->12277M(12288M) 0.907ms
[2905.513s] GC(2113) Pause Full (G1 Compaction Pause) 12277M->12269M(12288M) 2291.652ms
[2905.515s] GC(2114) To-space exhausted
[2905.515s] GC(2114) Pause Young (Concurrent Start) (G1 Evacuation Pause) 12277M->12277M(12288M) 1.200ms
[2905.515s] GC(2116) Concurrent Mark Cycle
[2907.606s] GC(2115) Pause Full (G1 Compaction Pause) 12277M->12269M(12288M) 2090.956ms
[2907.606s] GC(2116) Concurrent Mark Cycle 2091.091ms
[2907.607s] GC(2117) To-space exhausted
[2907.607s] GC(2117) Pause Young (Normal) (G1 Evacuation Pause) 12277M->12277M(12288M) 1.115ms
[2909.722s] GC(2118) Pause Full (G1 Compaction Pause) 12277M->12269M(12288M) 2114.548ms
[2909.723s] GC(2119) To-space exhausted
[2909.723s] GC(2119) Pause Young (Concurrent Start) (G1 Evacuation Pause) 12277M->12277M(12288M) 1.210ms
[2909.723s] GC(2121) Concurrent Mark Cycle
[2912.067s] GC(2120) Pause Full (G1 Compaction Pause) 12277M->12269M(12288M) 2344.022ms
[2912.067s] GC(2121) Concurrent Mark Cycle 2344.142ms
[2912.068s] GC(2122) To-space exhausted
[2912.068s] GC(2122) Pause Young (Normal) (G1 Evacuation Pause) 12277M->12277M(12288M) 0.708ms
[2914.249s] GC(2123) Pause Full (G1 Compaction Pause) 12277M->12269M(12288M) 2181.308ms
[2914.250s] GC(2124) To-space exhausted
[2914.250s] GC(2124) Pause Young (Concurrent Start) (G1 Evacuation Pause) 12277M->12277M(12288M) 0.867ms
[2914.250s] GC(2126) Concurrent Mark Cycle
[2916.477s] GC(2125) Pause Full (G1 Compaction Pause) 12277M->12269M(12288M) 2226.656ms
[2916.477s] GC(2126) Concurrent Mark Cycle 2226.824ms
[2916.478s] GC(2127) To-space exhausted
[2916.478s] GC(2127) Pause Young (Normal) (G1 Evacuation Pause) 12277M->12277M(12288M) 1.060ms
[2918.512s] GC(2128) Pause Full (G1 Compaction Pause) 12277M->12269M(12288M) 2033.265ms
[2918.513s] GC(2129) To-space exhausted
[2918.513s] GC(2129) Pause Young (Concurrent Start) (G1 Evacuation Pause) 12277M->12277M(12288M) 1.491ms
[2918.513s] GC(2131) Concurrent Mark Cycle
[2920.579s] GC(2130) Pause Full (G1 Compaction Pause) 12277M->12269M(12288M) 2065.307ms
[2920.580s] GC(2132) To-space exhausted
[2920.581s] GC(2132) Pause Young (Normal) (G1 Evacuation Pause) 12277M->12277M(12288M) 1.565ms
[2922.742s] GC(2133) Pause Full (G1 Compaction Pause) 12277M->12269M(12288M) 2160.991ms
[2922.742s] GC(2131) Concurrent Mark Cycle 4228.235ms
[2922.744s] GC(2134) To-space exhausted
[2922.744s] GC(2134) Pause Young (Normal) (G1 Evacuation Pause) 12277M->12277M(12288M) 1.875ms
[2924.922s] GC(2135) Pause Full (G1 Compaction Pause) 12277M->12269M(12288M) 2178.107ms
[2924.923s] GC(2136) To-space exhausted
[2924.923s] GC(2136) Pause Young (Concurrent Start) (G1 Evacuation Pause) 12277M->12277M(12288M) 0.991ms
[2924.923s] GC(2138) Concurrent Mark Cycle
[2927.234s] GC(2137) Pause Full (G1 Compaction Pause) 12277M->12269M(12288M) 2310.627ms
[2927.234s] GC(2138) Concurrent Mark Cycle 2310.773ms
[2927.235s] GC(2139) To-space exhausted
[2927.236s] GC(2139) Pause Young (Normal) (G1 Evacuation Pause) 12277M->12277M(12288M) 1.565ms
[2929.624s] GC(2140) Pause Full (G1 Compaction Pause) 12277M->12269M(12288M) 2388.852ms
[2929.626s] GC(2141) To-space exhausted
[2929.626s] GC(2141) Pause Young (Concurrent Start) (G1 Evacuation Pause) 12277M->12277M(12288M) 1.338ms
[2929.626s] GC(2143) Concurrent Mark Cycle
[2932.186s] GC(2142) Pause Full (G1 Compaction Pause) 12277M->12269M(12288M) 2559.978ms
[2932.186s] GC(2143) Concurrent Mark Cycle 2560.166ms
[2932.188s] GC(2144) To-space exhausted
[2932.188s] GC(2144) Pause Young (Normal) (G1 Evacuation Pause) 12277M->12277M(12288M) 1.361ms
[2934.659s] GC(2145) Pause Full (G1 Compaction Pause) 12277M->12269M(12288M) 2471.748ms
[2934.661s] GC(2146) To-space exhausted
[2934.661s] GC(2146) Pause Young (Concurrent Start) (G1 Evacuation Pause) 12277M->12277M(12288M) 1.338ms
[2934.661s] GC(2148) Concurrent Mark Cycle
[2937.333s] GC(2147) Pause Full (G1 Compaction Pause) 12277M->12269M(12288M) 2671.436ms
[2937.333s] GC(2148) Concurrent Mark Cycle 2671.615ms
[2937.334s] GC(2149) To-space exhausted
[2937.334s] GC(2149) Pause Young (Normal) (G1 Evacuation Pause) 12277M->12277M(12288M) 1.306ms
[2940.299s] GC(2150) Pause Full (G1 Compaction Pause) 12277M->12269M(12288M) 2964.815ms
[2940.301s] GC(2151) To-space exhausted
[2940.301s] GC(2151) Pause Young (Concurrent Start) (G1 Evacuation Pause) 12277M->12277M(12288M) 1.659ms
[2940.301s] GC(2153) Concurrent Mark Cycle
[2943.480s] GC(2152) Pause Full (G1 Compaction Pause) 12277M->12269M(12288M) 3178.483ms
[2943.480s] GC(2153) Concurrent Mark Cycle 3178.720ms
[2943.482s] GC(2154) To-space exhausted
[2943.482s] GC(2154) Pause Young (Normal) (G1 Evacuation Pause) 12277M->12277M(12288M) 1.391ms
[2947.404s] GC(2155) Pause Full (G1 Compaction Pause) 12277M->12269M(12288M) 3922.442ms
[2947.406s] GC(2156) To-space exhausted
[2947.406s] GC(2156) Pause Young (Concurrent Start) (G1 Evacuation Pause) 12277M->12277M(12288M) 1.774ms
[2947.406s] GC(2158) Concurrent Mark Cycle
[2951.529s] GC(2157) Pause Full (G1 Compaction Pause) 12277M->12269M(12288M) 4122.870ms
[2951.529s] GC(2158) Concurrent Mark Cycle 4123.098ms
[2951.531s] GC(2159) To-space exhausted
[2951.531s] GC(2159) Pause Young (Normal) (G1 Evacuation Pause) 12277M->12277M(12288M) 1.469ms
[2955.537s] GC(2160) Pause Full (G1 Compaction Pause) 12277M->12269M(12288M) 4005.908ms
[2955.539s] GC(2161) To-space exhausted
[2955.539s] GC(2161) Pause Young (Concurrent Start) (G1 Evacuation Pause) 12277M->12277M(12288M) 1.720ms
[2955.539s] GC(2163) Concurrent Mark Cycle
[2959.560s] GC(2162) Pause Full (G1 Compaction Pause) 12277M->12269M(12288M) 4021.177ms
[2959.560s] GC(2163) Concurrent Mark Cycle 4021.384ms
[2959.562s] GC(2164) To-space exhausted
[2959.563s] GC(2164) Pause Young (Normal) (G1 Evacuation Pause) 12277M->12277M(12288M) 1.899ms
[2026-07-15T19:39:49Z] END wca rc=4294967295 elapsed=2964s
[2026-07-15T19:39:49Z] wca DID NOT COMPLETE within 21600s (rc=4294967295; agglomeration of 7782 entities -> 13 clusters). Scale limitation confirmed empirically at this wall-clock ceiling.
[NOTE] Killed at ~49min (not the 6h cap): CONCLUSIVE heap exhaustion at -Xmx12g. GC log shows repeated Pause Full (2-3.7s each), To-space exhausted, heap pinned 12277M/12288M, ~8M reclaimed per Full GC = live set exceeds 12 GB and grows with merges. Retrying at -Xmx15g (17.8 GB free).
